{"address":"","rpcs":{},"pools":{"__primary__":{"timestamps":[1753558122.224915266,1753558123.225625753,1753558124.231105804,1753558125.233476162,1753558126.254030943,1753558127.268799305,1753558128.269161463,1753558131.681859016,1753558132.682567835,1753558133.699793100,1753558134.710007906,1753558135.730825424,1753558136.971549273,1753558137.086366177],"size":[0,0,0,0,0,0,0,0,0,0,0,0,0,0],"total_size":[1,1,1,1,1,1,1,1,1,1,1,1,1,0]}}}