{"address":"ofi+cxi://0x0260220f","progress_loop":{"progress_with_timeout":{"num":1661,"min":0.000001669,"max":0.100342751,"avg":0.007502262,"var":0.161207166,"sum":12.461256981},"progress_timeout_value_msec":{"num":1661,"min":100.000000000,"max":100.000000000,"avg":100.000000000,"var":0.000000000,"sum":166100.000000000},"progress_without_timeout":{"num":0,"min":0.000000000,"max":0.000000000,"avg":0.000000000,"var":0.000000000,"sum":0.000000000},"trigger":{"num":1646,"min":0.000000238,"max":0.000022173,"avg":0.000000520,"var":0.000000001,"sum":0.000856638}},"rpcs":{"65535:65535:7940397281847607295:2":{"rpc_id":7940397281847607295,"provider_id":2,"parent_rpc_id":65535,"parent_provider_id":65535,"name":"__identity__","origin":{"sent to ofi+cxi://0x0262200d":{"iforward":{"duration":{"num":1,"min":0.000120878,"max":0.000120878,"avg":0.000120878,"var":0.000000000,"sum":0.000120878},"relative_timestamp_from_create":{"num":1,"min":0.000002861,"max":0.000002861,"avg":0.000002861,"var":0.000000000,"sum":0.000002861}},"forward_cb":{"duration":{"num":1,"min":0.000020504,"max":0.000020504,"avg":0.000020504,"var":0.000000000,"sum":0.000020504},"relative_timestamp_from_iforward_start":{"num":1,"min":0.000590563,"max":0.000590563,"avg":0.000590563,"var":0.000000000,"sum":0.000590563}},"iforward_wait":{"duration":{"num":1,"min":0.000494957,"max":0.000494957,"avg":0.000494957,"var":0.000000000,"sum":0.000494957},"relative_timestamp_from_iforward_end":{"num":1,"min":0.000000238,"max":0.000000238,"avg":0.000000238,"var":0.000000000,"sum":0.000000238}},"set_input":{"duration":{"num":0,"min":0.000000000,"max":0.000000000,"avg":0.000000000,"var":0.000000000,"sum":0.000000000},"relative_timestamp_from_iforward_start":{"num":0,"min":0.000000000,"max":0.000000000,"avg":0.000000000,"var":0.000000000,"sum":0.000000000}},"get_output":{"duration":{"num":1,"min":0.000005960,"max":0.000005960,"avg":0.000005960,"var":0.000000000,"sum":0.000005960},"relative_timestamp_from_wait_end":{"num":1,"min":0.000001192,"max":0.000001192,"avg":0.000001192,"var":0.000000000,"sum":0.000001192}}}}},"65535:65535:9722976651498815487:2":{"rpc_id":9722976651498815487,"provider_id":2,"parent_rpc_id":65535,"parent_provider_id":65535,"name":"flock_get_view","origin":{"sent to ofi+cxi://0x0262200d":{"iforward":{"duration":{"num":2,"min":0.000010490,"max":0.000018120,"avg":0.000014305,"var":0.000000000,"sum":0.000028610},"relative_timestamp_from_create":{"num":2,"min":0.000000238,"max":0.000001192,"avg":0.000000715,"var":0.000000000,"sum":0.000001431}},"forward_cb":{"duration":{"num":2,"min":0.000000000,"max":0.000000238,"avg":0.000000119,"var":0.000000000,"sum":0.000000238},"relative_timestamp_from_iforward_start":{"num":2,"min":0.001930952,"max":0.004132032,"avg":0.003031492,"var":0.000002422,"sum":0.006062984}},"iforward_wait":{"duration":{"num":2,"min":0.001912594,"max":0.004122019,"avg":0.003017306,"var":0.000002441,"sum":0.006034613},"relative_timestamp_from_iforward_end":{"num":2,"min":0.000000238,"max":0.000001431,"avg":0.000000834,"var":0.000000000,"sum":0.000001669}},"set_input":{"duration":{"num":2,"min":0.000000000,"max":0.000000477,"avg":0.000000238,"var":0.000000000,"sum":0.000000477},"relative_timestamp_from_iforward_start":{"num":2,"min":0.000000954,"max":0.000004530,"avg":0.000002742,"var":0.000000000,"sum":0.000005484}},"get_output":{"duration":{"num":2,"min":0.000000238,"max":0.000040531,"avg":0.000020385,"var":0.000000001,"sum":0.000040770},"relative_timestamp_from_wait_end":{"num":2,"min":0.000000238,"max":0.000001192,"avg":0.000000715,"var":0.000000000,"sum":0.000001431}}}}},"65535:65535:3669993900245843967:1":{"rpc_id":3669993900245843967,"provider_id":1,"parent_rpc_id":65535,"parent_provider_id":65535,"name":"qtn_work_rpc","origin":{"sent to ofi+cxi://0x02624616":{"iforward":{"duration":{"num":1642,"min":0.000001431,"max":0.000033855,"avg":0.000003379,"var":0.000000015,"sum":0.005547762},"relative_timestamp_from_create":{"num":1642,"min":0.000002623,"max":0.002064705,"avg":0.000004851,"var":0.000004249,"sum":0.007966042}},"forward_cb":{"duration":{"num":1642,"min":0.000000000,"max":0.000001907,"avg":0.000000229,"var":0.000000000,"sum":0.000376225},"relative_timestamp_from_iforward_start":{"num":1642,"min":0.000203848,"max":0.032048225,"avg":0.007528287,"var":0.151650888,"sum":12.361447096}},"iforward_wait":{"duration":{"num":1642,"min":0.000202417,"max":0.032049894,"avg":0.007525679,"var":0.151668192,"sum":12.357164145},"relative_timestamp_from_iforward_end":{"num":1642,"min":0.000000000,"max":0.000005484,"avg":0.000000232,"var":0.000000000,"sum":0.000381231}},"set_input":{"duration":{"num":1642,"min":0.000000000,"max":0.000005245,"avg":0.000000296,"var":0.000000000,"sum":0.000485659},"relative_timestamp_from_iforward_start":{"num":1642,"min":0.000000477,"max":0.000010967,"avg":0.000001419,"var":0.000000004,"sum":0.002329588}},"get_output":{"duration":{"num":1642,"min":0.000000000,"max":0.000000715,"avg":0.000000120,"var":0.000000000,"sum":0.000197411},"relative_timestamp_from_wait_end":{"num":1642,"min":0.000000000,"max":0.000001907,"avg":0.000000207,"var":0.000000000,"sum":0.000339270}}}}},"65535:65535:65535:65535":{"rpc_id":65535,"provider_id":65535,"parent_rpc_id":65535,"parent_provider_id":65535,"name":"","target":{"received from <unknown>":{"bulk":{"create":{"duration":{"num":1642,"min":0.000002384,"max":0.002059221,"avg":0.000004585,"var":0.000004227,"sum":0.007528543},"size":{"num":1642,"min":4194304.000000000,"max":4194304.000000000,"avg":4194304.000000000,"var":0.000000000,"sum":6887047168.000000000}}}}}}},"hostname":"x4108c0s4b0n0","pid":194923,"cmdline":["/home/carns/working/src/spack/var/spack/environments/quintain-2025-07/.spack-env/view/bin/quintain-benchmark","-g","quintain.flock.json","-j","/home/carns/working/dbg/john-quintain-profile-example-2025-07/quintain-benchmark-bw.json","-o","/flare/radix-io/carns/quintain/6767526.aurora-pbs-0001.hostmgmt.cm.aurora.alcf.anl.gov/bw-sweep-servers408-clis816"]}