{"address":"","rpcs":{},"pools":{"__primary__":{"timestamps":[1753558122.224832058,1753558123.245301008,1753558124.266266823,1753558125.280312300,1753558126.286356926,1753558127.293214083,1753558128.307162523,1753558129.318621874,1753558131.686989307,1753558132.704791546,1753558133.725317001,1753558134.737097979,1753558135.756244183,1753558136.970543861,1753558137.097771168],"size":[0,0,0,0,0,0,0,0,0,0,0,0,0,0,0],"total_size":[1,1,1,1,1,1,1,1,1,1,1,1,1,1,0]}}}