{"address":"","progress_loop":{"progress_with_timeout":{"num":2306,"min":0.000001669,"max":0.108142614,"avg":0.081806499,"var":4.163682504,"sum":188.645785570},"progress_timeout_value_msec":{"num":2306,"min":100.000000000,"max":100.000000000,"avg":100.000000000,"var":0.000000000,"sum":230600.000000000},"progress_without_timeout":{"num":14559202,"min":0.000000000,"max":0.000474691,"avg":0.000000155,"var":0.000000873,"sum":2.262499809},"trigger":{"num":99179,"min":0.000000238,"max":0.000496149,"avg":0.000000598,"var":0.000000298,"sum":0.059350729}},"rpcs":{"65535:65535:3669993900245843967:1":{"rpc_id":3669993900245843967,"provider_id":1,"parent_rpc_id":65535,"parent_provider_id":65535,"name":"qtn_work_rpc","target":{"received from ofi+cxi://0x06f0c214":{"handler":{"duration":{"num":22161,"min":0.000000477,"max":0.000034809,"avg":0.000000567,"var":0.000000008,"sum":0.012569427}},"ult":{"duration":{"num":22161,"min":0.000004530,"max":0.000476599,"avg":0.000004885,"var":0.000000243,"sum":0.108254433},"relative_timestamp_from_handler_start":{"num":22161,"min":0.000000715,"max":0.000035048,"avg":0.000000935,"var":0.000000020,"sum":0.020717621}},"irespond":{"duration":{"num":22161,"min":0.000000238,"max":0.000012875,"avg":0.000000484,"var":0.000000002,"sum":0.010732174},"relative_timestamp_from_ult_start":{"num":22161,"min":0.000000238,"max":0.000030756,"avg":0.000000304,"var":0.000000003,"sum":0.006740808}},"respond_cb":{"duration":{"num":22161,"min":0.000000000,"max":0.000005245,"avg":0.000000107,"var":0.000000000,"sum":0.002375126},"relative_timestamp_from_irespond_start":{"num":22161,"min":0.000003576,"max":0.000474691,"avg":0.000003968,"var":0.000000233,"sum":0.087926626}},"irespond_wait":{"duration":{"num":22161,"min":0.000001192,"max":0.000474930,"avg":0.000003704,"var":0.000000233,"sum":0.082087040},"relative_timestamp_from_irespond_end":{"num":22161,"min":0.000000000,"max":0.000033140,"avg":0.000000186,"var":0.000000001,"sum":0.004111290}},"set_output":{"duration":{"num":22161,"min":0.000000000,"max":0.000000477,"avg":0.000000062,"var":0.000000000,"sum":0.001379490},"relative_timestamp_from_irespond_start":{"num":22161,"min":0.000000000,"max":0.000001669,"avg":0.000000082,"var":0.000000000,"sum":0.001806974}},"get_input":{"duration":{"num":22161,"min":0.000000000,"max":0.000003576,"avg":0.000000108,"var":0.000000000,"sum":0.002391100},"relative_timestamp_from_ult_start":{"num":22161,"min":0.000000000,"max":0.000030518,"avg":0.000000128,"var":0.000000003,"sum":0.002838612}}},"received from ofi+cxi://0x06f08619":{"handler":{"duration":{"num":22998,"min":0.000000477,"max":0.000017643,"avg":0.000000556,"var":0.000000005,"sum":0.012793779}},"ult":{"duration":{"num":22998,"min":0.000004530,"max":0.000043631,"avg":0.000004873,"var":0.000000019,"sum":0.112059116},"relative_timestamp_from_handler_start":{"num":22998,"min":0.000000715,"max":0.000017881,"avg":0.000000926,"var":0.000000016,"sum":0.021292448}},"irespond":{"duration":{"num":22998,"min":0.000000238,"max":0.000027895,"avg":0.000000478,"var":0.000000002,"sum":0.010997295},"relative_timestamp_from_ult_start":{"num":22998,"min":0.000000238,"max":0.000033855,"avg":0.000000304,"var":0.000000002,"sum":0.006992579}},"respond_cb":{"duration":{"num":22998,"min":0.000000000,"max":0.000000477,"avg":0.000000108,"var":0.000000000,"sum":0.002490997},"relative_timestamp_from_irespond_start":{"num":22998,"min":0.000003576,"max":0.000042677,"avg":0.000003958,"var":0.000000014,"sum":0.091030359}},"irespond_wait":{"duration":{"num":22998,"min":0.000000954,"max":0.000042677,"avg":0.000003699,"var":0.000000011,"sum":0.085062504},"relative_timestamp_from_irespond_end":{"num":22998,"min":0.000000000,"max":0.000013351,"avg":0.000000185,"var":0.000000000,"sum":0.004257441}},"set_output":{"duration":{"num":22998,"min":0.000000000,"max":0.000000477,"avg":0.000000062,"var":0.000000000,"sum":0.001416683},"relative_timestamp_from_irespond_start":{"num":22998,"min":0.000000000,"max":0.000002623,"avg":0.000000079,"var":0.000000000,"sum":0.001818180}},"get_input":{"duration":{"num":22998,"min":0.000000000,"max":0.000033379,"avg":0.000000108,"var":0.000000001,"sum":0.002473593},"relative_timestamp_from_ult_start":{"num":22998,"min":0.000000000,"max":0.000000715,"avg":0.000000127,"var":0.000000000,"sum":0.002915859}}},"received from ofi+cxi://0x06f08615":{"handler":{"duration":{"num":1496,"min":0.000000477,"max":0.000494480,"avg":0.000001458,"var":0.000000245,"sum":0.002181053}},"ult":{"duration":{"num":1496,"min":0.000198126,"max":0.032526493,"avg":0.005962340,"var":0.116382455,"sum":8.919660330},"relative_timestamp_from_handler_start":{"num":1496,"min":0.000000715,"max":0.030282259,"avg":0.001423958,"var":0.038651364,"sum":2.130240917}},"irespond":{"duration":{"num":1496,"min":0.000000238,"max":0.000014067,"avg":0.000001037,"var":0.000000001,"sum":0.001550674},"relative_timestamp_from_ult_start":{"num":1496,"min":0.000183344,"max":0.032510996,"avg":0.005784975,"var":0.114997626,"sum":8.654322624}},"respond_cb":{"duration":{"num":1496,"min":0.000000000,"max":0.000002861,"avg":0.000000175,"var":0.000000000,"sum":0.000261068},"relative_timestamp_from_irespond_start":{"num":1496,"min":0.000003815,"max":0.021440506,"avg":0.000138794,"var":0.001158668,"sum":0.207635880}},"irespond_wait":{"duration":{"num":1496,"min":0.000001907,"max":0.023515224,"avg":0.000144586,"var":0.001409421,"sum":0.216300726},"relative_timestamp_from_irespond_end":{"num":1496,"min":0.000000000,"max":0.000004530,"avg":0.000000325,"var":0.000000000,"sum":0.000485659}},"set_output":{"duration":{"num":1496,"min":0.000000000,"max":0.000004053,"avg":0.000000127,"var":0.000000000,"sum":0.000190258},"relative_timestamp_from_irespond_start":{"num":1496,"min":0.000000000,"max":0.000008106,"avg":0.000000251,"var":0.000000000,"sum":0.000375509}},"get_input":{"duration":{"num":1496,"min":0.000000000,"max":0.000018835,"avg":0.000000593,"var":0.000000001,"sum":0.000886679},"relative_timestamp_from_ult_start":{"num":1496,"min":0.000000000,"max":0.000008583,"avg":0.000000238,"var":0.000000000,"sum":0.000356674}},"bulk":{"create":{"duration":{"num":1496,"min":0.000002384,"max":0.030361176,"avg":0.004745806,"var":0.099951336,"sum":7.099726439},"size":{"num":1496,"min":4194304.000000000,"max":4194304.000000000,"avg":4194304.000000000,"var":0.000000000,"sum":6274678784.000000000}},"pull from ofi+cxi://0x06f08615":{"itransfer":{"duration":{"num":1496,"min":0.000000715,"max":0.000030041,"avg":0.000002333,"var":0.000000007,"sum":0.003489971},"size":{"num":1496,"min":4194304.000000000,"max":4194304.000000000,"avg":4194304.000000000,"var":0.000000000,"sum":6274678784.000000000}},"transfer_cb":{"duration":{"num":1496,"min":0.000000000,"max":0.000004292,"avg":0.000000190,"var":0.000000000,"sum":0.000284195},"relative_timestamp_from_itransfer_start":{"num":1496,"min":0.000179529,"max":0.020436049,"avg":0.001011591,"var":0.001475347,"sum":1.513339996}},"itransfer_wait":{"duration":{"num":1496,"min":0.000178814,"max":0.021484613,"avg":0.001031303,"var":0.002002423,"sum":1.542828560},"relative_timestamp_from_itransfer_end":{"num":1496,"min":0.000000000,"max":0.000006437,"avg":0.000000352,"var":0.000000000,"sum":0.000527143}}}}},"received from ofi+cxi://0x06f0c017":{"handler":{"duration":{"num":1457,"min":0.000000477,"max":0.000009775,"avg":0.000001050,"var":0.000000001,"sum":0.001529694}},"ult":{"duration":{"num":1457,"min":0.000189543,"max":0.032491922,"avg":0.004650907,"var":0.083517047,"sum":6.776371241},"relative_timestamp_from_handler_start":{"num":1457,"min":0.000000715,"max":0.022741556,"avg":0.001548598,"var":0.041850495,"sum":2.256306887}},"irespond":{"duration":{"num":1457,"min":0.000000238,"max":0.000007629,"avg":0.000000970,"var":0.000000001,"sum":0.001413107},"relative_timestamp_from_ult_start":{"num":1457,"min":0.000182390,"max":0.032479525,"avg":0.004540435,"var":0.083046368,"sum":6.615414381}},"respond_cb":{"duration":{"num":1457,"min":0.000000000,"max":0.000003576,