{"address":"ofi+cxi://0x0261e015","progress_loop":{"progress_with_timeout":{"num":35293,"min":0.000001192,"max":0.103296041,"avg":0.000145913,"var":0.012890482,"sum":5.149700880},"progress_timeout_value_msec":{"num":35293,"min":100.000000000,"max":100.000000000,"avg":100.000000000,"var":0.000000000,"sum":3529300.000000000},"progress_without_timeout":{"num":0,"min":0.000000000,"max":0.000000000,"avg":0.000000000,"var":0.000000000,"sum":0.000000000},"trigger":{"num":35269,"min":0.000000238,"max":0.000015259,"avg":0.000000328,"var":0.000000001,"sum":0.011583805}},"rpcs":{"65535:65535:7940397281847607295:2":{"rpc_id":7940397281847607295,"provider_id":2,"parent_rpc_id":65535,"parent_provider_id":65535,"name":"__identity__","origin":{"sent to ofi+cxi://0x0262200d":{"iforward":{"duration":{"num":1,"min":0.000453949,"max":0.000453949,"avg":0.000453949,"var":0.000000000,"sum":0.000453949},"relative_timestamp_from_create":{"num":1,"min":0.000010252,"max":0.000010252,"avg":0.000010252,"var":0.000000000,"sum":0.000010252}},"forward_cb":{"duration":{"num":1,"min":0.000003099,"max":0.000003099,"avg":0.000003099,"var":0.000000000,"sum":0.000003099},"relative_timestamp_from_iforward_start":{"num":1,"min":0.012182474,"max":0.012182474,"avg":0.012182474,"var":0.000000000,"sum":0.012182474}},"iforward_wait":{"duration":{"num":1,"min":0.011734962,"max":0.011734962,"avg":0.011734962,"var":0.000000000,"sum":0.011734962},"relative_timestamp_from_iforward_end":{"num":1,"min":0.000000477,"max":0.000000477,"avg":0.000000477,"var":0.000000000,"sum":0.000000477}},"set_input":{"duration":{"num":0,"min":0.000000000,"max":0.000000000,"avg":0.000000000,"var":0.000000000,"sum":0.000000000},"relative_timestamp_from_iforward_start":{"num":0,"min":0.000000000,"max":0.000000000,"avg":0.000000000,"var":0.000000000,"sum":0.000000000}},"get_output":{"duration":{"num":1,"min":0.000006199,"max":0.000006199,"avg":0.000006199,"var":0.000000000,"sum":0.000006199},"relative_timestamp_from_wait_end":{"num":1,"min":0.000001192,"max":0.000001192,"avg":0.000001192,"var":0.000000000,"sum":0.000001192}}}}},"65535:65535:9722976651498815487:2":{"rpc_id":9722976651498815487,"provider_id":2,"parent_rpc_id":65535,"parent_provider_id":65535,"name":"flock_get_view","origin":{"sent to ofi+cxi://0x0262200d":{"iforward":{"duration":{"num":2,"min":0.000010014,"max":0.000019312,"avg":0.000014663,"var":0.000000000,"sum":0.000029325},"relative_timestamp_from_create":{"num":2,"min":0.000000238,"max":0.000000715,"avg":0.000000477,"var":0.000000000,"sum":0.000000954}},"forward_cb":{"duration":{"num":2,"min":0.000000238,"max":0.000000238,"avg":0.000000238,"var":0.000000000,"sum":0.000000477},"relative_timestamp_from_iforward_start":{"num":2,"min":0.013631582,"max":0.033517361,"avg":0.023574471,"var":0.000197722,"sum":0.047148943}},"iforward_wait":{"duration":{"num":2,"min":0.013622046,"max":0.033498049,"avg":0.023560047,"var":0.000197528,"sum":0.047120094},"relative_timestamp_from_iforward_end":{"num":2,"min":0.000000238,"max":0.000000954,"avg":0.000000596,"var":0.000000000,"sum":0.000001192}},"set_input":{"duration":{"num":2,"min":0.000000000,"max":0.000000238,"avg":0.000000119,"var":0.000000000,"sum":0.000000238},"relative_timestamp_from_iforward_start":{"num":2,"min":0.000001192,"max":0.000005960,"avg":0.000003576,"var":0.000000000,"sum":0.000007153}},"get_output":{"duration":{"num":2,"min":0.000000477,"max":0.000022411,"avg":0.000011444,"var":0.000000000,"sum":0.000022888},"relative_timestamp_from_wait_end":{"num":2,"min":0.000000238,"max":0.000000954,"avg":0.000000596,"var":0.000000000,"sum":0.000001192}}}}},"65535:65535:3669993900245843967:1":{"rpc_id":3669993900245843967,"provider_id":1,"parent_rpc_id":65535,"parent_provider_id":65535,"name":"qtn_work_rpc","origin":{"sent to ofi+cxi://0x0263400d":{"iforward":{"duration":{"num":35265,"min":0.000001669,"max":0.000030041,"avg":0.000002092,"var":0.000000005,"sum":0.073789120},"relative_timestamp_from_create":{"num":35265,"min":0.000000000,"max":0.000005960,"avg":0.000000086,"var":0.000000001,"sum":0.003041506}},"forward_cb":{"duration":{"num":35265,"min":0.000000000,"max":0.000014782,"avg":0.000000150,"var":0.000000001,"sum":0.005290747},"relative_timestamp_from_iforward_start":{"num":35265,"min":0.000009060,"max":0.000947237,"avg":0.000144120,"var":0.000856782,"sum":5.082402945}},"iforward_wait":{"duration":{"num":35265,"min":0.000005245,"max":0.000946283,"avg":0.000142495,"var":0.000856887,"sum":5.025070667},"relative_timestamp_from_iforward_end":{"num":35265,"min":0.000000000,"max":0.000002623,"avg":0.000000177,"var":0.000000000,"sum":0.006252289}},"set_input":{"duration":{"num":35265,"min":0.000000000,"max":0.000001669,"avg":0.000000099,"var":0.000000000,"sum":0.003493071},"relative_timestamp_from_iforward_start":{"num":35265,"min":0.000000715,"max":0.000007629,"avg":0.000000866,"var":0.000000001,"sum":0.030526400}},"get_output":{"duration":{"num":35265,"min":0.000000000,"max":0.000002623,"avg":0.000000102,"var":0.000000000,"sum":0.003600597},"relative_timestamp_from_wait_end":{"num":35265,"min":0.000000000,"max":0.000002384,"avg":0.000000164,"var":0.000000000,"sum":0.005766630}}}}}},"hostname":"x4108c0s2b0n0","pid":31181,"cmdline":["/home/carns/working/src/spack/var/spack/environments/quintain-2025-07/.spack-env/view/bin/quintain-benchmark","-g","quintain.flock.json","-j","/home/carns/working/dbg/john-quintain-profile-example-2025-07/quintain-benchmark-rpc.json","-o","/flare/radix-io/carns/quintain/6767526.aurora-pbs-0001.hostmgmt.cm.aurora.alcf.anl.gov/rpc-sweep-servers408-clis816"]}