{"address":"","rpcs":{},"pools":{"__primary__":{"timestamps":[1753366941.851073742,1753366942.851133108,1753366943.851468325,1753366944.851823330,1753366945.852071285,1753366946.852076530,1753366956.004643440,1753366956.182277679],"size":[0,0,0,0,0,0,0,0],"total_size":[1,1,1,1,1,1,1,0]}}}