{"address":"ofi+cxi://0x0260640e","progress_loop":{"progress_with_timeout":{"num":22099,"min":0.000001192,"max":0.104539871,"avg":0.000238910,"var":0.012868756,"sum":5.279678583},"progress_timeout_value_msec":{"num":22099,"min":100.000000000,"max":100.000000000,"avg":100.000000000,"var":0.000000000,"sum":2209900.000000000},"progress_without_timeout":{"num":0,"min":0.000000000,"max":0.000000000,"avg":0.000000000,"var":0.000000000,"sum":0.000000000},"trigger":{"num":22069,"min":0.000000238,"max":0.000009060,"avg":0.000000273,"var":0.000000000,"sum":0.006026506}},"rpcs":{"65535:65535:7940397281847607295:2":{"rpc_id":7940397281847607295,"provider_id":2,"parent_rpc_id":65535,"parent_provider_id":65535,"name":"__identity__","origin":{"sent to ofi+cxi://0x0262200d":{"iforward":{"duration":{"num":1,"min":0.000537157,"max":0.000537157,"avg":0.000537157,"var":0.000000000,"sum":0.000537157},"relative_timestamp_from_create":{"num":1,"min":0.000010252,"max":0.000010252,"avg":0.000010252,"var":0.000000000,"sum":0.000010252}},"forward_cb":{"duration":{"num":1,"min":0.000003338,"max":0.000003338,"avg":0.000003338,"var":0.000000000,"sum":0.000003338},"relative_timestamp_from_iforward_start":{"num":1,"min":0.007269144,"max":0.007269144,"avg":0.007269144,"var":0.000000000,"sum":0.007269144}},"iforward_wait":{"duration":{"num":1,"min":0.006738186,"max":0.006738186,"avg":0.006738186,"var":0.000000000,"sum":0.006738186},"relative_timestamp_from_iforward_end":{"num":1,"min":0.000000238,"max":0.000000238,"avg":0.000000238,"var":0.000000000,"sum":0.000000238}},"set_input":{"duration":{"num":0,"min":0.000000000,"max":0.000000000,"avg":0.000000000,"var":0.000000000,"sum":0.000000000},"relative_timestamp_from_iforward_start":{"num":0,"min":0.000000000,"max":0.000000000,"avg":0.000000000,"var":0.000000000,"sum":0.000000000}},"get_output":{"duration":{"num":1,"min":0.000005484,"max":0.000005484,"avg":0.000005484,"var":0.000000000,"sum":0.000005484},"relative_timestamp_from_wait_end":{"num":1,"min":0.000000715,"max":0.000000715,"avg":0.000000715,"var":0.000000000,"sum":0.000000715}}}}},"65535:65535:9722976651498815487:2":{"rpc_id":9722976651498815487,"provider_id":2,"parent_rpc_id":65535,"parent_provider_id":65535,"name":"flock_get_view","origin":{"sent to ofi+cxi://0x0262200d":{"iforward":{"duration":{"num":2,"min":0.000016928,"max":0.000020504,"avg":0.000018716,"var":0.000000000,"sum":0.000037432},"relative_timestamp_from_create":{"num":2,"min":0.000000477,"max":0.000000715,"avg":0.000000596,"var":0.000000000,"sum":0.000001192}},"forward_cb":{"duration":{"num":2,"min":0.000000238,"max":0.000000715,"avg":0.000000477,"var":0.000000000,"sum":0.000000954},"relative_timestamp_from_iforward_start":{"num":2,"min":0.024850845,"max":0.026253223,"avg":0.025552034,"var":0.000000983,"sum":0.051104069}},"iforward_wait":{"duration":{"num":2,"min":0.024830818,"max":0.026238203,"avg":0.025534511,"var":0.000000990,"sum":0.051069021},"relative_timestamp_from_iforward_end":{"num":2,"min":0.000000477,"max":0.000001192,"avg":0.000000834,"var":0.000000000,"sum":0.000001669}},"set_input":{"duration":{"num":2,"min":0.000000238,"max":0.000000238,"avg":0.000000238,"var":0.000000000,"sum":0.000000477},"relative_timestamp_from_iforward_start":{"num":2,"min":0.000005722,"max":0.000006199,"avg":0.000005960,"var":0.000000000,"sum":0.000011921}},"get_output":{"duration":{"num":2,"min":0.000000477,"max":0.000034332,"avg":0.000017405,"var":0.000000001,"sum":0.000034809},"relative_timestamp_from_wait_end":{"num":2,"min":0.000000477,"max":0.000002146,"avg":0.000001311,"var":0.000000000,"sum":0.000002623}}}}},"65535:65535:3669993900245843967:1":{"rpc_id":3669993900245843967,"provider_id":1,"parent_rpc_id":65535,"parent_provider_id":65535,"name":"qtn_work_rpc","origin":{"sent to ofi+cxi://0x02626218":{"iforward":{"duration":{"num":22065,"min":0.000001431,"max":0.000030041,"avg":0.000001570,"var":0.000000005,"sum":0.034651756},"relative_timestamp_from_create":{"num":22065,"min":0.000000000,"max":0.000006199,"avg":0.000000073,"var":0.000000000,"sum":0.001620531}},"forward_cb":{"duration":{"num":22065,"min":0.000000000,"max":0.000002861,"avg":0.000000124,"var":0.000000000,"sum":0.002736807},"relative_timestamp_from_iforward_start":{"num":22065,"min":0.000008345,"max":0.001161575,"avg":0.000234051,"var":0.000669476,"sum":5.164344549}},"iforward_wait":{"duration":{"num":22065,"min":0.000007391,"max":0.001158476,"avg":0.000232853,"var":0.000669442,"sum":5.137897015},"relative_timestamp_from_iforward_end":{"num":22065,"min":0.000000000,"max":0.000000715,"avg":0.000000184,"var":0.000000000,"sum":0.004058599}},"set_input":{"duration":{"num":22065,"min":0.000000000,"max":0.000001431,"avg":0.000000069,"var":0.000000000,"sum":0.001528025},"relative_timestamp_from_iforward_start":{"num":22065,"min":0.000000477,"max":0.000007391,"avg":0.000000696,"var":0.000000000,"sum":0.015360832}},"get_output":{"duration":{"num":22065,"min":0.000000000,"max":0.000008583,"avg":0.000000091,"var":0.000000000,"sum":0.001999378},"relative_timestamp_from_wait_end":{"num":22065,"min":0.000000000,"max":0.000001431,"avg":0.000000146,"var":0.000000000,"sum":0.003229856}}}}}},"hostname":"x4108c0s0b0n0","pid":40879,"cmdline":["/home/carns/working/src/spack/var/spack/environments/quintain-2025-07/.spack-env/view/bin/quintain-benchmark","-g","quintain.flock.json","-j","/home/carns/working/dbg/john-quintain-profile-example-2025-07/quintain-benchmark-rpc.json","-o","/flare/radix-io/carns/quintain/6767526.aurora-pbs-0001.hostmgmt.cm.aurora.alcf.anl.gov/rpc-sweep-servers408-clis816"]}