{"address":"","progress_loop":{"progress_with_timeout":{"num":1686,"min":0.000001431,"max":0.103287458,"avg":0.007311859,"var":0.167902489,"sum":12.327793837},"progress_timeout_value_msec":{"num":1686,"min":100.000000000,"max":100.000000000,"avg":100.000000000,"var":0.000000000,"sum":168600.000000000},"progress_without_timeout":{"num":0,"min":0.000000000,"max":0.000000000,"avg":0.000000000,"var":0.000000000,"sum":0.000000000},"trigger":{"num":1660,"min":0.000000238,"max":0.000014067,"avg":0.000000343,"var":0.000000000,"sum":0.000570059}},"rpcs":{"65535:65535:7940397281847607295:2":{"rpc_id":7940397281847607295,"provider_id":2,"parent_rpc_id":65535,"parent_provider_id":65535,"name":"__identity__","origin":{"sent to ofi+cxi://0x06f2600c":{"iforward":{"duration":{"num":1,"min":0.001421213,"max":0.001421213,"avg":0.001421213,"var":0.000000000,"sum":0.001421213},"relative_timestamp_from_create":{"num":1,"min":0.000010729,"max":0.000010729,"avg":0.000010729,"var":0.000000000,"sum":0.000010729}},"forward_cb":{"duration":{"num":1,"min":0.000012636,"max":0.000012636,"avg":0.000012636,"var":0.000000000,"sum":0.000012636},"relative_timestamp_from_iforward_start":{"num":1,"min":0.004935741,"max":0.004935741,"avg":0.004935741,"var":0.000000000,"sum":0.004935741}},"iforward_wait":{"duration":{"num":1,"min":0.003533840,"max":0.003533840,"avg":0.003533840,"var":0.000000000,"sum":0.003533840},"relative_timestamp_from_iforward_end":{"num":1,"min":0.000000477,"max":0.000000477,"avg":0.000000477,"var":0.000000000,"sum":0.000000477}},"set_input":{"duration":{"num":0,"min":0.000000000,"max":0.000000000,"avg":0.000000000,"var":0.000000000,"sum":0.000000000},"relative_timestamp_from_iforward_start":{"num":0,"min":0.000000000,"max":0.000000000,"avg":0.000000000,"var":0.000000000,"sum":0.000000000}},"get_output":{"duration":{"num":1,"min":0.000017881,"max":0.000017881,"avg":0.000017881,"var":0.000000000,"sum":0.000017881},"relative_timestamp_from_wait_end":{"num":1,"min":0.000002146,"max":0.000002146,"avg":0.000002146,"var":0.000000000,"sum":0.000002146}}}}},"65535:65535:9722976651498815487:2":{"rpc_id":9722976651498815487,"provider_id":2,"parent_rpc_id":65535,"parent_provider_id":65535,"name":"flock_get_view","origin":{"sent to ofi+cxi://0x06f2600c":{"iforward":{"duration":{"num":2,"min":0.000012636,"max":0.000048399,"avg":0.000030518,"var":0.000000001,"sum":0.000061035},"relative_timestamp_from_create":{"num":2,"min":0.000000477,"max":0.000001431,"avg":0.000000954,"var":0.000000000,"sum":0.000001907}},"forward_cb":{"duration":{"num":2,"min":0.000000238,"max":0.000000715,"avg":0.000000477,"var":0.000000000,"sum":0.000000954},"relative_timestamp_from_iforward_start":{"num":2,"min":0.013956547,"max":0.014206648,"avg":0.014081597,"var":0.000000031,"sum":0.028163195}},"iforward_wait":{"duration":{"num":2,"min":0.013944387,"max":0.014158010,"avg":0.014051199,"var":0.000000023,"sum":0.028102398},"relative_timestamp_from_iforward_end":{"num":2,"min":0.000000238,"max":0.000001669,"avg":0.000000954,"var":0.000000000,"sum":0.000001907}},"set_input":{"duration":{"num":2,"min":0.000000238,"max":0.000000477,"avg":0.000000358,"var":0.000000000,"sum":0.000000715},"relative_timestamp_from_iforward_start":{"num":2,"min":0.000002623,"max":0.000014067,"avg":0.000008345,"var":0.000000000,"sum":0.000016689}},"get_output":{"duration":{"num":2,"min":0.000000477,"max":0.000036240,"avg":0.000018358,"var":0.000000001,"sum":0.000036716},"relative_timestamp_from_wait_end":{"num":2,"min":0.000000477,"max":0.000001669,"avg":0.000001073,"var":0.000000000,"sum":0.000002146}}}}},"65535:65535:3669993900245843967:1":{"rpc_id":3669993900245843967,"provider_id":1,"parent_rpc_id":65535,"parent_provider_id":65535,"name":"qtn_work_rpc","origin":{"sent to ofi+cxi://0x06f2e218":{"iforward":{"duration":{"num":1656,"min":0.000001431,"max":0.003574371,"avg":0.000004728,"var":0.000012924,"sum":0.007829666},"relative_timestamp_from_create":{"num":1656,"min":0.000002623,"max":0.007851124,"avg":0.000009306,"var":0.000066466,"sum":0.015411377}},"forward_cb":{"duration":{"num":1656,"min":0.000000000,"max":0.000001431,"avg":0.000000147,"var":0.000000000,"sum":0.000243902},"relative_timestamp_from_iforward_start":{"num":1656,"min":0.000209332,"max":0.026895046,"avg":0.007368342,"var":0.157338009,"sum":12.201973677}},"iforward_wait":{"duration":{"num":1656,"min":0.000206709,"max":0.026275873,"avg":0.007363977,"var":0.157196471,"sum":12.194745541},"relative_timestamp_from_iforward_end":{"num":1656,"min":0.000000000,"max":0.000009060,"avg":0.000000289,"var":0.000000000,"sum":0.000478983}},"set_input":{"duration":{"num":1656,"min":0.000000000,"max":0.000004768,"avg":0.000000191,"var":0.000000000,"sum":0.000317097},"relative_timestamp_from_iforward_start":{"num":1656,"min":0.000000477,"max":0.000007153,"avg":0.000000890,"var":0.000000000,"sum":0.001474142}},"get_output":{"duration":{"num":1656,"min":0.000000000,"max":0.000000477,"avg":0.000000103,"var":0.000000000,"sum":0.000169754},"relative_timestamp_from_wait_end":{"num":1656,"min":0.000000000,"max":0.000001192,"avg":0.000000161,"var":0.000000000,"sum":0.000266552}}}}},"65535:65535:65535:65535":{"rpc_id":65535,"provider_id":65535,"parent_rpc_id":65535,"parent_provider_id":65535,"name":"","target":{"received from <unknown>":{"bulk":{"create":{"duration":{"num":1656,"min":0.000002384,"max":0.007847071,"avg":0.000009067,"var":0.000066408,"sum":0.015014172},"size":{"num":1656,"min":4194304.000000000,"max":4194304.000000000,"avg":4194304.000000000,"var":0.000000000,"sum":6945767424.000000000}}}}}}},"hostname":"x4418c0s4b0n0","pid":3628,"cmdline":["/home/carns/working/src/spack/var/spack/environments/quintain-2025-07/.spack-env/view/bin/quintain-benchmark","-g","quintain.flock.json","-j","/home/carns/working/dbg/john-quintain-profile-example-2025-07/quintain-benchmark-bw.json","-o","/flare/radix-io/carns/quintain/6710290.aurora-pbs-0001.hostmgmt.cm.aurora.alcf.anl.gov/bw-sweep-servers408-clis816"]}