{"address":"","rpcs":{"qtn_work_rpc:1":{"timestamps":[1753558083.973453522,1753558084.973453760,1753558085.973453999,1753558086.973454237,1753558087.973454714,1753558088.973454952,1753558090.045945406,1753558091.086066008,1753558092.126094341,1753558093.166117668,1753558094.206119776,1753558095.245645523,1753558096.286094189,1753558097.325674295,1753558098.366260767,1753558099.405692101,1753558100.446269035,1753558101.485376358,1753558102.525258303,1753558103.565750599,1753558104.605400324,1753558105.646024942,1753558106.685763597,1753558107.725381374,1753558108.766059399,1753558109.805593729,1753558110.845687151,1753558111.885614872,1753558112.926289320,1753558113.965752602,1753558115.006265163,1753558116.045255184,1753558117.081872463,1753558118.122296333,1753558119.161707640,1753558120.202242374,1753558121.241991520,1753558122.282065868,1753558123.296896219,1753558124.296896696,1753558125.306075335,1753558126.310709476,1753558127.312377691,1753558128.319764853,1753558129.329681158,1753558130.393258810,1753558131.434142351,1753558132.440428734,1753558133.451465845,1753558134.470387936,1753558135.470391989,1753558136.483858585,1753558137.533364534,1753558138.573938131,1753558139.613848209,1753558140.654159784,1753558141.694112778,1753558142.733962536,1753558143.773762703,1753558144.813493013,1753558145.853265047,1753558146.893889427,1753558147.933568001,1753558148.973551035,1753558150.013406992,1753558151.054069519,1753558152.093735933,1753558153.133507013,1753558154.173520803,1753558155.291649580],"count":[662,7675,8512,8698,11815,10534,2533,0,0,0,0,0,0,0,0,0,0,0,0,0,0,0,0,0,0,0,0,0,0,0,0,0,0,0,0,0,0,0,260,283,235,252,255,272,277,166,0,207,229,258,271,258,66,0,0,0,0,0,0,0,0,0,0,0,0,0,0,0,0,0],"bulk_size":[0,0,0,0,0,0,0,0,0,0,0,0,0,0,0,0,0,0,0,0,0,0,0,0,0,0,0,0,0,0,0,0,0,0,0,0,0,0,1090519040,1186988032,985661440,1056964608,1069547520,1140850688,1161822208,696254464,0,868220928,960495616,1082130432,1136656384,1082130432,276824064,0,0,0,0,0,0,0,0,0,0,0,0,0,0,0,0,0]},"__shutdown__:65535":{"timestamps":[1753558155.291649580],"count":[1],"bulk_size":[0]}},"pools":{"__primary__":{"timestamps":[1753558039.293612480,1753558040.333357811,1753558041.373306751,1753558042.414301395,1753558043.453633785,1753558044.493662357,1753558045.533611298,1753558046.573747396,1753558047.614233494,1753558048.654204607,1753558049.693607569,1753558050.734122753,1753558051.773405790,1753558052.813606024,1753558053.854059935,1753558054.893392563,1753558055.933917284,1753558056.973695993,1753558058.013692141,1753558059.053877592,1753558060.093312979,1753558061.133655548,1753558062.173608303,1753558063.213934422,1753558064.253981590,1753558065.293548346,1753558066.333599329,1753558067.374000311,1753558068.413672209,1753558069.453667641,1753558070.493517876,1753558071.533397198,1753558072.573404312,1753558073.613561392,1753558074.653667450,1753558075.693731308,1753558076.734079361,1753558077.774156094,1753558078.813346148,1753558079.853969812,1753558080.894058228,1753558081.934255600,1753558082.973453283,1753558083.973453522,1753558084.973453760,1753558085.973453999,1753558086.973454237,1753558087.973454714,1753558088.973454952,1753558090.045945406,1753558091.086066008,1753558092.126094341,1753558093.166117668,1753558094.206119776,1753558095.245645523,1753558096.286094189,1753558097.325674295,1753558098.366260767,1753558099.405692101,1753558100.446269035,1753558101.485376358,1753558102.525258303,1753558103.565750599,1753558104.605400324,1753558105.646024942,1753558106.685763597,1753558107.725381374,1753558108.766059399,1753558109.805593729,1753558110.845687151,1753558111.885614872,1753558112.926289320,1753558113.965752602,1753558115.006265163,1753558116.045255184,1753558117.081872463,1753558118.122296333,1753558119.161707640,1753558120.202242374,1753558121.241991520,1753558122.282065868,1753558123.296896219,1753558124.296896696,1753558125.306075335,1753558126.310709476,1753558127.312377691,1753558128.319764853,1753558129.329681158,1753558130.393258810,1753558131.434142351,1753558132.440428734,1753558133.451465845,1753558134.470387936,1753558135.470391989,1753558136.483858585,1753558137.533364534,1753558138.573938131,1753558139.613848209,1753558140.654159784,1753558141.694112778,1753558142.733962536,1753558143.773762703,1753558144.813493013,1753558145.853265047,1753558146.893889427,1753558147.933568001,1753558148.973551035,1753558150.013406992,1753558151.054069519,1753558152.093735933,1753558153.133507013,1753558154.173520803,1753558155.291649580],"size":[0,0,0,0,0,0,0,0,0,0,0,0,0,0,0,0,0,0,0,0,0,0,0,0,0,0,0,0,0,0,0,0,0,0,0,0,0,0,0,0,0,0,0,0,0,0,0,0,0,0,0,0,0,0,0,0,0,0,0,0,0,0,0,0,0,0,0,0,0,0,0,0,0,0,0,0,0,0,0,0,0,0,0,0,0,0,0,0,0,0,0,0,0,0,0,0,0,0,0,0,0,0,0,0,0,0,0,0,0,0,0,0,0],"total_size":[1,1,1,1,1,1,1,1,1,1,1,1,1,1,1,1,1,1,1,1,1,1,1,1,1,1,1,1,1,1,1,1,1,1,1,1,1,1,1,1,1,1,1,1,1,1,1,1,1,1,1,1,1,1,1,1,1,1,1,1,1,1,1,1,1,1,1,1,1,1,1,1,1,1,1,1,1,1,1,1,1,3,2,3,3,2,2,3,1,1,2,2,3,2,3,1,1,1,1,1,1,1,1,1,1,1,1,1,1,1,1,1,0]}}}