{"address":"","progress_loop":{"progress_with_timeout":{"num":2298,"min":0.000001431,"max":0.108390808,"avg":0.081992033,"var":4.126115508,"sum":188.417691231},"progress_timeout_value_msec":{"num":2298,"min":100.000000000,"max":100.000000000,"avg":100.000000000,"var":0.000000000,"sum":229800.000000000},"progress_without_timeout":{"num":14437936,"min":0.000000000,"max":0.000475407,"avg":0.000000158,"var":0.000000902,"sum":2.278826237},"trigger":{"num":99910,"min":0.000000238,"max":0.000038385,"avg":0.000000626,"var":0.000000058,"sum":0.062501192}},"rpcs":{"65535:65535:3669993900245843967:1":{"rpc_id":3669993900245843967,"provider_id":1,"parent_rpc_id":65535,"parent_provider_id":65535,"name":"qtn_work_rpc","target":{"received from ofi+cxi://0x06f0e618":{"handler":{"duration":{"num":22675,"min":0.000000477,"max":0.000034332,"avg":0.000000604,"var":0.000000008,"sum":0.013700724}},"ult":{"duration":{"num":22675,"min":0.000004292,"max":0.000480890,"avg":0.000004896,"var":0.000000249,"sum":0.111013174},"relative_timestamp_from_handler_start":{"num":22675,"min":0.000000715,"max":0.000034809,"avg":0.000000966,"var":0.000000017,"sum":0.021906137}},"irespond":{"duration":{"num":22675,"min":0.000000238,"max":0.000028372,"avg":0.000000487,"var":0.000000003,"sum":0.011043072},"relative_timestamp_from_ult_start":{"num":22675,"min":0.000000238,"max":0.000035524,"avg":0.000000294,"var":0.000000002,"sum":0.006677389}},"respond_cb":{"duration":{"num":22675,"min":0.000000000,"max":0.000008345,"avg":0.000000109,"var":0.000000000,"sum":0.002462864},"relative_timestamp_from_irespond_start":{"num":22675,"min":0.000003576,"max":0.000479221,"avg":0.000003982,"var":0.000000241,"sum":0.090280771}},"irespond_wait":{"duration":{"num":22675,"min":0.000001431,"max":0.000479460,"avg":0.000003719,"var":0.000000237,"sum":0.084325314},"relative_timestamp_from_irespond_end":{"num":22675,"min":0.000000000,"max":0.000047207,"avg":0.000000183,"var":0.000000002,"sum":0.004143238}},"set_output":{"duration":{"num":22675,"min":0.000000000,"max":0.000000477,"avg":0.000000064,"var":0.000000000,"sum":0.001444578},"relative_timestamp_from_irespond_start":{"num":22675,"min":0.000000000,"max":0.000001907,"avg":0.000000081,"var":0.000000000,"sum":0.001846313}},"get_input":{"duration":{"num":22675,"min":0.000000000,"max":0.000035048,"avg":0.000000100,"var":0.000000002,"sum":0.002274990},"relative_timestamp_from_ult_start":{"num":22675,"min":0.000000000,"max":0.000005960,"avg":0.000000124,"var":0.000000000,"sum":0.002816916}}},"received from ofi+cxi://0x06f0a018":{"handler":{"duration":{"num":22728,"min":0.000000477,"max":0.000019073,"avg":0.000000612,"var":0.000000006,"sum":0.013918877}},"ult":{"duration":{"num":22728,"min":0.000004292,"max":0.000043631,"avg":0.000004877,"var":0.000000022,"sum":0.110842228},"relative_timestamp_from_handler_start":{"num":22728,"min":0.000000715,"max":0.000019312,"avg":0.000000973,"var":0.000000015,"sum":0.022107363}},"irespond":{"duration":{"num":22728,"min":0.000000238,"max":0.000031233,"avg":0.000000491,"var":0.000000003,"sum":0.011158943},"relative_timestamp_from_ult_start":{"num":22728,"min":0.000000238,"max":0.000007868,"avg":0.000000296,"var":0.000000000,"sum":0.006720781}},"respond_cb":{"duration":{"num":22728,"min":0.000000000,"max":0.000000715,"avg":0.000000110,"var":0.000000000,"sum":0.002489805},"relative_timestamp_from_irespond_start":{"num":22728,"min":0.000003576,"max":0.000042677,"avg":0.000003961,"var":0.000000017,"sum":0.090034008}},"irespond_wait":{"duration":{"num":22728,"min":0.000001907,"max":0.000042439,"avg":0.000003695,"var":0.000000012,"sum":0.083969355},"relative_timestamp_from_irespond_end":{"num":22728,"min":0.000000000,"max":0.000034094,"avg":0.000000184,"var":0.000000002,"sum":0.004179478}},"set_output":{"duration":{"num":22728,"min":0.000000000,"max":0.000030518,"avg":0.000000068,"var":0.000000002,"sum":0.001552343},"relative_timestamp_from_irespond_start":{"num":22728,"min":0.000000000,"max":0.000000715,"avg":0.000000082,"var":0.000000000,"sum":0.001870394}},"get_input":{"duration":{"num":22728,"min":0.000000000,"max":0.000004530,"avg":0.000000099,"var":0.000000000,"sum":0.002255440},"relative_timestamp_from_ult_start":{"num":22728,"min":0.000000000,"max":0.000001431,"avg":0.000000127,"var":0.000000000,"sum":0.002891541}}},"received from ofi+cxi://0x06f0e413":{"handler":{"duration":{"num":1532,"min":0.000000477,"max":0.000021935,"avg":0.000001122,"var":0.000000002,"sum":0.001719236}},"ult":{"duration":{"num":1532,"min":0.000198364,"max":0.031711340,"avg":0.005256239,"var":0.096270087,"sum":8.052557468},"relative_timestamp_from_handler_start":{"num":1532,"min":0.000000715,"max":0.028864622,"avg":0.001107727,"var":0.029341061,"sum":1.697037220}},"irespond":{"duration":{"num":1532,"min":0.000000238,"max":0.000015974,"avg":0.000001043,"var":0.000000002,"sum":0.001598597},"relative_timestamp_from_ult_start":{"num":1532,"min":0.000185966,"max":0.031695127,"avg":0.005157134,"var":0.096836050,"sum":7.900729418}},"respond_cb":{"duration":{"num":1532,"min":0.000000000,"max":0.000004768,"avg":0.000000173,"var":0.000000000,"sum":0.000265360},"relative_timestamp_from_irespond_start":{"num":1532,"min":0.000003815,"max":0.002395391,"avg":0.000061855,"var":0.000067364,"sum":0.094761848}},"irespond_wait":{"duration":{"num":1532,"min":0.000003338,"max":0.004299164,"avg":0.000065234,"var":0.000089091,"sum":0.099938154},"relative_timestamp_from_irespond_end":{"num":1532,"min":0.000000000,"max":0.000004530,"avg":0.000000283,"var":0.000000000,"sum":0.000433922}},"set_output":{"duration":{"num":1532,"min":0.000000000,"max":0.000000954,"avg":0.000000137,"var":0.000000000,"sum":0.000209332},"relative_timestamp_from_irespond_start":{"num":1532,"min":0.000000000,"max":0.000007868,"avg":0.000000254,"var":0.000000000,"sum":0.000389814}},"get_input":{"duration":{"num":1532,"min":0.000000000,"max":0.000020981,"avg":0.000000629,"var":0.000000001,"sum":0.000963926},"relative_timestamp_from_ult_start":{"num":1532,"min":0.000000000,"max":0.000003815,"avg":0.000000203,"var":0.000000000,"sum":0.000310421}},"bulk":{"create":{"duration":{"num":1532,"min":0.000002384,"max":0.029554605,"avg":0.004078071,"var":0.081815814,"sum":6.247604609},"size":{"num":1532,"min":4194304.000000000,"max":4194304.000000000,"avg":4194304.000000000,"var":0.000000000,"sum":6425673728.000000000}},"pull from ofi+cxi://0x06f0e413":{"itransfer":{"duration":{"num":1532,"min":0.000000715,"max":0.000023603,"avg":0.000002273,"var":0.000000007,"sum":0.003482103},"size":{"num":1532,"min":4194304.000000000,"max":4194304.000000000,"avg":4194304.000000000,"var":0.000000000,"sum":6425673728.000000000}},"transfer_cb":{"duration":{"num":1532,"min":0.000000000,"max":0.000007391,"avg":0.000000232,"var":0.000000000,"sum":0.000355721},"relative_timestamp_from_itransfer_start":{"num":1532,"min":0.000180006,"max":0.021198273,"avg":0.001014659,"var":0.002625899,"sum":1.554457426}},"itransfer_wait":{"duration":{"num":1532,"min":0.000178814,"max":0.028530836,"avg":0.001070611,"var":0.004495122,"sum":1.640176296},"relative_timestamp_from_itransfer_end":{"num":1532,"min":0.000000000,"max":0.000005960,"avg":0.000000349,"var":0.000000000,"sum":0.000534534}}}}},"received from ofi+cxi://0x06f0a219":{"handler":{"duration":{"num":1502,"min":0.000000477,"max":0.000005960,"avg":0.000001044,"var":0.000000001,"sum":0.001567602}},"ult":{"duration":{"num":1502,"min":0.000189781,"max":0.030927181,"avg":0.005235217,"var":0.093234452,"sum":7.863296032},"relative_timestamp_from_handler_start":{"num":1502,"min":0.000000715,"max":0.028600693,"avg":0.001101829,"var":0.028875237,"sum":1.654947042}},"irespond":{"duration":{"num":1502,"min":0.000000238,"max":0.000013351,"avg":0.000001000,"var":0.000000001,"sum":0.001502514},"relative_timestamp_from_ult_start":{"num":1502,"min":0.000182390,"max":0.030915260,"avg":0.005097418,"var":0.093608676,"sum":7.656322241}},"respond_cb":{"duration":{"num":1502,"min":0.000000000,"max":0.000004053,