{"address":"ofi+cxi://0x02604610","progress_loop":{"progress_with_timeout":{"num":23214,"min":0.000001192,"max":0.101225138,"avg":0.000226704,"var":0.012846232,"sum":5.262702465},"progress_timeout_value_msec":{"num":23214,"min":100.000000000,"max":100.000000000,"avg":100.000000000,"var":0.000000000,"sum":2321400.000000000},"progress_without_timeout":{"num":0,"min":0.000000000,"max":0.000000000,"avg":0.000000000,"var":0.000000000,"sum":0.000000000},"trigger":{"num":23168,"min":0.000000238,"max":0.000011921,"avg":0.000000272,"var":0.000000000,"sum":0.006312370}},"rpcs":{"65535:65535:7940397281847607295:2":{"rpc_id":7940397281847607295,"provider_id":2,"parent_rpc_id":65535,"parent_provider_id":65535,"name":"__identity__","origin":{"sent to ofi+cxi://0x0262200d":{"iforward":{"duration":{"num":1,"min":0.000667095,"max":0.000667095,"avg":0.000667095,"var":0.000000000,"sum":0.000667095},"relative_timestamp_from_create":{"num":1,"min":0.000168085,"max":0.000168085,"avg":0.000168085,"var":0.000000000,"sum":0.000168085}},"forward_cb":{"duration":{"num":1,"min":0.000010490,"max":0.000010490,"avg":0.000010490,"var":0.000000000,"sum":0.000010490},"relative_timestamp_from_iforward_start":{"num":1,"min":0.009532213,"max":0.009532213,"avg":0.009532213,"var":0.000000000,"sum":0.009532213}},"iforward_wait":{"duration":{"num":1,"min":0.008881330,"max":0.008881330,"avg":0.008881330,"var":0.000000000,"sum":0.008881330},"relative_timestamp_from_iforward_end":{"num":1,"min":0.000000238,"max":0.000000238,"avg":0.000000238,"var":0.000000000,"sum":0.000000238}},"set_input":{"duration":{"num":0,"min":0.000000000,"max":0.000000000,"avg":0.000000000,"var":0.000000000,"sum":0.000000000},"relative_timestamp_from_iforward_start":{"num":0,"min":0.000000000,"max":0.000000000,"avg":0.000000000,"var":0.000000000,"sum":0.000000000}},"get_output":{"duration":{"num":1,"min":0.000008106,"max":0.000008106,"avg":0.000008106,"var":0.000000000,"sum":0.000008106},"relative_timestamp_from_wait_end":{"num":1,"min":0.000001431,"max":0.000001431,"avg":0.000001431,"var":0.000000000,"sum":0.000001431}}}}},"65535:65535:9722976651498815487:2":{"rpc_id":9722976651498815487,"provider_id":2,"parent_rpc_id":65535,"parent_provider_id":65535,"name":"flock_get_view","origin":{"sent to ofi+cxi://0x0262200d":{"iforward":{"duration":{"num":2,"min":0.000011206,"max":0.000037909,"avg":0.000024557,"var":0.000000000,"sum":0.000049114},"relative_timestamp_from_create":{"num":2,"min":0.000000477,"max":0.000001431,"avg":0.000000954,"var":0.000000000,"sum":0.000001907}},"forward_cb":{"duration":{"num":2,"min":0.000000238,"max":0.000000238,"avg":0.000000238,"var":0.000000000,"sum":0.000000477},"relative_timestamp_from_iforward_start":{"num":2,"min":0.019274712,"max":0.030347586,"avg":0.024811149,"var":0.000061304,"sum":0.049622297}},"iforward_wait":{"duration":{"num":2,"min":0.019263983,"max":0.030309439,"avg":0.024786711,"var":0.000061001,"sum":0.049573421},"relative_timestamp_from_iforward_end":{"num":2,"min":0.000000238,"max":0.000001192,"avg":0.000000715,"var":0.000000000,"sum":0.000001431}},"set_input":{"duration":{"num":2,"min":0.000000000,"max":0.000000477,"avg":0.000000238,"var":0.000000000,"sum":0.000000477},"relative_timestamp_from_iforward_start":{"num":2,"min":0.000001669,"max":0.000012159,"avg":0.000006914,"var":0.000000000,"sum":0.000013828}},"get_output":{"duration":{"num":2,"min":0.000000477,"max":0.000032187,"avg":0.000016332,"var":0.000000001,"sum":0.000032663},"relative_timestamp_from_wait_end":{"num":2,"min":0.000000238,"max":0.000001192,"avg":0.000000715,"var":0.000000000,"sum":0.000001431}}}}},"65535:65535:3669993900245843967:1":{"rpc_id":3669993900245843967,"provider_id":1,"parent_rpc_id":65535,"parent_provider_id":65535,"name":"qtn_work_rpc","origin":{"sent to ofi+cxi://0x0262e014":{"iforward":{"duration":{"num":23164,"min":0.000001192,"max":0.000034571,"avg":0.000001567,"var":0.000000005,"sum":0.036309481},"relative_timestamp_from_create":{"num":23164,"min":0.000000000,"max":0.000001669,"avg":0.000000071,"var":0.000000000,"sum":0.001646996}},"forward_cb":{"duration":{"num":23164,"min":0.000000000,"max":0.000003338,"avg":0.000000123,"var":0.000000000,"sum":0.002845764},"relative_timestamp_from_iforward_start":{"num":23164,"min":0.000008583,"max":0.000921011,"avg":0.000222433,"var":0.001337014,"sum":5.152427435}},"iforward_wait":{"duration":{"num":23164,"min":0.000007391,"max":0.000919819,"avg":0.000221239,"var":0.001336992,"sum":5.124771595},"relative_timestamp_from_iforward_end":{"num":23164,"min":0.000000000,"max":0.000002861,"avg":0.000000181,"var":0.000000000,"sum":0.004200697}},"set_input":{"duration":{"num":23164,"min":0.000000000,"max":0.000004053,"avg":0.000000079,"var":0.000000000,"sum":0.001827478},"relative_timestamp_from_iforward_start":{"num":23164,"min":0.000000477,"max":0.000008106,"avg":0.000000712,"var":0.000000000,"sum":0.016490936}},"get_output":{"duration":{"num":23164,"min":0.000000000,"max":0.000001192,"avg":0.000000090,"var":0.000000000,"sum":0.002073288},"relative_timestamp_from_wait_end":{"num":23164,"min":0.000000000,"max":0.000002861,"avg":0.000000151,"var":0.000000000,"sum":0.003506660}}}}}},"hostname":"x4108c0s1b0n0","pid":195934,"cmdline":["/home/carns/working/src/spack/var/spack/environments/quintain-2025-07/.spack-env/view/bin/quintain-benchmark","-g","quintain.flock.json","-j","/home/carns/working/dbg/john-quintain-profile-example-2025-07/quintain-benchmark-rpc.json","-o","/flare/radix-io/carns/quintain/6767526.aurora-pbs-0001.hostmgmt.cm.aurora.alcf.anl.gov/rpc-sweep-servers408-clis816"]}