{"address":"","progress_loop":{"progress_with_timeout":{"num":32934,"min":0.000001192,"max":0.102272034,"avg":0.000157370,"var":0.012004438,"sum":5.182833195},"progress_timeout_value_msec":{"num":32934,"min":100.000000000,"max":100.000000000,"avg":100.000000000,"var":0.000000000,"sum":3293400.000000000},"progress_without_timeout":{"num":0,"min":0.000000000,"max":0.000000000,"avg":0.000000000,"var":0.000000000,"sum":0.000000000},"trigger":{"num":32818,"min":0.000000238,"max":0.000007629,"avg":0.000000276,"var":0.000000000,"sum":0.009062290}},"rpcs":{"65535:65535:7940397281847607295:2":{"rpc_id":7940397281847607295,"provider_id":2,"parent_rpc_id":65535,"parent_provider_id":65535,"name":"__identity__","origin":{"sent to ofi+cxi://0x06f2600c":{"iforward":{"duration":{"num":1,"min":0.000067472,"max":0.000067472,"avg":0.000067472,"var":0.000000000,"sum":0.000067472},"relative_timestamp_from_create":{"num":1,"min":0.000002623,"max":0.000002623,"avg":0.000002623,"var":0.000000000,"sum":0.000002623}},"forward_cb":{"duration":{"num":1,"min":0.000002623,"max":0.000002623,"avg":0.000002623,"var":0.000000000,"sum":0.000002623},"relative_timestamp_from_iforward_start":{"num":1,"min":0.002527237,"max":0.002527237,"avg":0.002527237,"var":0.000000000,"sum":0.002527237}},"iforward_wait":{"duration":{"num":1,"min":0.002465487,"max":0.002465487,"avg":0.002465487,"var":0.000000000,"sum":0.002465487},"relative_timestamp_from_iforward_end":{"num":1,"min":0.000000238,"max":0.000000238,"avg":0.000000238,"var":0.000000000,"sum":0.000000238}},"set_input":{"duration":{"num":0,"min":0.000000000,"max":0.000000000,"avg":0.000000000,"var":0.000000000,"sum":0.000000000},"relative_timestamp_from_iforward_start":{"num":0,"min":0.000000000,"max":0.000000000,"avg":0.000000000,"var":0.000000000,"sum":0.000000000}},"get_output":{"duration":{"num":1,"min":0.000007629,"max":0.000007629,"avg":0.000007629,"var":0.000000000,"sum":0.000007629},"relative_timestamp_from_wait_end":{"num":1,"min":0.000000954,"max":0.000000954,"avg":0.000000954,"var":0.000000000,"sum":0.000000954}}}}},"65535:65535:9722976651498815487:2":{"rpc_id":9722976651498815487,"provider_id":2,"parent_rpc_id":65535,"parent_provider_id":65535,"name":"flock_get_view","origin":{"sent to ofi+cxi://0x06f2600c":{"iforward":{"duration":{"num":2,"min":0.000009775,"max":0.000014544,"avg":0.000012159,"var":0.000000000,"sum":0.000024319},"relative_timestamp_from_create":{"num":2,"min":0.000000477,"max":0.000001192,"avg":0.000000834,"var":0.000000000,"sum":0.000001669}},"forward_cb":{"duration":{"num":2,"min":0.000000238,"max":0.000001431,"avg":0.000000834,"var":0.000000000,"sum":0.000001669},"relative_timestamp_from_iforward_start":{"num":2,"min":0.012080908,"max":0.033292532,"avg":0.022686720,"var":0.000224966,"sum":0.045373440}},"iforward_wait":{"duration":{"num":2,"min":0.012066364,"max":0.033287525,"avg":0.022676945,"var":0.000225169,"sum":0.045353889},"relative_timestamp_from_iforward_end":{"num":2,"min":0.000000000,"max":0.000000954,"avg":0.000000477,"var":0.000000000,"sum":0.000000954}},"set_input":{"duration":{"num":2,"min":0.000000238,"max":0.000000238,"avg":0.000000238,"var":0.000000000,"sum":0.000000477},"relative_timestamp_from_iforward_start":{"num":2,"min":0.000000954,"max":0.000004053,"avg":0.000002503,"var":0.000000000,"sum":0.000005007}},"get_output":{"duration":{"num":2,"min":0.000001192,"max":0.000022411,"avg":0.000011802,"var":0.000000000,"sum":0.000023603},"relative_timestamp_from_wait_end":{"num":2,"min":0.000000954,"max":0.000000954,"avg":0.000000954,"var":0.000000000,"sum":0.000001907}}}}},"65535:65535:3669993900245843967:1":{"rpc_id":3669993900245843967,"provider_id":1,"parent_rpc_id":65535,"parent_provider_id":65535,"name":"qtn_work_rpc","origin":{"sent to ofi+cxi://0x06f4a417":{"iforward":{"duration":{"num":32814,"min":0.000001431,"max":0.000044823,"avg":0.000001609,"var":0.000000007,"sum":0.052799463},"relative_timestamp_from_create":{"num":32814,"min":0.000000000,"max":0.000001192,"avg":0.000000074,"var":0.000000000,"sum":0.002413273}},"forward_cb":{"duration":{"num":32814,"min":0.000000000,"max":0.000002861,"avg":0.000000126,"var":0.000000001,"sum":0.004148006},"relative_timestamp_from_iforward_start":{"num":32814,"min":0.000008345,"max":0.001173258,"avg":0.000155535,"var":0.000330138,"sum":5.103718758}},"iforward_wait":{"duration":{"num":32814,"min":0.000007153,"max":0.001171350,"avg":0.000154313,"var":0.000330084,"sum":5.063626051},"relative_timestamp_from_iforward_end":{"num":32814,"min":0.000000000,"max":0.000000477,"avg":0.000000176,"var":0.000000000,"sum":0.005787373}},"set_input":{"duration":{"num":32814,"min":0.000000000,"max":0.000001669,"avg":0.000000074,"var":0.000000000,"sum":0.002423048},"relative_timestamp_from_iforward_start":{"num":32814,"min":0.000000477,"max":0.000013351,"avg":0.000000705,"var":0.000000001,"sum":0.023138523}},"get_output":{"duration":{"num":32814,"min":0.000000000,"max":0.000002623,"avg":0.000000089,"var":0.000000000,"sum":0.002906561},"relative_timestamp_from_wait_end":{"num":32814,"min":0.000000000,"max":0.000005722,"avg":0.000000143,"var":0.000000001,"sum":0.004706621}}}}}},"hostname":"x4418c0s6b0n0","pid":211965,"cmdline":["/home/carns/working/src/spack/var/spack/environments/quintain-2025-07/.spack-env/view/bin/quintain-benchmark","-g","quintain.flock.json","-j","/home/carns/working/dbg/john-quintain-profile-example-2025-07/quintain-benchmark-rpc.json","-o","/flare/radix-io/carns/quintain/6710290.aurora-pbs-0001.hostmgmt.cm.aurora.alcf.anl.gov/rpc-sweep-servers408-clis816"]}