{"address":"ofi+cxi://0x02614018","progress_loop":{"progress_with_timeout":{"num":33948,"min":0.000000954,"max":0.104365110,"avg":0.000153020,"var":0.013038526,"sum":5.194717169},"progress_timeout_value_msec":{"num":33948,"min":100.000000000,"max":100.000000000,"avg":100.000000000,"var":0.000000000,"sum":3394800.000000000},"progress_without_timeout":{"num":0,"min":0.000000000,"max":0.000000000,"avg":0.000000000,"var":0.000000000,"sum":0.000000000},"trigger":{"num":33895,"min":0.000000238,"max":0.000009775,"avg":0.000000270,"var":0.000000000,"sum":0.009161949}},"rpcs":{"65535:65535:7940397281847607295:2":{"rpc_id":7940397281847607295,"provider_id":2,"parent_rpc_id":65535,"parent_provider_id":65535,"name":"__identity__","origin":{"sent to ofi+cxi://0x0262200d":{"iforward":{"duration":{"num":1,"min":0.001459122,"max":0.001459122,"avg":0.001459122,"var":0.000000000,"sum":0.001459122},"relative_timestamp_from_create":{"num":1,"min":0.000002861,"max":0.000002861,"avg":0.000002861,"var":0.000000000,"sum":0.000002861}},"forward_cb":{"duration":{"num":1,"min":0.000003099,"max":0.000003099,"avg":0.000003099,"var":0.000000000,"sum":0.000003099},"relative_timestamp_from_iforward_start":{"num":1,"min":0.017019749,"max":0.017019749,"avg":0.017019749,"var":0.000000000,"sum":0.017019749}},"iforward_wait":{"duration":{"num":1,"min":0.015567303,"max":0.015567303,"avg":0.015567303,"var":0.000000000,"sum":0.015567303},"relative_timestamp_from_iforward_end":{"num":1,"min":0.000001192,"max":0.000001192,"avg":0.000001192,"var":0.000000000,"sum":0.000001192}},"set_input":{"duration":{"num":0,"min":0.000000000,"max":0.000000000,"avg":0.000000000,"var":0.000000000,"sum":0.000000000},"relative_timestamp_from_iforward_start":{"num":0,"min":0.000000000,"max":0.000000000,"avg":0.000000000,"var":0.000000000,"sum":0.000000000}},"get_output":{"duration":{"num":1,"min":0.000006199,"max":0.000006199,"avg":0.000006199,"var":0.000000000,"sum":0.000006199},"relative_timestamp_from_wait_end":{"num":1,"min":0.000001192,"max":0.000001192,"avg":0.000001192,"var":0.000000000,"sum":0.000001192}}}}},"65535:65535:9722976651498815487:2":{"rpc_id":9722976651498815487,"provider_id":2,"parent_rpc_id":65535,"parent_provider_id":65535,"name":"flock_get_view","origin":{"sent to ofi+cxi://0x0262200d":{"iforward":{"duration":{"num":2,"min":0.000018835,"max":0.000024557,"avg":0.000021696,"var":0.000000000,"sum":0.000043392},"relative_timestamp_from_create":{"num":2,"min":0.000000477,"max":0.000001192,"avg":0.000000834,"var":0.000000000,"sum":0.000001669}},"forward_cb":{"duration":{"num":2,"min":0.000000000,"max":0.000000954,"avg":0.000000477,"var":0.000000000,"sum":0.000000954},"relative_timestamp_from_iforward_start":{"num":2,"min":0.008347273,"max":0.035052538,"avg":0.021699905,"var":0.000356586,"sum":0.043399811}},"iforward_wait":{"duration":{"num":2,"min":0.008328676,"max":0.035030365,"avg":0.021679521,"var":0.000356490,"sum":0.043359041},"relative_timestamp_from_iforward_end":{"num":2,"min":0.000000477,"max":0.000000954,"avg":0.000000715,"var":0.000000000,"sum":0.000001431}},"set_input":{"duration":{"num":2,"min":0.000000000,"max":0.000000238,"avg":0.000000119,"var":0.000000000,"sum":0.000000238},"relative_timestamp_from_iforward_start":{"num":2,"min":0.000006437,"max":0.000010967,"avg":0.000008702,"var":0.000000000,"sum":0.000017405}},"get_output":{"duration":{"num":2,"min":0.000000477,"max":0.000033617,"avg":0.000017047,"var":0.000000001,"sum":0.000034094},"relative_timestamp_from_wait_end":{"num":2,"min":0.000000238,"max":0.000001907,"avg":0.000001073,"var":0.000000000,"sum":0.000002146}}}}},"65535:65535:3669993900245843967:1":{"rpc_id":3669993900245843967,"provider_id":1,"parent_rpc_id":65535,"parent_provider_id":65535,"name":"qtn_work_rpc","origin":{"sent to ofi+cxi://0x0263c015":{"iforward":{"duration":{"num":33891,"min":0.000001431,"max":0.000027895,"avg":0.000001579,"var":0.000000005,"sum":0.053524733},"relative_timestamp_from_create":{"num":33891,"min":0.000000000,"max":0.000005484,"avg":0.000000071,"var":0.000000000,"sum":0.002402306}},"forward_cb":{"duration":{"num":33891,"min":0.000000000,"max":0.000002623,"avg":0.000000121,"var":0.000000001,"sum":0.004112720},"relative_timestamp_from_iforward_start":{"num":33891,"min":0.000008345,"max":0.000951290,"avg":0.000150593,"var":0.000659153,"sum":5.103748322}},"iforward_wait":{"duration":{"num":33891,"min":0.000007153,"max":0.000950575,"avg":0.000149396,"var":0.000659092,"sum":5.063177109},"relative_timestamp_from_iforward_end":{"num":33891,"min":0.000000000,"max":0.000001192,"avg":0.000000177,"var":0.000000000,"sum":0.006015539}},"set_input":{"duration":{"num":33891,"min":0.000000000,"max":0.000003576,"avg":0.000000076,"var":0.000000000,"sum":0.002588034},"relative_timestamp_from_iforward_start":{"num":33891,"min":0.000000477,"max":0.000017405,"avg":0.000000713,"var":0.000000001,"sum":0.024174452}},"get_output":{"duration":{"num":33891,"min":0.000000000,"max":0.000004053,"avg":0.000000092,"var":0.000000001,"sum":0.003134012},"relative_timestamp_from_wait_end":{"num":33891,"min":0.000000000,"max":0.000001431,"avg":0.000000143,"var":0.000000001,"sum":0.004855394}}}}}},"hostname":"x4108c0s3b0n0","pid":85855,"cmdline":["/home/carns/working/src/spack/var/spack/environments/quintain-2025-07/.spack-env/view/bin/quintain-benchmark","-g","quintain.flock.json","-j","/home/carns/working/dbg/john-quintain-profile-example-2025-07/quintain-benchmark-rpc.json","-o","/flare/radix-io/carns/quintain/6767526.aurora-pbs-0001.hostmgmt.cm.aurora.alcf.anl.gov/rpc-sweep-servers408-clis816"]}