{"address":"","rpcs":{},"pools":{"__primary__":{"timestamps":[1753558083.760284424,1753558084.760324955,1753558085.760498285,1753558086.760787010,1753558089.214677572,1753558094.585263729,1753558094.711159229],"size":[0,0,0,0,0,0,0],"total_size":[1,1,1,1,1,1,0]}}}