{"address":"","rpcs":{},"pools":{"__primary__":{"timestamps":[1753558122.222833157,1753558123.226296663,1753558124.241223335,1753558125.241549492,1753558126.241988182,1753558127.243304253,1753558131.683799744,1753558132.686629534,1753558133.690618277,1753558134.693276405,1753558135.700493097,1753558136.970634699,1753558137.083879948],"size":[0,0,0,0,0,0,0,0,0,0,0,0,0],"total_size":[1,1,1,1,1,1,1,1,1,1,1,1,0]}}}