{"address":"","rpcs":{},"pools":{"__primary__":{"timestamps":[1753366941.849813700,1753366942.849922180,1753366943.849949121,1753366944.849983692,1753366945.850012779,1753366946.850316525,1753366956.002171516,1753366956.112302065],"size":[0,0,0,0,0,0,0,0],"total_size":[1,1,1,1,1,1,1,0]}}}