{"address":"ofi+cxi://0x02614417","progress_loop":{"progress_with_timeout":{"num":30624,"min":0.000001192,"max":0.102266788,"avg":0.000169184,"var":0.012343938,"sum":5.181077003},"progress_timeout_value_msec":{"num":30624,"min":100.000000000,"max":100.000000000,"avg":100.000000000,"var":0.000000000,"sum":3062400.000000000},"progress_without_timeout":{"num":0,"min":0.000000000,"max":0.000000000,"avg":0.000000000,"var":0.000000000,"sum":0.000000000},"trigger":{"num":30600,"min":0.000000238,"max":0.000008583,"avg":0.000000319,"var":0.000000001,"sum":0.009763956}},"rpcs":{"65535:65535:7940397281847607295:2":{"rpc_id":7940397281847607295,"provider_id":2,"parent_rpc_id":65535,"parent_provider_id":65535,"name":"__identity__","origin":{"sent to ofi+cxi://0x0262200d":{"iforward":{"duration":{"num":1,"min":0.000142813,"max":0.000142813,"avg":0.000142813,"var":0.000000000,"sum":0.000142813},"relative_timestamp_from_create":{"num":1,"min":0.000030994,"max":0.000030994,"avg":0.000030994,"var":0.000000000,"sum":0.000030994}},"forward_cb":{"duration":{"num":1,"min":0.000003099,"max":0.000003099,"avg":0.000003099,"var":0.000000000,"sum":0.000003099},"relative_timestamp_from_iforward_start":{"num":1,"min":0.006049156,"max":0.006049156,"avg":0.006049156,"var":0.000000000,"sum":0.006049156}},"iforward_wait":{"duration":{"num":1,"min":0.005913019,"max":0.005913019,"avg":0.005913019,"var":0.000000000,"sum":0.005913019},"relative_timestamp_from_iforward_end":{"num":1,"min":0.000000477,"max":0.000000477,"avg":0.000000477,"var":0.000000000,"sum":0.000000477}},"set_input":{"duration":{"num":0,"min":0.000000000,"max":0.000000000,"avg":0.000000000,"var":0.000000000,"sum":0.000000000},"relative_timestamp_from_iforward_start":{"num":0,"min":0.000000000,"max":0.000000000,"avg":0.000000000,"var":0.000000000,"sum":0.000000000}},"get_output":{"duration":{"num":1,"min":0.000005484,"max":0.000005484,"avg":0.000005484,"var":0.000000000,"sum":0.000005484},"relative_timestamp_from_wait_end":{"num":1,"min":0.000001192,"max":0.000001192,"avg":0.000001192,"var":0.000000000,"sum":0.000001192}}}}},"65535:65535:9722976651498815487:2":{"rpc_id":9722976651498815487,"provider_id":2,"parent_rpc_id":65535,"parent_provider_id":65535,"name":"flock_get_view","origin":{"sent to ofi+cxi://0x0262200d":{"iforward":{"duration":{"num":2,"min":0.000011921,"max":0.000019789,"avg":0.000015855,"var":0.000000000,"sum":0.000031710},"relative_timestamp_from_create":{"num":2,"min":0.000000238,"max":0.000000954,"avg":0.000000596,"var":0.000000000,"sum":0.000001192}},"forward_cb":{"duration":{"num":2,"min":0.000000000,"max":0.000000238,"avg":0.000000119,"var":0.000000000,"sum":0.000000238},"relative_timestamp_from_iforward_start":{"num":2,"min":0.025038958,"max":0.026642799,"avg":0.025840878,"var":0.000001286,"sum":0.051681757}},"iforward_wait":{"duration":{"num":2,"min":0.025018454,"max":0.026631355,"avg":0.025824904,"var":0.000001301,"sum":0.051649809},"relative_timestamp_from_iforward_end":{"num":2,"min":0.000000238,"max":0.000001669,"avg":0.000000954,"var":0.000000000,"sum":0.000001907}},"set_input":{"duration":{"num":2,"min":0.000000238,"max":0.000000238,"avg":0.000000238,"var":0.000000000,"sum":0.000000477},"relative_timestamp_from_iforward_start":{"num":2,"min":0.000001431,"max":0.000005960,"avg":0.000003695,"var":0.000000000,"sum":0.000007391}},"get_output":{"duration":{"num":2,"min":0.000000238,"max":0.000022411,"avg":0.000011325,"var":0.000000000,"sum":0.000022650},"relative_timestamp_from_wait_end":{"num":2,"min":0.000000238,"max":0.000000715,"avg":0.000000477,"var":0.000000000,"sum":0.000000954}}}}},"65535:65535:3669993900245843967:1":{"rpc_id":3669993900245843967,"provider_id":1,"parent_rpc_id":65535,"parent_provider_id":65535,"name":"qtn_work_rpc","origin":{"sent to ofi+cxi://0x0262c014":{"iforward":{"duration":{"num":30596,"min":0.000001669,"max":0.000031471,"avg":0.000002055,"var":0.000000005,"sum":0.062884808},"relative_timestamp_from_create":{"num":30596,"min":0.000000000,"max":0.000002861,"avg":0.000000086,"var":0.000000000,"sum":0.002632141}},"forward_cb":{"duration":{"num":30596,"min":0.000000000,"max":0.000008583,"avg":0.000000142,"var":0.000000000,"sum":0.004339457},"relative_timestamp_from_iforward_start":{"num":30596,"min":0.000009060,"max":0.000658035,"avg":0.000166754,"var":0.000584326,"sum":5.102010727}},"iforward_wait":{"duration":{"num":30596,"min":0.000007391,"max":0.000656128,"avg":0.000165170,"var":0.000584388,"sum":5.053528786},"relative_timestamp_from_iforward_end":{"num":30596,"min":0.000000000,"max":0.000001192,"avg":0.000000163,"var":0.000000000,"sum":0.004979849}},"set_input":{"duration":{"num":30596,"min":0.000000000,"max":0.000009060,"avg":0.000000100,"var":0.000000001,"sum":0.003068447},"relative_timestamp_from_iforward_start":{"num":30596,"min":0.000000715,"max":0.000006914,"avg":0.000000857,"var":0.000000001,"sum":0.026207209}},"get_output":{"duration":{"num":30596,"min":0.000000000,"max":0.000000477,"avg":0.000000100,"var":0.000000000,"sum":0.003067493},"relative_timestamp_from_wait_end":{"num":30596,"min":0.000000000,"max":0.000003576,"avg":0.000000165,"var":0.000000000,"sum":0.005033493}}}}}},"hostname":"x4108c0s1b0n0","pid":195882,"cmdline":["/home/carns/working/src/spack/var/spack/environments/quintain-2025-07/.spack-env/view/bin/quintain-benchmark","-g","quintain.flock.json","-j","/home/carns/working/dbg/john-quintain-profile-example-2025-07/quintain-benchmark-rpc.json","-o","/flare/radix-io/carns/quintain/6767526.aurora-pbs-0001.hostmgmt.cm.aurora.alcf.anl.gov/rpc-sweep-servers408-clis816"]}