{"address":"","rpcs":{},"pools":{"__primary__":{"timestamps":[1753367037.309284687,1753367038.317491531,1753367039.337713718,1753367040.358119726,1753367041.381298542,1753367042.388357639,1753367043.397130013,1753367044.406000614,1753367047.150270224,1753367048.168579817,1753367049.180614471,1753367050.192214251,1753367051.206546545,1753367052.524213076,1753367052.657067299],"size":[0,0,0,0,0,0,0,0,0,0,0,0,0,0,0],"total_size":[1,1,1,1,1,1,1,1,1,1,1,1,1,1,0]}}}