{"address":"","rpcs":{},"pools":{"__primary__":{"timestamps":[1753366941.851925611,1753366942.852041006,1753366943.852090597,1753366944.852194548,1753366945.852260351,1753366946.852402449,1753366956.003415346,1753366956.142169237],"size":[0,0,0,0,0,0,0,0],"total_size":[1,1,1,1,1,1,1,0]}}}