{"address":"","progress_loop":{"progress_with_timeout":{"num":1620,"min":0.000001431,"max":0.102306604,"avg":0.007835573,"var":0.157578502,"sum":12.693628788},"progress_timeout_value_msec":{"num":1620,"min":100.000000000,"max":100.000000000,"avg":100.000000000,"var":0.000000000,"sum":162000.000000000},"progress_without_timeout":{"num":0,"min":0.000000000,"max":0.000000000,"avg":0.000000000,"var":0.000000000,"sum":0.000000000},"trigger":{"num":1613,"min":0.000000238,"max":0.000013113,"avg":0.000000296,"var":0.000000000,"sum":0.000476837}},"rpcs":{"65535:65535:7940397281847607295:2":{"rpc_id":7940397281847607295,"provider_id":2,"parent_rpc_id":65535,"parent_provider_id":65535,"name":"__identity__","origin":{"sent to ofi+cxi://0x06f2600c":{"iforward":{"duration":{"num":1,"min":0.000146151,"max":0.000146151,"avg":0.000146151,"var":0.000000000,"sum":0.000146151},"relative_timestamp_from_create":{"num":1,"min":0.000002861,"max":0.000002861,"avg":0.000002861,"var":0.000000000,"sum":0.000002861}},"forward_cb":{"duration":{"num":1,"min":0.000011444,"max":0.000011444,"avg":0.000011444,"var":0.000000000,"sum":0.000011444},"relative_timestamp_from_iforward_start":{"num":1,"min":0.010458946,"max":0.010458946,"avg":0.010458946,"var":0.000000000,"sum":0.010458946}},"iforward_wait":{"duration":{"num":1,"min":0.010330915,"max":0.010330915,"avg":0.010330915,"var":0.000000000,"sum":0.010330915},"relative_timestamp_from_iforward_end":{"num":1,"min":0.000000238,"max":0.000000238,"avg":0.000000238,"var":0.000000000,"sum":0.000000238}},"set_input":{"duration":{"num":0,"min":0.000000000,"max":0.000000000,"avg":0.000000000,"var":0.000000000,"sum":0.000000000},"relative_timestamp_from_iforward_start":{"num":0,"min":0.000000000,"max":0.000000000,"avg":0.000000000,"var":0.000000000,"sum":0.000000000}},"get_output":{"duration":{"num":1,"min":0.000008345,"max":0.000008345,"avg":0.000008345,"var":0.000000000,"sum":0.000008345},"relative_timestamp_from_wait_end":{"num":1,"min":0.000001669,"max":0.000001669,"avg":0.000001669,"var":0.000000000,"sum":0.000001669}}}}},"65535:65535:9722976651498815487:2":{"rpc_id":9722976651498815487,"provider_id":2,"parent_rpc_id":65535,"parent_provider_id":65535,"name":"flock_get_view","origin":{"sent to ofi+cxi://0x06f2600c":{"iforward":{"duration":{"num":2,"min":0.000011683,"max":0.000041485,"avg":0.000026584,"var":0.000000000,"sum":0.000053167},"relative_timestamp_from_create":{"num":2,"min":0.000000238,"max":0.000000954,"avg":0.000000596,"var":0.000000000,"sum":0.000001192}},"forward_cb":{"duration":{"num":2,"min":0.000000238,"max":0.000000477,"avg":0.000000358,"var":0.000000000,"sum":0.000000715},"relative_timestamp_from_iforward_start":{"num":2,"min":0.006054401,"max":0.015790462,"avg":0.010922432,"var":0.000047395,"sum":0.021844864}},"iforward_wait":{"duration":{"num":2,"min":0.006043196,"max":0.015748978,"avg":0.010896087,"var":0.000047101,"sum":0.021792173},"relative_timestamp_from_iforward_end":{"num":2,"min":0.000000238,"max":0.000001192,"avg":0.000000715,"var":0.000000000,"sum":0.000001431}},"set_input":{"duration":{"num":2,"min":0.000000000,"max":0.000000238,"avg":0.000000119,"var":0.000000000,"sum":0.000000238},"relative_timestamp_from_iforward_start":{"num":2,"min":0.000001669,"max":0.000012875,"avg":0.000007272,"var":0.000000000,"sum":0.000014544}},"get_output":{"duration":{"num":2,"min":0.000000238,"max":0.000036001,"avg":0.000018120,"var":0.000000001,"sum":0.000036240},"relative_timestamp_from_wait_end":{"num":2,"min":0.000000477,"max":0.000001669,"avg":0.000001073,"var":0.000000000,"sum":0.000002146}}}}},"65535:65535:3669993900245843967:1":{"rpc_id":3669993900245843967,"provider_id":1,"parent_rpc_id":65535,"parent_provider_id":65535,"name":"qtn_work_rpc","origin":{"sent to ofi+cxi://0x06f5860f":{"iforward":{"duration":{"num":1609,"min":0.000001431,"max":0.000031948,"avg":0.000001803,"var":0.000000004,"sum":0.002901316},"relative_timestamp_from_create":{"num":1609,"min":0.000002384,"max":0.001569033,"avg":0.000003834,"var":0.000002452,"sum":0.006168604}},"forward_cb":{"duration":{"num":1609,"min":0.000000000,"max":0.000001192,"avg":0.000000129,"var":0.000000000,"sum":0.000207424},"relative_timestamp_from_iforward_start":{"num":1609,"min":0.000204325,"max":0.032414675,"avg":0.007808073,"var":0.148151916,"sum":12.563189745}},"iforward_wait":{"duration":{"num":1609,"min":0.000203133,"max":0.032413483,"avg":0.007806610,"var":0.148152460,"sum":12.560836077},"relative_timestamp_from_iforward_end":{"num":1609,"min":0.000000000,"max":0.000000715,"avg":0.000000239,"var":0.000000000,"sum":0.000384569}},"set_input":{"duration":{"num":1609,"min":0.000000000,"max":0.000004053,"avg":0.000000129,"var":0.000000000,"sum":0.000207424},"relative_timestamp_from_iforward_start":{"num":1609,"min":0.000000477,"max":0.000006914,"avg":0.000000707,"var":0.000000000,"sum":0.001137257}},"get_output":{"duration":{"num":1609,"min":0.000000000,"max":0.000000477,"avg":0.000000090,"var":0.000000000,"sum":0.000145197},"relative_timestamp_from_wait_end":{"num":1609,"min":0.000000000,"max":0.000001192,"avg":0.000000146,"var":0.000000000,"sum":0.000234604}}}}},"65535:65535:65535:65535":{"rpc_id":65535,"provider_id":65535,"parent_rpc_id":65535,"parent_provider_id":65535,"name":"","target":{"received from <unknown>":{"bulk":{"create":{"duration":{"num":1609,"min":0.000002384,"max":0.001564741,"avg":0.000003642,"var":0.000002439,"sum":0.005860090},"size":{"num":1609,"min":4194304.000000000,"max":4194304.000000000,"avg":4194304.000000000,"var":0.000000000,"sum":6748635136.000000000}}}}}}},"hostname":"x4418c0s7b0n0","pid":10952,"cmdline":["/home/carns/working/src/spack/var/spack/environments/quintain-2025-07/.spack-env/view/bin/quintain-benchmark","-g","quintain.flock.json","-j","/home/carns/working/dbg/john-quintain-profile-example-2025-07/quintain-benchmark-bw.json","-o","/flare/radix-io/carns/quintain/6710290.aurora-pbs-0001.hostmgmt.cm.aurora.alcf.anl.gov/bw-sweep-servers408-clis816"]}