{"address":"","rpcs":{},"pools":{"__primary__":{"timestamps":[1753558083.759080887,1753558084.759150982,1753558085.759211540,1753558086.759275913,1753558087.759462118,1753558088.759491920,1753558094.584069014,1753558094.719184399],"size":[0,0,0,0,0,0,0,0],"total_size":[1,1,1,1,1,1,1,0]}}}