{"address":"","rpcs":{},"pools":{"__primary__":{"timestamps":[1753558122.222949743,1753558123.223275900,1753558124.234117985,1753558125.235250711,1753558126.251919746,1753558127.268129349,1753558128.275441885,1753558129.290961981,1753558130.295841932,1753558131.682133913,1753558132.682554960,1753558133.693851471,1753558134.703685522,1753558135.709541559,1753558136.971416712,1753558137.080389500],"size":[0,0,0,0,0,0,0,0,0,0,0,0,0,0,0,0],"total_size":[1,1,1,1,1,1,1,1,1,1,1,1,1,1,1,0]}}}