{"address":"","rpcs":{},"pools":{"__primary__":{"timestamps":[1753558122.225876331,1753558123.229703188,1753558124.238522053,1753558125.257300854,1753558126.270801783,1753558127.275933743,1753558128.289830685,1753558129.290828228,1753558131.681899548,1753558132.695182085,1753558133.700142860,1753558134.708282709,1753558135.708885670,1753558136.971199751,1753558137.087189198],"size":[0,0,0,0,0,0,0,0,0,0,0,0,0,0,0],"total_size":[1,1,1,1,1,1,1,1,1,1,1,1,1,1,0]}}}