{"address":"","rpcs":{},"pools":{"__primary__":{"timestamps":[1753367037.312421799,1753367038.324868202,1753367039.340059519,1753367040.340298176,1753367041.345148802,1753367042.354439497,1753367043.360928059,1753367044.378893614,1753367045.379601240,1753367047.147906065,1753367048.159818888,1753367049.171676636,1753367050.192391157,1753367051.211931705,1753367052.523993015,1753367052.643135786],"size":[0,0,0,0,0,0,0,0,0,0,0,0,0,0,0,0],"total_size":[1,1,1,1,1,1,1,1,1,1,1,1,1,1,1,0]}}}