{"address":"","rpcs":{},"pools":{"__primary__":{"timestamps":[1753558122.222211361,1753558123.229715824,1753558124.247341156,1753558125.250077963,1753558126.269529343,1753558127.277140141,1753558128.280503273,1753558129.296415091,1753558130.301614285,1753558131.681870937,1753558132.682808161,1753558133.701468706,1753558134.712158680,1753558135.733886480,1753558136.971727848,1753558137.092190742],"size":[0,0,0,0,0,0,0,0,0,0,0,0,0,0,0,0],"total_size":[1,1,1,1,1,1,1,1,1,1,1,1,1,1,1,0]}}}