{"address":"ofi+cxi://0x02606618","progress_loop":{"progress_with_timeout":{"num":1557,"min":0.000001669,"max":0.101677895,"avg":0.008631590,"var":0.154052800,"sum":13.439385414},"progress_timeout_value_msec":{"num":1557,"min":100.000000000,"max":100.000000000,"avg":100.000000000,"var":0.000000000,"sum":155700.000000000},"progress_without_timeout":{"num":0,"min":0.000000000,"max":0.000000000,"avg":0.000000000,"var":0.000000000,"sum":0.000000000},"trigger":{"num":1546,"min":0.000000238,"max":0.000013113,"avg":0.000000527,"var":0.000000001,"sum":0.000815392}},"rpcs":{"65535:65535:7940397281847607295:2":{"rpc_id":7940397281847607295,"provider_id":2,"parent_rpc_id":65535,"parent_provider_id":65535,"name":"__identity__","origin":{"sent to ofi+cxi://0x0262200d":{"iforward":{"duration":{"num":1,"min":0.000199556,"max":0.000199556,"avg":0.000199556,"var":0.000000000,"sum":0.000199556},"relative_timestamp_from_create":{"num":1,"min":0.000004768,"max":0.000004768,"avg":0.000004768,"var":0.000000000,"sum":0.000004768}},"forward_cb":{"duration":{"num":1,"min":0.000011444,"max":0.000011444,"avg":0.000011444,"var":0.000000000,"sum":0.000011444},"relative_timestamp_from_iforward_start":{"num":1,"min":0.003836393,"max":0.003836393,"avg":0.003836393,"var":0.000000000,"sum":0.003836393}},"iforward_wait":{"duration":{"num":1,"min":0.003654718,"max":0.003654718,"avg":0.003654718,"var":0.000000000,"sum":0.003654718},"relative_timestamp_from_iforward_end":{"num":1,"min":0.000000477,"max":0.000000477,"avg":0.000000477,"var":0.000000000,"sum":0.000000477}},"set_input":{"duration":{"num":0,"min":0.000000000,"max":0.000000000,"avg":0.000000000,"var":0.000000000,"sum":0.000000000},"relative_timestamp_from_iforward_start":{"num":0,"min":0.000000000,"max":0.000000000,"avg":0.000000000,"var":0.000000000,"sum":0.000000000}},"get_output":{"duration":{"num":1,"min":0.000009060,"max":0.000009060,"avg":0.000009060,"var":0.000000000,"sum":0.000009060},"relative_timestamp_from_wait_end":{"num":1,"min":0.000001669,"max":0.000001669,"avg":0.000001669,"var":0.000000000,"sum":0.000001669}}}}},"65535:65535:9722976651498815487:2":{"rpc_id":9722976651498815487,"provider_id":2,"parent_rpc_id":65535,"parent_provider_id":65535,"name":"flock_get_view","origin":{"sent to ofi+cxi://0x0262200d":{"iforward":{"duration":{"num":2,"min":0.000011921,"max":0.000050545,"avg":0.000031233,"var":0.000000001,"sum":0.000062466},"relative_timestamp_from_create":{"num":2,"min":0.000000238,"max":0.000000954,"avg":0.000000596,"var":0.000000000,"sum":0.000001192}},"forward_cb":{"duration":{"num":2,"min":0.000000238,"max":0.000000238,"avg":0.000000238,"var":0.000000000,"sum":0.000000477},"relative_timestamp_from_iforward_start":{"num":2,"min":0.013351202,"max":0.016572237,"avg":0.014961720,"var":0.000005188,"sum":0.029923439}},"iforward_wait":{"duration":{"num":2,"min":0.013300180,"max":0.016561270,"avg":0.014930725,"var":0.000005317,"sum":0.029861450},"relative_timestamp_from_iforward_end":{"num":2,"min":0.000000000,"max":0.000001669,"avg":0.000000834,"var":0.000000000,"sum":0.000001669}},"set_input":{"duration":{"num":2,"min":0.000000238,"max":0.000000238,"avg":0.000000238,"var":0.000000000,"sum":0.000000477},"relative_timestamp_from_iforward_start":{"num":2,"min":0.000002146,"max":0.000019789,"avg":0.000010967,"var":0.000000000,"sum":0.000021935}},"get_output":{"duration":{"num":2,"min":0.000000477,"max":0.000033140,"avg":0.000016809,"var":0.000000001,"sum":0.000033617},"relative_timestamp_from_wait_end":{"num":2,"min":0.000000238,"max":0.000001431,"avg":0.000000834,"var":0.000000000,"sum":0.000001669}}}}},"65535:65535:3669993900245843967:1":{"rpc_id":3669993900245843967,"provider_id":1,"parent_rpc_id":65535,"parent_provider_id":65535,"name":"qtn_work_rpc","origin":{"sent to ofi+cxi://0x02626016":{"iforward":{"duration":{"num":1542,"min":0.000001431,"max":0.000039101,"avg":0.000003366,"var":0.000000018,"sum":0.005189896},"relative_timestamp_from_create":{"num":1542,"min":0.000002623,"max":0.001698494,"avg":0.000004663,"var":0.000002874,"sum":0.007190943}},"forward_cb":{"duration":{"num":1542,"min":0.000000000,"max":0.000001669,"avg":0.000000247,"var":0.000000000,"sum":0.000380754},"relative_timestamp_from_iforward_start":{"num":1542,"min":0.000199795,"max":0.030454397,"avg":0.008632214,"var":0.144476173,"sum":13.310873270}},"iforward_wait":{"duration":{"num":1542,"min":0.000198364,"max":0.030454874,"avg":0.008629637,"var":0.144483249,"sum":13.306900740},"relative_timestamp_from_iforward_end":{"num":1542,"min":0.000000000,"max":0.000000477,"avg":0.000000233,"var":0.000000000,"sum":0.000358582}},"set_input":{"duration":{"num":1542,"min":0.000000000,"max":0.000005245,"avg":0.000000285,"var":0.000000000,"sum":0.000438929},"relative_timestamp_from_iforward_start":{"num":1542,"min":0.000000477,"max":0.000013113,"avg":0.000001393,"var":0.000000003,"sum":0.002148390}},"get_output":{"duration":{"num":1542,"min":0.000000000,"max":0.000000954,"avg":0.000000125,"var":0.000000000,"sum":0.000192404},"relative_timestamp_from_wait_end":{"num":1542,"min":0.000000000,"max":0.000001669,"avg":0.000000195,"var":0.000000000,"sum":0.000300646}}}}},"65535:65535:65535:65535":{"rpc_id":65535,"provider_id":65535,"parent_rpc_id":65535,"parent_provider_id":65535,"name":"","target":{"received from <unknown>":{"bulk":{"create":{"duration":{"num":1542,"min":0.000002384,"max":0.001692533,"avg":0.000004388,"var":0.000002854,"sum":0.006766558},"size":{"num":1542,"min":4194304.000000000,"max":4194304.000000000,"avg":4194304.000000000,"var":0.000000000,"sum":6467616768.000000000}}}}}}},"hostname":"x4108c0s0b0n0","pid":43049,"cmdline":["/home/carns/working/src/spack/var/spack/environments/quintain-2025-07/.spack-env/view/bin/quintain-benchmark","-g","quintain.flock.json","-j","/home/carns/working/dbg/john-quintain-profile-example-2025-07/quintain-benchmark-bw.json","-o","/flare/radix-io/carns/quintain/6767526.aurora-pbs-0001.hostmgmt.cm.aurora.alcf.anl.gov/bw-sweep-servers408-clis816"]}