{"address":"","rpcs":{},"pools":{"__primary__":{"timestamps":[1753366941.849668980,1753366942.849750757,1753366943.850129604,1753366944.850387573,1753366945.850729704,1753366946.851063490,1753366956.002319813,1753366956.107680798],"size":[0,0,0,0,0,0,0,0],"total_size":[1,1,1,1,1,1,1,0]}}}