{"address":"","rpcs":{},"pools":{"__primary__":{"timestamps":[1753367037.310852528,1753367038.331487417,1753367039.352989197,1753367040.364385843,1753367041.366179943,1753367042.385137796,1753367043.405941963,1753367044.417075634,1753367045.419461966,1753367047.154378653,1753367048.174013615,1753367049.177873135,1753367050.180588722,1753367051.185068607,1753367052.522834063,1753367052.653272390],"size":[0,0,0,0,0,0,0,0,0,0,0,0,0,0,0,0],"total_size":[1,1,1,1,1,1,1,1,1,1,1,1,1,1,1,0]}}}