{"address":"","rpcs":{},"pools":{"__primary__":{"timestamps":[1753558122.225679398,1753558123.234062433,1753558124.257141113,1753558125.264713287,1753558126.281003237,1753558127.286788225,1753558128.287266493,1753558129.296341181,1753558130.298267841,1753558131.688979864,1753558132.704451084,1753558133.723304510,1753558134.731891394,1753558135.736504078,1753558136.973079681,1753558137.122480392],"size":[0,0,0,0,0,0,0,0,0,0,0,0,0,0,0,0],"total_size":[1,1,1,1,1,1,1,1,1,1,1,1,1,1,1,0]}}}