{"address":"","rpcs":{"qtn_work_rpc:1":{"timestamps":[1753558083.971090078,1753558084.971090317,1753558085.971090555,1753558086.971090794,1753558087.971091270,1753558088.971091509,1753558090.051263094,1753558091.091026783,1753558092.131199360,1753558093.171170712,1753558094.211169004,1753558095.251294374,1753558096.291192293,1753558097.331347704,1753558098.370449305,1753558099.410417557,1753558100.450761080,1753558101.490478039,1753558102.531297922,1753558103.571150780,1753558104.610743999,1753558105.650823116,1753558106.690813065,1753558107.730986595,1753558108.771179199,1753558109.811250925,1753558110.851219177,1753558111.890988350,1753558112.931116104,1753558113.970779181,1753558115.010822058,1753558116.050457239,1753558117.090686560,1753558118.130744457,1753558119.170601845,1753558120.211223125,1753558121.250878096,1753558122.290836573,1753558123.301632881,1753558124.311681509,1753558125.321390629,1753558126.321390867,1753558127.342275858,1753558128.360152483,1753558129.361447573,1753558130.361447811,1753558131.390466690,1753558132.412039280,1753558133.430427074,1753558134.432857990,1753558135.444433451,1753558136.453790426,1753558137.531131744,1753558138.570755243,1753558139.610342741,1753558140.651103497,1753558141.690879107,1753558142.731289864,1753558143.770973921,1753558144.810516357,1753558145.851045847,1753558146.891147852,1753558147.930680513,1753558148.970651627,1753558150.011129379,1753558151.050652981,1753558152.091296911,1753558153.130999088,1753558154.170743704,1753558155.311925888],"count":[959,10486,12874,12481,5996,6157,1494,0,0,0,0,0,0,0,0,0,0,0,0,0,0,0,0,0,0,0,0,0,0,0,0,0,0,0,0,0,0,0,101,110,107,123,108,115,171,910,255,103,100,113,113,111,29,0,0,0,0,0,0,0,0,0,0,0,0,0,0,0,0,0],"bulk_size":[0,0,0,0,0,0,0,0,0,0,0,0,0,0,0,0,0,0,0,0,0,0,0,0,0,0,0,0,0,0,0,0,0,0,0,0,0,0,423624704,461373440,448790528,515899392,452984832,482344960,717225984,3816816640,1069547520,432013312,419430400,473956352,473956352,465567744,121634816,0,0,0,0,0,0,0,0,0,0,0,0,0,0,0,0,0]},"__shutdown__:65535":{"timestamps":[1753558155.311925888],"count":[1],"bulk_size":[0]}},"pools":{"__primary__":{"timestamps":[1753558039.292824507,1753558040.334782600,1753558041.374756575,1753558042.415356159,1753558043.454757452,1753558044.494865656,1753558045.535213232,1753558046.574538469,1753558047.614562273,1753558048.654796839,1753558049.694725990,1753558050.735142231,1753558051.775366306,1753558052.814593315,1753558053.855152607,1753558054.894501686,1753558055.934806824,1753558056.975235939,1753558058.014594078,1753558059.055368185,1753558060.095377445,1753558061.130935669,1753558062.170876503,1753558063.211250544,1753558064.251236439,1753558065.290417194,1753558066.330405474,1753558067.370521069,1753558068.411010504,1753558069.451169968,1753558070.490498066,1753558071.530550957,1753558072.570500612,1753558073.610480070,1753558074.650405407,1753558075.690940857,1753558076.731129408,1753558077.771255493,1753558078.810543299,1753558079.850417376,1753558080.890745640,1753558081.930643320,1753558082.971089840,1753558083.971090078,1753558084.971090317,1753558085.971090555,1753558086.971090794,1753558087.971091270,1753558088.971091509,1753558090.051263094,1753558091.091026783,1753558092.131199360,1753558093.171170712,1753558094.211169004,1753558095.251294374,1753558096.291192293,1753558097.331347704,1753558098.370449305,1753558099.410417557,1753558100.450761080,1753558101.490478039,1753558102.531297922,1753558103.571150780,1753558104.610743999,1753558105.650823116,1753558106.690813065,1753558107.730986595,1753558108.771179199,1753558109.811250925,1753558110.851219177,1753558111.890988350,1753558112.931116104,1753558113.970779181,1753558115.010822058,1753558116.050457239,1753558117.090686560,1753558118.130744457,1753558119.170601845,1753558120.211223125,1753558121.250878096,1753558122.290836573,1753558123.301632881,1753558124.311681509,1753558125.321390629,1753558126.321390867,1753558127.342275858,1753558128.360152483,1753558129.361447573,1753558130.361447811,1753558131.390466690,1753558132.412039280,1753558133.430427074,1753558134.432857990,1753558135.444433451,1753558136.453790426,1753558137.531131744,1753558138.570755243,1753558139.610342741,1753558140.651103497,1753558141.690879107,1753558142.731289864,1753558143.770973921,1753558144.810516357,1753558145.851045847,1753558146.891147852,1753558147.930680513,1753558148.970651627,1753558150.011129379,1753558151.050652981,1753558152.091296911,1753558153.130999088,1753558154.170743704,1753558155.311925888],"size":[0,0,0,0,0,0,0,0,0,0,0,0,0,0,0,0,0,0,0,0,0,0,0,0,0,0,0,0,0,0,0,0,0,0,0,0,0,0,0,0,0,0,0,0,0,0,0,0,0,0,0,0,0,0,0,0,0,0,0,0,0,0,0,0,0,0,0,0,0,0,0,0,0,0,0,0,0,0,0,0,0,0,0,0,0,0,0,0,0,0,0,0,0,0,0,0,0,0,0,0,0,0,0,0,0,0,0,0,0,0,0,0,0],"total_size":[1,1,1,1,1,1,1,1,1,1,1,1,1,1,1,1,1,1,1,1,1,1,1,1,1,1,1,1,1,1,1,1,1,1,1,1,1,1,1,1,1,1,1,1,1,1,1,1,1,1,1,1,1,1,1,1,1,1,1,1,1,1,1,1,1,1,1,1,1,1,1,1,1,1,1,1,1,1,1,1,1,2,2,3,3,3,3,3,3,1,3,2,3,2,2,1,1,1,1,1,1,1,1,1,1,1,1,1,1,1,1,1,0]}}}