{"address":"","rpcs":{},"pools":{"__primary__":{"timestamps":[1753367037.312335491,1753367038.319251776,1753367039.339064598,1753367040.347630501,1753367041.348830700,1753367042.365687847,1753367043.386018753,1753367044.404324770,1753367045.410828829,1753367046.411662817,1753367047.416385889,1753367048.424515247,1753367049.447282314,1753367050.471853971,1753367051.475515366,1753367052.520620108,1753367052.617030382],"size":[0,0,0,0,0,0,0,0,0,0,0,0,0,0,0,0,0],"total_size":[1,1,1,1,1,1,1,1,1,1,1,1,1,1,1,1,0]}}}