{"address":"","rpcs":{"qtn_work_rpc:1":{"timestamps":[1753558083.977259874,1753558084.977260351,1753558085.977260828,1753558086.977261305,1753558087.977261782,1753558088.977262020,1753558090.044707060,1753558091.084688663,1753558092.124670982,1753558093.164616108,1753558094.204600334,1753558095.244892597,1753558096.285174131,1753558097.325417757,1753558098.364632845,1753558099.404930830,1753558100.445138216,1753558101.484412193,1753558102.524627686,1753558103.565065145,1753558104.605326414,1753558105.644564629,1753558106.684749365,1753558107.724964380,1753558108.765300035,1753558109.804482698,1753558110.844810247,1753558111.885171652,1753558112.925402403,1753558113.964644670,1753558115.004883289,1753558116.045138836,1753558117.084412098,1753558118.124660492,1753558119.164902925,1753558120.205083370,1753558121.245306730,1753558122.284582376,1753558123.296052694,1753558124.310118198,1753558125.314387560,1753558126.325501919,1753558127.334901333,1753558128.334901571,1753558129.348545551,1753558130.392428875,1753558131.432753086,1753558132.446741343,1753558133.462068796,1753558134.463576317,1753558135.474506378,1753558136.493551254,1753558137.532975197,1753558138.572594881,1753558139.613327503,1753558140.653388023,1753558141.693376064,1753558142.732967377,1753558143.773434877,1753558144.812608004,1753558145.853423119,1753558146.893072605,1753558147.932812452,1753558148.972776890,1753558150.012867212,1753558151.052904844,1753558152.092415810,1753558153.133073568,1753558154.173299313,1753558155.269890547],"count":[932,9957,13298,13276,13483,13011,3175,0,0,0,0,0,0,0,0,0,0,0,0,0,0,0,0,0,0,0,0,0,0,0,0,0,0,0,0,0,0,0,253,194,230,243,252,303,300,225,0,200,227,249,240,279,40,0,0,0,0,0,0,0,0,0,0,0,0,0,0,0,0,0],"bulk_size":[0,0,0,0,0,0,0,0,0,0,0,0,0,0,0,0,0,0,0,0,0,0,0,0,0,0,0,0,0,0,0,0,0,0,0,0,0,0,1061158912,813694976,964689920,1019215872,1056964608,1270874112,1258291200,943718400,0,838860800,952107008,1044381696,1006632960,1170210816,167772160,0,0,0,0,0,0,0,0,0,0,0,0,0,0,0,0,0]},"__shutdown__:65535":{"timestamps":[1753558155.269890547],"count":[1],"bulk_size":[0]}},"pools":{"__primary__":{"timestamps":[1753558039.297202826,1753558040.336726427,1753558041.376829147,1753558042.416477680,1753558043.456897497,1753558044.496831179,1753558045.536762476,1753558046.576638937,1753558047.616422892,1753558048.657133818,1753558049.696612120,1753558050.736888885,1753558051.777424812,1753558052.816753387,1753558053.856770277,1753558054.897401571,1753558055.937427044,1753558056.976704597,1753558058.017077923,1753558059.056904078,1753558060.096416712,1753558061.136698723,1753558062.177215338,1753558063.217061043,1753558064.257294416,1753558065.297324657,1753558066.336825132,1753558067.377279997,1753558068.416462183,1753558069.456675768,1753558070.497044086,1753558071.537111521,1753558072.577252388,1753558073.616476297,1753558074.656545877,1753558075.696627617,1753558076.736814022,1753558077.777040243,1753558078.817069530,1753558079.857445955,1753558080.896527290,1753558081.936884403,1753558082.977259398,1753558083.977259874,1753558084.977260351,1753558085.977260828,1753558086.977261305,1753558087.977261782,1753558088.977262020,1753558090.044707060,1753558091.084688663,1753558092.124670982,1753558093.164616108,1753558094.204600334,1753558095.244892597,1753558096.285174131,1753558097.325417757,1753558098.364632845,1753558099.404930830,1753558100.445138216,1753558101.484412193,1753558102.524627686,1753558103.565065145,1753558104.605326414,1753558105.644564629,1753558106.684749365,1753558107.724964380,1753558108.765300035,1753558109.804482698,1753558110.844810247,1753558111.885171652,1753558112.925402403,1753558113.964644670,1753558115.004883289,1753558116.045138836,1753558117.084412098,1753558118.124660492,1753558119.164902925,1753558120.205083370,1753558121.245306730,1753558122.284582376,1753558123.296052694,1753558124.310118198,1753558125.314387560,1753558126.325501919,1753558127.334901333,1753558128.334901571,1753558129.348545551,1753558130.392428875,1753558131.432753086,1753558132.446741343,1753558133.462068796,1753558134.463576317,1753558135.474506378,1753558136.493551254,1753558137.532975197,1753558138.572594881,1753558139.613327503,1753558140.653388023,1753558141.693376064,1753558142.732967377,1753558143.773434877,1753558144.812608004,1753558145.853423119,1753558146.893072605,1753558147.932812452,1753558148.972776890,1753558150.012867212,1753558151.052904844,1753558152.092415810,1753558153.133073568,1753558154.173299313,1753558155.269890547],"size":[0,0,0,0,0,0,0,0,0,0,0,0,0,0,0,0,0,0,0,0,0,0,0,0,0,0,0,0,0,0,0,0,0,0,0,0,0,0,0,0,0,0,0,0,0,0,0,0,0,0,0,0,0,0,0,0,0,0,0,0,0,0,0,0,0,0,0,0,0,0,0,0,0,0,0,0,0,0,0,0,0,0,0,0,0,0,0,0,0,0,0,0,0,0,0,0,0,0,0,0,0,0,0,0,0,0,0,0,0,0,0,0,0],"total_size":[1,1,1,1,1,1,1,1,1,1,1,1,1,1,1,1,1,1,1,1,1,1,1,1,1,1,1,1,1,1,1,1,1,1,1,1,1,1,1,1,1,1,1,1,1,1,1,1,1,1,1,1,1,1,1,1,1,1,1,1,1,1,1,1,1,1,1,1,1,1,1,1,1,1,1,1,1,1,1,1,1,2,2,2,2,3,3,3,1,1,2,2,3,3,3,1,1,1,1,1,1,1,1,1,1,1,1,1,1,1,1,1,0]}}}