{"address":"ofi+cxi://0x0260e40d","progress_loop":{"progress_with_timeout":{"num":113019,"min":0.000001192,"max":0.104348421,"avg":0.000041432,"var":0.012435390,"sum":4.682627916},"progress_timeout_value_msec":{"num":113019,"min":100.000000000,"max":100.000000000,"avg":100.000000000,"var":0.000000000,"sum":11301900.000000000},"progress_without_timeout":{"num":0,"min":0.000000000,"max":0.000000000,"avg":0.000000000,"var":0.000000000,"sum":0.000000000},"trigger":{"num":111379,"min":0.000000238,"max":0.000168085,"avg":0.000000364,"var":0.000000033,"sum":0.040499687}},"rpcs":{"65535:65535:7940397281847607295:2":{"rpc_id":7940397281847607295,"provider_id":2,"parent_rpc_id":65535,"parent_provider_id":65535,"name":"__identity__","origin":{"sent to ofi+cxi://0x0262200d":{"iforward":{"duration":{"num":1,"min":0.000199318,"max":0.000199318,"avg":0.000199318,"var":0.000000000,"sum":0.000199318},"relative_timestamp_from_create":{"num":1,"min":0.000007629,"max":0.000007629,"avg":0.000007629,"var":0.000000000,"sum":0.000007629}},"forward_cb":{"duration":{"num":1,"min":0.000006676,"max":0.000006676,"avg":0.000006676,"var":0.000000000,"sum":0.000006676},"relative_timestamp_from_iforward_start":{"num":1,"min":0.024530888,"max":0.024530888,"avg":0.024530888,"var":0.000000000,"sum":0.024530888}},"iforward_wait":{"duration":{"num":1,"min":0.024342775,"max":0.024342775,"avg":0.024342775,"var":0.000000000,"sum":0.024342775},"relative_timestamp_from_iforward_end":{"num":1,"min":0.000000477,"max":0.000000477,"avg":0.000000477,"var":0.000000000,"sum":0.000000477}},"set_input":{"duration":{"num":0,"min":0.000000000,"max":0.000000000,"avg":0.000000000,"var":0.000000000,"sum":0.000000000},"relative_timestamp_from_iforward_start":{"num":0,"min":0.000000000,"max":0.000000000,"avg":0.000000000,"var":0.000000000,"sum":0.000000000}},"get_output":{"duration":{"num":1,"min":0.000007391,"max":0.000007391,"avg":0.000007391,"var":0.000000000,"sum":0.000007391},"relative_timestamp_from_wait_end":{"num":1,"min":0.000000954,"max":0.000000954,"avg":0.000000954,"var":0.000000000,"sum":0.000000954}}}}},"65535:65535:9722976651498815487:2":{"rpc_id":9722976651498815487,"provider_id":2,"parent_rpc_id":65535,"parent_provider_id":65535,"name":"flock_get_view","origin":{"sent to ofi+cxi://0x0262200d":{"iforward":{"duration":{"num":2,"min":0.000013113,"max":0.000035524,"avg":0.000024319,"var":0.000000000,"sum":0.000048637},"relative_timestamp_from_create":{"num":2,"min":0.000000477,"max":0.000000954,"avg":0.000000715,"var":0.000000000,"sum":0.000001431}},"forward_cb":{"duration":{"num":2,"min":0.000000000,"max":0.000000477,"avg":0.000000238,"var":0.000000000,"sum":0.000000477},"relative_timestamp_from_iforward_start":{"num":2,"min":0.003287554,"max":0.030234575,"avg":0.016761065,"var":0.000363071,"sum":0.033522129}},"iforward_wait":{"duration":{"num":2,"min":0.003274918,"max":0.030199051,"avg":0.016736984,"var":0.000362454,"sum":0.033473969},"relative_timestamp_from_iforward_end":{"num":2,"min":0.000000238,"max":0.000001192,"avg":0.000000715,"var":0.000000000,"sum":0.000001431}},"set_input":{"duration":{"num":2,"min":0.000000000,"max":0.000000238,"avg":0.000000119,"var":0.000000000,"sum":0.000000238},"relative_timestamp_from_iforward_start":{"num":2,"min":0.000002146,"max":0.000012398,"avg":0.000007272,"var":0.000000000,"sum":0.000014544}},"get_output":{"duration":{"num":2,"min":0.000000477,"max":0.000033140,"avg":0.000016809,"var":0.000000001,"sum":0.000033617},"relative_timestamp_from_wait_end":{"num":2,"min":0.000000238,"max":0.000000954,"avg":0.000000596,"var":0.000000000,"sum":0.000001192}}}}},"65535:65535:3669993900245843967:1":{"rpc_id":3669993900245843967,"provider_id":1,"parent_rpc_id":65535,"parent_provider_id":65535,"name":"qtn_work_rpc","origin":{"sent to ofi+cxi://0x02624613":{"iforward":{"duration":{"num":111375,"min":0.000001431,"max":0.000032902,"avg":0.000002190,"var":0.000000021,"sum":0.243913174},"relative_timestamp_from_create":{"num":111375,"min":0.000000000,"max":0.000008583,"avg":0.000000090,"var":0.000000002,"sum":0.010020256}},"forward_cb":{"duration":{"num":111375,"min":0.000000000,"max":0.000027657,"avg":0.000000170,"var":0.000000003,"sum":0.018918753},"relative_timestamp_from_iforward_start":{"num":111375,"min":0.000007868,"max":0.000571251,"avg":0.000043416,"var":0.000057346,"sum":4.835419416}},"iforward_wait":{"duration":{"num":111375,"min":0.000002623,"max":0.000570774,"avg":0.000041777,"var":0.000057296,"sum":4.652935743},"relative_timestamp_from_iforward_end":{"num":111375,"min":0.000000000,"max":0.000015497,"avg":0.000000164,"var":0.000000002,"sum":0.018320560}},"set_input":{"duration":{"num":111375,"min":0.000000000,"max":0.000006676,"avg":0.000000132,"var":0.000000003,"sum":0.014648438},"relative_timestamp_from_iforward_start":{"num":111375,"min":0.000000477,"max":0.000011921,"avg":0.000000965,"var":0.000000009,"sum":0.107522964}},"get_output":{"duration":{"num":111375,"min":0.000000000,"max":0.000007629,"avg":0.000000112,"var":0.000000002,"sum":0.012496233},"relative_timestamp_from_wait_end":{"num":111375,"min":0.000000000,"max":0.000008345,"avg":0.000000166,"var":0.000000002,"sum":0.018442154}}}}}},"hostname":"x4108c0s0b0n0","pid":40849,"cmdline":["/home/carns/working/src/spack/var/spack/environments/quintain-2025-07/.spack-env/view/bin/quintain-benchmark","-g","quintain.flock.json","-j","/home/carns/working/dbg/john-quintain-profile-example-2025-07/quintain-benchmark-rpc.json","-o","/flare/radix-io/carns/quintain/6767526.aurora-pbs-0001.hostmgmt.cm.aurora.alcf.anl.gov/rpc-sweep-servers408-clis816"]}