{"address":"","progress_loop":{"progress_with_timeout":{"num":1675,"min":0.000001431,"max":0.103282690,"avg":0.007046420,"var":0.149347391,"sum":11.802753210},"progress_timeout_value_msec":{"num":1675,"min":100.000000000,"max":100.000000000,"avg":100.000000000,"var":0.000000000,"sum":167500.000000000},"progress_without_timeout":{"num":0,"min":0.000000000,"max":0.000000000,"avg":0.000000000,"var":0.000000000,"sum":0.000000000},"trigger":{"num":1671,"min":0.000000238,"max":0.000013590,"avg":0.000000297,"var":0.000000000,"sum":0.000496864}},"rpcs":{"65535:65535:7940397281847607295:2":{"rpc_id":7940397281847607295,"provider_id":2,"parent_rpc_id":65535,"parent_provider_id":65535,"name":"__identity__","origin":{"sent to ofi+cxi://0x06f2600c":{"iforward":{"duration":{"num":1,"min":0.000093460,"max":0.000093460,"avg":0.000093460,"var":0.000000000,"sum":0.000093460},"relative_timestamp_from_create":{"num":1,"min":0.000003338,"max":0.000003338,"avg":0.000003338,"var":0.000000000,"sum":0.000003338}},"forward_cb":{"duration":{"num":1,"min":0.000011921,"max":0.000011921,"avg":0.000011921,"var":0.000000000,"sum":0.000011921},"relative_timestamp_from_iforward_start":{"num":1,"min":0.011267424,"max":0.011267424,"avg":0.011267424,"var":0.000000000,"sum":0.011267424}},"iforward_wait":{"duration":{"num":1,"min":0.011193037,"max":0.011193037,"avg":0.011193037,"var":0.000000000,"sum":0.011193037},"relative_timestamp_from_iforward_end":{"num":1,"min":0.000000238,"max":0.000000238,"avg":0.000000238,"var":0.000000000,"sum":0.000000238}},"set_input":{"duration":{"num":0,"min":0.000000000,"max":0.000000000,"avg":0.000000000,"var":0.000000000,"sum":0.000000000},"relative_timestamp_from_iforward_start":{"num":0,"min":0.000000000,"max":0.000000000,"avg":0.000000000,"var":0.000000000,"sum":0.000000000}},"get_output":{"duration":{"num":1,"min":0.000009775,"max":0.000009775,"avg":0.000009775,"var":0.000000000,"sum":0.000009775},"relative_timestamp_from_wait_end":{"num":1,"min":0.000001907,"max":0.000001907,"avg":0.000001907,"var":0.000000000,"sum":0.000001907}}}}},"65535:65535:9722976651498815487:2":{"rpc_id":9722976651498815487,"provider_id":2,"parent_rpc_id":65535,"parent_provider_id":65535,"name":"flock_get_view","origin":{"sent to ofi+cxi://0x06f2600c":{"iforward":{"duration":{"num":2,"min":0.000013590,"max":0.000044584,"avg":0.000029087,"var":0.000000000,"sum":0.000058174},"relative_timestamp_from_create":{"num":2,"min":0.000000238,"max":0.000001431,"avg":0.000000834,"var":0.000000000,"sum":0.000001669}},"forward_cb":{"duration":{"num":2,"min":0.000000238,"max":0.000000238,"avg":0.000000238,"var":0.000000000,"sum":0.000000477},"relative_timestamp_from_iforward_start":{"num":2,"min":0.005624771,"max":0.015315771,"avg":0.010470271,"var":0.000046958,"sum":0.020940542}},"iforward_wait":{"duration":{"num":2,"min":0.005611897,"max":0.015270710,"avg":0.010441303,"var":0.000046646,"sum":0.020882607},"relative_timestamp_from_iforward_end":{"num":2,"min":0.000000000,"max":0.000001669,"avg":0.000000834,"var":0.000000000,"sum":0.000001669}},"set_input":{"duration":{"num":2,"min":0.000000238,"max":0.000000238,"avg":0.000000238,"var":0.000000000,"sum":0.000000477},"relative_timestamp_from_iforward_start":{"num":2,"min":0.000001907,"max":0.000013828,"avg":0.000007868,"var":0.000000000,"sum":0.000015736}},"get_output":{"duration":{"num":2,"min":0.000000477,"max":0.000035048,"avg":0.000017762,"var":0.000000001,"sum":0.000035524},"relative_timestamp_from_wait_end":{"num":2,"min":0.000000238,"max":0.000001192,"avg":0.000000715,"var":0.000000000,"sum":0.000001431}}}}},"65535:65535:3669993900245843967:1":{"rpc_id":3669993900245843967,"provider_id":1,"parent_rpc_id":65535,"parent_provider_id":65535,"name":"qtn_work_rpc","origin":{"sent to ofi+cxi://0x06f4240f":{"iforward":{"duration":{"num":1667,"min":0.000001431,"max":0.000059366,"avg":0.000001862,"var":0.000000008,"sum":0.003104210},"relative_timestamp_from_create":{"num":1667,"min":0.000002623,"max":0.001598835,"avg":0.000003886,"var":0.000002546,"sum":0.006477594}},"forward_cb":{"duration":{"num":1667,"min":0.000000000,"max":0.000001192,"avg":0.000000135,"var":0.000000000,"sum":0.000225306},"relative_timestamp_from_iforward_start":{"num":1667,"min":0.000211477,"max":0.047914028,"avg":0.007001545,"var":0.139798390,"sum":11.671575069}},"iforward_wait":{"duration":{"num":1667,"min":0.000210524,"max":0.047911644,"avg":0.007000052,"var":0.139798996,"sum":11.669086695},"relative_timestamp_from_iforward_end":{"num":1667,"min":0.000000000,"max":0.000000715,"avg":0.000000210,"var":0.000000000,"sum":0.000349760}},"set_input":{"duration":{"num":1667,"min":0.000000000,"max":0.000004292,"avg":0.000000127,"var":0.000000000,"sum":0.000211000},"relative_timestamp_from_iforward_start":{"num":1667,"min":0.000000477,"max":0.000006676,"avg":0.000000714,"var":0.000000000,"sum":0.001190901}},"get_output":{"duration":{"num":1667,"min":0.000000000,"max":0.000000477,"avg":0.000000093,"var":0.000000000,"sum":0.000155210},"relative_timestamp_from_wait_end":{"num":1667,"min":0.000000000,"max":0.000001192,"avg":0.000000147,"var":0.000000000,"sum":0.000245571}}}}},"65535:65535:65535:65535":{"rpc_id":65535,"provider_id":65535,"parent_rpc_id":65535,"parent_provider_id":65535,"name":"","target":{"received from <unknown>":{"bulk":{"create":{"duration":{"num":1667,"min":0.000002384,"max":0.001594067,"avg":0.000003680,"var":0.000002532,"sum":0.006133795},"size":{"num":1667,"min":4194304.000000000,"max":4194304.000000000,"avg":4194304.000000000,"var":0.000000000,"sum":6991904768.000000000}}}}}}},"hostname":"x4418c0s1b0n0","pid":206581,"cmdline":["/home/carns/working/src/spack/var/spack/environments/quintain-2025-07/.spack-env/view/bin/quintain-benchmark","-g","quintain.flock.json","-j","/home/carns/working/dbg/john-quintain-profile-example-2025-07/quintain-benchmark-bw.json","-o","/flare/radix-io/carns/quintain/6710290.aurora-pbs-0001.hostmgmt.cm.aurora.alcf.anl.gov/bw-sweep-servers408-clis816"]}