{"address":"","rpcs":{},"pools":{"__primary__":{"timestamps":[1753558122.222302914,1753558123.237459183,1753558124.242834568,1753558125.265854120,1753558126.285602570,1753558127.293845415,1753558128.308579445,1753558129.323918343,1753558130.339620829,1753558131.689327717,1753558132.696526527,1753558133.712802887,1753558134.719733715,1753558135.740106583,1753558136.973449230,1753558137.123874664],"size":[0,0,0,0,0,0,0,0,0,0,0,0,0,0,0,0],"total_size":[1,1,1,1,1,1,1,1,1,1,1,1,1,1,1,0]}}}