{"address":"","progress_loop":{"progress_with_timeout":{"num":1463,"min":0.000001431,"max":0.102433681,"avg":0.009261195,"var":0.161486169,"sum":13.549128056},"progress_timeout_value_msec":{"num":1463,"min":100.000000000,"max":100.000000000,"avg":100.000000000,"var":0.000000000,"sum":146300.000000000},"progress_without_timeout":{"num":0,"min":0.000000000,"max":0.000000000,"avg":0.000000000,"var":0.000000000,"sum":0.000000000},"trigger":{"num":1449,"min":0.000000238,"max":0.000010490,"avg":0.000000295,"var":0.000000000,"sum":0.000427961}},"rpcs":{"65535:65535:7940397281847607295:2":{"rpc_id":7940397281847607295,"provider_id":2,"parent_rpc_id":65535,"parent_provider_id":65535,"name":"__identity__","origin":{"sent to ofi+cxi://0x06f2600c":{"iforward":{"duration":{"num":1,"min":0.000106096,"max":0.000106096,"avg":0.000106096,"var":0.000000000,"sum":0.000106096},"relative_timestamp_from_create":{"num":1,"min":0.000002623,"max":0.000002623,"avg":0.000002623,"var":0.000000000,"sum":0.000002623}},"forward_cb":{"duration":{"num":1,"min":0.000009298,"max":0.000009298,"avg":0.000009298,"var":0.000000000,"sum":0.000009298},"relative_timestamp_from_iforward_start":{"num":1,"min":0.006765366,"max":0.006765366,"avg":0.006765366,"var":0.000000000,"sum":0.006765366}},"iforward_wait":{"duration":{"num":1,"min":0.006674051,"max":0.006674051,"avg":0.006674051,"var":0.000000000,"sum":0.006674051},"relative_timestamp_from_iforward_end":{"num":1,"min":0.000000238,"max":0.000000238,"avg":0.000000238,"var":0.000000000,"sum":0.000000238}},"set_input":{"duration":{"num":0,"min":0.000000000,"max":0.000000000,"avg":0.000000000,"var":0.000000000,"sum":0.000000000},"relative_timestamp_from_iforward_start":{"num":0,"min":0.000000000,"max":0.000000000,"avg":0.000000000,"var":0.000000000,"sum":0.000000000}},"get_output":{"duration":{"num":1,"min":0.000007629,"max":0.000007629,"avg":0.000007629,"var":0.000000000,"sum":0.000007629},"relative_timestamp_from_wait_end":{"num":1,"min":0.000001431,"max":0.000001431,"avg":0.000001431,"var":0.000000000,"sum":0.000001431}}}}},"65535:65535:9722976651498815487:2":{"rpc_id":9722976651498815487,"provider_id":2,"parent_rpc_id":65535,"parent_provider_id":65535,"name":"flock_get_view","origin":{"sent to ofi+cxi://0x06f2600c":{"iforward":{"duration":{"num":2,"min":0.000011921,"max":0.000037670,"avg":0.000024796,"var":0.000000000,"sum":0.000049591},"relative_timestamp_from_create":{"num":2,"min":0.000000477,"max":0.000001192,"avg":0.000000834,"var":0.000000000,"sum":0.000001669}},"forward_cb":{"duration":{"num":2,"min":0.000000238,"max":0.000000238,"avg":0.000000238,"var":0.000000000,"sum":0.000000477},"relative_timestamp_from_iforward_start":{"num":2,"min":0.008452892,"max":0.017245531,"avg":0.012849212,"var":0.000038655,"sum":0.025698423}},"iforward_wait":{"duration":{"num":2,"min":0.008441448,"max":0.017207384,"avg":0.012824416,"var":0.000038421,"sum":0.025648832},"relative_timestamp_from_iforward_end":{"num":2,"min":0.000000238,"max":0.000001431,"avg":0.000000834,"var":0.000000000,"sum":0.000001669}},"set_input":{"duration":{"num":2,"min":0.000000477,"max":0.000000477,"avg":0.000000477,"var":0.000000000,"sum":0.000000954},"relative_timestamp_from_iforward_start":{"num":2,"min":0.000001431,"max":0.000010967,"avg":0.000006199,"var":0.000000000,"sum":0.000012398}},"get_output":{"duration":{"num":2,"min":0.000000477,"max":0.000029564,"avg":0.000015020,"var":0.000000000,"sum":0.000030041},"relative_timestamp_from_wait_end":{"num":2,"min":0.000000238,"max":0.000000954,"avg":0.000000596,"var":0.000000000,"sum":0.000001192}}}}},"65535:65535:3669993900245843967:1":{"rpc_id":3669993900245843967,"provider_id":1,"parent_rpc_id":65535,"parent_provider_id":65535,"name":"qtn_work_rpc","origin":{"sent to ofi+cxi://0x06f52613":{"iforward":{"duration":{"num":1445,"min":0.000001431,"max":0.000042439,"avg":0.000001969,"var":0.000000006,"sum":0.002845049},"relative_timestamp_from_create":{"num":1445,"min":0.000002384,"max":0.001575470,"avg":0.000003948,"var":0.000002472,"sum":0.005705118}},"forward_cb":{"duration":{"num":1445,"min":0.000000000,"max":0.000000954,"avg":0.000000128,"var":0.000000000,"sum":0.000185490},"relative_timestamp_from_iforward_start":{"num":1445,"min":0.000205517,"max":0.032633543,"avg":0.009285950,"var":0.151540363,"sum":13.418197632}},"iforward_wait":{"duration":{"num":1445,"min":0.000204563,"max":0.032631874,"avg":0.009284352,"var":0.151538069,"sum":13.415889025},"relative_timestamp_from_iforward_end":{"num":1445,"min":0.000000000,"max":0.000009060,"avg":0.000000228,"var":0.000000000,"sum":0.000329256}},"set_input":{"duration":{"num":1445,"min":0.000000000,"max":0.000004768,"avg":0.000000130,"var":0.000000000,"sum":0.000187635},"relative_timestamp_from_iforward_start":{"num":1445,"min":0.000000477,"max":0.000006676,"avg":0.000000749,"var":0.000000000,"sum":0.001081705}},"get_output":{"duration":{"num":1445,"min":0.000000000,"max":0.000000238,"avg":0.000000084,"var":0.000000000,"sum":0.000122070},"relative_timestamp_from_wait_end":{"num":1445,"min":0.000000000,"max":0.000002623,"avg":0.000000150,"var":0.000000000,"sum":0.000216246}}}}},"65535:65535:65535:65535":{"rpc_id":65535,"provider_id":65535,"parent_rpc_id":65535,"parent_provider_id":65535,"name":"","target":{"received from <unknown>":{"bulk":{"create":{"duration":{"num":1445,"min":0.000002384,"max":0.001571655,"avg":0.000003746,"var":0.000002461,"sum":0.005413294},"size":{"num":1445,"min":4194304.000000000,"max":4194304.000000000,"avg":4194304.000000000,"var":0.000000000,"sum":6060769280.000000000}}}}}}},"hostname":"x4418c0s6b0n0","pid":3193,"cmdline":["/home/carns/working/src/spack/var/spack/environments/quintain-2025-07/.spack-env/view/bin/quintain-benchmark","-g","quintain.flock.json","-j","/home/carns/working/dbg/john-quintain-profile-example-2025-07/quintain-benchmark-bw.json","-o","/flare/radix-io/carns/quintain/6710290.aurora-pbs-0001.hostmgmt.cm.aurora.alcf.anl.gov/bw-sweep-servers408-clis816"]}