{"address":"","progress_loop":{"progress_with_timeout":{"num":1507,"min":0.000001431,"max":0.103357553,"avg":0.008595095,"var":0.155209489,"sum":12.952807903},"progress_timeout_value_msec":{"num":1507,"min":100.000000000,"max":100.000000000,"avg":100.000000000,"var":0.000000000,"sum":150700.000000000},"progress_without_timeout":{"num":0,"min":0.000000000,"max":0.000000000,"avg":0.000000000,"var":0.000000000,"sum":0.000000000},"trigger":{"num":1500,"min":0.000000238,"max":0.000007391,"avg":0.000000299,"var":0.000000000,"sum":0.000448227}},"rpcs":{"65535:65535:7940397281847607295:2":{"rpc_id":7940397281847607295,"provider_id":2,"parent_rpc_id":65535,"parent_provider_id":65535,"name":"__identity__","origin":{"sent to ofi+cxi://0x06f2600c":{"iforward":{"duration":{"num":1,"min":0.000106573,"max":0.000106573,"avg":0.000106573,"var":0.000000000,"sum":0.000106573},"relative_timestamp_from_create":{"num":1,"min":0.000003815,"max":0.000003815,"avg":0.000003815,"var":0.000000000,"sum":0.000003815}},"forward_cb":{"duration":{"num":1,"min":0.000003099,"max":0.000003099,"avg":0.000003099,"var":0.000000000,"sum":0.000003099},"relative_timestamp_from_iforward_start":{"num":1,"min":0.011103392,"max":0.011103392,"avg":0.011103392,"var":0.000000000,"sum":0.011103392}},"iforward_wait":{"duration":{"num":1,"min":0.011003494,"max":0.011003494,"avg":0.011003494,"var":0.000000000,"sum":0.011003494},"relative_timestamp_from_iforward_end":{"num":1,"min":0.000000477,"max":0.000000477,"avg":0.000000477,"var":0.000000000,"sum":0.000000477}},"set_input":{"duration":{"num":0,"min":0.000000000,"max":0.000000000,"avg":0.000000000,"var":0.000000000,"sum":0.000000000},"relative_timestamp_from_iforward_start":{"num":0,"min":0.000000000,"max":0.000000000,"avg":0.000000000,"var":0.000000000,"sum":0.000000000}},"get_output":{"duration":{"num":1,"min":0.000006199,"max":0.000006199,"avg":0.000006199,"var":0.000000000,"sum":0.000006199},"relative_timestamp_from_wait_end":{"num":1,"min":0.000001192,"max":0.000001192,"avg":0.000001192,"var":0.000000000,"sum":0.000001192}}}}},"65535:65535:9722976651498815487:2":{"rpc_id":9722976651498815487,"provider_id":2,"parent_rpc_id":65535,"parent_provider_id":65535,"name":"flock_get_view","origin":{"sent to ofi+cxi://0x06f2600c":{"iforward":{"duration":{"num":2,"min":0.000012875,"max":0.000018597,"avg":0.000015736,"var":0.000000000,"sum":0.000031471},"relative_timestamp_from_create":{"num":2,"min":0.000000715,"max":0.000001192,"avg":0.000000954,"var":0.000000000,"sum":0.000001907}},"forward_cb":{"duration":{"num":2,"min":0.000000000,"max":0.000000238,"avg":0.000000119,"var":0.000000000,"sum":0.000000238},"relative_timestamp_from_iforward_start":{"num":2,"min":0.005419254,"max":0.015838385,"avg":0.010628819,"var":0.000054279,"sum":0.021257639}},"iforward_wait":{"duration":{"num":2,"min":0.005406618,"max":0.015819550,"avg":0.010613084,"var":0.000054215,"sum":0.021226168},"relative_timestamp_from_iforward_end":{"num":2,"min":0.000000238,"max":0.000001192,"avg":0.000000715,"var":0.000000000,"sum":0.000001431}},"set_input":{"duration":{"num":2,"min":0.000000238,"max":0.000000477,"avg":0.000000358,"var":0.000000000,"sum":0.000000715},"relative_timestamp_from_iforward_start":{"num":2,"min":0.000001431,"max":0.000005245,"avg":0.000003338,"var":0.000000000,"sum":0.000006676}},"get_output":{"duration":{"num":2,"min":0.000000477,"max":0.000036955,"avg":0.000018716,"var":0.000000001,"sum":0.000037432},"relative_timestamp_from_wait_end":{"num":2,"min":0.000000238,"max":0.000000954,"avg":0.000000596,"var":0.000000000,"sum":0.000001192}}}}},"65535:65535:3669993900245843967:1":{"rpc_id":3669993900245843967,"provider_id":1,"parent_rpc_id":65535,"parent_provider_id":65535,"name":"qtn_work_rpc","origin":{"sent to ofi+cxi://0x06f46615":{"iforward":{"duration":{"num":1496,"min":0.000001431,"max":0.000030518,"avg":0.000001891,"var":0.000000004,"sum":0.002828836},"relative_timestamp_from_create":{"num":1496,"min":0.000002623,"max":0.001409769,"avg":0.000003863,"var":0.000001978,"sum":0.005779028}},"forward_cb":{"duration":{"num":1496,"min":0.000000000,"max":0.000001192,"avg":0.000000128,"var":0.000000000,"sum":0.000192165},"relative_timestamp_from_iforward_start":{"num":1496,"min":0.000229597,"max":0.030133724,"avg":0.008570170,"var":0.145646713,"sum":12.820974112}},"iforward_wait":{"duration":{"num":1496,"min":0.000228405,"max":0.030132532,"avg":0.008568666,"var":0.145645899,"sum":12.818724632},"relative_timestamp_from_iforward_end":{"num":1496,"min":0.000000000,"max":0.000001907,"avg":0.000000196,"var":0.000000000,"sum":0.000293016}},"set_input":{"duration":{"num":1496,"min":0.000000000,"max":0.000004053,"avg":0.000000124,"var":0.000000000,"sum":0.000184774},"relative_timestamp_from_iforward_start":{"num":1496,"min":0.000000477,"max":0.000007153,"avg":0.000000733,"var":0.000000000,"sum":0.001097202}},"get_output":{"duration":{"num":1496,"min":0.000000000,"max":0.000000477,"avg":0.000000086,"var":0.000000000,"sum":0.000128984},"relative_timestamp_from_wait_end":{"num":1496,"min":0.000000000,"max":0.000002146,"avg":0.000000154,"var":0.000000000,"sum":0.000230312}}}}},"65535:65535:65535:65535":{"rpc_id":65535,"provider_id":65535,"parent_rpc_id":65535,"parent_provider_id":65535,"name":"","target":{"received from <unknown>":{"bulk":{"create":{"duration":{"num":1496,"min":0.000002384,"max":0.001405954,"avg":0.000003656,"var":0.000001968,"sum":0.005469084},"size":{"num":1496,"min":4194304.000000000,"max":4194304.000000000,"avg":4194304.000000000,"var":0.000000000,"sum":6274678784.000000000}}}}}}},"hostname":"x4418c0s1b0n0","pid":206625,"cmdline":["/home/carns/working/src/spack/var/spack/environments/quintain-2025-07/.spack-env/view/bin/quintain-benchmark","-g","quintain.flock.json","-j","/home/carns/working/dbg/john-quintain-profile-example-2025-07/quintain-benchmark-bw.json","-o","/flare/radix-io/carns/quintain/6710290.aurora-pbs-0001.hostmgmt.cm.aurora.alcf.anl.gov/bw-sweep-servers408-clis816"]}