{"address":"","rpcs":{"qtn_work_rpc:1":{"timestamps":[1753558083.971229553,1753558084.971268892,1753558085.971269369,1753558086.971269608,1753558087.971270084,1753558088.971270323,1753558090.051441669,1753558091.091596365,1753558092.131132364,1753558093.171051264,1753558094.211308956,1753558095.251509428,1753558096.290937185,1753558097.331233978,1753558098.371029615,1753558099.411285639,1753558100.450836658,1753558101.491307020,1753558102.530959368,1753558103.571611404,1753558104.611548901,1753558105.651500225,1753558106.691275597,1753558107.730869055,1753558108.771705866,1753558109.810912609,1753558110.851309538,1753558111.891401291,1753558112.931277990,1753558113.970890760,1753558115.010851622,1753558116.050871134,1753558117.091441870,1753558118.131285429,1753558119.171667337,1753558120.210902691,1753558121.251141071,1753558122.290844917,1753558123.298516989,1753558124.302219629,1753558125.302220106,1753558126.308608055,1753558127.315866947,1753558128.317555904,1753558129.320933580,1753558130.423626423,1753558131.463432312,1753558132.466449261,1753558133.475174189,1753558134.481099606,1753558135.493784904,1753558136.496984243,1753558137.531310081,1753558138.571313381,1753558139.611109257,1753558140.651775122,1753558141.691438198,1753558142.731149197,1753558143.771469593,1753558144.811322927,1753558145.851496458,1753558146.891247034,1753558147.930897951,1753558148.971022844,1753558150.011564732,1753558151.051198721,1753558152.090866327,1753558153.131277084,1753558154.171665907,1753558155.245001316],"count":[743,10410,12627,12915,13120,13123,3124,0,0,0,0,0,0,0,0,0,0,0,0,0,0,0,0,0,0,0,0,0,0,0,0,0,0,0,0,0,0,0,215,194,197,262,263,263,306,300,0,177,272,262,224,201,39,0,0,0,0,0,0,0,0,0,0,0,0,0,0,0,0,0],"bulk_size":[0,0,0,0,0,0,0,0,0,0,0,0,0,0,0,0,0,0,0,0,0,0,0,0,0,0,0,0,0,0,0,0,0,0,0,0,0,0,901775360,813694976,826277888,1098907648,1103101952,1103101952,1283457024,1258291200,0,742391808,1140850688,1098907648,939524096,843055104,163577856,0,0,0,0,0,0,0,0,0,0,0,0,0,0,0,0,0]},"__shutdown__:65535":{"timestamps":[1753558155.245001316],"count":[1],"bulk_size":[0]}},"pools":{"__primary__":{"timestamps":[1753558039.291007042,1753558040.331117153,1753558041.371709585,1753558042.411594391,1753558043.451181173,1753558044.490776777,1753558045.531260729,1753558046.571120501,1753558047.611291647,1753558048.651648760,1753558049.691445589,1753558050.731224298,1753558051.770937443,1753558052.810779810,1753558053.851217985,1753558054.891224623,1753558055.931699753,1753558056.970882654,1753558058.011192322,1753558059.051072121,1753558060.091743231,1753558061.130886793,1753558062.170917034,1753558063.211173058,1753558064.251109600,1753558065.290937901,1753558066.331429243,1753558067.370846748,1753558068.411516905,1753558069.451735973,1753558070.487705946,1753558071.531531096,1753558072.567542315,1753558073.611603498,1753558074.651228905,1753558075.691381693,1753558076.731412649,1753558077.770971537,1753558078.811635733,1753558079.851495266,1753558080.891478062,1753558081.931606054,1753558082.971229315,1753558083.971229553,1753558084.971268892,1753558085.971269369,1753558086.971269608,1753558087.971270084,1753558088.971270323,1753558090.051441669,1753558091.091596365,1753558092.131132364,1753558093.171051264,1753558094.211308956,1753558095.251509428,1753558096.290937185,1753558097.331233978,1753558098.371029615,1753558099.411285639,1753558100.450836658,1753558101.491307020,1753558102.530959368,1753558103.571611404,1753558104.611548901,1753558105.651500225,1753558106.691275597,1753558107.730869055,1753558108.771705866,1753558109.810912609,1753558110.851309538,1753558111.891401291,1753558112.931277990,1753558113.970890760,1753558115.010851622,1753558116.050871134,1753558117.091441870,1753558118.131285429,1753558119.171667337,1753558120.210902691,1753558121.251141071,1753558122.290844917,1753558123.298516989,1753558124.302219629,1753558125.302220106,1753558126.308608055,1753558127.315866947,1753558128.317555904,1753558129.320933580,1753558130.423626423,1753558131.463432312,1753558132.466449261,1753558133.475174189,1753558134.481099606,1753558135.493784904,1753558136.496984243,1753558137.531310081,1753558138.571313381,1753558139.611109257,1753558140.651775122,1753558141.691438198,1753558142.731149197,1753558143.771469593,1753558144.811322927,1753558145.851496458,1753558146.891247034,1753558147.930897951,1753558148.971022844,1753558150.011564732,1753558151.051198721,1753558152.090866327,1753558153.131277084,1753558154.171665907,1753558155.245001316],"size":[0,0,0,0,0,0,0,0,0,0,0,0,0,0,0,0,0,0,0,0,0,0,0,0,0,0,0,0,0,0,0,0,0,0,0,0,0,0,0,0,0,0,0,0,0,0,0,0,0,0,0,0,0,0,0,0,0,0,0,0,0,0,0,0,0,0,0,0,0,0,0,0,0,0,0,0,0,0,0,0,0,0,0,0,0,0,0,0,0,0,0,0,0,0,0,0,0,0,0,0,0,0,0,0,0,0,0,0,0,0,0,0,0],"total_size":[1,1,1,1,1,1,1,1,1,1,1,1,1,1,1,1,1,1,1,1,1,1,1,1,1,1,1,1,1,1,1,1,1,1,1,1,1,1,1,1,1,1,1,1,1,1,1,1,1,1,1,1,1,1,1,1,1,1,1,1,1,1,1,1,1,1,1,1,1,1,1,1,1,1,1,1,1,1,1,1,1,2,2,2,3,2,3,3,1,1,2,3,3,2,3,1,1,1,1,1,1,1,1,1,1,1,1,1,1,1,1,1,0]}}}