{"address":"ofi+cxi://0x0262e612","progress_loop":{"progress_with_timeout":{"num":1471,"min":0.000001431,"max":0.102306843,"avg":0.009336079,"var":0.172216178,"sum":13.733372450},"progress_timeout_value_msec":{"num":1471,"min":100.000000000,"max":100.000000000,"avg":100.000000000,"var":0.000000000,"sum":147100.000000000},"progress_without_timeout":{"num":0,"min":0.000000000,"max":0.000000000,"avg":0.000000000,"var":0.000000000,"sum":0.000000000},"trigger":{"num":1463,"min":0.000000238,"max":0.000010967,"avg":0.000000300,"var":0.000000000,"sum":0.000438929}},"rpcs":{"65535:65535:7940397281847607295:2":{"rpc_id":7940397281847607295,"provider_id":2,"parent_rpc_id":65535,"parent_provider_id":65535,"name":"__identity__","origin":{"sent to ofi+cxi://0x0262200d":{"iforward":{"duration":{"num":1,"min":0.000071526,"max":0.000071526,"avg":0.000071526,"var":0.000000000,"sum":0.000071526},"relative_timestamp_from_create":{"num":1,"min":0.000004530,"max":0.000004530,"avg":0.000004530,"var":0.000000000,"sum":0.000004530}},"forward_cb":{"duration":{"num":1,"min":0.000009537,"max":0.000009537,"avg":0.000009537,"var":0.000000000,"sum":0.000009537},"relative_timestamp_from_iforward_start":{"num":1,"min":0.016962290,"max":0.016962290,"avg":0.016962290,"var":0.000000000,"sum":0.016962290}},"iforward_wait":{"duration":{"num":1,"min":0.016906023,"max":0.016906023,"avg":0.016906023,"var":0.000000000,"sum":0.016906023},"relative_timestamp_from_iforward_end":{"num":1,"min":0.000000238,"max":0.000000238,"avg":0.000000238,"var":0.000000000,"sum":0.000000238}},"set_input":{"duration":{"num":0,"min":0.000000000,"max":0.000000000,"avg":0.000000000,"var":0.000000000,"sum":0.000000000},"relative_timestamp_from_iforward_start":{"num":0,"min":0.000000000,"max":0.000000000,"avg":0.000000000,"var":0.000000000,"sum":0.000000000}},"get_output":{"duration":{"num":1,"min":0.000007868,"max":0.000007868,"avg":0.000007868,"var":0.000000000,"sum":0.000007868},"relative_timestamp_from_wait_end":{"num":1,"min":0.000001669,"max":0.000001669,"avg":0.000001669,"var":0.000000000,"sum":0.000001669}}}}},"65535:65535:9722976651498815487:2":{"rpc_id":9722976651498815487,"provider_id":2,"parent_rpc_id":65535,"parent_provider_id":65535,"name":"flock_get_view","origin":{"sent to ofi+cxi://0x0262200d":{"iforward":{"duration":{"num":2,"min":0.000012159,"max":0.000037193,"avg":0.000024676,"var":0.000000000,"sum":0.000049353},"relative_timestamp_from_create":{"num":2,"min":0.000000238,"max":0.000000954,"avg":0.000000596,"var":0.000000000,"sum":0.000001192}},"forward_cb":{"duration":{"num":2,"min":0.000000238,"max":0.000000238,"avg":0.000000238,"var":0.000000000,"sum":0.000000477},"relative_timestamp_from_iforward_start":{"num":2,"min":0.002813339,"max":0.013405561,"avg":0.008109450,"var":0.000056098,"sum":0.016218901}},"iforward_wait":{"duration":{"num":2,"min":0.002801657,"max":0.013367653,"avg":0.008084655,"var":0.000055820,"sum":0.016169310},"relative_timestamp_from_iforward_end":{"num":2,"min":0.000000238,"max":0.000001669,"avg":0.000000954,"var":0.000000000,"sum":0.000001907}},"set_input":{"duration":{"num":2,"min":0.000000000,"max":0.000000000,"avg":0.000000000,"var":0.000000000,"sum":0.000000000},"relative_timestamp_from_iforward_start":{"num":2,"min":0.000001669,"max":0.000011683,"avg":0.000006676,"var":0.000000000,"sum":0.000013351}},"get_output":{"duration":{"num":2,"min":0.000000238,"max":0.000033855,"avg":0.000017047,"var":0.000000001,"sum":0.000034094},"relative_timestamp_from_wait_end":{"num":2,"min":0.000000238,"max":0.000001192,"avg":0.000000715,"var":0.000000000,"sum":0.000001431}}}}},"65535:65535:3669993900245843967:1":{"rpc_id":3669993900245843967,"provider_id":1,"parent_rpc_id":65535,"parent_provider_id":65535,"name":"qtn_work_rpc","origin":{"sent to ofi+cxi://0x0263e20f":{"iforward":{"duration":{"num":1459,"min":0.000001431,"max":0.000033140,"avg":0.000001896,"var":0.000000004,"sum":0.002766371},"relative_timestamp_from_create":{"num":1459,"min":0.000002384,"max":0.001688480,"avg":0.000004075,"var":0.000002840,"sum":0.005945444}},"forward_cb":{"duration":{"num":1459,"min":0.000000000,"max":0.000001192,"avg":0.000000130,"var":0.000000000,"sum":0.000189066},"relative_timestamp_from_iforward_start":{"num":1459,"min":0.000199556,"max":0.036170959,"avg":0.009322580,"var":0.162763163,"sum":13.601644754}},"iforward_wait":{"duration":{"num":1459,"min":0.000198126,"max":0.036169767,"avg":0.009321103,"var":0.162760955,"sum":13.599488974},"relative_timestamp_from_iforward_end":{"num":1459,"min":0.000000000,"max":0.000000715,"avg":0.000000167,"var":0.000000000,"sum":0.000244379}},"set_input":{"duration":{"num":1459,"min":0.000000000,"max":0.000004292,"avg":0.000000125,"var":0.000000000,"sum":0.000182390},"relative_timestamp_from_iforward_start":{"num":1459,"min":0.000000477,"max":0.000006437,"avg":0.000000719,"var":0.000000000,"sum":0.001048326}},"get_output":{"duration":{"num":1459,"min":0.000000000,"max":0.000000477,"avg":0.000000092,"var":0.000000000,"sum":0.000133753},"relative_timestamp_from_wait_end":{"num":1459,"min":0.000000000,"max":0.000002861,"avg":0.000000146,"var":0.000000000,"sum":0.000212669}}}}},"65535:65535:65535:65535":{"rpc_id":65535,"provider_id":65535,"parent_rpc_id":65535,"parent_provider_id":65535,"name":"","target":{"received from <unknown>":{"bulk":{"create":{"duration":{"num":1459,"min":0.000002384,"max":0.001684427,"avg":0.000003862,"var":0.000002827,"sum":0.005634069},"size":{"num":1459,"min":4194304.000000000,"max":4194304.000000000,"avg":4194304.000000000,"var":0.000000000,"sum":6119489536.000000000}}}}}}},"hostname":"x4108c1s0b0n0","pid":38615,"cmdline":["/home/carns/working/src/spack/var/spack/environments/quintain-2025-07/.spack-env/view/bin/quintain-benchmark","-g","quintain.flock.json","-j","/home/carns/working/dbg/john-quintain-profile-example-2025-07/quintain-benchmark-bw.json","-o","/flare/radix-io/carns/quintain/6767526.aurora-pbs-0001.hostmgmt.cm.aurora.alcf.anl.gov/bw-sweep-servers408-clis816"]}