{"address":"","progress_loop":{"progress_with_timeout":{"num":23756,"min":0.000000954,"max":0.102342844,"avg":0.000221411,"var":0.013149081,"sum":5.259834528},"progress_timeout_value_msec":{"num":23756,"min":100.000000000,"max":100.000000000,"avg":100.000000000,"var":0.000000000,"sum":2375600.000000000},"progress_without_timeout":{"num":0,"min":0.000000000,"max":0.000000000,"avg":0.000000000,"var":0.000000000,"sum":0.000000000},"trigger":{"num":23688,"min":0.000000238,"max":0.000007391,"avg":0.000000290,"var":0.000000001,"sum":0.006861925}},"rpcs":{"65535:65535:7940397281847607295:2":{"rpc_id":7940397281847607295,"provider_id":2,"parent_rpc_id":65535,"parent_provider_id":65535,"name":"__identity__","origin":{"sent to ofi+cxi://0x06f2600c":{"iforward":{"duration":{"num":1,"min":0.000154257,"max":0.000154257,"avg":0.000154257,"var":0.000000000,"sum":0.000154257},"relative_timestamp_from_create":{"num":1,"min":0.000003338,"max":0.000003338,"avg":0.000003338,"var":0.000000000,"sum":0.000003338}},"forward_cb":{"duration":{"num":1,"min":0.000003338,"max":0.000003338,"avg":0.000003338,"var":0.000000000,"sum":0.000003338},"relative_timestamp_from_iforward_start":{"num":1,"min":0.005327940,"max":0.005327940,"avg":0.005327940,"var":0.000000000,"sum":0.005327940}},"iforward_wait":{"duration":{"num":1,"min":0.005180597,"max":0.005180597,"avg":0.005180597,"var":0.000000000,"sum":0.005180597},"relative_timestamp_from_iforward_end":{"num":1,"min":0.000000477,"max":0.000000477,"avg":0.000000477,"var":0.000000000,"sum":0.000000477}},"set_input":{"duration":{"num":0,"min":0.000000000,"max":0.000000000,"avg":0.000000000,"var":0.000000000,"sum":0.000000000},"relative_timestamp_from_iforward_start":{"num":0,"min":0.000000000,"max":0.000000000,"avg":0.000000000,"var":0.000000000,"sum":0.000000000}},"get_output":{"duration":{"num":1,"min":0.000005960,"max":0.000005960,"avg":0.000005960,"var":0.000000000,"sum":0.000005960},"relative_timestamp_from_wait_end":{"num":1,"min":0.000001192,"max":0.000001192,"avg":0.000001192,"var":0.000000000,"sum":0.000001192}}}}},"65535:65535:9722976651498815487:2":{"rpc_id":9722976651498815487,"provider_id":2,"parent_rpc_id":65535,"parent_provider_id":65535,"name":"flock_get_view","origin":{"sent to ofi+cxi://0x06f2600c":{"iforward":{"duration":{"num":2,"min":0.000011444,"max":0.000019789,"avg":0.000015616,"var":0.000000000,"sum":0.000031233},"relative_timestamp_from_create":{"num":2,"min":0.000000238,"max":0.000001192,"avg":0.000000715,"var":0.000000000,"sum":0.000001431}},"forward_cb":{"duration":{"num":2,"min":0.000000238,"max":0.000000238,"avg":0.000000238,"var":0.000000000,"sum":0.000000477},"relative_timestamp_from_iforward_start":{"num":2,"min":0.022093773,"max":0.027879477,"avg":0.024986625,"var":0.000016737,"sum":0.049973249}},"iforward_wait":{"duration":{"num":2,"min":0.022082806,"max":0.027859449,"avg":0.024971128,"var":0.000016685,"sum":0.049942255},"relative_timestamp_from_iforward_end":{"num":2,"min":0.000000238,"max":0.000001192,"avg":0.000000715,"var":0.000000000,"sum":0.000001431}},"set_input":{"duration":{"num":2,"min":0.000000000,"max":0.000000238,"avg":0.000000119,"var":0.000000000,"sum":0.000000238},"relative_timestamp_from_iforward_start":{"num":2,"min":0.000001431,"max":0.000005245,"avg":0.000003338,"var":0.000000000,"sum":0.000006676}},"get_output":{"duration":{"num":2,"min":0.000000477,"max":0.000025034,"avg":0.000012755,"var":0.000000000,"sum":0.000025511},"relative_timestamp_from_wait_end":{"num":2,"min":0.000000238,"max":0.000001192,"avg":0.000000715,"var":0.000000000,"sum":0.000001431}}}}},"65535:65535:3669993900245843967:1":{"rpc_id":3669993900245843967,"provider_id":1,"parent_rpc_id":65535,"parent_provider_id":65535,"name":"qtn_work_rpc","origin":{"sent to ofi+cxi://0x06f46413":{"iforward":{"duration":{"num":23684,"min":0.000001431,"max":0.000035763,"avg":0.000001644,"var":0.000000005,"sum":0.038939238},"relative_timestamp_from_create":{"num":23684,"min":0.000000000,"max":0.000000954,"avg":0.000000075,"var":0.000000000,"sum":0.001786232}},"forward_cb":{"duration":{"num":23684,"min":0.000000000,"max":0.000002861,"avg":0.000000128,"var":0.000000000,"sum":0.003023863},"relative_timestamp_from_iforward_start":{"num":23684,"min":0.000008583,"max":0.000935793,"avg":0.000217666,"var":0.001456023,"sum":5.155209541}},"iforward_wait":{"duration":{"num":23684,"min":0.000003099,"max":0.000939846,"avg":0.000216415,"var":0.001456232,"sum":5.125568867},"relative_timestamp_from_iforward_end":{"num":23684,"min":0.000000000,"max":0.000006199,"avg":0.000000179,"var":0.000000000,"sum":0.004247427}},"set_input":{"duration":{"num":23684,"min":0.000000000,"max":0.000001431,"avg":0.000000076,"var":0.000000000,"sum":0.001808643},"relative_timestamp_from_iforward_start":{"num":23684,"min":0.000000477,"max":0.000007868,"avg":0.000000738,"var":0.000000001,"sum":0.017469168}},"get_output":{"duration":{"num":23684,"min":0.000000000,"max":0.000003099,"avg":0.000000091,"var":0.000000000,"sum":0.002156734},"relative_timestamp_from_wait_end":{"num":23684,"min":0.000000000,"max":0.000004292,"avg":0.000000151,"var":0.000000000,"sum":0.003574371}}}}}},"hostname":"x4418c0s1b0n0","pid":204002,"cmdline":["/home/carns/working/src/spack/var/spack/environments/quintain-2025-07/.spack-env/view/bin/quintain-benchmark","-g","quintain.flock.json","-j","/home/carns/working/dbg/john-quintain-profile-example-2025-07/quintain-benchmark-rpc.json","-o","/flare/radix-io/carns/quintain/6710290.aurora-pbs-0001.hostmgmt.cm.aurora.alcf.anl.gov/rpc-sweep-servers408-clis816"]}