{"address":"","progress_loop":{"progress_with_timeout":{"num":1594,"min":0.000001669,"max":0.102396965,"avg":0.008293083,"var":0.159455304,"sum":13.219174147},"progress_timeout_value_msec":{"num":1594,"min":100.000000000,"max":100.000000000,"avg":100.000000000,"var":0.000000000,"sum":159400.000000000},"progress_without_timeout":{"num":0,"min":0.000000000,"max":0.000000000,"avg":0.000000000,"var":0.000000000,"sum":0.000000000},"trigger":{"num":1576,"min":0.000000238,"max":0.000012875,"avg":0.000000342,"var":0.000000000,"sum":0.000538826}},"rpcs":{"65535:65535:7940397281847607295:2":{"rpc_id":7940397281847607295,"provider_id":2,"parent_rpc_id":65535,"parent_provider_id":65535,"name":"__identity__","origin":{"sent to ofi+cxi://0x06f2600c":{"iforward":{"duration":{"num":1,"min":0.000165462,"max":0.000165462,"avg":0.000165462,"var":0.000000000,"sum":0.000165462},"relative_timestamp_from_create":{"num":1,"min":0.000003338,"max":0.000003338,"avg":0.000003338,"var":0.000000000,"sum":0.000003338}},"forward_cb":{"duration":{"num":1,"min":0.000011206,"max":0.000011206,"avg":0.000011206,"var":0.000000000,"sum":0.000011206},"relative_timestamp_from_iforward_start":{"num":1,"min":0.014263391,"max":0.014263391,"avg":0.014263391,"var":0.000000000,"sum":0.014263391}},"iforward_wait":{"duration":{"num":1,"min":0.014116287,"max":0.014116287,"avg":0.014116287,"var":0.000000000,"sum":0.014116287},"relative_timestamp_from_iforward_end":{"num":1,"min":0.000000238,"max":0.000000238,"avg":0.000000238,"var":0.000000000,"sum":0.000000238}},"set_input":{"duration":{"num":0,"min":0.000000000,"max":0.000000000,"avg":0.000000000,"var":0.000000000,"sum":0.000000000},"relative_timestamp_from_iforward_start":{"num":0,"min":0.000000000,"max":0.000000000,"avg":0.000000000,"var":0.000000000,"sum":0.000000000}},"get_output":{"duration":{"num":1,"min":0.000008821,"max":0.000008821,"avg":0.000008821,"var":0.000000000,"sum":0.000008821},"relative_timestamp_from_wait_end":{"num":1,"min":0.000001669,"max":0.000001669,"avg":0.000001669,"var":0.000000000,"sum":0.000001669}}}}},"65535:65535:9722976651498815487:2":{"rpc_id":9722976651498815487,"provider_id":2,"parent_rpc_id":65535,"parent_provider_id":65535,"name":"flock_get_view","origin":{"sent to ofi+cxi://0x06f2600c":{"iforward":{"duration":{"num":2,"min":0.000014305,"max":0.000043154,"avg":0.000028729,"var":0.000000000,"sum":0.000057459},"relative_timestamp_from_create":{"num":2,"min":0.000000477,"max":0.000001431,"avg":0.000000954,"var":0.000000000,"sum":0.000001907}},"forward_cb":{"duration":{"num":2,"min":0.000000238,"max":0.000000477,"avg":0.000000358,"var":0.000000000,"sum":0.000000715},"relative_timestamp_from_iforward_start":{"num":2,"min":0.004489660,"max":0.013218164,"avg":0.008853912,"var":0.000038093,"sum":0.017707825}},"iforward_wait":{"duration":{"num":2,"min":0.004475832,"max":0.013175011,"avg":0.008825421,"var":0.000037838,"sum":0.017650843},"relative_timestamp_from_iforward_end":{"num":2,"min":0.000000238,"max":0.000001431,"avg":0.000000834,"var":0.000000000,"sum":0.000001669}},"set_input":{"duration":{"num":2,"min":0.000000238,"max":0.000000238,"avg":0.000000238,"var":0.000000000,"sum":0.000000477},"relative_timestamp_from_iforward_start":{"num":2,"min":0.000002384,"max":0.000012636,"avg":0.000007510,"var":0.000000000,"sum":0.000015020}},"get_output":{"duration":{"num":2,"min":0.000000477,"max":0.000040054,"avg":0.000020266,"var":0.000000001,"sum":0.000040531},"relative_timestamp_from_wait_end":{"num":2,"min":0.000000238,"max":0.000001431,"avg":0.000000834,"var":0.000000000,"sum":0.000001669}}}}},"65535:65535:3669993900245843967:1":{"rpc_id":3669993900245843967,"provider_id":1,"parent_rpc_id":65535,"parent_provider_id":65535,"name":"qtn_work_rpc","origin":{"sent to ofi+cxi://0x06f58410":{"iforward":{"duration":{"num":1572,"min":0.000001431,"max":0.000035524,"avg":0.000002390,"var":0.000000006,"sum":0.003757715},"relative_timestamp_from_create":{"num":1572,"min":0.000002623,"max":0.001558542,"avg":0.000004176,"var":0.000002418,"sum":0.006564617}},"forward_cb":{"duration":{"num":1572,"min":0.000000000,"max":0.000001431,"avg":0.000000148,"var":0.000000000,"sum":0.000232220},"relative_timestamp_from_iforward_start":{"num":1572,"min":0.000213385,"max":0.032541275,"avg":0.008327009,"var":0.149294777,"sum":13.090058804}},"iforward_wait":{"duration":{"num":1572,"min":0.000211000,"max":0.032539368,"avg":0.008324991,"var":0.149293462,"sum":13.086885214},"relative_timestamp_from_iforward_end":{"num":1572,"min":0.000000000,"max":0.000000715,"avg":0.000000313,"var":0.000000000,"sum":0.000491619}},"set_input":{"duration":{"num":1572,"min":0.000000000,"max":0.000005484,"avg":0.000000184,"var":0.000000000,"sum":0.000289679},"relative_timestamp_from_iforward_start":{"num":1572,"min":0.000000477,"max":0.000011206,"avg":0.000000927,"var":0.000000001,"sum":0.001457214}},"get_output":{"duration":{"num":1572,"min":0.000000000,"max":0.000000477,"avg":0.000000100,"var":0.000000000,"sum":0.000157833},"relative_timestamp_from_wait_end":{"num":1572,"min":0.000000000,"max":0.000002146,"avg":0.000000159,"var":0.000000000,"sum":0.000250101}}}}},"65535:65535:65535:65535":{"rpc_id":65535,"provider_id":65535,"parent_rpc_id":65535,"parent_provider_id":65535,"name":"","target":{"received from <unknown>":{"bulk":{"create":{"duration":{"num":1572,"min":0.000002384,"max":0.001554012,"avg":0.000003947,"var":0.000002405,"sum":0.006204128},"size":{"num":1572,"min":4194304.000000000,"max":4194304.000000000,"avg":4194304.000000000,"var":0.000000000,"sum":6593445888.000000000}}}}}}},"hostname":"x4418c0s7b0n0","pid":10939,"cmdline":["/home/carns/working/src/spack/var/spack/environments/quintain-2025-07/.spack-env/view/bin/quintain-benchmark","-g","quintain.flock.json","-j","/home/carns/working/dbg/john-quintain-profile-example-2025-07/quintain-benchmark-bw.json","-o","/flare/radix-io/carns/quintain/6710290.aurora-pbs-0001.hostmgmt.cm.aurora.alcf.anl.gov/bw-sweep-servers408-clis816"]}