{"address":"","rpcs":{},"pools":{"__primary__":{"timestamps":[1753367037.310360670,1753367038.315779209,1753367039.329403162,1753367040.334416866,1753367041.356475830,1753367042.370484114,1753367043.393308878,1753367044.400424242,1753367045.407558203,1753367047.154027700,1753367048.164812088,1753367049.183884382,1753367050.192248583,1753367051.193450689,1753367052.522546053,1753367052.680103540],"size":[0,0,0,0,0,0,0,0,0,0,0,0,0,0,0,0],"total_size":[1,1,1,1,1,1,1,1,1,1,1,1,1,1,1,0]}}}