{"address":"","rpcs":{"qtn_work_rpc:1":{"timestamps":[1753558083.971259594,1753558084.971260548,1753558085.971260786,1753558086.971261024,1753558087.971262455,1753558088.971262932,1753558090.054887533,1753558091.095211983,1753558092.134556532,1753558093.174433947,1753558094.214421034,1753558095.254603386,1753558096.294961214,1753558097.334888935,1753558098.374837160,1753558099.414928675,1753558100.454702139,1753558101.495327473,1753558102.534778595,1753558103.574342251,1753558104.615233183,1753558105.655223608,1753558106.694437504,1753558107.734897375,1753558108.775057554,1753558109.814796686,1753558110.855322361,1753558111.894547701,1753558112.934506655,1753558113.974956274,1753558115.015376091,1753558116.054955482,1753558117.094700098,1753558118.134928226,1753558119.175377607,1753558120.214755535,1753558121.254409075,1753558122.294658899,1753558123.300461769,1753558124.309704065,1753558125.331863165,1753558126.332247734,1753558127.349545240,1753558128.354960203,1753558129.356713533,1753558130.382531881,1753558131.422908306,1753558132.442977428,1753558133.455642939,1753558134.460846424,1753558135.478555441,1753558136.500143528,1753558137.530588627,1753558138.570407391,1753558139.610960484,1753558140.650809288,1753558141.690531254,1753558142.731069803,1753558143.771367311,1753558144.810452223,1753558145.850431919,1753558146.890983105,1753558147.931072712,1753558148.970659733,1753558150.010516167,1753558151.050434828,1753558152.091078997,1753558153.131251097,1753558154.170894861,1753558155.267782450],"count":[774,10414,12949,13153,13170,13402,3158,0,0,0,0,0,0,0,0,0,0,0,0,0,0,0,0,0,0,0,0,0,0,0,0,0,0,0,0,0,0,0,193,203,221,227,231,225,317,383,0,148,233,211,220,190,58,0,0,0,0,0,0,0,0,0,0,0,0,0,0,0,0,0],"bulk_size":[0,0,0,0,0,0,0,0,0,0,0,0,0,0,0,0,0,0,0,0,0,0,0,0,0,0,0,0,0,0,0,0,0,0,0,0,0,0,809500672,851443712,926941184,952107008,968884224,943718400,1329594368,1606418432,0,620756992,977272832,884998144,922746880,796917760,243269632,0,0,0,0,0,0,0,0,0,0,0,0,0,0,0,0,0]},"__shutdown__:65535":{"timestamps":[1753558155.267782450],"count":[1],"bulk_size":[0]}},"pools":{"__primary__":{"timestamps":[1753558039.293323994,1753558040.335351467,1753558041.374971151,1753558042.414766073,1753558043.455014467,1753558044.494909525,1753558045.535142899,1753558046.574984074,1753558047.614861488,1753558048.654646635,1753558049.695018291,1753558050.735073566,1753558051.774672031,1753558052.814462662,1753558053.855223656,1753558054.894927263,1753558055.934742451,1753558056.975210667,1753558058.014577866,1753558059.054904461,1753558060.095187902,1753558061.131340742,1753558062.170667648,1753558063.210748911,1753558064.250691652,1753558065.290550232,1753558066.330698967,1753558067.370972395,1753558068.410648584,1753558069.450915337,1753558070.490364790,1753558071.531119347,1753558072.570952415,1753558073.610753059,1753558074.650791168,1753558075.690881968,1753558076.731229782,1753558077.770396709,1753558078.810693026,1753558079.850967169,1753558080.890756607,1753558081.931096315,1753558082.971259117,1753558083.971259594,1753558084.971260548,1753558085.971260786,1753558086.971261024,1753558087.971262455,1753558088.971262932,1753558090.054887533,1753558091.095211983,1753558092.134556532,1753558093.174433947,1753558094.214421034,1753558095.254603386,1753558096.294961214,1753558097.334888935,1753558098.374837160,1753558099.414928675,1753558100.454702139,1753558101.495327473,1753558102.534778595,1753558103.574342251,1753558104.615233183,1753558105.655223608,1753558106.694437504,1753558107.734897375,1753558108.775057554,1753558109.814796686,1753558110.855322361,1753558111.894547701,1753558112.934506655,1753558113.974956274,1753558115.015376091,1753558116.054955482,1753558117.094700098,1753558118.134928226,1753558119.175377607,1753558120.214755535,1753558121.254409075,1753558122.294658899,1753558123.300461769,1753558124.309704065,1753558125.331863165,1753558126.332247734,1753558127.349545240,1753558128.354960203,1753558129.356713533,1753558130.382531881,1753558131.422908306,1753558132.442977428,1753558133.455642939,1753558134.460846424,1753558135.478555441,1753558136.500143528,1753558137.530588627,1753558138.570407391,1753558139.610960484,1753558140.650809288,1753558141.690531254,1753558142.731069803,1753558143.771367311,1753558144.810452223,1753558145.850431919,1753558146.890983105,1753558147.931072712,1753558148.970659733,1753558150.010516167,1753558151.050434828,1753558152.091078997,1753558153.131251097,1753558154.170894861,1753558155.267782450],"size":[0,0,0,0,0,0,0,0,0,0,0,0,0,0,0,0,0,0,0,0,0,0,0,0,0,0,0,0,0,0,0,0,0,0,0,0,0,0,0,0,0,0,0,0,0,0,0,0,0,0,0,0,0,0,0,0,0,0,0,0,0,0,0,0,0,0,0,0,0,0,0,0,0,0,0,0,0,0,0,0,0,0,0,0,0,0,0,0,0,0,0,0,0,0,0,0,0,0,0,0,0,0,0,0,0,0,0,0,0,0,0,0,0],"total_size":[1,1,1,1,1,1,1,1,1,1,1,1,1,1,1,1,1,1,1,1,1,1,1,1,1,1,1,1,1,1,1,1,1,1,1,1,1,1,1,1,1,1,1,2,1,1,1,1,1,1,1,1,1,1,1,1,1,1,1,1,1,1,1,1,1,1,1,1,1,1,1,1,1,1,1,1,1,1,1,1,1,2,3,3,3,2,2,2,1,1,3,2,2,3,3,1,1,1,1,1,1,1,1,1,1,1,1,1,1,1,1,1,0]}}}