{"address":"","rpcs":{},"pools":{"__primary__":{"timestamps":[1753558083.758183479,1753558084.758336544,1753558085.758527756,1753558086.758589029,1753558087.758594275,1753558088.758627653,1753558094.583945274,1753558094.745050430],"size":[0,0,0,0,0,0,0,0],"total_size":[1,1,1,1,1,1,1,0]}}}