{"address":"","progress_loop":{"progress_with_timeout":{"num":2287,"min":0.000001669,"max":0.106461287,"avg":0.082421674,"var":4.048495106,"sum":188.498369217},"progress_timeout_value_msec":{"num":2287,"min":100.000000000,"max":100.000000000,"avg":100.000000000,"var":0.000000000,"sum":228700.000000000},"progress_without_timeout":{"num":13959498,"min":0.000000000,"max":0.002697468,"avg":0.000000172,"var":0.000073201,"sum":2.404022694},"trigger":{"num":93995,"min":0.000000000,"max":0.001888990,"avg":0.000000818,"var":0.000005845,"sum":0.076855421}},"rpcs":{"65535:65535:3669993900245843967:1":{"rpc_id":3669993900245843967,"provider_id":1,"parent_rpc_id":65535,"parent_provider_id":65535,"name":"qtn_work_rpc","target":{"received from ofi+cxi://0x06f02614":{"handler":{"duration":{"num":22986,"min":0.000000238,"max":0.000227213,"avg":0.000000753,"var":0.000000069,"sum":0.017305613}},"ult":{"duration":{"num":22986,"min":0.000004530,"max":0.031001806,"avg":0.000338164,"var":0.119732954,"sum":7.773040771},"relative_timestamp_from_handler_start":{"num":22986,"min":0.000000477,"max":0.027889967,"avg":0.000087293,"var":0.035331362,"sum":2.006505489}},"irespond":{"duration":{"num":22986,"min":0.000000238,"max":0.000463724,"avg":0.000000619,"var":0.000000261,"sum":0.014238834},"relative_timestamp_from_ult_start":{"num":22986,"min":0.000000238,"max":0.030988693,"avg":0.000322571,"var":0.117586307,"sum":7.414608240}},"respond_cb":{"duration":{"num":22986,"min":0.000000000,"max":0.000002623,"avg":0.000000117,"var":0.000000000,"sum":0.002690077},"relative_timestamp_from_irespond_start":{"num":22986,"min":0.000003576,"max":0.019263029,"avg":0.000012402,"var":0.000550877,"sum":0.285069227}},"irespond_wait":{"duration":{"num":22986,"min":0.000000954,"max":0.021173000,"avg":0.000012526,"var":0.000667555,"sum":0.287921906},"relative_timestamp_from_irespond_end":{"num":22986,"min":0.000000000,"max":0.000088930,"avg":0.000000186,"var":0.000000008,"sum":0.004285812}},"set_output":{"duration":{"num":22986,"min":0.000000000,"max":0.000463247,"avg":0.000000098,"var":0.000000227,"sum":0.002264023},"relative_timestamp_from_irespond_start":{"num":22986,"min":0.000000000,"max":0.000006199,"avg":0.000000097,"var":0.000000000,"sum":0.002223730}},"get_input":{"duration":{"num":22986,"min":0.000000000,"max":0.000317335,"avg":0.000000167,"var":0.000000124,"sum":0.003834486},"relative_timestamp_from_ult_start":{"num":22986,"min":0.000000000,"max":0.000003099,"avg":0.000000147,"var":0.000000000,"sum":0.003376245}},"bulk":{"create":{"duration":{"num":1451,"min":0.000002384,"max":0.028842449,"avg":0.003858837,"var":0.073005938,"sum":5.599172592},"size":{"num":1451,"min":4194304.000000000,"max":4194304.000000000,"avg":4194304.000000000,"var":0.000000000,"sum":6085935104.000000000}},"pull from ofi+cxi://0x06f02614":{"itransfer":{"duration":{"num":1451,"min":0.000000477,"max":0.000021458,"avg":0.000002698,"var":0.000000009,"sum":0.003914595},"size":{"num":1451,"min":4194304.000000000,"max":4194304.000000000,"avg":4194304.000000000,"var":0.000000000,"sum":6085935104.000000000}},"transfer_cb":{"duration":{"num":1451,"min":0.000000000,"max":0.000013113,"avg":0.000000232,"var":0.000000000,"sum":0.000336170},"relative_timestamp_from_itransfer_start":{"num":1451,"min":0.000180006,"max":0.015503645,"avg":0.001205580,"var":0.001582934,"sum":1.749296188}},"itransfer_wait":{"duration":{"num":1451,"min":0.000179291,"max":0.018524170,"avg":0.001236880,"var":0.002320135,"sum":1.794712305},"relative_timestamp_from_itransfer_end":{"num":1451,"min":0.000000000,"max":0.000007391,"avg":0.000000313,"var":0.000000000,"sum":0.000454664}}}}},"received from ofi+cxi://0x06f0e214":{"handler":{"duration":{"num":21110,"min":0.000000238,"max":0.001888514,"avg":0.000000885,"var":0.000004269,"sum":0.018689632}},"ult":{"duration":{"num":21110,"min":0.000004292,"max":0.001077414,"avg":0.000005708,"var":0.000005629,"sum":0.120506287},"relative_timestamp_from_handler_start":{"num":21110,"min":0.000000477,"max":0.001888990,"avg":0.000001347,"var":0.000004283,"sum":0.028434038}},"irespond":{"duration":{"num":21110,"min":0.000000238,"max":0.000763178,"avg":0.000000663,"var":0.000001303,"sum":0.013991117},"relative_timestamp_from_ult_start":{"num":21110,"min":0.000000238,"max":0.000401020,"avg":0.000000392,"var":0.000000362,"sum":0.008281946}},"respond_cb":{"duration":{"num":21110,"min":0.000000000,"max":0.000694275,"avg":0.000000179,"var":0.000000885,"sum":0.003788710},"relative_timestamp_from_irespond_start":{"num":21110,"min":0.000003576,"max":0.001074314,"avg":0.000004533,"var":0.000004162,"sum":0.095688105}},"irespond_wait":{"duration":{"num":21110,"min":0.000002623,"max":0.001076221,"avg":0.000004190,"var":0.000003738,"sum":0.088460684},"relative_timestamp_from_irespond_end":{"num":21110,"min":0.000000000,"max":0.000161886,"avg":0.000000186,"var":0.000000026,"sum":0.003921986}},"set_output":{"duration":{"num":21110,"min":0.000000000,"max":0.000618219,"avg":0.000000108,"var":0.000000412,"sum":0.002273560},"relative_timestamp_from_irespond_start":{"num":21110,"min":0.000000000,"max":0.000000954,"avg":0.000000087,"var":0.000000000,"sum":0.001828432}},"get_input":{"duration":{"num":21110,"min":0.000000000,"max":0.000245571,"avg":0.000000142,"var":0.000000143,"sum":0.002997875},"relative_timestamp_from_ult_start":{"num":21110,"min":0.000000000,"max":0.000104189,"avg":0.000000146,"var":0.000000012,"sum":0.003075838}}},"received from ofi+cxi://0x06f0e014":{"handler":{"duration":{"num":1450,"min":0.000000238,"max":0.000012398,"avg":0.000001151,"var":0.000000001,"sum":0.001668930}},"ult":{"duration":{"num":1450,"min":0.000202417,"max":0.029936075,"avg":0.005826918,"var":0.090696181,"sum":8.449030638},"relative_timestamp_from_handler_start":{"num":1450,"min":0.000000477,"max":0.028854847,"avg":0.001173079,"var":0.029329515,"sum":1.700965166}},"irespond":{"duration":{"num":1450,"min":0.000000238,"max":0.000015020,"avg":0.000001094,"var":0.000000001,"sum":0.001585960},"relative_timestamp_from_ult_start":{"num":1450,"min":0.000185966,"max":0.029921055,"avg":0.005597168,"var":0.091232858,"sum":8.115892887}},"respond_cb":{"duration":{"num":1450,"min":0.000000000,"max":0.000002861,"avg":0.000000190,"var":0.000000000,"sum":0.000275612},"relative_timestamp_from_irespond_start":{"num":1450,"min":0.000003815,"max":0.002854347,"avg":0.000180232,"var":0.000264258,"sum":0.261335850}},"irespond_wait":{"duration":{"num":1450,"min":0.000003338,"max":0.014644146,"avg":0.000196203,"var":0.000505177,"sum":0.284494638},"relative_timestamp_from_irespond_end":{"num":1450,"min":0.000000000,"max":0.000004053,"avg":0.000000271,"var":0.000000000,"sum":0.000392675}},"set_output":{"duration":{"num":1450,"min":0.000000000,"max":0.000002861,"avg":0.000000148,"var":0.000000000,"sum":0.000215292},"relative_timestamp_from_irespond_start":{"num":1450,"min":0.000000000,"max":0.000003099,"avg":0.000000249,"var":0.000000000,"sum":0.000361681}},"get_input":{"duration":{"num":1450,"min":0.000000000,"max":0.000009537,"avg":0.000000611,"var":0.000000000,"sum":0.000885725},"relative_timestamp_from_ult_start":{"num":1450,"min":0.000000000,"max":0.000003815,"avg":0.000000224,"var":0.000000000,"sum":0.000324249}},"bulk":{"create":{"duration":{"num":1450,"min":0.000002384,"max":0.027875900,"avg":0.004367902,"var":0.080033218,"sum":6.333457232},"size":{"num":1450,"min":4194304.000000000,"max":4194304.000000000,"avg":4194304.000000000,"var":0.000000000,"sum":6081740800.000000000}},"pull from ofi+cxi://0x06f0e014":{"itransfer":{"duration":{"num":1450,"min":0.000000477,"max":0.000021935,"avg":0.000002778,"var":0.000000008,"sum":0.004028559},"size":{"num":1450,"min":4194304.000000000,"max":4194304.000000000,"avg":4194304.000000000,"var":0.000000000,"sum":6081740800.000000000}},"transfer_cb":{"duration":{"num":1450,"min":0.000000000,"max":0.000003815,"avg":0.000000197,"var":0.000000000,"sum":0.000286341},"relative_timestamp_from_itransfer_start":{"num":1450,"min":0.000181198,