{"address":"ofi+cxi://0x02618014","progress_loop":{"progress_with_timeout":{"num":36526,"min":0.000001192,"max":0.103645563,"avg":0.000141007,"var":0.012432295,"sum":5.150407314},"progress_timeout_value_msec":{"num":36526,"min":100.000000000,"max":100.000000000,"avg":100.000000000,"var":0.000000000,"sum":3652600.000000000},"progress_without_timeout":{"num":0,"min":0.000000000,"max":0.000000000,"avg":0.000000000,"var":0.000000000,"sum":0.000000000},"trigger":{"num":36462,"min":0.000000238,"max":0.000009775,"avg":0.000000321,"var":0.000000001,"sum":0.011715412}},"rpcs":{"65535:65535:7940397281847607295:2":{"rpc_id":7940397281847607295,"provider_id":2,"parent_rpc_id":65535,"parent_provider_id":65535,"name":"__identity__","origin":{"sent to ofi+cxi://0x0262200d":{"iforward":{"duration":{"num":1,"min":0.000103951,"max":0.000103951,"avg":0.000103951,"var":0.000000000,"sum":0.000103951},"relative_timestamp_from_create":{"num":1,"min":0.000002146,"max":0.000002146,"avg":0.000002146,"var":0.000000000,"sum":0.000002146}},"forward_cb":{"duration":{"num":1,"min":0.000002623,"max":0.000002623,"avg":0.000002623,"var":0.000000000,"sum":0.000002623},"relative_timestamp_from_iforward_start":{"num":1,"min":0.002497435,"max":0.002497435,"avg":0.002497435,"var":0.000000000,"sum":0.002497435}},"iforward_wait":{"duration":{"num":1,"min":0.002399683,"max":0.002399683,"avg":0.002399683,"var":0.000000000,"sum":0.002399683},"relative_timestamp_from_iforward_end":{"num":1,"min":0.000000238,"max":0.000000238,"avg":0.000000238,"var":0.000000000,"sum":0.000000238}},"set_input":{"duration":{"num":0,"min":0.000000000,"max":0.000000000,"avg":0.000000000,"var":0.000000000,"sum":0.000000000},"relative_timestamp_from_iforward_start":{"num":0,"min":0.000000000,"max":0.000000000,"avg":0.000000000,"var":0.000000000,"sum":0.000000000}},"get_output":{"duration":{"num":1,"min":0.000006437,"max":0.000006437,"avg":0.000006437,"var":0.000000000,"sum":0.000006437},"relative_timestamp_from_wait_end":{"num":1,"min":0.000000954,"max":0.000000954,"avg":0.000000954,"var":0.000000000,"sum":0.000000954}}}}},"65535:65535:9722976651498815487:2":{"rpc_id":9722976651498815487,"provider_id":2,"parent_rpc_id":65535,"parent_provider_id":65535,"name":"flock_get_view","origin":{"sent to ofi+cxi://0x0262200d":{"iforward":{"duration":{"num":2,"min":0.000016451,"max":0.000018120,"avg":0.000017285,"var":0.000000000,"sum":0.000034571},"relative_timestamp_from_create":{"num":2,"min":0.000000477,"max":0.000000715,"avg":0.000000596,"var":0.000000000,"sum":0.000001192}},"forward_cb":{"duration":{"num":2,"min":0.000000238,"max":0.000001192,"avg":0.000000715,"var":0.000000000,"sum":0.000001431},"relative_timestamp_from_iforward_start":{"num":2,"min":0.015413761,"max":0.034774780,"avg":0.025094271,"var":0.000187425,"sum":0.050188541}},"iforward_wait":{"duration":{"num":2,"min":0.015399456,"max":0.034757376,"avg":0.025078416,"var":0.000187365,"sum":0.050156832},"relative_timestamp_from_iforward_end":{"num":2,"min":0.000000238,"max":0.000001192,"avg":0.000000715,"var":0.000000000,"sum":0.000001431}},"set_input":{"duration":{"num":2,"min":0.000000238,"max":0.000000238,"avg":0.000000238,"var":0.000000000,"sum":0.000000477},"relative_timestamp_from_iforward_start":{"num":2,"min":0.000003815,"max":0.000005960,"avg":0.000004888,"var":0.000000000,"sum":0.000009775}},"get_output":{"duration":{"num":2,"min":0.000000477,"max":0.000023603,"avg":0.000012040,"var":0.000000000,"sum":0.000024080},"relative_timestamp_from_wait_end":{"num":2,"min":0.000000238,"max":0.000001907,"avg":0.000001073,"var":0.000000000,"sum":0.000002146}}}}},"65535:65535:3669993900245843967:1":{"rpc_id":3669993900245843967,"provider_id":1,"parent_rpc_id":65535,"parent_provider_id":65535,"name":"qtn_work_rpc","origin":{"sent to ofi+cxi://0x0262a20f":{"iforward":{"duration":{"num":36458,"min":0.000001192,"max":0.000036478,"avg":0.000002030,"var":0.000000016,"sum":0.074020147},"relative_timestamp_from_create":{"num":36458,"min":0.000000000,"max":0.000000954,"avg":0.000000085,"var":0.000000000,"sum":0.003111839}},"forward_cb":{"duration":{"num":36458,"min":0.000000000,"max":0.000001431,"avg":0.000000140,"var":0.000000001,"sum":0.005102158},"relative_timestamp_from_iforward_start":{"num":36458,"min":0.000008583,"max":0.000811100,"avg":0.000139617,"var":0.000281657,"sum":5.090152264}},"iforward_wait":{"duration":{"num":36458,"min":0.000003099,"max":0.000809908,"avg":0.000138059,"var":0.000281823,"sum":5.033347130},"relative_timestamp_from_iforward_end":{"num":36458,"min":0.000000000,"max":0.000011206,"avg":0.000000174,"var":0.000000001,"sum":0.006347179}},"set_input":{"duration":{"num":36458,"min":0.000000000,"max":0.000003815,"avg":0.000000089,"var":0.000000001,"sum":0.003250837},"relative_timestamp_from_iforward_start":{"num":36458,"min":0.000000477,"max":0.000012636,"avg":0.000000841,"var":0.000000002,"sum":0.030652761}},"get_output":{"duration":{"num":36458,"min":0.000000000,"max":0.000009060,"avg":0.000000106,"var":0.000000001,"sum":0.003874779},"relative_timestamp_from_wait_end":{"num":36458,"min":0.000000000,"max":0.000008821,"avg":0.000000168,"var":0.000000001,"sum":0.006120682}}}}}},"hostname":"x4108c0s5b0n0","pid":35699,"cmdline":["/home/carns/working/src/spack/var/spack/environments/quintain-2025-07/.spack-env/view/bin/quintain-benchmark","-g","quintain.flock.json","-j","/home/carns/working/dbg/john-quintain-profile-example-2025-07/quintain-benchmark-rpc.json","-o","/flare/radix-io/carns/quintain/6767526.aurora-pbs-0001.hostmgmt.cm.aurora.alcf.anl.gov/rpc-sweep-servers408-clis816"]}