{"address":"","rpcs":{},"pools":{"__primary__":{"timestamps":[1753366941.851510525,1753366942.851967335,1753366943.852467060,1753366944.852843761,1753366945.853301764,1753366946.853328943,1753366956.001631260,1753366956.133502960],"size":[0,0,0,0,0,0,0,0],"total_size":[1,1,1,1,1,1,1,0]}}}