{"address":"","rpcs":{},"pools":{"__primary__":{"timestamps":[1753558083.760109901,1753558084.760156870,1753558085.760195732,1753558086.760239363,1753558087.760375977,1753558088.760918856,1753558094.585169077,1753558094.710132837],"size":[0,0,0,0,0,0,0,0],"total_size":[1,1,1,1,1,1,1,0]}}}