{"address":"ofi+cxi://0x02634615","progress_loop":{"progress_with_timeout":{"num":1415,"min":0.000001669,"max":0.106159687,"avg":0.069209457,"var":3.388984736,"sum":97.931381702},"progress_timeout_value_msec":{"num":1415,"min":100.000000000,"max":100.000000000,"avg":100.000000000,"var":0.000000000,"sum":141500.000000000},"progress_without_timeout":{"num":15893812,"min":0.000000000,"max":0.000505924,"avg":0.000000154,"var":0.000000925,"sum":2.454706192},"trigger":{"num":110491,"min":0.000000238,"max":0.000059605,"avg":0.000000580,"var":0.000000052,"sum":0.064127922}},"rpcs":{"65535:65535:3669993900245843967:1":{"rpc_id":3669993900245843967,"provider_id":1,"parent_rpc_id":65535,"parent_provider_id":65535,"name":"qtn_work_rpc","target":{"received from ofi+cxi://0x02608413":{"handler":{"duration":{"num":28127,"min":0.000000477,"max":0.000021219,"avg":0.000000537,"var":0.000000004,"sum":0.015100002}},"ult":{"duration":{"num":28127,"min":0.000004292,"max":0.000473499,"avg":0.000004813,"var":0.000000243,"sum":0.135382175},"relative_timestamp_from_handler_start":{"num":28127,"min":0.000000715,"max":0.000035763,"avg":0.000000884,"var":0.000000015,"sum":0.024864435}},"irespond":{"duration":{"num":28127,"min":0.000000238,"max":0.000036716,"avg":0.000000467,"var":0.000000004,"sum":0.013135433},"relative_timestamp_from_ult_start":{"num":28127,"min":0.000000238,"max":0.000024557,"avg":0.000000295,"var":0.000000001,"sum":0.008292198}},"respond_cb":{"duration":{"num":28127,"min":0.000000000,"max":0.000000715,"avg":0.000000107,"var":0.000000000,"sum":0.003022909},"relative_timestamp_from_irespond_start":{"num":28127,"min":0.000003576,"max":0.000471830,"avg":0.000003913,"var":0.000000237,"sum":0.110050678}},"irespond_wait":{"duration":{"num":28127,"min":0.000001192,"max":0.000472069,"avg":0.000003665,"var":0.000000235,"sum":0.103093147},"relative_timestamp_from_irespond_end":{"num":28127,"min":0.000000000,"max":0.000009775,"avg":0.000000182,"var":0.000000000,"sum":0.005131006}},"set_output":{"duration":{"num":28127,"min":0.000000000,"max":0.000000477,"avg":0.000000062,"var":0.000000000,"sum":0.001749992},"relative_timestamp_from_irespond_start":{"num":28127,"min":0.000000000,"max":0.000030518,"avg":0.000000079,"var":0.000000001,"sum":0.002213478}},"get_input":{"duration":{"num":28127,"min":0.000000000,"max":0.000004053,"avg":0.000000107,"var":0.000000000,"sum":0.003004551},"relative_timestamp_from_ult_start":{"num":28127,"min":0.000000000,"max":0.000024319,"avg":0.000000121,"var":0.000000001,"sum":0.003401518}}},"received from ofi+cxi://0x02606011":{"handler":{"duration":{"num":22292,"min":0.000000477,"max":0.000029564,"avg":0.000000567,"var":0.000000007,"sum":0.012639046}},"ult":{"duration":{"num":22292,"min":0.000004292,"max":0.000063896,"avg":0.000004833,"var":0.000000022,"sum":0.107738018},"relative_timestamp_from_handler_start":{"num":22292,"min":0.000000715,"max":0.000031471,"avg":0.000000922,"var":0.000000017,"sum":0.020555019}},"irespond":{"duration":{"num":22292,"min":0.000000238,"max":0.000008106,"avg":0.000000480,"var":0.000000001,"sum":0.010698318},"relative_timestamp_from_ult_start":{"num":22292,"min":0.000000238,"max":0.000033140,"avg":0.000000301,"var":0.000000002,"sum":0.006717920}},"respond_cb":{"duration":{"num":22292,"min":0.000000000,"max":0.000000477,"avg":0.000000105,"var":0.000000000,"sum":0.002336740},"relative_timestamp_from_irespond_start":{"num":22292,"min":0.000003576,"max":0.000062943,"avg":0.000003929,"var":0.000000016,"sum":0.087577105}},"irespond_wait":{"duration":{"num":22292,"min":0.000003338,"max":0.000062943,"avg":0.000003665,"var":0.000000014,"sum":0.081710577},"relative_timestamp_from_irespond_end":{"num":22292,"min":0.000000000,"max":0.000000477,"avg":0.000000180,"var":0.000000000,"sum":0.004019976}},"set_output":{"duration":{"num":22292,"min":0.000000000,"max":0.000000477,"avg":0.000000063,"var":0.000000000,"sum":0.001410723},"relative_timestamp_from_irespond_start":{"num":22292,"min":0.000000000,"max":0.000000477,"avg":0.000000077,"var":0.000000000,"sum":0.001724243}},"get_input":{"duration":{"num":22292,"min":0.000000000,"max":0.000006676,"avg":0.000000110,"var":0.000000000,"sum":0.002442598},"relative_timestamp_from_ult_start":{"num":22292,"min":0.000000000,"max":0.000000715,"avg":0.000000121,"var":0.000000000,"sum":0.002691746}}},"received from ofi+cxi://0x02600415":{"handler":{"duration":{"num":1579,"min":0.000000477,"max":0.000026464,"avg":0.000000999,"var":0.000000002,"sum":0.001576900}},"ult":{"duration":{"num":1579,"min":0.000190496,"max":0.024540663,"avg":0.004373847,"var":0.073637150,"sum":6.906304836},"relative_timestamp_from_handler_start":{"num":1579,"min":0.000000715,"max":0.027606010,"avg":0.001277004,"var":0.035440610,"sum":2.016389132}},"irespond":{"duration":{"num":1579,"min":0.000000238,"max":0.000009775,"avg":0.000000907,"var":0.000000001,"sum":0.001432657},"relative_timestamp_from_ult_start":{"num":1579,"min":0.000182867,"max":0.023645163,"avg":0.004178993,"var":0.072732987,"sum":6.598629475}},"respond_cb":{"duration":{"num":1579,"min":0.000000000,"max":0.000003099,"avg":0.000000173,"var":0.000000000,"sum":0.000272751},"relative_timestamp_from_irespond_start":{"num":1579,"min":0.000003815,"max":0.002719164,"avg":0.000154308,"var":0.000228503,"sum":0.243652582}},"irespond_wait":{"duration":{"num":1579,"min":0.000001192,"max":0.021457434,"avg":0.000169562,"var":0.000689542,"sum":0.267738104},"relative_timestamp_from_irespond_end":{"num":1579,"min":0.000000000,"max":0.000013113,"avg":0.000000327,"var":0.000000000,"sum":0.000516415}},"set_output":{"duration":{"num":1579,"min":0.000000000,"max":0.000001907,"avg":0.000000129,"var":0.000000000,"sum":0.000203371},"relative_timestamp_from_irespond_start":{"num":1579,"min":0.000000000,"max":0.000007391,"avg":0.000000203,"var":0.000000000,"sum":0.000320911}},"get_input":{"duration":{"num":1579,"min":0.000000000,"max":0.000023365,"avg":0.000000579,"var":0.000000001,"sum":0.000914335},"relative_timestamp_from_ult_start":{"num":1579,"min":0.000000000,"max":0.000004292,"avg":0.000000210,"var":0.000000000,"sum":0.000331163}},"bulk":{"create":{"duration":{"num":1579,"min":0.000002384,"max":0.021417141,"avg":0.003001410,"var":0.062933052,"sum":4.739226580},"size":{"num":1579,"min":4194304.000000000,"max":4194304.000000000,"avg":4194304.000000000,"var":0.000000000,"sum":6622806016.000000000}},"pull from ofi+cxi://0x02600415":{"itransfer":{"duration":{"num":1579,"min":0.000000715,"max":0.000023365,"avg":0.000002053,"var":0.000000006,"sum":0.003241539},"size":{"num":1579,"min":4194304.000000000,"max":4194304.000000000,"avg":4194304.000000000,"var":0.000000000,"sum":6622806016.000000000}},"transfer_cb":{"duration":{"num":1579,"min":0.000000000,"max":0.000001431,"avg":0.000000174,"var":0.000000000,"sum":0.000274658},"relative_timestamp_from_itransfer_start":{"num":1579,"min":0.000179052,"max":0.020653009,"avg":0.001140599,"var":0.003101153,"sum":1.801005602}},"itransfer_wait":{"duration":{"num":1579,"min":0.000178576,"max":0.020649910,"avg":0.001170246,"var":0.003860678,"sum":1.847818136},"relative_timestamp_from_itransfer_end":{"num":1579,"min":0.000000000,"max":0.000005722,"avg":0.000000352,"var":0.000000000,"sum":0.000555515}}}}},"received from ofi+cxi://0x02606214":{"handler":{"duration":{"num":1638,"min":0.000000477,"max":0.000010252,"avg":0.000001032,"var":0.000000001,"sum":0.001689911}},"ult":{"duration":{"num":1638,"min":0.000200987,"max":0.029682398,"avg":0.005403248,"var":0.102007455,"sum":8.850520849},"relative_timestamp_from_handler_start":{"num":1638,"min":0.000000715,"max":0.020784140,"avg":0.001180420,"var":0.033281666,"sum":1.933527231}},"irespond":{"duration":{"num":1638,"min":0.000000238,"max":0.000008345,"avg":0.000000918,"var":0.000000001,"sum":0.001503944},"relative_timestamp_from_ult_start":{"num":1638,"min":0.000189304,"max":0.029669523,"avg":0.005252613,"var":0.102067218,"sum":8.603779554}},"respond_cb":{"duration":{"num":1638,"min":0.000000000,