{"address":"","progress_loop":{"progress_with_timeout":{"num":1591,"min":0.000001431,"max":0.101394415,"avg":0.008174996,"var":0.146580617,"sum":13.006418705},"progress_timeout_value_msec":{"num":1591,"min":100.000000000,"max":100.000000000,"avg":100.000000000,"var":0.000000000,"sum":159100.000000000},"progress_without_timeout":{"num":0,"min":0.000000000,"max":0.000000000,"avg":0.000000000,"var":0.000000000,"sum":0.000000000},"trigger":{"num":1581,"min":0.000000238,"max":0.000012636,"avg":0.000000302,"var":0.000000000,"sum":0.000477791}},"rpcs":{"65535:65535:7940397281847607295:2":{"rpc_id":7940397281847607295,"provider_id":2,"parent_rpc_id":65535,"parent_provider_id":65535,"name":"__identity__","origin":{"sent to ofi+cxi://0x06f2600c":{"iforward":{"duration":{"num":1,"min":0.000109911,"max":0.000109911,"avg":0.000109911,"var":0.000000000,"sum":0.000109911},"relative_timestamp_from_create":{"num":1,"min":0.000002861,"max":0.000002861,"avg":0.000002861,"var":0.000000000,"sum":0.000002861}},"forward_cb":{"duration":{"num":1,"min":0.000011206,"max":0.000011206,"avg":0.000011206,"var":0.000000000,"sum":0.000011206},"relative_timestamp_from_iforward_start":{"num":1,"min":0.009489059,"max":0.009489059,"avg":0.009489059,"var":0.000000000,"sum":0.009489059}},"iforward_wait":{"duration":{"num":1,"min":0.009396791,"max":0.009396791,"avg":0.009396791,"var":0.000000000,"sum":0.009396791},"relative_timestamp_from_iforward_end":{"num":1,"min":0.000000238,"max":0.000000238,"avg":0.000000238,"var":0.000000000,"sum":0.000000238}},"set_input":{"duration":{"num":0,"min":0.000000000,"max":0.000000000,"avg":0.000000000,"var":0.000000000,"sum":0.000000000},"relative_timestamp_from_iforward_start":{"num":0,"min":0.000000000,"max":0.000000000,"avg":0.000000000,"var":0.000000000,"sum":0.000000000}},"get_output":{"duration":{"num":1,"min":0.000008345,"max":0.000008345,"avg":0.000008345,"var":0.000000000,"sum":0.000008345},"relative_timestamp_from_wait_end":{"num":1,"min":0.000001669,"max":0.000001669,"avg":0.000001669,"var":0.000000000,"sum":0.000001669}}}}},"65535:65535:9722976651498815487:2":{"rpc_id":9722976651498815487,"provider_id":2,"parent_rpc_id":65535,"parent_provider_id":65535,"name":"flock_get_view","origin":{"sent to ofi+cxi://0x06f2600c":{"iforward":{"duration":{"num":2,"min":0.000011444,"max":0.000044823,"avg":0.000028133,"var":0.000000001,"sum":0.000056267},"relative_timestamp_from_create":{"num":2,"min":0.000000238,"max":0.000001192,"avg":0.000000715,"var":0.000000000,"sum":0.000001431}},"forward_cb":{"duration":{"num":2,"min":0.000000238,"max":0.000000238,"avg":0.000000238,"var":0.000000000,"sum":0.000000477},"relative_timestamp_from_iforward_start":{"num":2,"min":0.006657362,"max":0.016360521,"avg":0.011508942,"var":0.000047076,"sum":0.023017883}},"iforward_wait":{"duration":{"num":2,"min":0.006646395,"max":0.016315222,"avg":0.011480808,"var":0.000046743,"sum":0.022961617},"relative_timestamp_from_iforward_end":{"num":2,"min":0.000000238,"max":0.000001669,"avg":0.000000954,"var":0.000000000,"sum":0.000001907}},"set_input":{"duration":{"num":2,"min":0.000000238,"max":0.000000238,"avg":0.000000238,"var":0.000000000,"sum":0.000000477},"relative_timestamp_from_iforward_start":{"num":2,"min":0.000001431,"max":0.000013351,"avg":0.000007391,"var":0.000000000,"sum":0.000014782}},"get_output":{"duration":{"num":2,"min":0.000000238,"max":0.000032663,"avg":0.000016451,"var":0.000000001,"sum":0.000032902},"relative_timestamp_from_wait_end":{"num":2,"min":0.000000477,"max":0.000001192,"avg":0.000000834,"var":0.000000000,"sum":0.000001669}}}}},"65535:65535:3669993900245843967:1":{"rpc_id":3669993900245843967,"provider_id":1,"parent_rpc_id":65535,"parent_provider_id":65535,"name":"qtn_work_rpc","origin":{"sent to ofi+cxi://0x06f56413":{"iforward":{"duration":{"num":1577,"min":0.000001431,"max":0.000033617,"avg":0.000001840,"var":0.000000004,"sum":0.002901316},"relative_timestamp_from_create":{"num":1577,"min":0.000002623,"max":0.001487017,"avg":0.000003826,"var":0.000002201,"sum":0.006034374}},"forward_cb":{"duration":{"num":1577,"min":0.000000000,"max":0.000001192,"avg":0.000000123,"var":0.000000000,"sum":0.000193357},"relative_timestamp_from_iforward_start":{"num":1577,"min":0.000215530,"max":0.031994343,"avg":0.008165254,"var":0.137157630,"sum":12.876604795}},"iforward_wait":{"duration":{"num":1577,"min":0.000214100,"max":0.031961203,"avg":0.008163795,"var":0.137155904,"sum":12.874305487},"relative_timestamp_from_iforward_end":{"num":1577,"min":0.000000000,"max":0.000000715,"avg":0.000000207,"var":0.000000000,"sum":0.000325918}},"set_input":{"duration":{"num":1577,"min":0.000000000,"max":0.000004053,"avg":0.000000130,"var":0.000000000,"sum":0.000204325},"relative_timestamp_from_iforward_start":{"num":1577,"min":0.000000477,"max":0.000006437,"avg":0.000000707,"var":0.000000000,"sum":0.001114607}},"get_output":{"duration":{"num":1577,"min":0.000000000,"max":0.000000238,"avg":0.000000090,"var":0.000000000,"sum":0.000141382},"relative_timestamp_from_wait_end":{"num":1577,"min":0.000000000,"max":0.000003338,"avg":0.000000155,"var":0.000000000,"sum":0.000244379}}}}},"65535:65535:65535:65535":{"rpc_id":65535,"provider_id":65535,"parent_rpc_id":65535,"parent_provider_id":65535,"name":"","target":{"received from <unknown>":{"bulk":{"create":{"duration":{"num":1577,"min":0.000002384,"max":0.001482964,"avg":0.000003625,"var":0.000002190,"sum":0.005715847},"size":{"num":1577,"min":4194304.000000000,"max":4194304.000000000,"avg":4194304.000000000,"var":0.000000000,"sum":6614417408.000000000}}}}}}},"hostname":"x4418c0s3b0n0","pid":9562,"cmdline":["/home/carns/working/src/spack/var/spack/environments/quintain-2025-07/.spack-env/view/bin/quintain-benchmark","-g","quintain.flock.json","-j","/home/carns/working/dbg/john-quintain-profile-example-2025-07/quintain-benchmark-bw.json","-o","/flare/radix-io/carns/quintain/6710290.aurora-pbs-0001.hostmgmt.cm.aurora.alcf.anl.gov/bw-sweep-servers408-clis816"]}