{"address":"","progress_loop":{"progress_with_timeout":{"num":22459,"min":0.000001192,"max":0.104391098,"avg":0.000234511,"var":0.013320781,"sum":5.266877890},"progress_timeout_value_msec":{"num":22459,"min":100.000000000,"max":100.000000000,"avg":100.000000000,"var":0.000000000,"sum":2245900.000000000},"progress_without_timeout":{"num":0,"min":0.000000000,"max":0.000000000,"avg":0.000000000,"var":0.000000000,"sum":0.000000000},"trigger":{"num":22440,"min":0.000000238,"max":0.000007153,"avg":0.000000318,"var":0.000000000,"sum":0.007132292}},"rpcs":{"65535:65535:7940397281847607295:2":{"rpc_id":7940397281847607295,"provider_id":2,"parent_rpc_id":65535,"parent_provider_id":65535,"name":"__identity__","origin":{"sent to ofi+cxi://0x06f2600c":{"iforward":{"duration":{"num":1,"min":0.000127554,"max":0.000127554,"avg":0.000127554,"var":0.000000000,"sum":0.000127554},"relative_timestamp_from_create":{"num":1,"min":0.000018120,"max":0.000018120,"avg":0.000018120,"var":0.000000000,"sum":0.000018120}},"forward_cb":{"duration":{"num":1,"min":0.000003338,"max":0.000003338,"avg":0.000003338,"var":0.000000000,"sum":0.000003338},"relative_timestamp_from_iforward_start":{"num":1,"min":0.009213686,"max":0.009213686,"avg":0.009213686,"var":0.000000000,"sum":0.009213686}},"iforward_wait":{"duration":{"num":1,"min":0.009093046,"max":0.009093046,"avg":0.009093046,"var":0.000000000,"sum":0.009093046},"relative_timestamp_from_iforward_end":{"num":1,"min":0.000000477,"max":0.000000477,"avg":0.000000477,"var":0.000000000,"sum":0.000000477}},"set_input":{"duration":{"num":0,"min":0.000000000,"max":0.000000000,"avg":0.000000000,"var":0.000000000,"sum":0.000000000},"relative_timestamp_from_iforward_start":{"num":0,"min":0.000000000,"max":0.000000000,"avg":0.000000000,"var":0.000000000,"sum":0.000000000}},"get_output":{"duration":{"num":1,"min":0.000006199,"max":0.000006199,"avg":0.000006199,"var":0.000000000,"sum":0.000006199},"relative_timestamp_from_wait_end":{"num":1,"min":0.000001192,"max":0.000001192,"avg":0.000001192,"var":0.000000000,"sum":0.000001192}}}}},"65535:65535:9722976651498815487:2":{"rpc_id":9722976651498815487,"provider_id":2,"parent_rpc_id":65535,"parent_provider_id":65535,"name":"flock_get_view","origin":{"sent to ofi+cxi://0x06f2600c":{"iforward":{"duration":{"num":2,"min":0.000010967,"max":0.000019550,"avg":0.000015259,"var":0.000000000,"sum":0.000030518},"relative_timestamp_from_create":{"num":2,"min":0.000000238,"max":0.000000715,"avg":0.000000477,"var":0.000000000,"sum":0.000000954}},"forward_cb":{"duration":{"num":2,"min":0.000000000,"max":0.000000238,"avg":0.000000119,"var":0.000000000,"sum":0.000000238},"relative_timestamp_from_iforward_start":{"num":2,"min":0.013072968,"max":0.034176826,"avg":0.023624897,"var":0.000222686,"sum":0.047249794}},"iforward_wait":{"duration":{"num":2,"min":0.013062477,"max":0.034156799,"avg":0.023609638,"var":0.000222485,"sum":0.047219276},"relative_timestamp_from_iforward_end":{"num":2,"min":0.000000238,"max":0.000001431,"avg":0.000000834,"var":0.000000000,"sum":0.000001669}},"set_input":{"duration":{"num":2,"min":0.000000238,"max":0.000000238,"avg":0.000000238,"var":0.000000000,"sum":0.000000477},"relative_timestamp_from_iforward_start":{"num":2,"min":0.000001431,"max":0.000005245,"avg":0.000003338,"var":0.000000000,"sum":0.000006676}},"get_output":{"duration":{"num":2,"min":0.000000238,"max":0.000022888,"avg":0.000011563,"var":0.000000000,"sum":0.000023127},"relative_timestamp_from_wait_end":{"num":2,"min":0.000000238,"max":0.000001192,"avg":0.000000715,"var":0.000000000,"sum":0.000001431}}}}},"65535:65535:3669993900245843967:1":{"rpc_id":3669993900245843967,"provider_id":1,"parent_rpc_id":65535,"parent_provider_id":65535,"name":"qtn_work_rpc","origin":{"sent to ofi+cxi://0x06f3e016":{"iforward":{"duration":{"num":22436,"min":0.000001431,"max":0.000032902,"avg":0.000002102,"var":0.000000005,"sum":0.047163486},"relative_timestamp_from_create":{"num":22436,"min":0.000000000,"max":0.000002861,"avg":0.000000084,"var":0.000000000,"sum":0.001878977}},"forward_cb":{"duration":{"num":22436,"min":0.000000000,"max":0.000005722,"avg":0.000000140,"var":0.000000000,"sum":0.003151894},"relative_timestamp_from_iforward_start":{"num":22436,"min":0.000008821,"max":0.018944263,"avg":0.000230297,"var":0.001112239,"sum":5.166945934}},"iforward_wait":{"duration":{"num":22436,"min":0.000002623,"max":0.018942595,"avg":0.000228667,"var":0.001112207,"sum":5.130373716},"relative_timestamp_from_iforward_end":{"num":22436,"min":0.000000000,"max":0.000002861,"avg":0.000000166,"var":0.000000000,"sum":0.003731012}},"set_input":{"duration":{"num":22436,"min":0.000000000,"max":0.000003338,"avg":0.000000096,"var":0.000000000,"sum":0.002157211},"relative_timestamp_from_iforward_start":{"num":22436,"min":0.000000477,"max":0.000007391,"avg":0.000000875,"var":0.000000001,"sum":0.019624710}},"get_output":{"duration":{"num":22436,"min":0.000000000,"max":0.000001669,"avg":0.000000103,"var":0.000000000,"sum":0.002320051},"relative_timestamp_from_wait_end":{"num":22436,"min":0.000000000,"max":0.000002146,"avg":0.000000163,"var":0.000000000,"sum":0.003664970}}}}}},"hostname":"x4418c0s0b0n0","pid":31152,"cmdline":["/home/carns/working/src/spack/var/spack/environments/quintain-2025-07/.spack-env/view/bin/quintain-benchmark","-g","quintain.flock.json","-j","/home/carns/working/dbg/john-quintain-profile-example-2025-07/quintain-benchmark-rpc.json","-o","/flare/radix-io/carns/quintain/6710290.aurora-pbs-0001.hostmgmt.cm.aurora.alcf.anl.gov/rpc-sweep-servers408-clis816"]}