{"address":"","rpcs":{"qtn_work_rpc:1":{"timestamps":[1753558083.971479893,1753558084.971480370,1753558085.971480608,1753558086.971480846,1753558087.971481085,1753558088.971481562,1753558090.047049284,1753558091.086980581,1753558092.127064705,1753558093.166759014,1753558094.207129955,1753558095.247328758,1753558096.287692308,1753558097.327489853,1753558098.367702007,1753558099.407340050,1753558100.446763277,1753558101.486816645,1753558102.527725458,1753558103.567653894,1753558104.607570648,1753558105.647027731,1753558106.687623262,1753558107.726889610,1753558108.766911030,1753558109.807702780,1753558110.846764088,1753558111.887049913,1753558112.927249670,1753558113.967207193,1753558115.006871939,1753558116.047772884,1753558117.087452888,1753558118.126765251,1753558119.167222500,1753558120.207741022,1753558121.247473240,1753558122.287547112,1753558123.287547350,1753558124.306431293,1753558125.322687626,1753558126.322688103,1753558127.339049339,1753558128.342016697,1753558129.423035145,1753558130.462963820,1753558131.503655434,1753558132.519889116,1753558133.542422056,1753558134.542422533,1753558135.556126118,1753558136.572537422,1753558137.635488272,1753558138.675181150,1753558139.715334415,1753558140.755228758,1753558141.795785189,1753558142.834960938,1753558143.875417948,1753558144.915682316,1753558145.955346346,1753558146.995115519,1753558148.035447598,1753558149.075773001,1753558150.115467310,1753558151.155646324,1753558152.195200205,1753558153.235334635,1753558154.275127172,1753558155.249022961],"count":[739,10445,12865,13105,13095,13246,3137,0,0,0,0,0,0,0,0,0,0,0,0,0,0,0,0,0,0,0,0,0,0,0,0,0,0,0,0,0,0,0,272,283,249,263,315,257,361,0,0,204,285,261,294,273,33,0,0,0,0,0,0,0,0,0,0,0,0,0,0,0,0,0],"bulk_size":[0,0,0,0,0,0,0,0,0,0,0,0,0,0,0,0,0,0,0,0,0,0,0,0,0,0,0,0,0,0,0,0,0,0,0,0,0,0,1140850688,1186988032,1044381696,1103101952,1321205760,1077936128,1514143744,0,0,855638016,1195376640,1094713344,1233125376,1145044992,138412032,0,0,0,0,0,0,0,0,0,0,0,0,0,0,0,0,0]},"__shutdown__:65535":{"timestamps":[1753558155.249022961],"count":[1],"bulk_size":[0]}},"pools":{"__primary__":{"timestamps":[1753558039.291691065,1753558040.331535339,1753558041.371342897,1753558042.411116362,1753558043.451470852,1753558044.491174221,1753558045.531666040,1753558046.571135998,1753558047.611659527,1753558048.651620388,1753558049.691566467,1753558050.731681585,1753558051.771299124,1753558052.811567307,1753558053.851629496,1753558054.890881777,1753558055.930828810,1753558056.971586466,1753558058.010871887,1753558059.050830126,1753558060.090904474,1753558061.131591558,1753558062.171731710,1753558063.211007357,1753558064.251238823,1753558065.291586876,1753558066.331730843,1753558067.371426582,1753558068.411087990,1753558069.450985909,1753558070.488249540,1753558071.531539679,1753558072.567939520,1753558073.611103773,1753558074.651475668,1753558075.691386938,1753558076.731343269,1753558077.771369219,1753558078.811012030,1753558079.850946426,1753558080.891446352,1753558081.930785894,1753558082.971479654,1753558083.971479893,1753558084.971480370,1753558085.971480608,1753558086.971480846,1753558087.971481085,1753558088.971481562,1753558090.047049284,1753558091.086980581,1753558092.127064705,1753558093.166759014,1753558094.207129955,1753558095.247328758,1753558096.287692308,1753558097.327489853,1753558098.367702007,1753558099.407340050,1753558100.446763277,1753558101.486816645,1753558102.527725458,1753558103.567653894,1753558104.607570648,1753558105.647027731,1753558106.687623262,1753558107.726889610,1753558108.766911030,1753558109.807702780,1753558110.846764088,1753558111.887049913,1753558112.927249670,1753558113.967207193,1753558115.006871939,1753558116.047772884,1753558117.087452888,1753558118.126765251,1753558119.167222500,1753558120.207741022,1753558121.247473240,1753558122.287547112,1753558123.287547350,1753558124.306431293,1753558125.322687626,1753558126.322688103,1753558127.339049339,1753558128.342016697,1753558129.423035145,1753558130.462963820,1753558131.503655434,1753558132.519889116,1753558133.542422056,1753558134.542422533,1753558135.556126118,1753558136.572537422,1753558137.635488272,1753558138.675181150,1753558139.715334415,1753558140.755228758,1753558141.795785189,1753558142.834960938,1753558143.875417948,1753558144.915682316,1753558145.955346346,1753558146.995115519,1753558148.035447598,1753558149.075773001,1753558150.115467310,1753558151.155646324,1753558152.195200205,1753558153.235334635,1753558154.275127172,1753558155.249022961],"size":[0,0,0,0,0,0,0,0,0,0,0,0,0,0,0,0,0,0,0,0,0,0,0,0,0,0,0,0,0,0,0,0,0,0,0,0,0,0,0,0,0,0,0,0,0,0,0,0,0,0,0,0,0,0,0,0,0,0,0,0,0,0,0,0,0,0,0,0,0,0,0,0,0,0,0,0,0,0,0,0,0,0,0,0,0,0,0,0,0,0,0,0,0,0,0,0,0,0,0,0,0,0,0,0,0,0,0,0,0,0,0,0,0],"total_size":[1,1,1,1,1,1,1,1,1,1,1,1,1,1,1,1,1,1,1,1,1,1,1,1,1,1,1,1,1,1,1,1,1,1,1,1,1,1,1,1,1,1,1,1,2,1,1,1,1,1,1,1,1,1,1,1,1,1,1,1,1,1,1,1,1,1,1,1,1,1,1,1,1,1,1,1,1,1,1,1,1,3,2,2,2,2,2,1,1,1,3,3,3,3,2,1,1,1,1,1,1,1,1,1,1,1,1,1,1,1,1,1,0]}}}