{"address":"ofi+cxi://0x02610216","progress_loop":{"progress_with_timeout":{"num":36408,"min":0.000001192,"max":0.103302717,"avg":0.000142210,"var":0.012294500,"sum":5.177598238},"progress_timeout_value_msec":{"num":36408,"min":100.000000000,"max":100.000000000,"avg":100.000000000,"var":0.000000000,"sum":3640800.000000000},"progress_without_timeout":{"num":0,"min":0.000000000,"max":0.000000000,"avg":0.000000000,"var":0.000000000,"sum":0.000000000},"trigger":{"num":36365,"min":0.000000238,"max":0.000011206,"avg":0.000000270,"var":0.000000001,"sum":0.009824276}},"rpcs":{"65535:65535:7940397281847607295:2":{"rpc_id":7940397281847607295,"provider_id":2,"parent_rpc_id":65535,"parent_provider_id":65535,"name":"__identity__","origin":{"sent to ofi+cxi://0x0262200d":{"iforward":{"duration":{"num":1,"min":0.000092506,"max":0.000092506,"avg":0.000092506,"var":0.000000000,"sum":0.000092506},"relative_timestamp_from_create":{"num":1,"min":0.000012159,"max":0.000012159,"avg":0.000012159,"var":0.000000000,"sum":0.000012159}},"forward_cb":{"duration":{"num":1,"min":0.000010014,"max":0.000010014,"avg":0.000010014,"var":0.000000000,"sum":0.000010014},"relative_timestamp_from_iforward_start":{"num":1,"min":0.003838539,"max":0.003838539,"avg":0.003838539,"var":0.000000000,"sum":0.003838539}},"iforward_wait":{"duration":{"num":1,"min":0.003761530,"max":0.003761530,"avg":0.003761530,"var":0.000000000,"sum":0.003761530},"relative_timestamp_from_iforward_end":{"num":1,"min":0.000000238,"max":0.000000238,"avg":0.000000238,"var":0.000000000,"sum":0.000000238}},"set_input":{"duration":{"num":0,"min":0.000000000,"max":0.000000000,"avg":0.000000000,"var":0.000000000,"sum":0.000000000},"relative_timestamp_from_iforward_start":{"num":0,"min":0.000000000,"max":0.000000000,"avg":0.000000000,"var":0.000000000,"sum":0.000000000}},"get_output":{"duration":{"num":1,"min":0.000007868,"max":0.000007868,"avg":0.000007868,"var":0.000000000,"sum":0.000007868},"relative_timestamp_from_wait_end":{"num":1,"min":0.000001431,"max":0.000001431,"avg":0.000001431,"var":0.000000000,"sum":0.000001431}}}}},"65535:65535:9722976651498815487:2":{"rpc_id":9722976651498815487,"provider_id":2,"parent_rpc_id":65535,"parent_provider_id":65535,"name":"flock_get_view","origin":{"sent to ofi+cxi://0x0262200d":{"iforward":{"duration":{"num":2,"min":0.000012159,"max":0.000039577,"avg":0.000025868,"var":0.000000000,"sum":0.000051737},"relative_timestamp_from_create":{"num":2,"min":0.000000238,"max":0.000001669,"avg":0.000000954,"var":0.000000000,"sum":0.000001907}},"forward_cb":{"duration":{"num":2,"min":0.000000238,"max":0.000001192,"avg":0.000000715,"var":0.000000000,"sum":0.000001431},"relative_timestamp_from_iforward_start":{"num":2,"min":0.021266222,"max":0.031372547,"avg":0.026319385,"var":0.000051069,"sum":0.052638769}},"iforward_wait":{"duration":{"num":2,"min":0.021226168,"max":0.031364918,"avg":0.026295543,"var":0.000051397,"sum":0.052591085},"relative_timestamp_from_iforward_end":{"num":2,"min":0.000000238,"max":0.000001669,"avg":0.000000954,"var":0.000000000,"sum":0.000001907}},"set_input":{"duration":{"num":2,"min":0.000000000,"max":0.000000238,"avg":0.000000119,"var":0.000000000,"sum":0.000000238},"relative_timestamp_from_iforward_start":{"num":2,"min":0.000001907,"max":0.000011206,"avg":0.000006557,"var":0.000000000,"sum":0.000013113}},"get_output":{"duration":{"num":2,"min":0.000001192,"max":0.000034332,"avg":0.000017762,"var":0.000000001,"sum":0.000035524},"relative_timestamp_from_wait_end":{"num":2,"min":0.000001192,"max":0.000001192,"avg":0.000001192,"var":0.000000000,"sum":0.000002384}}}}},"65535:65535:3669993900245843967:1":{"rpc_id":3669993900245843967,"provider_id":1,"parent_rpc_id":65535,"parent_provider_id":65535,"name":"qtn_work_rpc","origin":{"sent to ofi+cxi://0x0262c010":{"iforward":{"duration":{"num":36361,"min":0.000001431,"max":0.000056267,"avg":0.000001596,"var":0.000000007,"sum":0.058043718},"relative_timestamp_from_create":{"num":36361,"min":0.000000000,"max":0.000001192,"avg":0.000000074,"var":0.000000000,"sum":0.002680063}},"forward_cb":{"duration":{"num":36361,"min":0.000000000,"max":0.000004053,"avg":0.000000119,"var":0.000000001,"sum":0.004320145},"relative_timestamp_from_iforward_start":{"num":36361,"min":0.000008345,"max":0.000752687,"avg":0.000140161,"var":0.000226711,"sum":5.096409321}},"iforward_wait":{"duration":{"num":36361,"min":0.000004053,"max":0.000751972,"avg":0.000138921,"var":0.000226606,"sum":5.051309109},"relative_timestamp_from_iforward_end":{"num":36361,"min":0.000000000,"max":0.000006437,"avg":0.000000184,"var":0.000000000,"sum":0.006686449}},"set_input":{"duration":{"num":36361,"min":0.000000000,"max":0.000002384,"avg":0.000000082,"var":0.000000000,"sum":0.002969503},"relative_timestamp_from_iforward_start":{"num":36361,"min":0.000000477,"max":0.000012398,"avg":0.000000689,"var":0.000000000,"sum":0.025067329}},"get_output":{"duration":{"num":36361,"min":0.000000000,"max":0.000005960,"avg":0.000000089,"var":0.000000001,"sum":0.003244162},"relative_timestamp_from_wait_end":{"num":36361,"min":0.000000000,"max":0.000006676,"avg":0.000000150,"var":0.000000001,"sum":0.005468845}}}}}},"hostname":"x4108c0s5b0n0","pid":35713,"cmdline":["/home/carns/working/src/spack/var/spack/environments/quintain-2025-07/.spack-env/view/bin/quintain-benchmark","-g","quintain.flock.json","-j","/home/carns/working/dbg/john-quintain-profile-example-2025-07/quintain-benchmark-rpc.json","-o","/flare/radix-io/carns/quintain/6767526.aurora-pbs-0001.hostmgmt.cm.aurora.alcf.anl.gov/rpc-sweep-servers408-clis816"]}