{"address":"","progress_loop":{"progress_with_timeout":{"num":2303,"min":0.000001669,"max":0.108458757,"avg":0.082259005,"var":4.094770434,"sum":189.442488194},"progress_timeout_value_msec":{"num":2303,"min":100.000000000,"max":100.000000000,"avg":100.000000000,"var":0.000000000,"sum":230300.000000000},"progress_without_timeout":{"num":14620300,"min":0.000000000,"max":0.000504255,"avg":0.000000156,"var":0.000000911,"sum":2.286723614},"trigger":{"num":100559,"min":0.000000238,"max":0.000036955,"avg":0.000000632,"var":0.000000054,"sum":0.063530922}},"rpcs":{"65535:65535:3669993900245843967:1":{"rpc_id":3669993900245843967,"provider_id":1,"parent_rpc_id":65535,"parent_provider_id":65535,"name":"qtn_work_rpc","target":{"received from ofi+cxi://0x06f04015":{"handler":{"duration":{"num":22580,"min":0.000000477,"max":0.000026703,"avg":0.000000627,"var":0.000000009,"sum":0.014147997}},"ult":{"duration":{"num":22580,"min":0.000004530,"max":0.000044346,"avg":0.000004884,"var":0.000000023,"sum":0.110279083},"relative_timestamp_from_handler_start":{"num":22580,"min":0.000000715,"max":0.000033379,"avg":0.000000999,"var":0.000000020,"sum":0.022549391}},"irespond":{"duration":{"num":22580,"min":0.000000238,"max":0.000025988,"avg":0.000000490,"var":0.000000002,"sum":0.011053324},"relative_timestamp_from_ult_start":{"num":22580,"min":0.000000238,"max":0.000009537,"avg":0.000000295,"var":0.000000001,"sum":0.006669044}},"respond_cb":{"duration":{"num":22580,"min":0.000000000,"max":0.000004053,"avg":0.000000112,"var":0.000000000,"sum":0.002530813},"relative_timestamp_from_irespond_start":{"num":22580,"min":0.000003576,"max":0.000043392,"avg":0.000003966,"var":0.000000018,"sum":0.089541674}},"irespond_wait":{"duration":{"num":22580,"min":0.000001431,"max":0.000041246,"avg":0.000003703,"var":0.000000013,"sum":0.083602667},"relative_timestamp_from_irespond_end":{"num":22580,"min":0.000000000,"max":0.000041962,"avg":0.000000182,"var":0.000000003,"sum":0.004117966}},"set_output":{"duration":{"num":22580,"min":0.000000000,"max":0.000025749,"avg":0.000000065,"var":0.000000001,"sum":0.001472473},"relative_timestamp_from_irespond_start":{"num":22580,"min":0.000000000,"max":0.000001669,"avg":0.000000084,"var":0.000000000,"sum":0.001905918}},"get_input":{"duration":{"num":22580,"min":0.000000000,"max":0.000005245,"avg":0.000000101,"var":0.000000000,"sum":0.002273560},"relative_timestamp_from_ult_start":{"num":22580,"min":0.000000000,"max":0.000009298,"avg":0.000000126,"var":0.000000000,"sum":0.002845049}}},"received from ofi+cxi://0x06f0060e":{"handler":{"duration":{"num":22909,"min":0.000000477,"max":0.000034332,"avg":0.000000629,"var":0.000000008,"sum":0.014403582}},"ult":{"duration":{"num":22909,"min":0.000004530,"max":0.000509501,"avg":0.000004925,"var":0.000000278,"sum":0.112823248},"relative_timestamp_from_handler_start":{"num":22909,"min":0.000000715,"max":0.000034809,"avg":0.000000995,"var":0.000000016,"sum":0.022791386}},"irespond":{"duration":{"num":22909,"min":0.000000238,"max":0.000034094,"avg":0.000000496,"var":0.000000004,"sum":0.011360884},"relative_timestamp_from_ult_start":{"num":22909,"min":0.000000238,"max":0.000026226,"avg":0.000000296,"var":0.000000001,"sum":0.006786346}},"respond_cb":{"duration":{"num":22909,"min":0.000000000,"max":0.000026703,"avg":0.000000114,"var":0.000000001,"sum":0.002614975},"relative_timestamp_from_irespond_start":{"num":22909,"min":0.000003576,"max":0.000508070,"avg":0.000003998,"var":0.000000270,"sum":0.091597319}},"irespond_wait":{"duration":{"num":22909,"min":0.000001192,"max":0.000508070,"avg":0.000003738,"var":0.000000269,"sum":0.085638762},"relative_timestamp_from_irespond_end":{"num":22909,"min":0.000000000,"max":0.000005722,"avg":0.000000178,"var":0.000000000,"sum":0.004082680}},"set_output":{"duration":{"num":22909,"min":0.000000000,"max":0.000000477,"avg":0.000000069,"var":0.000000000,"sum":0.001576662},"relative_timestamp_from_irespond_start":{"num":22909,"min":0.000000000,"max":0.000000715,"avg":0.000000083,"var":0.000000000,"sum":0.001904488}},"get_input":{"duration":{"num":22909,"min":0.000000000,"max":0.000004768,"avg":0.000000103,"var":0.000000000,"sum":0.002357244},"relative_timestamp_from_ult_start":{"num":22909,"min":0.000000000,"max":0.000026226,"avg":0.000000125,"var":0.000000001,"sum":0.002869368}}},"received from ofi+cxi://0x06f08412":{"handler":{"duration":{"num":1623,"min":0.000000477,"max":0.000010729,"avg":0.000000989,"var":0.000000001,"sum":0.001604795}},"ult":{"duration":{"num":1623,"min":0.000204086,"max":0.029173374,"avg":0.005059078,"var":0.102416496,"sum":8.210884094},"relative_timestamp_from_handler_start":{"num":1623,"min":0.000000715,"max":0.021147966,"avg":0.001691235,"var":0.047151783,"sum":2.744874716}},"irespond":{"duration":{"num":1623,"min":0.000000238,"max":0.000010729,"avg":0.000000929,"var":0.000000001,"sum":0.001507998},"relative_timestamp_from_ult_start":{"num":1623,"min":0.000184774,"max":0.029156923,"avg":0.004941642,"var":0.102350133,"sum":8.020285368}},"respond_cb":{"duration":{"num":1623,"min":0.000000000,"max":0.000004292,"avg":0.000000174,"var":0.000000000,"sum":0.000282526},"relative_timestamp_from_irespond_start":{"num":1623,"min":0.000003815,"max":0.019853592,"avg":0.000082072,"var":0.000458541,"sum":0.133203030}},"irespond_wait":{"duration":{"num":1623,"min":0.000003338,"max":0.022168636,"avg":0.000084112,"var":0.000568626,"sum":0.136513710},"relative_timestamp_from_irespond_end":{"num":1623,"min":0.000000000,"max":0.000003576,"avg":0.000000322,"var":0.000000000,"sum":0.000522137}},"set_output":{"duration":{"num":1623,"min":0.000000000,"max":0.000004053,"avg":0.000000126,"var":0.000000000,"sum":0.000204086},"relative_timestamp_from_irespond_start":{"num":1623,"min":0.000000000,"max":0.000005722,"avg":0.000000220,"var":0.000000000,"sum":0.000357628}},"get_input":{"duration":{"num":1623,"min":0.000000000,"max":0.000019789,"avg":0.000000543,"var":0.000000001,"sum":0.000880718},"relative_timestamp_from_ult_start":{"num":1623,"min":0.000000000,"max":0.000005960,"avg":0.000000216,"var":0.000000000,"sum":0.000351191}},"bulk":{"create":{"duration":{"num":1623,"min":0.000002384,"max":0.020976782,"avg":0.003907263,"var":0.086801791,"sum":6.341487169},"size":{"num":1623,"min":4194304.000000000,"max":4194304.000000000,"avg":4194304.000000000,"var":0.000000000,"sum":6807355392.000000000}},"pull from ofi+cxi://0x06f08412":{"itransfer":{"duration":{"num":1623,"min":0.000000715,"max":0.000020981,"avg":0.000002145,"var":0.000000006,"sum":0.003481150},"size":{"num":1623,"min":4194304.000000000,"max":4194304.000000000,"avg":4194304.000000000,"var":0.000000000,"sum":6807355392.000000000}},"transfer_cb":{"duration":{"num":1623,"min":0.000000000,"max":0.000005722,"avg":0.000000178,"var":0.000000000,"sum":0.000288963},"relative_timestamp_from_itransfer_start":{"num":1623,"min":0.000180483,"max":0.020672798,"avg":0.000987733,"var":0.002263871,"sum":1.603090763}},"itransfer_wait":{"duration":{"num":1623,"min":0.000179768,"max":0.029149771,"avg":0.001027304,"var":0.003746115,"sum":1.667313814},"relative_timestamp_from_itransfer_end":{"num":1623,"min":0.000000000,"max":0.000002861,"avg":0.000000345,"var":0.000000000,"sum":0.000560284}}}}},"received from ofi+cxi://0x06f0c016":{"handler":{"duration":{"num":1570,"min":0.000000477,"max":0.000008583,"avg":0.000000954,"var":0.000000001,"sum":0.001497269}},"ult":{"duration":{"num":1570,"min":0.000199318,"max":0.029046535,"avg":0.004242208,"var":0.079086061,"sum":6.660266638},"relative_timestamp_from_handler_start":{"num":1570,"min":0.000000715,"max":0.020896435,"avg":0.001679572,"var":0.045149096,"sum":2.636928082}},"irespond":{"duration":{"num":1570,"min":0.000000238,"max":0.000013828,"avg":0.000000933,"var":0.000000001,"sum":0.001464605},"relative_timestamp_from_ult_start":{"num":1570,"min":0.000187159,"max":0.029031992,"avg":0.004148911,"var":0.078678528,"sum":6.513789654}},"respond_cb":{"duration":{"num":1570,"min":0.000000000,"max":0.000004530,