{"address":"","rpcs":{},"pools":{"__primary__":{"timestamps":[1753367037.311006784,1753367038.311578989,1753367039.331583023,1753367040.333706617,1753367041.353298187,1753367042.365685225,1753367043.366763592,1753367044.367222309,1753367045.377909422,1753367047.150645494,1753367048.172439337,1753367049.191586018,1753367050.203217983,1753367051.205456734,1753367052.522694826,1753367052.651552677],"size":[0,0,0,0,0,0,0,0,0,0,0,0,0,0,0,0],"total_size":[1,1,1,1,1,1,1,1,1,1,1,1,1,1,1,0]}}}