{"address":"ofi+cxi://0x02616019","progress_loop":{"progress_with_timeout":{"num":31800,"min":0.000000954,"max":0.104348660,"avg":0.000163781,"var":0.012915954,"sum":5.208231211},"progress_timeout_value_msec":{"num":31800,"min":100.000000000,"max":100.000000000,"avg":100.000000000,"var":0.000000000,"sum":3180000.000000000},"progress_without_timeout":{"num":0,"min":0.000000000,"max":0.000000000,"avg":0.000000000,"var":0.000000000,"sum":0.000000000},"trigger":{"num":31782,"min":0.000000238,"max":0.000011683,"avg":0.000000276,"var":0.000000001,"sum":0.008763313}},"rpcs":{"65535:65535:7940397281847607295:2":{"rpc_id":7940397281847607295,"provider_id":2,"parent_rpc_id":65535,"parent_provider_id":65535,"name":"__identity__","origin":{"sent to ofi+cxi://0x0262200d":{"iforward":{"duration":{"num":1,"min":0.000295162,"max":0.000295162,"avg":0.000295162,"var":0.000000000,"sum":0.000295162},"relative_timestamp_from_create":{"num":1,"min":0.000003099,"max":0.000003099,"avg":0.000003099,"var":0.000000000,"sum":0.000003099}},"forward_cb":{"duration":{"num":1,"min":0.000010490,"max":0.000010490,"avg":0.000010490,"var":0.000000000,"sum":0.000010490},"relative_timestamp_from_iforward_start":{"num":1,"min":0.009376764,"max":0.009376764,"avg":0.009376764,"var":0.000000000,"sum":0.009376764}},"iforward_wait":{"duration":{"num":1,"min":0.009097815,"max":0.009097815,"avg":0.009097815,"var":0.000000000,"sum":0.009097815},"relative_timestamp_from_iforward_end":{"num":1,"min":0.000000477,"max":0.000000477,"avg":0.000000477,"var":0.000000000,"sum":0.000000477}},"set_input":{"duration":{"num":0,"min":0.000000000,"max":0.000000000,"avg":0.000000000,"var":0.000000000,"sum":0.000000000},"relative_timestamp_from_iforward_start":{"num":0,"min":0.000000000,"max":0.000000000,"avg":0.000000000,"var":0.000000000,"sum":0.000000000}},"get_output":{"duration":{"num":1,"min":0.000008345,"max":0.000008345,"avg":0.000008345,"var":0.000000000,"sum":0.000008345},"relative_timestamp_from_wait_end":{"num":1,"min":0.000001431,"max":0.000001431,"avg":0.000001431,"var":0.000000000,"sum":0.000001431}}}}},"65535:65535:9722976651498815487:2":{"rpc_id":9722976651498815487,"provider_id":2,"parent_rpc_id":65535,"parent_provider_id":65535,"name":"flock_get_view","origin":{"sent to ofi+cxi://0x0262200d":{"iforward":{"duration":{"num":2,"min":0.000010967,"max":0.000041008,"avg":0.000025988,"var":0.000000000,"sum":0.000051975},"relative_timestamp_from_create":{"num":2,"min":0.000000238,"max":0.000001192,"avg":0.000000715,"var":0.000000000,"sum":0.000001431}},"forward_cb":{"duration":{"num":2,"min":0.000000238,"max":0.000000238,"avg":0.000000238,"var":0.000000000,"sum":0.000000477},"relative_timestamp_from_iforward_start":{"num":2,"min":0.018347502,"max":0.031264067,"avg":0.024805784,"var":0.000083419,"sum":0.049611568}},"iforward_wait":{"duration":{"num":2,"min":0.018337011,"max":0.031222582,"avg":0.024779797,"var":0.000083019,"sum":0.049559593},"relative_timestamp_from_iforward_end":{"num":2,"min":0.000000238,"max":0.000001431,"avg":0.000000834,"var":0.000000000,"sum":0.000001669}},"set_input":{"duration":{"num":2,"min":0.000000238,"max":0.000000477,"avg":0.000000358,"var":0.000000000,"sum":0.000000715},"relative_timestamp_from_iforward_start":{"num":2,"min":0.000001431,"max":0.000012398,"avg":0.000006914,"var":0.000000000,"sum":0.000013828}},"get_output":{"duration":{"num":2,"min":0.000000238,"max":0.000032187,"avg":0.000016212,"var":0.000000001,"sum":0.000032425},"relative_timestamp_from_wait_end":{"num":2,"min":0.000000477,"max":0.000001192,"avg":0.000000834,"var":0.000000000,"sum":0.000001669}}}}},"65535:65535:3669993900245843967:1":{"rpc_id":3669993900245843967,"provider_id":1,"parent_rpc_id":65535,"parent_provider_id":65535,"name":"qtn_work_rpc","origin":{"sent to ofi+cxi://0x02634012":{"iforward":{"duration":{"num":31778,"min":0.000001192,"max":0.000038624,"avg":0.000001531,"var":0.000000004,"sum":0.048661947},"relative_timestamp_from_create":{"num":31778,"min":0.000000000,"max":0.000000954,"avg":0.000000077,"var":0.000000000,"sum":0.002459764}},"forward_cb":{"duration":{"num":31778,"min":0.000000000,"max":0.000002384,"avg":0.000000126,"var":0.000000000,"sum":0.003990412},"relative_timestamp_from_iforward_start":{"num":31778,"min":0.000008345,"max":0.000699520,"avg":0.000160861,"var":0.000692957,"sum":5.111829281}},"iforward_wait":{"duration":{"num":31778,"min":0.000002146,"max":0.000698566,"avg":0.000159698,"var":0.000692891,"sum":5.074896336},"relative_timestamp_from_iforward_end":{"num":31778,"min":0.000000000,"max":0.000016928,"avg":0.000000183,"var":0.000000001,"sum":0.005809069}},"set_input":{"duration":{"num":31778,"min":0.000000000,"max":0.000002146,"avg":0.000000080,"var":0.000000000,"sum":0.002542257},"relative_timestamp_from_iforward_start":{"num":31778,"min":0.000000477,"max":0.000006676,"avg":0.000000682,"var":0.000000000,"sum":0.021666527}},"get_output":{"duration":{"num":31778,"min":0.000000000,"max":0.000002146,"avg":0.000000088,"var":0.000000000,"sum":0.002801418},"relative_timestamp_from_wait_end":{"num":31778,"min":0.000000000,"max":0.000002384,"avg":0.000000145,"var":0.000000000,"sum":0.004614830}}}}}},"hostname":"x4108c0s2b0n0","pid":31186,"cmdline":["/home/carns/working/src/spack/var/spack/environments/quintain-2025-07/.spack-env/view/bin/quintain-benchmark","-g","quintain.flock.json","-j","/home/carns/working/dbg/john-quintain-profile-example-2025-07/quintain-benchmark-rpc.json","-o","/flare/radix-io/carns/quintain/6767526.aurora-pbs-0001.hostmgmt.cm.aurora.alcf.anl.gov/rpc-sweep-servers408-clis816"]}