{"address":"","rpcs":{},"pools":{"__primary__":{"timestamps":[1753367037.311919928,1753367038.313795567,1753367039.322578669,1753367040.339684963,1753367041.344910622,1753367042.354614496,1753367043.357176065,1753367047.154369354,1753367048.158169746,1753367049.173177242,1753367050.180231094,1753367051.185693026,1753367052.522044420,1753367052.711961269],"size":[0,0,0,0,0,0,0,0,0,0,0,0,0,0],"total_size":[1,1,1,1,1,1,1,1,1,1,1,1,1,0]}}}