{"address":"","rpcs":{},"pools":{"__primary__":{"timestamps":[1753366941.850975990,1753366942.851082087,1753366943.851131916,1753366944.851250887,1753366945.851488590,1753366946.851671457,1753366956.002771139,1753366956.108995676],"size":[0,0,0,0,0,0,0,0],"total_size":[1,1,1,1,1,1,1,0]}}}