{"address":"ofi+cxi://0x02636218","progress_loop":{"progress_with_timeout":{"num":1434,"min":0.000001669,"max":0.108553648,"avg":0.069420918,"var":3.425380101,"sum":99.549596071},"progress_timeout_value_msec":{"num":1434,"min":100.000000000,"max":100.000000000,"avg":100.000000000,"var":0.000000000,"sum":143400.000000000},"progress_without_timeout":{"num":15322950,"min":0.000000000,"max":0.000515699,"avg":0.000000156,"var":0.000000944,"sum":2.389388323},"trigger":{"num":142850,"min":0.000000238,"max":0.000055790,"avg":0.000000567,"var":0.000000052,"sum":0.080968380}},"rpcs":{"65535:65535:3669993900245843967:1":{"rpc_id":3669993900245843967,"provider_id":1,"parent_rpc_id":65535,"parent_provider_id":65535,"name":"qtn_work_rpc","target":{"received from ofi+cxi://0x02614019":{"handler":{"duration":{"num":33931,"min":0.000000238,"max":0.000030518,"avg":0.000000537,"var":0.000000006,"sum":0.018232107}},"ult":{"duration":{"num":33931,"min":0.000004292,"max":0.000473261,"avg":0.000004844,"var":0.000000246,"sum":0.164375067},"relative_timestamp_from_handler_start":{"num":33931,"min":0.000000477,"max":0.000032425,"avg":0.000000886,"var":0.000000017,"sum":0.030076742}},"irespond":{"duration":{"num":33931,"min":0.000000238,"max":0.000032902,"avg":0.000000469,"var":0.000000004,"sum":0.015901804},"relative_timestamp_from_ult_start":{"num":33931,"min":0.000000238,"max":0.000009537,"avg":0.000000294,"var":0.000000001,"sum":0.009976625}},"respond_cb":{"duration":{"num":33931,"min":0.000000000,"max":0.000006199,"avg":0.000000108,"var":0.000000001,"sum":0.003670692},"relative_timestamp_from_irespond_start":{"num":33931,"min":0.000003576,"max":0.000471830,"avg":0.000003935,"var":0.000000238,"sum":0.133533001}},"irespond_wait":{"duration":{"num":33931,"min":0.000001192,"max":0.000471830,"avg":0.000003695,"var":0.000000237,"sum":0.125378370},"relative_timestamp_from_irespond_end":{"num":33931,"min":0.000000000,"max":0.000020027,"avg":0.000000182,"var":0.000000001,"sum":0.006166935}},"set_output":{"duration":{"num":33931,"min":0.000000000,"max":0.000025034,"avg":0.000000062,"var":0.000000002,"sum":0.002104044},"relative_timestamp_from_irespond_start":{"num":33931,"min":0.000000000,"max":0.000004768,"avg":0.000000077,"var":0.000000000,"sum":0.002629280}},"get_input":{"duration":{"num":33931,"min":0.000000000,"max":0.000003338,"avg":0.000000106,"var":0.000000001,"sum":0.003613472},"relative_timestamp_from_ult_start":{"num":33931,"min":0.000000000,"max":0.000009298,"avg":0.000000121,"var":0.000000001,"sum":0.004102230}}},"received from ofi+cxi://0x02636418":{"handler":{"duration":{"num":32345,"min":0.000000477,"max":0.000025272,"avg":0.000000538,"var":0.000000005,"sum":0.017399549}},"ult":{"duration":{"num":32345,"min":0.000003576,"max":0.000041008,"avg":0.000004127,"var":0.000000031,"sum":0.133480072},"relative_timestamp_from_handler_start":{"num":32345,"min":0.000000715,"max":0.000025511,"avg":0.000000888,"var":0.000000015,"sum":0.028736591}},"irespond":{"duration":{"num":32345,"min":0.000000238,"max":0.000031948,"avg":0.000000471,"var":0.000000002,"sum":0.015234709},"relative_timestamp_from_ult_start":{"num":32345,"min":0.000000238,"max":0.000028610,"avg":0.000000297,"var":0.000000002,"sum":0.009612799}},"respond_cb":{"duration":{"num":32345,"min":0.000000000,"max":0.000000477,"avg":0.000000111,"var":0.000000000,"sum":0.003578424},"relative_timestamp_from_irespond_start":{"num":32345,"min":0.000002861,"max":0.000039816,"avg":0.000003214,"var":0.000000023,"sum":0.103967190}},"irespond_wait":{"duration":{"num":32345,"min":0.000001192,"max":0.000039816,"avg":0.000002971,"var":0.000000023,"sum":0.096098661},"relative_timestamp_from_irespond_end":{"num":32345,"min":0.000000000,"max":0.000014544,"avg":0.000000183,"var":0.000000001,"sum":0.005916357}},"set_output":{"duration":{"num":32345,"min":0.000000000,"max":0.000007629,"avg":0.000000060,"var":0.000000000,"sum":0.001945496},"relative_timestamp_from_irespond_start":{"num":32345,"min":0.000000000,"max":0.000006676,"avg":0.000000080,"var":0.000000000,"sum":0.002586603}},"get_input":{"duration":{"num":32345,"min":0.000000000,"max":0.000011206,"avg":0.000000105,"var":0.000000001,"sum":0.003395081},"relative_timestamp_from_ult_start":{"num":32345,"min":0.000000000,"max":0.000000715,"avg":0.000000123,"var":0.000000000,"sum":0.003981113}}},"received from ofi+cxi://0x0263e60d":{"handler":{"duration":{"num":1722,"min":0.000000238,"max":0.000013828,"avg":0.000000907,"var":0.000000001,"sum":0.001561880}},"ult":{"duration":{"num":1722,"min":0.000200510,"max":0.032615185,"avg":0.004198758,"var":0.093921027,"sum":7.230261326},"relative_timestamp_from_handler_start":{"num":1722,"min":0.000000477,"max":0.031168938,"avg":0.001785372,"var":0.057968487,"sum":3.074409962}},"irespond":{"duration":{"num":1722,"min":0.000000238,"max":0.000017643,"avg":0.000000870,"var":0.000000001,"sum":0.001498461},"relative_timestamp_from_ult_start":{"num":1722,"min":0.000190496,"max":0.032496929,"avg":0.004043909,"var":0.093095684,"sum":6.963610649}},"respond_cb":{"duration":{"num":1722,"min":0.000000000,"max":0.000004292,"avg":0.000000154,"var":0.000000000,"sum":0.000264406},"relative_timestamp_from_irespond_start":{"num":1722,"min":0.000003815,"max":0.002353430,"avg":0.000101624,"var":0.000215031,"sum":0.174996376}},"irespond_wait":{"duration":{"num":1722,"min":0.000003338,"max":0.024332047,"avg":0.000132012,"var":0.001355275,"sum":0.227325439},"relative_timestamp_from_irespond_end":{"num":1722,"min":0.000000000,"max":0.000005484,"avg":0.000000276,"var":0.000000000,"sum":0.000475407}},"set_output":{"duration":{"num":1722,"min":0.000000000,"max":0.000003338,"avg":0.000000125,"var":0.000000000,"sum":0.000215769},"relative_timestamp_from_irespond_start":{"num":1722,"min":0.000000000,"max":0.000005245,"avg":0.000000180,"var":0.000000000,"sum":0.000309467}},"get_input":{"duration":{"num":1722,"min":0.000000000,"max":0.000037432,"avg":0.000000504,"var":0.000000002,"sum":0.000867128},"relative_timestamp_from_ult_start":{"num":1722,"min":0.000000000,"max":0.000010252,"avg":0.000000197,"var":0.000000000,"sum":0.000339270}},"bulk":{"create":{"duration":{"num":1722,"min":0.000002384,"max":0.030694246,"avg":0.002885595,"var":0.079540132,"sum":4.968993902},"size":{"num":1722,"min":4194304.000000000,"max":4194304.000000000,"avg":4194304.000000000,"var":0.000000000,"sum":7222591488.000000000}},"pull from ofi+cxi://0x0263e60d":{"itransfer":{"duration":{"num":1722,"min":0.000000715,"max":0.000025272,"avg":0.000001885,"var":0.000000007,"sum":0.003245831},"size":{"num":1722,"min":4194304.000000000,"max":4194304.000000000,"avg":4194304.000000000,"var":0.000000000,"sum":7222591488.000000000}},"transfer_cb":{"duration":{"num":1722,"min":0.000000000,"max":0.000006676,"avg":0.000000196,"var":0.000000000,"sum":0.000337362},"relative_timestamp_from_itransfer_start":{"num":1722,"min":0.000185728,"max":0.021563768,"avg":0.001022217,"var":0.002605865,"sum":1.760257959}},"itransfer_wait":{"duration":{"num":1722,"min":0.000182152,"max":0.031251192,"avg":0.001152149,"var":0.007683756,"sum":1.984001160},"relative_timestamp_from_itransfer_end":{"num":1722,"min":0.000000000,"max":0.000005007,"avg":0.000000331,"var":0.000000000,"sum":0.000570536}}}}},"received from ofi+cxi://0x0261400d":{"handler":{"duration":{"num":1710,"min":0.000000477,"max":0.000014067,"avg":0.000000935,"var":0.000000001,"sum":0.001599073}},"ult":{"duration":{"num":1710,"min":0.000200272,"max":0.033468485,"avg":0.004380027,"var":0.099697040,"sum":7.489846945},"relative_timestamp_from_handler_start":{"num":1710,"min":0.000000715,"max":0.021927118,"avg":0.001444308,"var":0.047136798,"sum":2.469766378}},"irespond":{"duration":{"num":1710,"min":0.000000238,"max":0.000011444,"avg":0.000000860,"var":0.000000001,"sum":0.001470327},"relative_timestamp_from_ult_start":{"num":1710,"min":0.000186682,"max":0.033444881,"avg":0.004206277,"var":0.098609738,"sum":7.192733288}},"respond_cb":{"duration":{"num":1710,"min":0.000000000,