{"address":"","rpcs":{},"pools":{"__primary__":{"timestamps":[1753558083.758819342,1753558089.215169430,1753558090.215200186,1753558091.215286493,1753558092.215430498,1753558093.215464354,1753558094.583183527,1753558094.696012974],"size":[0,0,0,0,0,0,0,0],"total_size":[1,1,1,1,1,1,1,0]}}}