{"address":"","progress_loop":{"progress_with_timeout":{"num":36341,"min":0.000001192,"max":0.102237701,"avg":0.000142253,"var":0.012063321,"sum":5.169603348},"progress_timeout_value_msec":{"num":36341,"min":100.000000000,"max":100.000000000,"avg":100.000000000,"var":0.000000000,"sum":3634100.000000000},"progress_without_timeout":{"num":0,"min":0.000000000,"max":0.000000000,"avg":0.000000000,"var":0.000000000,"sum":0.000000000},"trigger":{"num":36182,"min":0.000000238,"max":0.000009060,"avg":0.000000270,"var":0.000000001,"sum":0.009771585}},"rpcs":{"65535:65535:7940397281847607295:2":{"rpc_id":7940397281847607295,"provider_id":2,"parent_rpc_id":65535,"parent_provider_id":65535,"name":"__identity__","origin":{"sent to ofi+cxi://0x06f2600c":{"iforward":{"duration":{"num":1,"min":0.002498865,"max":0.002498865,"avg":0.002498865,"var":0.000000000,"sum":0.002498865},"relative_timestamp_from_create":{"num":1,"min":0.000032902,"max":0.000032902,"avg":0.000032902,"var":0.000000000,"sum":0.000032902}},"forward_cb":{"duration":{"num":1,"min":0.000003338,"max":0.000003338,"avg":0.000003338,"var":0.000000000,"sum":0.000003338},"relative_timestamp_from_iforward_start":{"num":1,"min":0.026284218,"max":0.026284218,"avg":0.026284218,"var":0.000000000,"sum":0.026284218}},"iforward_wait":{"duration":{"num":1,"min":0.023792028,"max":0.023792028,"avg":0.023792028,"var":0.000000000,"sum":0.023792028},"relative_timestamp_from_iforward_end":{"num":1,"min":0.000000715,"max":0.000000715,"avg":0.000000715,"var":0.000000000,"sum":0.000000715}},"set_input":{"duration":{"num":0,"min":0.000000000,"max":0.000000000,"avg":0.000000000,"var":0.000000000,"sum":0.000000000},"relative_timestamp_from_iforward_start":{"num":0,"min":0.000000000,"max":0.000000000,"avg":0.000000000,"var":0.000000000,"sum":0.000000000}},"get_output":{"duration":{"num":1,"min":0.000005722,"max":0.000005722,"avg":0.000005722,"var":0.000000000,"sum":0.000005722},"relative_timestamp_from_wait_end":{"num":1,"min":0.000000954,"max":0.000000954,"avg":0.000000954,"var":0.000000000,"sum":0.000000954}}}}},"65535:65535:9722976651498815487:2":{"rpc_id":9722976651498815487,"provider_id":2,"parent_rpc_id":65535,"parent_provider_id":65535,"name":"flock_get_view","origin":{"sent to ofi+cxi://0x06f2600c":{"iforward":{"duration":{"num":2,"min":0.000017405,"max":0.000019312,"avg":0.000018358,"var":0.000000000,"sum":0.000036716},"relative_timestamp_from_create":{"num":2,"min":0.000000477,"max":0.000000954,"avg":0.000000715,"var":0.000000000,"sum":0.000001431}},"forward_cb":{"duration":{"num":2,"min":0.000000238,"max":0.000001192,"avg":0.000000715,"var":0.000000000,"sum":0.000001431},"relative_timestamp_from_iforward_start":{"num":2,"min":0.004712820,"max":0.026961565,"avg":0.015837193,"var":0.000247503,"sum":0.031674385}},"iforward_wait":{"duration":{"num":2,"min":0.004693985,"max":0.026946306,"avg":0.015820146,"var":0.000247583,"sum":0.031640291},"relative_timestamp_from_iforward_end":{"num":2,"min":0.000000477,"max":0.000001192,"avg":0.000000834,"var":0.000000000,"sum":0.000001669}},"set_input":{"duration":{"num":2,"min":0.000000238,"max":0.000000238,"avg":0.000000238,"var":0.000000000,"sum":0.000000477},"relative_timestamp_from_iforward_start":{"num":2,"min":0.000004292,"max":0.000006676,"avg":0.000005484,"var":0.000000000,"sum":0.000010967}},"get_output":{"duration":{"num":2,"min":0.000000238,"max":0.000036001,"avg":0.000018120,"var":0.000000001,"sum":0.000036240},"relative_timestamp_from_wait_end":{"num":2,"min":0.000000238,"max":0.000002384,"avg":0.000001311,"var":0.000000000,"sum":0.000002623}}}}},"65535:65535:3669993900245843967:1":{"rpc_id":3669993900245843967,"provider_id":1,"parent_rpc_id":65535,"parent_provider_id":65535,"name":"qtn_work_rpc","origin":{"sent to ofi+cxi://0x06f56611":{"iforward":{"duration":{"num":36178,"min":0.000001431,"max":0.000035048,"avg":0.000001568,"var":0.000000005,"sum":0.056722641},"relative_timestamp_from_create":{"num":36178,"min":0.000000000,"max":0.000002861,"avg":0.000000072,"var":0.000000000,"sum":0.002608776}},"forward_cb":{"duration":{"num":36178,"min":0.000000000,"max":0.000001431,"avg":0.000000119,"var":0.000000001,"sum":0.004287720},"relative_timestamp_from_iforward_start":{"num":36178,"min":0.000008583,"max":0.000574112,"avg":0.000140672,"var":0.000475282,"sum":5.089232922}},"iforward_wait":{"duration":{"num":36178,"min":0.000007391,"max":0.000572920,"avg":0.000139482,"var":0.000475177,"sum":5.046187401},"relative_timestamp_from_iforward_end":{"num":36178,"min":0.000000000,"max":0.000000954,"avg":0.000000173,"var":0.000000000,"sum":0.006243229}},"set_input":{"duration":{"num":36178,"min":0.000000000,"max":0.000001431,"avg":0.000000077,"var":0.000000000,"sum":0.002772570},"relative_timestamp_from_iforward_start":{"num":36178,"min":0.000000477,"max":0.000009775,"avg":0.000000712,"var":0.000000000,"sum":0.025775671}},"get_output":{"duration":{"num":36178,"min":0.000000000,"max":0.000001431,"avg":0.000000090,"var":0.000000001,"sum":0.003252506},"relative_timestamp_from_wait_end":{"num":36178,"min":0.000000000,"max":0.000003338,"avg":0.000000152,"var":0.000000001,"sum":0.005508900}}}}}},"hostname":"x4418c0s7b0n0","pid":8243,"cmdline":["/home/carns/working/src/spack/var/spack/environments/quintain-2025-07/.spack-env/view/bin/quintain-benchmark","-g","quintain.flock.json","-j","/home/carns/working/dbg/john-quintain-profile-example-2025-07/quintain-benchmark-rpc.json","-o","/flare/radix-io/carns/quintain/6710290.aurora-pbs-0001.hostmgmt.cm.aurora.alcf.anl.gov/rpc-sweep-servers408-clis816"]}