{"address":"","rpcs":{},"pools":{"__primary__":{"timestamps":[1753558083.758643150,1753558084.758667707,1753558085.758767128,1753558086.758827686,1753558087.759211779,1753558088.759229183,1753558094.582040310,1753558094.706735849],"size":[0,0,0,0,0,0,0,0],"total_size":[1,1,1,1,1,1,1,0]}}}