{"address":"","rpcs":{},"pools":{"__primary__":{"timestamps":[1753558083.760730743,1753558084.761045933,1753558085.761841774,1753558086.761923075,1753558087.762101650,1753558088.762172222,1753558094.583160400,1753558094.691240311],"size":[0,0,0,0,0,0,0,0],"total_size":[1,1,1,1,1,1,1,0]}}}