{"address":"","progress_loop":{"progress_with_timeout":{"num":1408,"min":0.000001669,"max":0.103448629,"avg":0.009409030,"var":0.159155655,"sum":13.247913599},"progress_timeout_value_msec":{"num":1408,"min":100.000000000,"max":100.000000000,"avg":100.000000000,"var":0.000000000,"sum":140800.000000000},"progress_without_timeout":{"num":0,"min":0.000000000,"max":0.000000000,"avg":0.000000000,"var":0.000000000,"sum":0.000000000},"trigger":{"num":1403,"min":0.000000238,"max":0.000013590,"avg":0.000000315,"var":0.000000000,"sum":0.000441313}},"rpcs":{"65535:65535:7940397281847607295:2":{"rpc_id":7940397281847607295,"provider_id":2,"parent_rpc_id":65535,"parent_provider_id":65535,"name":"__identity__","origin":{"sent to ofi+cxi://0x06f2600c":{"iforward":{"duration":{"num":1,"min":0.000106573,"max":0.000106573,"avg":0.000106573,"var":0.000000000,"sum":0.000106573},"relative_timestamp_from_create":{"num":1,"min":0.000008106,"max":0.000008106,"avg":0.000008106,"var":0.000000000,"sum":0.000008106}},"forward_cb":{"duration":{"num":1,"min":0.000011921,"max":0.000011921,"avg":0.000011921,"var":0.000000000,"sum":0.000011921},"relative_timestamp_from_iforward_start":{"num":1,"min":0.003116846,"max":0.003116846,"avg":0.003116846,"var":0.000000000,"sum":0.003116846}},"iforward_wait":{"duration":{"num":1,"min":0.003028631,"max":0.003028631,"avg":0.003028631,"var":0.000000000,"sum":0.003028631},"relative_timestamp_from_iforward_end":{"num":1,"min":0.000000238,"max":0.000000238,"avg":0.000000238,"var":0.000000000,"sum":0.000000238}},"set_input":{"duration":{"num":0,"min":0.000000000,"max":0.000000000,"avg":0.000000000,"var":0.000000000,"sum":0.000000000},"relative_timestamp_from_iforward_start":{"num":0,"min":0.000000000,"max":0.000000000,"avg":0.000000000,"var":0.000000000,"sum":0.000000000}},"get_output":{"duration":{"num":1,"min":0.000009060,"max":0.000009060,"avg":0.000009060,"var":0.000000000,"sum":0.000009060},"relative_timestamp_from_wait_end":{"num":1,"min":0.000001669,"max":0.000001669,"avg":0.000001669,"var":0.000000000,"sum":0.000001669}}}}},"65535:65535:9722976651498815487:2":{"rpc_id":9722976651498815487,"provider_id":2,"parent_rpc_id":65535,"parent_provider_id":65535,"name":"flock_get_view","origin":{"sent to ofi+cxi://0x06f2600c":{"iforward":{"duration":{"num":2,"min":0.000013113,"max":0.000043154,"avg":0.000028133,"var":0.000000000,"sum":0.000056267},"relative_timestamp_from_create":{"num":2,"min":0.000000238,"max":0.000001192,"avg":0.000000715,"var":0.000000000,"sum":0.000001431}},"forward_cb":{"duration":{"num":2,"min":0.000000238,"max":0.000000238,"avg":0.000000238,"var":0.000000000,"sum":0.000000477},"relative_timestamp_from_iforward_start":{"num":2,"min":0.009473324,"max":0.016082287,"avg":0.012777805,"var":0.000021839,"sum":0.025555611}},"iforward_wait":{"duration":{"num":2,"min":0.009429693,"max":0.016069651,"avg":0.012749672,"var":0.000022045,"sum":0.025499344},"relative_timestamp_from_iforward_end":{"num":2,"min":0.000000238,"max":0.000001669,"avg":0.000000954,"var":0.000000000,"sum":0.000001907}},"set_input":{"duration":{"num":2,"min":0.000000000,"max":0.000000238,"avg":0.000000119,"var":0.000000000,"sum":0.000000238},"relative_timestamp_from_iforward_start":{"num":2,"min":0.000001907,"max":0.000013590,"avg":0.000007749,"var":0.000000000,"sum":0.000015497}},"get_output":{"duration":{"num":2,"min":0.000000477,"max":0.000031948,"avg":0.000016212,"var":0.000000000,"sum":0.000032425},"relative_timestamp_from_wait_end":{"num":2,"min":0.000000238,"max":0.000001431,"avg":0.000000834,"var":0.000000000,"sum":0.000001669}}}}},"65535:65535:3669993900245843967:1":{"rpc_id":3669993900245843967,"provider_id":1,"parent_rpc_id":65535,"parent_provider_id":65535,"name":"qtn_work_rpc","origin":{"sent to ofi+cxi://0x06f46617":{"iforward":{"duration":{"num":1399,"min":0.000001431,"max":0.000033140,"avg":0.000001851,"var":0.000000004,"sum":0.002589941},"relative_timestamp_from_create":{"num":1399,"min":0.000002384,"max":0.001764774,"avg":0.000004136,"var":0.000003102,"sum":0.005785704}},"forward_cb":{"duration":{"num":1399,"min":0.000000000,"max":0.000001192,"avg":0.000000137,"var":0.000000000,"sum":0.000191450},"relative_timestamp_from_iforward_start":{"num":1399,"min":0.000236034,"max":0.032972097,"avg":0.009378002,"var":0.149780907,"sum":13.119824409}},"iforward_wait":{"duration":{"num":1399,"min":0.000234842,"max":0.032970667,"avg":0.009376564,"var":0.149780386,"sum":13.117813587},"relative_timestamp_from_iforward_end":{"num":1399,"min":0.000000000,"max":0.000000954,"avg":0.000000187,"var":0.000000000,"sum":0.000261307}},"set_input":{"duration":{"num":1399,"min":0.000000000,"max":0.000005245,"avg":0.000000132,"var":0.000000000,"sum":0.000184298},"relative_timestamp_from_iforward_start":{"num":1399,"min":0.000000477,"max":0.000007868,"avg":0.000000724,"var":0.000000000,"sum":0.001012325}},"get_output":{"duration":{"num":1399,"min":0.000000000,"max":0.000000715,"avg":0.000000089,"var":0.000000000,"sum":0.000124693},"relative_timestamp_from_wait_end":{"num":1399,"min":0.000000000,"max":0.000001192,"avg":0.000000150,"var":0.000000000,"sum":0.000210524}}}}},"65535:65535:65535:65535":{"rpc_id":65535,"provider_id":65535,"parent_rpc_id":65535,"parent_provider_id":65535,"name":"","target":{"received from <unknown>":{"bulk":{"create":{"duration":{"num":1399,"min":0.000002384,"max":0.001759291,"avg":0.000003936,"var":0.000003084,"sum":0.005506277},"size":{"num":1399,"min":4194304.000000000,"max":4194304.000000000,"avg":4194304.000000000,"var":0.000000000,"sum":5867831296.000000000}}}}}}},"hostname":"x4418c0s1b0n0","pid":206627,"cmdline":["/home/carns/working/src/spack/var/spack/environments/quintain-2025-07/.spack-env/view/bin/quintain-benchmark","-g","quintain.flock.json","-j","/home/carns/working/dbg/john-quintain-profile-example-2025-07/quintain-benchmark-bw.json","-o","/flare/radix-io/carns/quintain/6710290.aurora-pbs-0001.hostmgmt.cm.aurora.alcf.anl.gov/bw-sweep-servers408-clis816"]}