{"address":"","rpcs":{},"pools":{"__primary__":{"timestamps":[1753558083.759992123,1753558084.760029554,1753558085.760084629,1753558086.760119915,1753558089.214489222,1753558094.585259438,1753558094.710804224],"size":[0,0,0,0,0,0,0],"total_size":[1,1,1,1,1,1,0]}}}