{"address":"ofi+cxi://0x0260620e","progress_loop":{"progress_with_timeout":{"num":24092,"min":0.000000954,"max":0.103313446,"avg":0.000218031,"var":0.013024197,"sum":5.252791166},"progress_timeout_value_msec":{"num":24092,"min":100.000000000,"max":100.000000000,"avg":100.000000000,"var":0.000000000,"sum":2409200.000000000},"progress_without_timeout":{"num":0,"min":0.000000000,"max":0.000000000,"avg":0.000000000,"var":0.000000000,"sum":0.000000000},"trigger":{"num":24040,"min":0.000000238,"max":0.000009537,"avg":0.000000283,"var":0.000000001,"sum":0.006801605}},"rpcs":{"65535:65535:7940397281847607295:2":{"rpc_id":7940397281847607295,"provider_id":2,"parent_rpc_id":65535,"parent_provider_id":65535,"name":"__identity__","origin":{"sent to ofi+cxi://0x0262200d":{"iforward":{"duration":{"num":1,"min":0.000075102,"max":0.000075102,"avg":0.000075102,"var":0.000000000,"sum":0.000075102},"relative_timestamp_from_create":{"num":1,"min":0.000002384,"max":0.000002384,"avg":0.000002384,"var":0.000000000,"sum":0.000002384}},"forward_cb":{"duration":{"num":1,"min":0.000002861,"max":0.000002861,"avg":0.000002861,"var":0.000000000,"sum":0.000002861},"relative_timestamp_from_iforward_start":{"num":1,"min":0.003605366,"max":0.003605366,"avg":0.003605366,"var":0.000000000,"sum":0.003605366}},"iforward_wait":{"duration":{"num":1,"min":0.003536224,"max":0.003536224,"avg":0.003536224,"var":0.000000000,"sum":0.003536224},"relative_timestamp_from_iforward_end":{"num":1,"min":0.000000477,"max":0.000000477,"avg":0.000000477,"var":0.000000000,"sum":0.000000477}},"set_input":{"duration":{"num":0,"min":0.000000000,"max":0.000000000,"avg":0.000000000,"var":0.000000000,"sum":0.000000000},"relative_timestamp_from_iforward_start":{"num":0,"min":0.000000000,"max":0.000000000,"avg":0.000000000,"var":0.000000000,"sum":0.000000000}},"get_output":{"duration":{"num":1,"min":0.000011683,"max":0.000011683,"avg":0.000011683,"var":0.000000000,"sum":0.000011683},"relative_timestamp_from_wait_end":{"num":1,"min":0.000001192,"max":0.000001192,"avg":0.000001192,"var":0.000000000,"sum":0.000001192}}}}},"65535:65535:9722976651498815487:2":{"rpc_id":9722976651498815487,"provider_id":2,"parent_rpc_id":65535,"parent_provider_id":65535,"name":"flock_get_view","origin":{"sent to ofi+cxi://0x0262200d":{"iforward":{"duration":{"num":2,"min":0.000022888,"max":0.000027180,"avg":0.000025034,"var":0.000000000,"sum":0.000050068},"relative_timestamp_from_create":{"num":2,"min":0.000000477,"max":0.000000715,"avg":0.000000596,"var":0.000000000,"sum":0.000001192}},"forward_cb":{"duration":{"num":2,"min":0.000000238,"max":0.000000954,"avg":0.000000596,"var":0.000000000,"sum":0.000001192},"relative_timestamp_from_iforward_start":{"num":2,"min":0.018975258,"max":0.032956362,"avg":0.025965810,"var":0.000097736,"sum":0.051931620}},"iforward_wait":{"duration":{"num":2,"min":0.018950224,"max":0.032934189,"avg":0.025942206,"var":0.000097776,"sum":0.051884413},"relative_timestamp_from_iforward_end":{"num":2,"min":0.000000238,"max":0.000001192,"avg":0.000000715,"var":0.000000000,"sum":0.000001431}},"set_input":{"duration":{"num":2,"min":0.000000238,"max":0.000000238,"avg":0.000000238,"var":0.000000000,"sum":0.000000477},"relative_timestamp_from_iforward_start":{"num":2,"min":0.000004530,"max":0.000006914,"avg":0.000005722,"var":0.000000000,"sum":0.000011444}},"get_output":{"duration":{"num":2,"min":0.000000238,"max":0.000024080,"avg":0.000012159,"var":0.000000000,"sum":0.000024319},"relative_timestamp_from_wait_end":{"num":2,"min":0.000000238,"max":0.000002384,"avg":0.000001311,"var":0.000000000,"sum":0.000002623}}}}},"65535:65535:3669993900245843967:1":{"rpc_id":3669993900245843967,"provider_id":1,"parent_rpc_id":65535,"parent_provider_id":65535,"name":"qtn_work_rpc","origin":{"sent to ofi+cxi://0x02634414":{"iforward":{"duration":{"num":24036,"min":0.000001431,"max":0.000036240,"avg":0.000001683,"var":0.000000006,"sum":0.040462255},"relative_timestamp_from_create":{"num":24036,"min":0.000000000,"max":0.000005722,"avg":0.000000074,"var":0.000000000,"sum":0.001781225}},"forward_cb":{"duration":{"num":24036,"min":0.000000000,"max":0.000005960,"avg":0.000000125,"var":0.000000000,"sum":0.003001690},"relative_timestamp_from_iforward_start":{"num":24036,"min":0.000008583,"max":0.000882149,"avg":0.000214192,"var":0.000961096,"sum":5.148323536}},"iforward_wait":{"duration":{"num":24036,"min":0.000007153,"max":0.000880718,"avg":0.000212904,"var":0.000961118,"sum":5.117363214},"relative_timestamp_from_iforward_end":{"num":24036,"min":0.000000000,"max":0.000001907,"avg":0.000000183,"var":0.000000000,"sum":0.004387379}},"set_input":{"duration":{"num":24036,"min":0.000000000,"max":0.000004053,"avg":0.000000084,"var":0.000000000,"sum":0.002016306},"relative_timestamp_from_iforward_start":{"num":24036,"min":0.000000477,"max":0.000007868,"avg":0.000000754,"var":0.000000001,"sum":0.018133163}},"get_output":{"duration":{"num":24036,"min":0.000000000,"max":0.000002384,"avg":0.000000092,"var":0.000000000,"sum":0.002201080},"relative_timestamp_from_wait_end":{"num":24036,"min":0.000000000,"max":0.000003338,"avg":0.000000148,"var":0.000000000,"sum":0.003565073}}}}}},"hostname":"x4108c0s2b0n0","pid":31214,"cmdline":["/home/carns/working/src/spack/var/spack/environments/quintain-2025-07/.spack-env/view/bin/quintain-benchmark","-g","quintain.flock.json","-j","/home/carns/working/dbg/john-quintain-profile-example-2025-07/quintain-benchmark-rpc.json","-o","/flare/radix-io/carns/quintain/6767526.aurora-pbs-0001.hostmgmt.cm.aurora.alcf.anl.gov/rpc-sweep-servers408-clis816"]}