{"address":"ofi+cxi://0x02608419","progress_loop":{"progress_with_timeout":{"num":1428,"min":0.000001192,"max":0.103337049,"avg":0.009357356,"var":0.165602138,"sum":13.362304688},"progress_timeout_value_msec":{"num":1428,"min":100.000000000,"max":100.000000000,"avg":100.000000000,"var":0.000000000,"sum":142800.000000000},"progress_without_timeout":{"num":0,"min":0.000000000,"max":0.000000000,"avg":0.000000000,"var":0.000000000,"sum":0.000000000},"trigger":{"num":1421,"min":0.000000238,"max":0.000007153,"avg":0.000000307,"var":0.000000000,"sum":0.000436306}},"rpcs":{"65535:65535:7940397281847607295:2":{"rpc_id":7940397281847607295,"provider_id":2,"parent_rpc_id":65535,"parent_provider_id":65535,"name":"__identity__","origin":{"sent to ofi+cxi://0x0262200d":{"iforward":{"duration":{"num":1,"min":0.000101328,"max":0.000101328,"avg":0.000101328,"var":0.000000000,"sum":0.000101328},"relative_timestamp_from_create":{"num":1,"min":0.000004292,"max":0.000004292,"avg":0.000004292,"var":0.000000000,"sum":0.000004292}},"forward_cb":{"duration":{"num":1,"min":0.000003099,"max":0.000003099,"avg":0.000003099,"var":0.000000000,"sum":0.000003099},"relative_timestamp_from_iforward_start":{"num":1,"min":0.007712603,"max":0.007712603,"avg":0.007712603,"var":0.000000000,"sum":0.007712603}},"iforward_wait":{"duration":{"num":1,"min":0.007617235,"max":0.007617235,"avg":0.007617235,"var":0.000000000,"sum":0.007617235},"relative_timestamp_from_iforward_end":{"num":1,"min":0.000000715,"max":0.000000715,"avg":0.000000715,"var":0.000000000,"sum":0.000000715}},"set_input":{"duration":{"num":0,"min":0.000000000,"max":0.000000000,"avg":0.000000000,"var":0.000000000,"sum":0.000000000},"relative_timestamp_from_iforward_start":{"num":0,"min":0.000000000,"max":0.000000000,"avg":0.000000000,"var":0.000000000,"sum":0.000000000}},"get_output":{"duration":{"num":1,"min":0.000005960,"max":0.000005960,"avg":0.000005960,"var":0.000000000,"sum":0.000005960},"relative_timestamp_from_wait_end":{"num":1,"min":0.000001192,"max":0.000001192,"avg":0.000001192,"var":0.000000000,"sum":0.000001192}}}}},"65535:65535:9722976651498815487:2":{"rpc_id":9722976651498815487,"provider_id":2,"parent_rpc_id":65535,"parent_provider_id":65535,"name":"flock_get_view","origin":{"sent to ofi+cxi://0x0262200d":{"iforward":{"duration":{"num":2,"min":0.000010252,"max":0.000019550,"avg":0.000014901,"var":0.000000000,"sum":0.000029802},"relative_timestamp_from_create":{"num":2,"min":0.000000238,"max":0.000001669,"avg":0.000000954,"var":0.000000000,"sum":0.000001907}},"forward_cb":{"duration":{"num":2,"min":0.000000000,"max":0.000000238,"avg":0.000000119,"var":0.000000000,"sum":0.000000238},"relative_timestamp_from_iforward_start":{"num":2,"min":0.006762028,"max":0.020511627,"avg":0.013636827,"var":0.000094526,"sum":0.027273655}},"iforward_wait":{"duration":{"num":2,"min":0.006752014,"max":0.020491838,"avg":0.013621926,"var":0.000094391,"sum":0.027243853},"relative_timestamp_from_iforward_end":{"num":2,"min":0.000000238,"max":0.000001192,"avg":0.000000715,"var":0.000000000,"sum":0.000001431}},"set_input":{"duration":{"num":2,"min":0.000000000,"max":0.000000238,"avg":0.000000119,"var":0.000000000,"sum":0.000000238},"relative_timestamp_from_iforward_start":{"num":2,"min":0.000001192,"max":0.000005007,"avg":0.000003099,"var":0.000000000,"sum":0.000006199}},"get_output":{"duration":{"num":2,"min":0.000000477,"max":0.000031710,"avg":0.000016093,"var":0.000000000,"sum":0.000032187},"relative_timestamp_from_wait_end":{"num":2,"min":0.000000238,"max":0.000000954,"avg":0.000000596,"var":0.000000000,"sum":0.000001192}}}}},"65535:65535:3669993900245843967:1":{"rpc_id":3669993900245843967,"provider_id":1,"parent_rpc_id":65535,"parent_provider_id":65535,"name":"qtn_work_rpc","origin":{"sent to ofi+cxi://0x0263440f":{"iforward":{"duration":{"num":1417,"min":0.000001431,"max":0.000034571,"avg":0.000001903,"var":0.000000004,"sum":0.002696037},"relative_timestamp_from_create":{"num":1417,"min":0.000002384,"max":0.001345396,"avg":0.000003825,"var":0.000001801,"sum":0.005420446}},"forward_cb":{"duration":{"num":1417,"min":0.000000000,"max":0.000001669,"avg":0.000000131,"var":0.000000000,"sum":0.000185490},"relative_timestamp_from_iforward_start":{"num":1417,"min":0.000207424,"max":0.033599854,"avg":0.009335049,"var":0.156024084,"sum":13.227764606}},"iforward_wait":{"duration":{"num":1417,"min":0.000206232,"max":0.033598423,"avg":0.009333485,"var":0.156024357,"sum":13.225548506},"relative_timestamp_from_iforward_end":{"num":1417,"min":0.000000000,"max":0.000000715,"avg":0.000000249,"var":0.000000000,"sum":0.000352144}},"set_input":{"duration":{"num":1417,"min":0.000000000,"max":0.000004530,"avg":0.000000127,"var":0.000000000,"sum":0.000180244},"relative_timestamp_from_iforward_start":{"num":1417,"min":0.000000477,"max":0.000008106,"avg":0.000000730,"var":0.000000000,"sum":0.001033783}},"get_output":{"duration":{"num":1417,"min":0.000000000,"max":0.000010014,"avg":0.000000093,"var":0.000000000,"sum":0.000131369},"relative_timestamp_from_wait_end":{"num":1417,"min":0.000000000,"max":0.000002861,"avg":0.000000156,"var":0.000000000,"sum":0.000221252}}}}},"65535:65535:65535:65535":{"rpc_id":65535,"provider_id":65535,"parent_rpc_id":65535,"parent_provider_id":65535,"name":"","target":{"received from <unknown>":{"bulk":{"create":{"duration":{"num":1417,"min":0.000002384,"max":0.001341105,"avg":0.000003623,"var":0.000001790,"sum":0.005133867},"size":{"num":1417,"min":4194304.000000000,"max":4194304.000000000,"avg":4194304.000000000,"var":0.000000000,"sum":5943328768.000000000}}}}}}},"hostname":"x4108c0s7b0n0","pid":193840,"cmdline":["/home/carns/working/src/spack/var/spack/environments/quintain-2025-07/.spack-env/view/bin/quintain-benchmark","-g","quintain.flock.json","-j","/home/carns/working/dbg/john-quintain-profile-example-2025-07/quintain-benchmark-bw.json","-o","/flare/radix-io/carns/quintain/6767526.aurora-pbs-0001.hostmgmt.cm.aurora.alcf.anl.gov/bw-sweep-servers408-clis816"]}