{"address":"ofi+cxi://0x0260e00e","progress_loop":{"progress_with_timeout":{"num":22279,"min":0.000001192,"max":0.103348017,"avg":0.000236484,"var":0.013277015,"sum":5.268634319},"progress_timeout_value_msec":{"num":22279,"min":100.000000000,"max":100.000000000,"avg":100.000000000,"var":0.000000000,"sum":2227900.000000000},"progress_without_timeout":{"num":0,"min":0.000000000,"max":0.000000000,"avg":0.000000000,"var":0.000000000,"sum":0.000000000},"trigger":{"num":22210,"min":0.000000238,"max":0.000011683,"avg":0.000000297,"var":0.000000001,"sum":0.006585360}},"rpcs":{"65535:65535:7940397281847607295:2":{"rpc_id":7940397281847607295,"provider_id":2,"parent_rpc_id":65535,"parent_provider_id":65535,"name":"__identity__","origin":{"sent to ofi+cxi://0x0262200d":{"iforward":{"duration":{"num":1,"min":0.000252962,"max":0.000252962,"avg":0.000252962,"var":0.000000000,"sum":0.000252962},"relative_timestamp_from_create":{"num":1,"min":0.000003099,"max":0.000003099,"avg":0.000003099,"var":0.000000000,"sum":0.000003099}},"forward_cb":{"duration":{"num":1,"min":0.000010490,"max":0.000010490,"avg":0.000010490,"var":0.000000000,"sum":0.000010490},"relative_timestamp_from_iforward_start":{"num":1,"min":0.011406183,"max":0.011406183,"avg":0.011406183,"var":0.000000000,"sum":0.011406183}},"iforward_wait":{"duration":{"num":1,"min":0.011169434,"max":0.011169434,"avg":0.011169434,"var":0.000000000,"sum":0.011169434},"relative_timestamp_from_iforward_end":{"num":1,"min":0.000000238,"max":0.000000238,"avg":0.000000238,"var":0.000000000,"sum":0.000000238}},"set_input":{"duration":{"num":0,"min":0.000000000,"max":0.000000000,"avg":0.000000000,"var":0.000000000,"sum":0.000000000},"relative_timestamp_from_iforward_start":{"num":0,"min":0.000000000,"max":0.000000000,"avg":0.000000000,"var":0.000000000,"sum":0.000000000}},"get_output":{"duration":{"num":1,"min":0.000007868,"max":0.000007868,"avg":0.000007868,"var":0.000000000,"sum":0.000007868},"relative_timestamp_from_wait_end":{"num":1,"min":0.000001669,"max":0.000001669,"avg":0.000001669,"var":0.000000000,"sum":0.000001669}}}}},"65535:65535:9722976651498815487:2":{"rpc_id":9722976651498815487,"provider_id":2,"parent_rpc_id":65535,"parent_provider_id":65535,"name":"flock_get_view","origin":{"sent to ofi+cxi://0x0262200d":{"iforward":{"duration":{"num":2,"min":0.000016212,"max":0.000039339,"avg":0.000027776,"var":0.000000000,"sum":0.000055552},"relative_timestamp_from_create":{"num":2,"min":0.000000477,"max":0.000001431,"avg":0.000000954,"var":0.000000000,"sum":0.000001907}},"forward_cb":{"duration":{"num":2,"min":0.000000238,"max":0.000000477,"avg":0.000000358,"var":0.000000000,"sum":0.000000715},"relative_timestamp_from_iforward_start":{"num":2,"min":0.015731335,"max":0.031871557,"avg":0.023801446,"var":0.000130253,"sum":0.047602892}},"iforward_wait":{"duration":{"num":2,"min":0.015715837,"max":0.031832933,"avg":0.023774385,"var":0.000129880,"sum":0.047548771},"relative_timestamp_from_iforward_end":{"num":2,"min":0.000000238,"max":0.000001431,"avg":0.000000834,"var":0.000000000,"sum":0.000001669}},"set_input":{"duration":{"num":2,"min":0.000000238,"max":0.000000477,"avg":0.000000358,"var":0.000000000,"sum":0.000000715},"relative_timestamp_from_iforward_start":{"num":2,"min":0.000004768,"max":0.000012159,"avg":0.000008464,"var":0.000000000,"sum":0.000016928}},"get_output":{"duration":{"num":2,"min":0.000000477,"max":0.000026703,"avg":0.000013590,"var":0.000000000,"sum":0.000027180},"relative_timestamp_from_wait_end":{"num":2,"min":0.000000238,"max":0.000001192,"avg":0.000000715,"var":0.000000000,"sum":0.000001431}}}}},"65535:65535:3669993900245843967:1":{"rpc_id":3669993900245843967,"provider_id":1,"parent_rpc_id":65535,"parent_provider_id":65535,"name":"qtn_work_rpc","origin":{"sent to ofi+cxi://0x0263460d":{"iforward":{"duration":{"num":22206,"min":0.000001431,"max":0.000028372,"avg":0.000001628,"var":0.000000004,"sum":0.036144972},"relative_timestamp_from_create":{"num":22206,"min":0.000000000,"max":0.000000954,"avg":0.000000072,"var":0.000000000,"sum":0.001597166}},"forward_cb":{"duration":{"num":22206,"min":0.000000000,"max":0.000001669,"avg":0.000000131,"var":0.000000000,"sum":0.002919436},"relative_timestamp_from_iforward_start":{"num":22206,"min":0.000008583,"max":0.001233339,"avg":0.000232218,"var":0.001309641,"sum":5.156621933}},"iforward_wait":{"duration":{"num":22206,"min":0.000003338,"max":0.001232147,"avg":0.000231001,"var":0.001309949,"sum":5.129599333},"relative_timestamp_from_iforward_end":{"num":22206,"min":0.000000000,"max":0.000006199,"avg":0.000000180,"var":0.000000000,"sum":0.003998756}},"set_input":{"duration":{"num":22206,"min":0.000000000,"max":0.000001431,"avg":0.000000077,"var":0.000000000,"sum":0.001715422},"relative_timestamp_from_iforward_start":{"num":22206,"min":0.000000477,"max":0.000006914,"avg":0.000000726,"var":0.000000000,"sum":0.016118765}},"get_output":{"duration":{"num":22206,"min":0.000000000,"max":0.000000954,"avg":0.000000092,"var":0.000000000,"sum":0.002035856},"relative_timestamp_from_wait_end":{"num":22206,"min":0.000000000,"max":0.000001431,"avg":0.000000149,"var":0.000000000,"sum":0.003304243}}}}}},"hostname":"x4108c0s2b0n0","pid":31220,"cmdline":["/home/carns/working/src/spack/var/spack/environments/quintain-2025-07/.spack-env/view/bin/quintain-benchmark","-g","quintain.flock.json","-j","/home/carns/working/dbg/john-quintain-profile-example-2025-07/quintain-benchmark-rpc.json","-o","/flare/radix-io/carns/quintain/6767526.aurora-pbs-0001.hostmgmt.cm.aurora.alcf.anl.gov/rpc-sweep-servers408-clis816"]}