{"address":"","progress_loop":{"progress_with_timeout":{"num":24178,"min":0.000001431,"max":0.102262020,"avg":0.000217476,"var":0.013267050,"sum":5.258136272},"progress_timeout_value_msec":{"num":24178,"min":100.000000000,"max":100.000000000,"avg":100.000000000,"var":0.000000000,"sum":2417800.000000000},"progress_without_timeout":{"num":0,"min":0.000000000,"max":0.000000000,"avg":0.000000000,"var":0.000000000,"sum":0.000000000},"trigger":{"num":24160,"min":0.000000238,"max":0.000008345,"avg":0.000000320,"var":0.000000000,"sum":0.007725477}},"rpcs":{"65535:65535:7940397281847607295:2":{"rpc_id":7940397281847607295,"provider_id":2,"parent_rpc_id":65535,"parent_provider_id":65535,"name":"__identity__","origin":{"sent to ofi+cxi://0x06f2600c":{"iforward":{"duration":{"num":1,"min":0.000156403,"max":0.000156403,"avg":0.000156403,"var":0.000000000,"sum":0.000156403},"relative_timestamp_from_create":{"num":1,"min":0.000005007,"max":0.000005007,"avg":0.000005007,"var":0.000000000,"sum":0.000005007}},"forward_cb":{"duration":{"num":1,"min":0.000003099,"max":0.000003099,"avg":0.000003099,"var":0.000000000,"sum":0.000003099},"relative_timestamp_from_iforward_start":{"num":1,"min":0.008524656,"max":0.008524656,"avg":0.008524656,"var":0.000000000,"sum":0.008524656}},"iforward_wait":{"duration":{"num":1,"min":0.008375645,"max":0.008375645,"avg":0.008375645,"var":0.000000000,"sum":0.008375645},"relative_timestamp_from_iforward_end":{"num":1,"min":0.000000715,"max":0.000000715,"avg":0.000000715,"var":0.000000000,"sum":0.000000715}},"set_input":{"duration":{"num":0,"min":0.000000000,"max":0.000000000,"avg":0.000000000,"var":0.000000000,"sum":0.000000000},"relative_timestamp_from_iforward_start":{"num":0,"min":0.000000000,"max":0.000000000,"avg":0.000000000,"var":0.000000000,"sum":0.000000000}},"get_output":{"duration":{"num":1,"min":0.000007153,"max":0.000007153,"avg":0.000007153,"var":0.000000000,"sum":0.000007153},"relative_timestamp_from_wait_end":{"num":1,"min":0.000001431,"max":0.000001431,"avg":0.000001431,"var":0.000000000,"sum":0.000001431}}}}},"65535:65535:9722976651498815487:2":{"rpc_id":9722976651498815487,"provider_id":2,"parent_rpc_id":65535,"parent_provider_id":65535,"name":"flock_get_view","origin":{"sent to ofi+cxi://0x06f2600c":{"iforward":{"duration":{"num":2,"min":0.000015259,"max":0.000025034,"avg":0.000020146,"var":0.000000000,"sum":0.000040293},"relative_timestamp_from_create":{"num":2,"min":0.000000238,"max":0.000001192,"avg":0.000000715,"var":0.000000000,"sum":0.000001431}},"forward_cb":{"duration":{"num":2,"min":0.000000000,"max":0.000000238,"avg":0.000000119,"var":0.000000000,"sum":0.000000238},"relative_timestamp_from_iforward_start":{"num":2,"min":0.014479399,"max":0.033508778,"avg":0.023994088,"var":0.000181059,"sum":0.047988176}},"iforward_wait":{"duration":{"num":2,"min":0.014464855,"max":0.033483505,"avg":0.023974180,"var":0.000180855,"sum":0.047948360},"relative_timestamp_from_iforward_end":{"num":2,"min":0.000000238,"max":0.000001192,"avg":0.000000715,"var":0.000000000,"sum":0.000001431}},"set_input":{"duration":{"num":2,"min":0.000000238,"max":0.000000238,"avg":0.000000238,"var":0.000000000,"sum":0.000000477},"relative_timestamp_from_iforward_start":{"num":2,"min":0.000002146,"max":0.000006914,"avg":0.000004530,"var":0.000000000,"sum":0.000009060}},"get_output":{"duration":{"num":2,"min":0.000000477,"max":0.000028849,"avg":0.000014663,"var":0.000000000,"sum":0.000029325},"relative_timestamp_from_wait_end":{"num":2,"min":0.000000238,"max":0.000001431,"avg":0.000000834,"var":0.000000000,"sum":0.000001669}}}}},"65535:65535:3669993900245843967:1":{"rpc_id":3669993900245843967,"provider_id":1,"parent_rpc_id":65535,"parent_provider_id":65535,"name":"qtn_work_rpc","origin":{"sent to ofi+cxi://0x06f48614":{"iforward":{"duration":{"num":24156,"min":0.000001431,"max":0.000031233,"avg":0.000002076,"var":0.000000005,"sum":0.050154924},"relative_timestamp_from_create":{"num":24156,"min":0.000000000,"max":0.000001907,"avg":0.000000086,"var":0.000000000,"sum":0.002085686}},"forward_cb":{"duration":{"num":24156,"min":0.000000000,"max":0.000005484,"avg":0.000000139,"var":0.000000000,"sum":0.003357410},"relative_timestamp_from_iforward_start":{"num":24156,"min":0.000009298,"max":0.001705885,"avg":0.000213780,"var":0.001479371,"sum":5.164061308}},"iforward_wait":{"duration":{"num":24156,"min":0.000005007,"max":0.001704216,"avg":0.000212183,"var":0.001479475,"sum":5.125501633},"relative_timestamp_from_iforward_end":{"num":24156,"min":0.000000000,"max":0.000005245,"avg":0.000000169,"var":0.000000000,"sum":0.004073858}},"set_input":{"duration":{"num":24156,"min":0.000000000,"max":0.000004768,"avg":0.000000122,"var":0.000000000,"sum":0.002946854},"relative_timestamp_from_iforward_start":{"num":24156,"min":0.000000477,"max":0.000007868,"avg":0.000000881,"var":0.000000001,"sum":0.021276474}},"get_output":{"duration":{"num":24156,"min":0.000000000,"max":0.000000715,"avg":0.000000106,"var":0.000000000,"sum":0.002556086},"relative_timestamp_from_wait_end":{"num":24156,"min":0.000000000,"max":0.000003099,"avg":0.000000165,"var":0.000000000,"sum":0.003988266}}}}}},"hostname":"x4418c0s1b0n0","pid":204040,"cmdline":["/home/carns/working/src/spack/var/spack/environments/quintain-2025-07/.spack-env/view/bin/quintain-benchmark","-g","quintain.flock.json","-j","/home/carns/working/dbg/john-quintain-profile-example-2025-07/quintain-benchmark-rpc.json","-o","/flare/radix-io/carns/quintain/6710290.aurora-pbs-0001.hostmgmt.cm.aurora.alcf.anl.gov/rpc-sweep-servers408-clis816"]}