{"address":"","progress_loop":{"progress_with_timeout":{"num":2290,"min":0.000001669,"max":0.106449604,"avg":0.082771287,"var":4.003613700,"sum":189.546246529},"progress_timeout_value_msec":{"num":2290,"min":100.000000000,"max":100.000000000,"avg":100.000000000,"var":0.000000000,"sum":229000.000000000},"progress_without_timeout":{"num":15258781,"min":0.000000000,"max":0.000500202,"avg":0.000000161,"var":0.000000897,"sum":2.454343557},"trigger":{"num":144062,"min":0.000000000,"max":0.000037193,"avg":0.000000575,"var":0.000000051,"sum":0.082875252}},"rpcs":{"65535:65535:3669993900245843967:1":{"rpc_id":3669993900245843967,"provider_id":1,"parent_rpc_id":65535,"parent_provider_id":65535,"name":"qtn_work_rpc","target":{"received from ofi+cxi://0x06f14615":{"handler":{"duration":{"num":33406,"min":0.000000477,"max":0.000025749,"avg":0.000000558,"var":0.000000007,"sum":0.018650055}},"ult":{"duration":{"num":33406,"min":0.000004292,"max":0.000505686,"avg":0.000004887,"var":0.000000277,"sum":0.163258553},"relative_timestamp_from_handler_start":{"num":33406,"min":0.000000715,"max":0.000041008,"avg":0.000000906,"var":0.000000018,"sum":0.030265808}},"irespond":{"duration":{"num":33406,"min":0.000000238,"max":0.000029564,"avg":0.000000478,"var":0.000000002,"sum":0.015983820},"relative_timestamp_from_ult_start":{"num":33406,"min":0.000000238,"max":0.000005960,"avg":0.000000292,"var":0.000000001,"sum":0.009752274}},"respond_cb":{"duration":{"num":33406,"min":0.000000000,"max":0.000005007,"avg":0.000000105,"var":0.000000000,"sum":0.003499985},"relative_timestamp_from_irespond_start":{"num":33406,"min":0.000003576,"max":0.000504017,"avg":0.000003989,"var":0.000000270,"sum":0.133247137}},"irespond_wait":{"duration":{"num":33406,"min":0.000001192,"max":0.000504017,"avg":0.000003730,"var":0.000000269,"sum":0.124601603},"relative_timestamp_from_irespond_end":{"num":33406,"min":0.000000000,"max":0.000008583,"avg":0.000000182,"var":0.000000000,"sum":0.006077051}},"set_output":{"duration":{"num":33406,"min":0.000000000,"max":0.000010490,"avg":0.000000062,"var":0.000000001,"sum":0.002056837},"relative_timestamp_from_irespond_start":{"num":33406,"min":0.000000000,"max":0.000002146,"avg":0.000000077,"var":0.000000000,"sum":0.002588272}},"get_input":{"duration":{"num":33406,"min":0.000000000,"max":0.000005484,"avg":0.000000101,"var":0.000000001,"sum":0.003375530},"relative_timestamp_from_ult_start":{"num":33406,"min":0.000000000,"max":0.000001192,"avg":0.000000123,"var":0.000000000,"sum":0.004096270}}},"received from ofi+cxi://0x06f18211":{"handler":{"duration":{"num":33944,"min":0.000000238,"max":0.000036955,"avg":0.000000547,"var":0.000000006,"sum":0.018568993}},"ult":{"duration":{"num":33944,"min":0.000004292,"max":0.000047922,"avg":0.000004872,"var":0.000000027,"sum":0.165359974},"relative_timestamp_from_handler_start":{"num":33944,"min":0.000000715,"max":0.000038147,"avg":0.000000894,"var":0.000000015,"sum":0.030362368}},"irespond":{"duration":{"num":33944,"min":0.000000238,"max":0.000029564,"avg":0.000000476,"var":0.000000002,"sum":0.016165972},"relative_timestamp_from_ult_start":{"num":33944,"min":0.000000238,"max":0.000034809,"avg":0.000000295,"var":0.000000002,"sum":0.010000944}},"respond_cb":{"duration":{"num":33944,"min":0.000000000,"max":0.000027180,"avg":0.000000108,"var":0.000000001,"sum":0.003662348},"relative_timestamp_from_irespond_start":{"num":33944,"min":0.000003576,"max":0.000046015,"avg":0.000003967,"var":0.000000019,"sum":0.134671926}},"irespond_wait":{"duration":{"num":33944,"min":0.000001192,"max":0.000046968,"avg":0.000003711,"var":0.000000020,"sum":0.125965595},"relative_timestamp_from_irespond_end":{"num":33944,"min":0.000000000,"max":0.000010729,"avg":0.000000184,"var":0.000000001,"sum":0.006235123}},"set_output":{"duration":{"num":33944,"min":0.000000000,"max":0.000008821,"avg":0.000000064,"var":0.000000000,"sum":0.002163172},"relative_timestamp_from_irespond_start":{"num":33944,"min":0.000000000,"max":0.000000477,"avg":0.000000077,"var":0.000000000,"sum":0.002628088}},"get_input":{"duration":{"num":33944,"min":0.000000000,"max":0.000007391,"avg":0.000000101,"var":0.000000001,"sum":0.003438711},"relative_timestamp_from_ult_start":{"num":33944,"min":0.000000000,"max":0.000034809,"avg":0.000000124,"var":0.000000002,"sum":0.004212141}}},"received from ofi+cxi://0x06f1c617":{"handler":{"duration":{"num":1553,"min":0.000000477,"max":0.000011683,"avg":0.000001003,"var":0.000000001,"sum":0.001557112}},"ult":{"duration":{"num":1553,"min":0.000196218,"max":0.031784534,"avg":0.004715162,"var":0.082464030,"sum":7.322647095},"relative_timestamp_from_handler_start":{"num":1553,"min":0.000000715,"max":0.035801649,"avg":0.001461205,"var":0.040341210,"sum":2.269250631}},"irespond":{"duration":{"num":1553,"min":0.000000238,"max":0.000011206,"avg":0.000000925,"var":0.000000001,"sum":0.001436234},"relative_timestamp_from_ult_start":{"num":1553,"min":0.000183821,"max":0.031770945,"avg":0.004538378,"var":0.081648874,"sum":7.048101664}},"respond_cb":{"duration":{"num":1553,"min":0.000000000,"max":0.000005722,"avg":0.000000174,"var":0.000000000,"sum":0.000269651},"relative_timestamp_from_irespond_start":{"num":1553,"min":0.000003815,"max":0.019877434,"avg":0.000143086,"var":0.000562334,"sum":0.222212553}},"irespond_wait":{"duration":{"num":1553,"min":0.000003576,"max":0.022111416,"avg":0.000149426,"var":0.000693537,"sum":0.232058764},"relative_timestamp_from_irespond_end":{"num":1553,"min":0.000000000,"max":0.000004292,"avg":0.000000310,"var":0.000000000,"sum":0.000481844}},"set_output":{"duration":{"num":1553,"min":0.000000000,"max":0.000000715,"avg":0.000000122,"var":0.000000000,"sum":0.000189304},"relative_timestamp_from_irespond_start":{"num":1553,"min":0.000000000,"max":0.000010014,"avg":0.000000206,"var":0.000000000,"sum":0.000319958}},"get_input":{"duration":{"num":1553,"min":0.000000000,"max":0.000020504,"avg":0.000000578,"var":0.000000001,"sum":0.000898123},"relative_timestamp_from_ult_start":{"num":1553,"min":0.000000000,"max":0.000004768,"avg":0.000000211,"var":0.000000000,"sum":0.000328064}},"bulk":{"create":{"duration":{"num":1553,"min":0.000002384,"max":0.029662609,"avg":0.003307250,"var":0.070624793,"sum":5.136158705},"size":{"num":1553,"min":4194304.000000000,"max":4194304.000000000,"avg":4194304.000000000,"var":0.000000000,"sum":6513754112.000000000}},"pull from ofi+cxi://0x06f1c617":{"itransfer":{"duration":{"num":1553,"min":0.000000715,"max":0.000020981,"avg":0.000002321,"var":0.000000008,"sum":0.003605127},"size":{"num":1553,"min":4194304.000000000,"max":4194304.000000000,"avg":4194304.000000000,"var":0.000000000,"sum":6513754112.000000000}},"transfer_cb":{"duration":{"num":1553,"min":0.000000000,"max":0.000002861,"avg":0.000000191,"var":0.000000000,"sum":0.000296354},"relative_timestamp_from_itransfer_start":{"num":1553,"min":0.000179768,"max":0.020740986,"avg":0.001189151,"var":0.003948897,"sum":1.846751213}},"itransfer_wait":{"duration":{"num":1553,"min":0.000179291,"max":0.021393538,"avg":0.001223541,"var":0.004989303,"sum":1.900158644},"relative_timestamp_from_itransfer_end":{"num":1553,"min":0.000000000,"max":0.000004530,"avg":0.000000351,"var":0.000000000,"sum":0.000545263}}}}},"received from ofi+cxi://0x06f18212":{"handler":{"duration":{"num":1567,"min":0.000000477,"max":0.000010014,"avg":0.000001030,"var":0.000000001,"sum":0.001613379}},"ult":{"duration":{"num":1567,"min":0.000190735,"max":0.037661791,"avg":0.005117580,"var":0.093530521,"sum":8.019247770},"relative_timestamp_from_handler_start":{"num":1567,"min":0.000000715,"max":0.028491735,"avg":0.001151745,"var":0.031815650,"sum":1.804784775}},"irespond":{"duration":{"num":1567,"min":0.000000238,"max":0.000011206,"avg":0.000000935,"var":0.000000001,"sum":0.001465559},"relative_timestamp_from_ult_start":{"num":1567,"min":0.000182629,"max":0.037621021,"avg":0.004895865,"var":0.091766041,"sum":7.671819925}},"respond_cb":{"duration":{"num":1567,"min":0.000000000,"max":0.000005722,