{"address":"","rpcs":{},"pools":{"__primary__":{"timestamps":[1753366941.849538088,1753366942.849541187,1753366943.849606991,1753366944.849632502,1753366945.849641085,1753366946.849990606,1753366956.002113342,1753366956.127841234],"size":[0,0,0,0,0,0,0,0],"total_size":[1,1,1,1,1,1,1,0]}}}