{"address":"ofi+cxi://0x0262a00f","progress_loop":{"progress_with_timeout":{"num":1429,"min":0.000001907,"max":0.108668089,"avg":0.068938877,"var":3.434929692,"sum":98.513655186},"progress_timeout_value_msec":{"num":1429,"min":100.000000000,"max":100.000000000,"avg":100.000000000,"var":0.000000000,"sum":142900.000000000},"progress_without_timeout":{"num":15185320,"min":0.000000000,"max":0.000469923,"avg":0.000000166,"var":0.000000908,"sum":2.517661095},"trigger":{"num":144464,"min":0.000000238,"max":0.000039577,"avg":0.000000579,"var":0.000000052,"sum":0.083575726}},"rpcs":{"65535:65535:3669993900245843967:1":{"rpc_id":3669993900245843967,"provider_id":1,"parent_rpc_id":65535,"parent_provider_id":65535,"name":"qtn_work_rpc","target":{"received from ofi+cxi://0x0261c40d":{"handler":{"duration":{"num":33984,"min":0.000000477,"max":0.000021696,"avg":0.000000554,"var":0.000000006,"sum":0.018843412}},"ult":{"duration":{"num":33984,"min":0.000004292,"max":0.000475168,"avg":0.000004976,"var":0.000000476,"sum":0.169095993},"relative_timestamp_from_handler_start":{"num":33984,"min":0.000000715,"max":0.000031948,"avg":0.000000914,"var":0.000000017,"sum":0.031049490}},"irespond":{"duration":{"num":33984,"min":0.000000238,"max":0.000034094,"avg":0.000000475,"var":0.000000005,"sum":0.016142607},"relative_timestamp_from_ult_start":{"num":33984,"min":0.000000238,"max":0.000058889,"avg":0.000000308,"var":0.000000005,"sum":0.010456800}},"respond_cb":{"duration":{"num":33984,"min":0.000000000,"max":0.000000715,"avg":0.000000111,"var":0.000000000,"sum":0.003776550},"relative_timestamp_from_irespond_start":{"num":33984,"min":0.000003338,"max":0.000473738,"avg":0.000004048,"var":0.000000464,"sum":0.137556553}},"irespond_wait":{"duration":{"num":33984,"min":0.000001192,"max":0.000473738,"avg":0.000003802,"var":0.000000460,"sum":0.129214048},"relative_timestamp_from_irespond_end":{"num":33984,"min":0.000000000,"max":0.000030518,"avg":0.000000185,"var":0.000000002,"sum":0.006277561}},"set_output":{"duration":{"num":33984,"min":0.000000000,"max":0.000000477,"avg":0.000000063,"var":0.000000000,"sum":0.002146006},"relative_timestamp_from_irespond_start":{"num":33984,"min":0.000000000,"max":0.000031233,"avg":0.000000079,"var":0.000000002,"sum":0.002681494}},"get_input":{"duration":{"num":33984,"min":0.000000000,"max":0.000058651,"avg":0.000000111,"var":0.000000005,"sum":0.003768206},"relative_timestamp_from_ult_start":{"num":33984,"min":0.000000000,"max":0.000009775,"avg":0.000000129,"var":0.000000001,"sum":0.004386663}}},"received from ofi+cxi://0x02618018":{"handler":{"duration":{"num":33387,"min":0.000000477,"max":0.000035286,"avg":0.000000567,"var":0.000000008,"sum":0.018925428}},"ult":{"duration":{"num":33387,"min":0.000004292,"max":0.000050068,"avg":0.000004927,"var":0.000000030,"sum":0.164508820},"relative_timestamp_from_handler_start":{"num":33387,"min":0.000000715,"max":0.000035763,"avg":0.000000922,"var":0.000000020,"sum":0.030792713}},"irespond":{"duration":{"num":33387,"min":0.000000238,"max":0.000033617,"avg":0.000000473,"var":0.000000004,"sum":0.015799284},"relative_timestamp_from_ult_start":{"num":33387,"min":0.000000238,"max":0.000037432,"avg":0.000000306,"var":0.000000002,"sum":0.010228157}},"respond_cb":{"duration":{"num":33387,"min":0.000000000,"max":0.000000477,"avg":0.000000108,"var":0.000000000,"sum":0.003614664},"relative_timestamp_from_irespond_start":{"num":33387,"min":0.000003338,"max":0.000047684,"avg":0.000004010,"var":0.000000023,"sum":0.133881330}},"irespond_wait":{"duration":{"num":33387,"min":0.000001192,"max":0.000049114,"avg":0.000003756,"var":0.000000018,"sum":0.125405788},"relative_timestamp_from_irespond_end":{"num":33387,"min":0.000000000,"max":0.000032187,"avg":0.000000186,"var":0.000000002,"sum":0.006225348}},"set_output":{"duration":{"num":33387,"min":0.000000000,"max":0.000008106,"avg":0.000000062,"var":0.000000000,"sum":0.002074718},"relative_timestamp_from_irespond_start":{"num":33387,"min":0.000000000,"max":0.000003338,"avg":0.000000079,"var":0.000000000,"sum":0.002625465}},"get_input":{"duration":{"num":33387,"min":0.000000000,"max":0.000000715,"avg":0.000000107,"var":0.000000000,"sum":0.003577948},"relative_timestamp_from_ult_start":{"num":33387,"min":0.000000000,"max":0.000037193,"avg":0.000000130,"var":0.000000002,"sum":0.004345894}}},"received from ofi+cxi://0x0261c611":{"handler":{"duration":{"num":1646,"min":0.000000477,"max":0.000017643,"avg":0.000000966,"var":0.000000001,"sum":0.001590729}},"ult":{"duration":{"num":1646,"min":0.000191689,"max":0.030924320,"avg":0.004931277,"var":0.095558002,"sum":8.116881371},"relative_timestamp_from_handler_start":{"num":1646,"min":0.000000715,"max":0.020849705,"avg":0.001578321,"var":0.044168273,"sum":2.597915649}},"irespond":{"duration":{"num":1646,"min":0.000000238,"max":0.000007391,"avg":0.000000916,"var":0.000000001,"sum":0.001508474},"relative_timestamp_from_ult_start":{"num":1646,"min":0.000183105,"max":0.030907869,"avg":0.004751787,"var":0.094464359,"sum":7.821441889}},"respond_cb":{"duration":{"num":1646,"min":0.000000000,"max":0.000004768,"avg":0.000000177,"var":0.000000000,"sum":0.000291824},"relative_timestamp_from_irespond_start":{"num":1646,"min":0.000003815,"max":0.002611637,"avg":0.000133746,"var":0.000162141,"sum":0.220146656}},"irespond_wait":{"duration":{"num":1646,"min":0.000003576,"max":0.021008730,"avg":0.000149363,"var":0.000614317,"sum":0.245851040},"relative_timestamp_from_irespond_end":{"num":1646,"min":0.000000000,"max":0.000002861,"avg":0.000000282,"var":0.000000000,"sum":0.000464916}},"set_output":{"duration":{"num":1646,"min":0.000000000,"max":0.000002861,"avg":0.000000126,"var":0.000000000,"sum":0.000206947},"relative_timestamp_from_irespond_start":{"num":1646,"min":0.000000000,"max":0.000005960,"avg":0.000000212,"var":0.000000000,"sum":0.000348568}},"get_input":{"duration":{"num":1646,"min":0.000000000,"max":0.000020266,"avg":0.000000506,"var":0.000000001,"sum":0.000832319},"relative_timestamp_from_ult_start":{"num":1646,"min":0.000000000,"max":0.000005007,"avg":0.000000210,"var":0.000000000,"sum":0.000346422}},"bulk":{"create":{"duration":{"num":1646,"min":0.000002384,"max":0.028871298,"avg":0.003579224,"var":0.082445263,"sum":5.891403437},"size":{"num":1646,"min":4194304.000000000,"max":4194304.000000000,"avg":4194304.000000000,"var":0.000000000,"sum":6903824384.000000000}},"pull from ofi+cxi://0x0261c611":{"itransfer":{"duration":{"num":1646,"min":0.000000715,"max":0.000031471,"avg":0.000002087,"var":0.000000007,"sum":0.003435135},"size":{"num":1646,"min":4194304.000000000,"max":4194304.000000000,"avg":4194304.000000000,"var":0.000000000,"sum":6903824384.000000000}},"transfer_cb":{"duration":{"num":1646,"min":0.000000000,"max":0.000005245,"avg":0.000000171,"var":0.000000000,"sum":0.000281811},"relative_timestamp_from_itransfer_start":{"num":1646,"min":0.000179291,"max":0.020216465,"avg":0.001147505,"var":0.003284700,"sum":1.888793707}},"itransfer_wait":{"duration":{"num":1646,"min":0.000178576,"max":0.020215511,"avg":0.001165796,"var":0.003826510,"sum":1.918900490},"relative_timestamp_from_itransfer_end":{"num":1646,"min":0.000000000,"max":0.000005245,"avg":0.000000324,"var":0.000000000,"sum":0.000534058}}}}},"received from ofi+cxi://0x02618218":{"handler":{"duration":{"num":1594,"min":0.000000477,"max":0.000010252,"avg":0.000000958,"var":0.000000001,"sum":0.001526594}},"ult":{"duration":{"num":1594,"min":0.000190735,"max":0.031549215,"avg":0.004257238,"var":0.075486224,"sum":6.786036730},"relative_timestamp_from_handler_start":{"num":1594,"min":0.000000715,"max":0.028884172,"avg":0.001407543,"var":0.039331092,"sum":2.243623257}},"irespond":{"duration":{"num":1594,"min":0.000000238,"max":0.000013113,"avg":0.000000920,"var":0.000000001,"sum":0.001466751},"relative_timestamp_from_ult_start":{"num":1594,"min":0.000182629,"max":0.022978067,"avg":0.004084434,"var":0.074113071,"sum":6.510588169}},"respond_cb":{"duration":{"num":1594,"min":0.000000000,