{"address":"","rpcs":{},"pools":{"__primary__":{"timestamps":[1753366941.851552725,1753366942.851625919,1753366943.851829767,1753366944.852182865,1753366945.852347374,1753366946.852718353,1753366956.003296614,1753366956.123862743],"size":[0,0,0,0,0,0,0,0],"total_size":[1,1,1,1,1,1,1,0]}}}