{"address":"","rpcs":{},"pools":{"__primary__":{"timestamps":[1753558083.759298325,1753558084.759567499,1753558085.759772539,1753558086.759793282,1753558087.760087013,1753558088.760137558,1753558094.580956936,1753558094.709388733],"size":[0,0,0,0,0,0,0,0],"total_size":[1,1,1,1,1,1,1,0]}}}