{"address":"","rpcs":{"qtn_work_rpc:1":{"timestamps":[1753558083.973607063,1753558084.973607302,1753558085.973607779,1753558086.973608255,1753558087.973608732,1753558088.973608971,1753558090.050282717,1753558091.089924812,1753558092.130011320,1753558093.170136452,1753558094.209864616,1753558095.249559402,1753558096.289744616,1753558097.330033541,1753558098.369876146,1753558099.409600973,1753558100.450068951,1753558101.490124226,1753558102.530086756,1753558103.570216656,1753558104.609942198,1753558105.649386406,1753558106.690105677,1753558107.729343653,1753558108.769573212,1753558109.810145617,1753558110.849907398,1753558111.889381647,1753558112.930056334,1753558113.970071316,1753558115.009658098,1753558116.049427748,1753558117.089871645,1753558118.125489950,1753558119.165398598,1753558120.205996275,1753558121.246050596,1753558122.285849094,1753558123.285849571,1753558124.297901154,1753558125.298329592,1753558126.318257332,1753558127.318911791,1753558128.318912029,1753558129.318912268,1753558130.320494175,1753558131.353729486,1753558132.365552664,1753558133.366984844,1753558134.387094498,1753558135.395265818,1753558136.401163816,1753558137.425600529,1753558138.465257883,1753558139.505708456,1753558140.545467615,1753558141.585869312,1753558142.626230001,1753558143.666069746,1753558144.706223726,1753558145.746200085,1753558146.786267281,1753558147.826118231,1753558148.865999937,1753558149.905855656,1753558150.946022511,1753558151.985566378,1753558153.026353121,1753558154.065348387,1753558155.101089954,1753558155.294221401],"count":[527,7990,8988,9189,9302,9318,2226,0,0,0,0,0,0,0,0,0,0,0,0,0,0,0,0,0,0,0,0,0,0,0,0,0,0,0,0,0,0,0,228,272,254,238,163,235,248,320,42,158,237,252,204,292,43,0,0,0,0,0,0,0,0,0,0,0,0,0,0,0,0,0,0],"bulk_size":[0,0,0,0,0,0,0,0,0,0,0,0,0,0,0,0,0,0,0,0,0,0,0,0,0,0,0,0,0,0,0,0,0,0,0,0,0,0,956301312,1140850688,1065353216,998244352,683671552,985661440,1040187392,1342177280,176160768,662700032,994050048,1056964608,855638016,1224736768,180355072,0,0,0,0,0,0,0,0,0,0,0,0,0,0,0,0,0,0]},"__shutdown__:65535":{"timestamps":[1753558155.294221401],"count":[1],"bulk_size":[0]}},"pools":{"__primary__":{"timestamps":[1753558039.294108868,1753558040.334256172,1753558041.374012947,1753558042.413895607,1753558043.453410864,1753558044.493427753,1753558045.533888817,1753558046.573769569,1753558047.613641739,1753558048.653672457,1753558049.694128036,1753558050.733289480,1753558051.773741245,1753558052.814037323,1753558053.854197264,1753558054.893686533,1753558055.933745146,1753558056.973597765,1753558058.014083147,1753558059.053411722,1753558060.093801975,1753558061.133581638,1753558062.174229145,1753558063.213441372,1753558064.254365921,1753558065.293434620,1753558066.333596706,1753558067.373329401,1753558068.413979769,1753558069.453732967,1753558070.494104862,1753558071.534156084,1753558072.573487282,1753558073.613922834,1753558074.653542757,1753558075.693391800,1753558076.734321594,1753558077.774226665,1753558078.813650131,1753558079.853676796,1753558080.893871307,1753558081.933764219,1753558082.973606825,1753558083.973607063,1753558084.973607302,1753558085.973607779,1753558086.973608255,1753558087.973608732,1753558088.973608971,1753558090.050282717,1753558091.089924812,1753558092.130011320,1753558093.170136452,1753558094.209864616,1753558095.249559402,1753558096.289744616,1753558097.330033541,1753558098.369876146,1753558099.409600973,1753558100.450068951,1753558101.490124226,1753558102.530086756,1753558103.570216656,1753558104.609942198,1753558105.649386406,1753558106.690105677,1753558107.729343653,1753558108.769573212,1753558109.810145617,1753558110.849907398,1753558111.889381647,1753558112.930056334,1753558113.970071316,1753558115.009658098,1753558116.049427748,1753558117.089871645,1753558118.125489950,1753558119.165398598,1753558120.205996275,1753558121.246050596,1753558122.285849094,1753558123.285849571,1753558124.297901154,1753558125.298329592,1753558126.318257332,1753558127.318911791,1753558128.318912029,1753558129.318912268,1753558130.320494175,1753558131.353729486,1753558132.365552664,1753558133.366984844,1753558134.387094498,1753558135.395265818,1753558136.401163816,1753558137.425600529,1753558138.465257883,1753558139.505708456,1753558140.545467615,1753558141.585869312,1753558142.626230001,1753558143.666069746,1753558144.706223726,1753558145.746200085,1753558146.786267281,1753558147.826118231,1753558148.865999937,1753558149.905855656,1753558150.946022511,1753558151.985566378,1753558153.026353121,1753558154.065348387,1753558155.101089954,1753558155.294221401],"size":[0,0,0,0,0,0,0,0,0,0,0,0,0,0,0,0,0,0,0,0,0,0,0,0,0,0,0,0,0,0,0,0,0,0,0,0,0,0,0,0,0,0,0,0,0,0,0,0,0,0,0,0,0,0,0,0,0,0,0,0,0,0,0,0,0,0,0,0,0,0,0,0,0,0,0,0,0,0,0,0,0,0,0,0,0,0,0,0,0,0,0,0,0,0,0,0,0,0,0,0,0,0,0,0,0,0,0,0,0,0,0,0,0,0],"total_size":[1,1,1,1,1,1,1,1,1,1,1,1,1,1,1,1,1,1,1,1,1,1,1,1,1,1,1,1,1,1,1,1,1,1,1,1,1,1,1,1,1,1,1,1,1,1,1,1,1,1,1,1,1,1,1,1,1,1,1,1,1,1,1,1,1,1,1,1,1,1,1,1,1,1,1,1,1,1,1,1,1,3,2,3,3,2,3,2,3,1,3,2,3,3,2,1,1,1,1,1,1,1,1,1,1,1,1,1,1,1,1,1,1,0]}}}