{"address":"","rpcs":{},"pools":{"__primary__":{"timestamps":[1753558083.759996653,1753558084.760176420,1753558085.760280371,1753558086.760296106,1753558087.760344028,1753558088.760367393,1753558094.584213495,1753558094.705196381],"size":[0,0,0,0,0,0,0,0],"total_size":[1,1,1,1,1,1,1,0]}}}