{"address":"ofi+cxi://0x02610012","progress_loop":{"progress_with_timeout":{"num":36843,"min":0.000001431,"max":0.103296995,"avg":0.000139832,"var":0.012224167,"sum":5.151839018},"progress_timeout_value_msec":{"num":36843,"min":100.000000000,"max":100.000000000,"avg":100.000000000,"var":0.000000000,"sum":3684300.000000000},"progress_without_timeout":{"num":0,"min":0.000000000,"max":0.000000000,"avg":0.000000000,"var":0.000000000,"sum":0.000000000},"trigger":{"num":36753,"min":0.000000238,"max":0.000011444,"avg":0.000000316,"var":0.000000001,"sum":0.011619329}},"rpcs":{"65535:65535:7940397281847607295:2":{"rpc_id":7940397281847607295,"provider_id":2,"parent_rpc_id":65535,"parent_provider_id":65535,"name":"__identity__","origin":{"sent to ofi+cxi://0x0262200d":{"iforward":{"duration":{"num":1,"min":0.000099659,"max":0.000099659,"avg":0.000099659,"var":0.000000000,"sum":0.000099659},"relative_timestamp_from_create":{"num":1,"min":0.000002623,"max":0.000002623,"avg":0.000002623,"var":0.000000000,"sum":0.000002623}},"forward_cb":{"duration":{"num":1,"min":0.000010252,"max":0.000010252,"avg":0.000010252,"var":0.000000000,"sum":0.000010252},"relative_timestamp_from_iforward_start":{"num":1,"min":0.011317968,"max":0.011317968,"avg":0.011317968,"var":0.000000000,"sum":0.011317968}},"iforward_wait":{"duration":{"num":1,"min":0.011234045,"max":0.011234045,"avg":0.011234045,"var":0.000000000,"sum":0.011234045},"relative_timestamp_from_iforward_end":{"num":1,"min":0.000000477,"max":0.000000477,"avg":0.000000477,"var":0.000000000,"sum":0.000000477}},"set_input":{"duration":{"num":0,"min":0.000000000,"max":0.000000000,"avg":0.000000000,"var":0.000000000,"sum":0.000000000},"relative_timestamp_from_iforward_start":{"num":0,"min":0.000000000,"max":0.000000000,"avg":0.000000000,"var":0.000000000,"sum":0.000000000}},"get_output":{"duration":{"num":1,"min":0.000007629,"max":0.000007629,"avg":0.000007629,"var":0.000000000,"sum":0.000007629},"relative_timestamp_from_wait_end":{"num":1,"min":0.000001669,"max":0.000001669,"avg":0.000001669,"var":0.000000000,"sum":0.000001669}}}}},"65535:65535:9722976651498815487:2":{"rpc_id":9722976651498815487,"provider_id":2,"parent_rpc_id":65535,"parent_provider_id":65535,"name":"flock_get_view","origin":{"sent to ofi+cxi://0x0262200d":{"iforward":{"duration":{"num":2,"min":0.000011444,"max":0.000041723,"avg":0.000026584,"var":0.000000000,"sum":0.000053167},"relative_timestamp_from_create":{"num":2,"min":0.000000238,"max":0.000001431,"avg":0.000000834,"var":0.000000000,"sum":0.000001669}},"forward_cb":{"duration":{"num":2,"min":0.000000238,"max":0.000000477,"avg":0.000000358,"var":0.000000000,"sum":0.000000715},"relative_timestamp_from_iforward_start":{"num":2,"min":0.015657187,"max":0.031928539,"avg":0.023792863,"var":0.000132378,"sum":0.047585726}},"iforward_wait":{"duration":{"num":2,"min":0.015646935,"max":0.031886816,"avg":0.023766875,"var":0.000131867,"sum":0.047533751},"relative_timestamp_from_iforward_end":{"num":2,"min":0.000000238,"max":0.000001192,"avg":0.000000715,"var":0.000000000,"sum":0.000001431}},"set_input":{"duration":{"num":2,"min":0.000000238,"max":0.000000477,"avg":0.000000358,"var":0.000000000,"sum":0.000000715},"relative_timestamp_from_iforward_start":{"num":2,"min":0.000001907,"max":0.000011921,"avg":0.000006914,"var":0.000000000,"sum":0.000013828}},"get_output":{"duration":{"num":2,"min":0.000000477,"max":0.000022888,"avg":0.000011683,"var":0.000000000,"sum":0.000023365},"relative_timestamp_from_wait_end":{"num":2,"min":0.000000238,"max":0.000001192,"avg":0.000000715,"var":0.000000000,"sum":0.000001431}}}}},"65535:65535:3669993900245843967:1":{"rpc_id":3669993900245843967,"provider_id":1,"parent_rpc_id":65535,"parent_provider_id":65535,"name":"qtn_work_rpc","origin":{"sent to ofi+cxi://0x0262a017":{"iforward":{"duration":{"num":36749,"min":0.000001669,"max":0.000031471,"avg":0.000002074,"var":0.000000006,"sum":0.076220751},"relative_timestamp_from_create":{"num":36749,"min":0.000000000,"max":0.000006914,"avg":0.000000086,"var":0.000000001,"sum":0.003162861}},"forward_cb":{"duration":{"num":36749,"min":0.000000000,"max":0.000002384,"avg":0.000000137,"var":0.000000001,"sum":0.005025387},"relative_timestamp_from_iforward_start":{"num":36749,"min":0.000008821,"max":0.000626087,"avg":0.000138472,"var":0.000243827,"sum":5.088717461}},"iforward_wait":{"duration":{"num":36749,"min":0.000003099,"max":0.000624657,"avg":0.000136863,"var":0.000243858,"sum":5.029575348},"relative_timestamp_from_iforward_end":{"num":36749,"min":0.000000000,"max":0.000011206,"avg":0.000000171,"var":0.000000001,"sum":0.006283283}},"set_input":{"duration":{"num":36749,"min":0.000000000,"max":0.000007629,"avg":0.000000093,"var":0.000000001,"sum":0.003423452},"relative_timestamp_from_iforward_start":{"num":36749,"min":0.000000715,"max":0.000013351,"avg":0.000000877,"var":0.000000001,"sum":0.032238483}},"get_output":{"duration":{"num":36749,"min":0.000000000,"max":0.000010729,"avg":0.000000106,"var":0.000000001,"sum":0.003881454},"relative_timestamp_from_wait_end":{"num":36749,"min":0.000000000,"max":0.000006199,"avg":0.000000163,"var":0.000000001,"sum":0.005997181}}}}}},"hostname":"x4108c0s5b0n0","pid":35694,"cmdline":["/home/carns/working/src/spack/var/spack/environments/quintain-2025-07/.spack-env/view/bin/quintain-benchmark","-g","quintain.flock.json","-j","/home/carns/working/dbg/john-quintain-profile-example-2025-07/quintain-benchmark-rpc.json","-o","/flare/radix-io/carns/quintain/6767526.aurora-pbs-0001.hostmgmt.cm.aurora.alcf.anl.gov/rpc-sweep-servers408-clis816"]}