{"address":"","rpcs":{},"pools":{"__primary__":{"timestamps":[1753558083.759973049,1753558084.760244370,1753558085.760577917,1753558086.760796309,1753558087.761175394,1753558088.761275053,1753558094.585394621,1753558094.711517572],"size":[0,0,0,0,0,0,0,0],"total_size":[1,1,1,1,1,1,1,0]}}}