{"address":"","rpcs":{},"pools":{"__primary__":{"timestamps":[1753558083.759450674,1753558084.759584904,1753558085.759679079,1753558086.760035276,1753558087.760234118,1753558088.760369778,1753558094.584406853,1753558094.722492933],"size":[0,0,0,0,0,0,0,0],"total_size":[1,1,1,1,1,1,1,0]}}}