{"address":"","rpcs":{},"pools":{"__primary__":{"timestamps":[1753558083.759388924,1753558084.759433031,1753558085.759502888,1753558086.759646893,1753558087.759765148,1753558088.759797573,1753558094.582684994,1753558094.715102911],"size":[0,0,0,0,0,0,0,0],"total_size":[1,1,1,1,1,1,1,0]}}}