{"address":"ofi+cxi://0x0260400e","progress_loop":{"progress_with_timeout":{"num":1420,"min":0.000001431,"max":0.103302240,"avg":0.009598650,"var":0.163056810,"sum":13.630082369},"progress_timeout_value_msec":{"num":1420,"min":100.000000000,"max":100.000000000,"avg":100.000000000,"var":0.000000000,"sum":142000.000000000},"progress_without_timeout":{"num":0,"min":0.000000000,"max":0.000000000,"avg":0.000000000,"var":0.000000000,"sum":0.000000000},"trigger":{"num":1409,"min":0.000000238,"max":0.000012159,"avg":0.000000311,"var":0.000000000,"sum":0.000437975}},"rpcs":{"65535:65535:7940397281847607295:2":{"rpc_id":7940397281847607295,"provider_id":2,"parent_rpc_id":65535,"parent_provider_id":65535,"name":"__identity__","origin":{"sent to ofi+cxi://0x0262200d":{"iforward":{"duration":{"num":1,"min":0.000120401,"max":0.000120401,"avg":0.000120401,"var":0.000000000,"sum":0.000120401},"relative_timestamp_from_create":{"num":1,"min":0.000002623,"max":0.000002623,"avg":0.000002623,"var":0.000000000,"sum":0.000002623}},"forward_cb":{"duration":{"num":1,"min":0.000010967,"max":0.000010967,"avg":0.000010967,"var":0.000000000,"sum":0.000010967},"relative_timestamp_from_iforward_start":{"num":1,"min":0.003062725,"max":0.003062725,"avg":0.003062725,"var":0.000000000,"sum":0.003062725}},"iforward_wait":{"duration":{"num":1,"min":0.002959013,"max":0.002959013,"avg":0.002959013,"var":0.000000000,"sum":0.002959013},"relative_timestamp_from_iforward_end":{"num":1,"min":0.000000238,"max":0.000000238,"avg":0.000000238,"var":0.000000000,"sum":0.000000238}},"set_input":{"duration":{"num":0,"min":0.000000000,"max":0.000000000,"avg":0.000000000,"var":0.000000000,"sum":0.000000000},"relative_timestamp_from_iforward_start":{"num":0,"min":0.000000000,"max":0.000000000,"avg":0.000000000,"var":0.000000000,"sum":0.000000000}},"get_output":{"duration":{"num":1,"min":0.000007868,"max":0.000007868,"avg":0.000007868,"var":0.000000000,"sum":0.000007868},"relative_timestamp_from_wait_end":{"num":1,"min":0.000001431,"max":0.000001431,"avg":0.000001431,"var":0.000000000,"sum":0.000001431}}}}},"65535:65535:9722976651498815487:2":{"rpc_id":9722976651498815487,"provider_id":2,"parent_rpc_id":65535,"parent_provider_id":65535,"name":"flock_get_view","origin":{"sent to ofi+cxi://0x0262200d":{"iforward":{"duration":{"num":2,"min":0.000012159,"max":0.000037909,"avg":0.000025034,"var":0.000000000,"sum":0.000050068},"relative_timestamp_from_create":{"num":2,"min":0.000000238,"max":0.000000954,"avg":0.000000596,"var":0.000000000,"sum":0.000001192}},"forward_cb":{"duration":{"num":2,"min":0.000000238,"max":0.000000238,"avg":0.000000238,"var":0.000000000,"sum":0.000000477},"relative_timestamp_from_iforward_start":{"num":2,"min":0.007156610,"max":0.020033836,"avg":0.013595223,"var":0.000082911,"sum":0.027190447}},"iforward_wait":{"duration":{"num":2,"min":0.007117987,"max":0.020022154,"avg":0.013570070,"var":0.000083259,"sum":0.027140141},"relative_timestamp_from_iforward_end":{"num":2,"min":0.000000238,"max":0.000001669,"avg":0.000000954,"var":0.000000000,"sum":0.000001907}},"set_input":{"duration":{"num":2,"min":0.000000238,"max":0.000000238,"avg":0.000000238,"var":0.000000000,"sum":0.000000477},"relative_timestamp_from_iforward_start":{"num":2,"min":0.000001669,"max":0.000011206,"avg":0.000006437,"var":0.000000000,"sum":0.000012875}},"get_output":{"duration":{"num":2,"min":0.000000238,"max":0.000034809,"avg":0.000017524,"var":0.000000001,"sum":0.000035048},"relative_timestamp_from_wait_end":{"num":2,"min":0.000000477,"max":0.000001431,"avg":0.000000954,"var":0.000000000,"sum":0.000001907}}}}},"65535:65535:3669993900245843967:1":{"rpc_id":3669993900245843967,"provider_id":1,"parent_rpc_id":65535,"parent_provider_id":65535,"name":"qtn_work_rpc","origin":{"sent to ofi+cxi://0x0263c410":{"iforward":{"duration":{"num":1405,"min":0.000001431,"max":0.000033617,"avg":0.000001882,"var":0.000000004,"sum":0.002644062},"relative_timestamp_from_create":{"num":1405,"min":0.000002623,"max":0.001701832,"avg":0.000004123,"var":0.000002885,"sum":0.005792379}},"forward_cb":{"duration":{"num":1405,"min":0.000000000,"max":0.000005484,"avg":0.000000138,"var":0.000000000,"sum":0.000194550},"relative_timestamp_from_iforward_start":{"num":1405,"min":0.000211477,"max":0.042224884,"avg":0.009608709,"var":0.153104066,"sum":13.500236750}},"iforward_wait":{"duration":{"num":1405,"min":0.000210047,"max":0.042223692,"avg":0.009607218,"var":0.153103998,"sum":13.498141766},"relative_timestamp_from_iforward_end":{"num":1405,"min":0.000000000,"max":0.000000715,"avg":0.000000195,"var":0.000000000,"sum":0.000273943}},"set_input":{"duration":{"num":1405,"min":0.000000000,"max":0.000005245,"avg":0.000000129,"var":0.000000000,"sum":0.000181437},"relative_timestamp_from_iforward_start":{"num":1405,"min":0.000000477,"max":0.000010014,"avg":0.000000712,"var":0.000000000,"sum":0.001000643}},"get_output":{"duration":{"num":1405,"min":0.000000000,"max":0.000000238,"avg":0.000000090,"var":0.000000000,"sum":0.000126123},"relative_timestamp_from_wait_end":{"num":1405,"min":0.000000000,"max":0.000003338,"avg":0.000000154,"var":0.000000000,"sum":0.000216484}}}}},"65535:65535:65535:65535":{"rpc_id":65535,"provider_id":65535,"parent_rpc_id":65535,"parent_provider_id":65535,"name":"","target":{"received from <unknown>":{"bulk":{"create":{"duration":{"num":1405,"min":0.000002384,"max":0.001695156,"avg":0.000003924,"var":0.000002863,"sum":0.005513191},"size":{"num":1405,"min":4194304.000000000,"max":4194304.000000000,"avg":4194304.000000000,"var":0.000000000,"sum":5892997120.000000000}}}}}}},"hostname":"x4108c0s3b0n0","pid":88027,"cmdline":["/home/carns/working/src/spack/var/spack/environments/quintain-2025-07/.spack-env/view/bin/quintain-benchmark","-g","quintain.flock.json","-j","/home/carns/working/dbg/john-quintain-profile-example-2025-07/quintain-benchmark-bw.json","-o","/flare/radix-io/carns/quintain/6767526.aurora-pbs-0001.hostmgmt.cm.aurora.alcf.anl.gov/bw-sweep-servers408-clis816"]}