{"address":"","rpcs":{},"pools":{"__primary__":{"timestamps":[1753558083.758051157,1753558084.758167744,1753558085.758375883,1753558086.758788824,1753558087.759144545,1753558088.759359598,1753558094.584355593,1753558094.710178614],"size":[0,0,0,0,0,0,0,0],"total_size":[1,1,1,1,1,1,1,0]}}}