{"address":"ofi+cxi://0x0260e60d","progress_loop":{"progress_with_timeout":{"num":21464,"min":0.000000954,"max":0.104361057,"avg":0.000245848,"var":0.013488937,"sum":5.276879787},"progress_timeout_value_msec":{"num":21464,"min":100.000000000,"max":100.000000000,"avg":100.000000000,"var":0.000000000,"sum":2146400.000000000},"progress_without_timeout":{"num":0,"min":0.000000000,"max":0.000000000,"avg":0.000000000,"var":0.000000000,"sum":0.000000000},"trigger":{"num":21442,"min":0.000000238,"max":0.000012159,"avg":0.000000297,"var":0.000000001,"sum":0.006362915}},"rpcs":{"65535:65535:7940397281847607295:2":{"rpc_id":7940397281847607295,"provider_id":2,"parent_rpc_id":65535,"parent_provider_id":65535,"name":"__identity__","origin":{"sent to ofi+cxi://0x0262200d":{"iforward":{"duration":{"num":1,"min":0.001072884,"max":0.001072884,"avg":0.001072884,"var":0.000000000,"sum":0.001072884},"relative_timestamp_from_create":{"num":1,"min":0.000009537,"max":0.000009537,"avg":0.000009537,"var":0.000000000,"sum":0.000009537}},"forward_cb":{"duration":{"num":1,"min":0.000010729,"max":0.000010729,"avg":0.000010729,"var":0.000000000,"sum":0.000010729},"relative_timestamp_from_iforward_start":{"num":1,"min":0.014305592,"max":0.014305592,"avg":0.014305592,"var":0.000000000,"sum":0.014305592}},"iforward_wait":{"duration":{"num":1,"min":0.013248920,"max":0.013248920,"avg":0.013248920,"var":0.000000000,"sum":0.013248920},"relative_timestamp_from_iforward_end":{"num":1,"min":0.000000238,"max":0.000000238,"avg":0.000000238,"var":0.000000000,"sum":0.000000238}},"set_input":{"duration":{"num":0,"min":0.000000000,"max":0.000000000,"avg":0.000000000,"var":0.000000000,"sum":0.000000000},"relative_timestamp_from_iforward_start":{"num":0,"min":0.000000000,"max":0.000000000,"avg":0.000000000,"var":0.000000000,"sum":0.000000000}},"get_output":{"duration":{"num":1,"min":0.000007629,"max":0.000007629,"avg":0.000007629,"var":0.000000000,"sum":0.000007629},"relative_timestamp_from_wait_end":{"num":1,"min":0.000001431,"max":0.000001431,"avg":0.000001431,"var":0.000000000,"sum":0.000001431}}}}},"65535:65535:9722976651498815487:2":{"rpc_id":9722976651498815487,"provider_id":2,"parent_rpc_id":65535,"parent_provider_id":65535,"name":"flock_get_view","origin":{"sent to ofi+cxi://0x0262200d":{"iforward":{"duration":{"num":2,"min":0.000014544,"max":0.000043631,"avg":0.000029087,"var":0.000000000,"sum":0.000058174},"relative_timestamp_from_create":{"num":2,"min":0.000000238,"max":0.000000954,"avg":0.000000596,"var":0.000000000,"sum":0.000001192}},"forward_cb":{"duration":{"num":2,"min":0.000000238,"max":0.000000238,"avg":0.000000238,"var":0.000000000,"sum":0.000000477},"relative_timestamp_from_iforward_start":{"num":2,"min":0.010710955,"max":0.034976959,"avg":0.022843957,"var":0.000294419,"sum":0.045687914}},"iforward_wait":{"duration":{"num":2,"min":0.010696888,"max":0.034932852,"avg":0.022814870,"var":0.000293691,"sum":0.045629740},"relative_timestamp_from_iforward_end":{"num":2,"min":0.000000238,"max":0.000001431,"avg":0.000000834,"var":0.000000000,"sum":0.000001669}},"set_input":{"duration":{"num":2,"min":0.000000238,"max":0.000000238,"avg":0.000000238,"var":0.000000000,"sum":0.000000477},"relative_timestamp_from_iforward_start":{"num":2,"min":0.000001669,"max":0.000015736,"avg":0.000008702,"var":0.000000000,"sum":0.000017405}},"get_output":{"duration":{"num":2,"min":0.000000477,"max":0.000039101,"avg":0.000019789,"var":0.000000001,"sum":0.000039577},"relative_timestamp_from_wait_end":{"num":2,"min":0.000000238,"max":0.000000954,"avg":0.000000596,"var":0.000000000,"sum":0.000001192}}}}},"65535:65535:3669993900245843967:1":{"rpc_id":3669993900245843967,"provider_id":1,"parent_rpc_id":65535,"parent_provider_id":65535,"name":"qtn_work_rpc","origin":{"sent to ofi+cxi://0x02624615":{"iforward":{"duration":{"num":21438,"min":0.000001431,"max":0.000024557,"avg":0.000001722,"var":0.000000006,"sum":0.036910534},"relative_timestamp_from_create":{"num":21438,"min":0.000000000,"max":0.000004530,"avg":0.000000080,"var":0.000000000,"sum":0.001706600}},"forward_cb":{"duration":{"num":21438,"min":0.000000000,"max":0.000002861,"avg":0.000000132,"var":0.000000000,"sum":0.002819777},"relative_timestamp_from_iforward_start":{"num":21438,"min":0.000008583,"max":0.001191378,"avg":0.000240824,"var":0.001187922,"sum":5.162792444}},"iforward_wait":{"duration":{"num":21438,"min":0.000005960,"max":0.001190662,"avg":0.000239532,"var":0.001189198,"sum":5.135084629},"relative_timestamp_from_iforward_end":{"num":21438,"min":0.000000000,"max":0.000002861,"avg":0.000000176,"var":0.000000000,"sum":0.003771544}},"set_input":{"duration":{"num":21438,"min":0.000000000,"max":0.000005722,"avg":0.000000078,"var":0.000000000,"sum":0.001676321},"relative_timestamp_from_iforward_start":{"num":21438,"min":0.000000477,"max":0.000007629,"avg":0.000000762,"var":0.000000001,"sum":0.016341925}},"get_output":{"duration":{"num":21438,"min":0.000000000,"max":0.000000954,"avg":0.000000098,"var":0.000000000,"sum":0.002108335},"relative_timestamp_from_wait_end":{"num":21438,"min":0.000000000,"max":0.000001431,"avg":0.000000151,"var":0.000000000,"sum":0.003230810}}}}}},"hostname":"x4108c0s0b0n0","pid":40851,"cmdline":["/home/carns/working/src/spack/var/spack/environments/quintain-2025-07/.spack-env/view/bin/quintain-benchmark","-g","quintain.flock.json","-j","/home/carns/working/dbg/john-quintain-profile-example-2025-07/quintain-benchmark-rpc.json","-o","/flare/radix-io/carns/quintain/6767526.aurora-pbs-0001.hostmgmt.cm.aurora.alcf.anl.gov/rpc-sweep-servers408-clis816"]}