{"address":"","progress_loop":{"progress_with_timeout":{"num":2309,"min":0.000001669,"max":0.108571053,"avg":0.081961548,"var":4.148617751,"sum":189.249214649},"progress_timeout_value_msec":{"num":2309,"min":100.000000000,"max":100.000000000,"avg":100.000000000,"var":0.000000000,"sum":230900.000000000},"progress_without_timeout":{"num":15090057,"min":0.000000000,"max":0.000479698,"avg":0.000000155,"var":0.000000882,"sum":2.332209587},"trigger":{"num":97304,"min":0.000000000,"max":0.000036001,"avg":0.000000592,"var":0.000000048,"sum":0.057618856}},"rpcs":{"65535:65535:3669993900245843967:1":{"rpc_id":3669993900245843967,"provider_id":1,"parent_rpc_id":65535,"parent_provider_id":65535,"name":"qtn_work_rpc","target":{"received from ofi+cxi://0x06f0c60d":{"handler":{"duration":{"num":22064,"min":0.000000238,"max":0.000029802,"avg":0.000000558,"var":0.000000007,"sum":0.012312174}},"ult":{"duration":{"num":22064,"min":0.000004292,"max":0.000037670,"avg":0.000004857,"var":0.000000020,"sum":0.107170820},"relative_timestamp_from_handler_start":{"num":22064,"min":0.000000715,"max":0.000030041,"avg":0.000000915,"var":0.000000017,"sum":0.020190239}},"irespond":{"duration":{"num":22064,"min":0.000000238,"max":0.000028372,"avg":0.000000490,"var":0.000000003,"sum":0.010812759},"relative_timestamp_from_ult_start":{"num":22064,"min":0.000000238,"max":0.000030041,"avg":0.000000304,"var":0.000000001,"sum":0.006711483}},"respond_cb":{"duration":{"num":22064,"min":0.000000000,"max":0.000033140,"avg":0.000000111,"var":0.000000001,"sum":0.002451420},"relative_timestamp_from_irespond_start":{"num":22064,"min":0.000003576,"max":0.000035048,"avg":0.000003941,"var":0.000000013,"sum":0.086952448}},"irespond_wait":{"duration":{"num":22064,"min":0.000001192,"max":0.000036478,"avg":0.000003677,"var":0.000000010,"sum":0.081123590},"relative_timestamp_from_irespond_end":{"num":22064,"min":0.000000000,"max":0.000025749,"avg":0.000000180,"var":0.000000001,"sum":0.003963709}},"set_output":{"duration":{"num":22064,"min":0.000000000,"max":0.000000477,"avg":0.000000063,"var":0.000000000,"sum":0.001385212},"relative_timestamp_from_irespond_start":{"num":22064,"min":0.000000000,"max":0.000025988,"avg":0.000000080,"var":0.000000001,"sum":0.001772404}},"get_input":{"duration":{"num":22064,"min":0.000000000,"max":0.000003099,"avg":0.000000107,"var":0.000000000,"sum":0.002354145},"relative_timestamp_from_ult_start":{"num":22064,"min":0.000000000,"max":0.000014305,"avg":0.000000127,"var":0.000000001,"sum":0.002808332}}},"received from ofi+cxi://0x06f0820f":{"handler":{"duration":{"num":21880,"min":0.000000238,"max":0.000010729,"avg":0.000000561,"var":0.000000006,"sum":0.012281179}},"ult":{"duration":{"num":21880,"min":0.000004292,"max":0.000486135,"avg":0.000004886,"var":0.000000251,"sum":0.106916189},"relative_timestamp_from_handler_start":{"num":21880,"min":0.000000715,"max":0.000027418,"avg":0.000000919,"var":0.000000015,"sum":0.020115852}},"irespond":{"duration":{"num":21880,"min":0.000000238,"max":0.000029564,"avg":0.000000490,"var":0.000000003,"sum":0.010722637},"relative_timestamp_from_ult_start":{"num":21880,"min":0.000000238,"max":0.000045776,"avg":0.000000308,"var":0.000000003,"sum":0.006736279}},"respond_cb":{"duration":{"num":21880,"min":0.000000000,"max":0.000006437,"avg":0.000000107,"var":0.000000000,"sum":0.002347469},"relative_timestamp_from_irespond_start":{"num":21880,"min":0.000003576,"max":0.000484228,"avg":0.000003971,"var":0.000000243,"sum":0.086877584}},"irespond_wait":{"duration":{"num":21880,"min":0.000000954,"max":0.000484705,"avg":0.000003705,"var":0.000000241,"sum":0.081073284},"relative_timestamp_from_irespond_end":{"num":21880,"min":0.000000000,"max":0.000007868,"avg":0.000000176,"var":0.000000000,"sum":0.003853321}},"set_output":{"duration":{"num":21880,"min":0.000000000,"max":0.000000238,"avg":0.000000064,"var":0.000000000,"sum":0.001389980},"relative_timestamp_from_irespond_start":{"num":21880,"min":0.000000000,"max":0.000019789,"avg":0.000000080,"var":0.000000001,"sum":0.001754284}},"get_input":{"duration":{"num":21880,"min":0.000000000,"max":0.000045538,"avg":0.000000117,"var":0.000000002,"sum":0.002551556},"relative_timestamp_from_ult_start":{"num":21880,"min":0.000000000,"max":0.000005960,"avg":0.000000123,"var":0.000000000,"sum":0.002689362}}},"received from ofi+cxi://0x06f00214":{"handler":{"duration":{"num":1604,"min":0.000000477,"max":0.000010729,"avg":0.000001096,"var":0.000000001,"sum":0.001757383}},"ult":{"duration":{"num":1604,"min":0.000200510,"max":0.022544146,"avg":0.005595041,"var":0.100905228,"sum":8.974445105},"relative_timestamp_from_handler_start":{"num":1604,"min":0.000000715,"max":0.020227671,"avg":0.001143941,"var":0.029862104,"sum":1.834881306}},"irespond":{"duration":{"num":1604,"min":0.000000238,"max":0.000020504,"avg":0.000000961,"var":0.000000001,"sum":0.001541853},"relative_timestamp_from_ult_start":{"num":1604,"min":0.000184059,"max":0.022526264,"avg":0.005471723,"var":0.101518364,"sum":8.776643038}},"respond_cb":{"duration":{"num":1604,"min":0.000000000,"max":0.000003576,"avg":0.000000169,"var":0.000000000,"sum":0.000271559},"relative_timestamp_from_irespond_start":{"num":1604,"min":0.000003815,"max":0.002925396,"avg":0.000084275,"var":0.000099692,"sum":0.135177612}},"irespond_wait":{"duration":{"num":1604,"min":0.000003338,"max":0.002952576,"avg":0.000089050,"var":0.000120483,"sum":0.142835617},"relative_timestamp_from_irespond_end":{"num":1604,"min":0.000000000,"max":0.000005007,"avg":0.000000261,"var":0.000000000,"sum":0.000418425}},"set_output":{"duration":{"num":1604,"min":0.000000000,"max":0.000006199,"avg":0.000000139,"var":0.000000000,"sum":0.000222683},"relative_timestamp_from_irespond_start":{"num":1604,"min":0.000000000,"max":0.000012159,"avg":0.000000221,"var":0.000000000,"sum":0.000354052}},"get_input":{"duration":{"num":1604,"min":0.000000000,"max":0.000021458,"avg":0.000000601,"var":0.000000001,"sum":0.000963211},"relative_timestamp_from_ult_start":{"num":1604,"min":0.000000000,"max":0.000007153,"avg":0.000000204,"var":0.000000000,"sum":0.000326872}},"bulk":{"create":{"duration":{"num":1604,"min":0.000002384,"max":0.020687342,"avg":0.004363961,"var":0.088280185,"sum":6.999793768},"size":{"num":1604,"min":4194304.000000000,"max":4194304.000000000,"avg":4194304.000000000,"var":0.000000000,"sum":6727663616.000000000}},"pull from ofi+cxi://0x06f00214":{"itransfer":{"duration":{"num":1604,"min":0.000000715,"max":0.000020504,"avg":0.000002166,"var":0.000000006,"sum":0.003473997},"size":{"num":1604,"min":4194304.000000000,"max":4194304.000000000,"avg":4194304.000000000,"var":0.000000000,"sum":6727663616.000000000}},"transfer_cb":{"duration":{"num":1604,"min":0.000000000,"max":0.000005722,"avg":0.000000208,"var":0.000000000,"sum":0.000333786},"relative_timestamp_from_itransfer_start":{"num":1604,"min":0.000180244,"max":0.019845486,"avg":0.001091692,"var":0.002164916,"sum":1.751073837}},"itransfer_wait":{"duration":{"num":1604,"min":0.000179291,"max":0.019845009,"avg":0.001100810,"var":0.002468731,"sum":1.765698910},"relative_timestamp_from_itransfer_end":{"num":1604,"min":0.000000000,"max":0.000005245,"avg":0.000000315,"var":0.000000000,"sum":0.000504971}}}}},"received from ofi+cxi://0x06f0440e":{"handler":{"duration":{"num":1534,"min":0.000000477,"max":0.000007868,"avg":0.000000981,"var":0.000000001,"sum":0.001504183}},"ult":{"duration":{"num":1534,"min":0.000192642,"max":0.023533344,"avg":0.004074736,"var":0.063224942,"sum":6.250645399},"relative_timestamp_from_handler_start":{"num":1534,"min":0.000000715,"max":0.019892693,"avg":0.001323176,"var":0.033297107,"sum":2.029751778}},"irespond":{"duration":{"num":1534,"min":0.000000238,"max":0.000010014,"avg":0.000000922,"var":0.000000001,"sum":0.001414061},"relative_timestamp_from_ult_start":{"num":1534,"min":0.000184059,"max":0.022346258,"avg":0.003950169,"var":0.062974584,"sum":6.059558868}},"respond_cb":{"duration":{"num":1534,"min":0.000000000,"max":0.000003576,