{"address":"ofi+cxi://0x02600211","progress_loop":{"progress_with_timeout":{"num":1515,"min":0.000001431,"max":0.101755142,"avg":0.008759604,"var":0.157003285,"sum":13.270799637},"progress_timeout_value_msec":{"num":1515,"min":100.000000000,"max":100.000000000,"avg":100.000000000,"var":0.000000000,"sum":151500.000000000},"progress_without_timeout":{"num":0,"min":0.000000000,"max":0.000000000,"avg":0.000000000,"var":0.000000000,"sum":0.000000000},"trigger":{"num":1507,"min":0.000000238,"max":0.000010967,"avg":0.000000312,"var":0.000000000,"sum":0.000469923}},"rpcs":{"65535:65535:7940397281847607295:2":{"rpc_id":7940397281847607295,"provider_id":2,"parent_rpc_id":65535,"parent_provider_id":65535,"name":"__identity__","origin":{"sent to ofi+cxi://0x0262200d":{"iforward":{"duration":{"num":1,"min":0.000164986,"max":0.000164986,"avg":0.000164986,"var":0.000000000,"sum":0.000164986},"relative_timestamp_from_create":{"num":1,"min":0.000002623,"max":0.000002623,"avg":0.000002623,"var":0.000000000,"sum":0.000002623}},"forward_cb":{"duration":{"num":1,"min":0.000005007,"max":0.000005007,"avg":0.000005007,"var":0.000000000,"sum":0.000005007},"relative_timestamp_from_iforward_start":{"num":1,"min":0.011075497,"max":0.011075497,"avg":0.011075497,"var":0.000000000,"sum":0.011075497}},"iforward_wait":{"duration":{"num":1,"min":0.010919571,"max":0.010919571,"avg":0.010919571,"var":0.000000000,"sum":0.010919571},"relative_timestamp_from_iforward_end":{"num":1,"min":0.000000477,"max":0.000000477,"avg":0.000000477,"var":0.000000000,"sum":0.000000477}},"set_input":{"duration":{"num":0,"min":0.000000000,"max":0.000000000,"avg":0.000000000,"var":0.000000000,"sum":0.000000000},"relative_timestamp_from_iforward_start":{"num":0,"min":0.000000000,"max":0.000000000,"avg":0.000000000,"var":0.000000000,"sum":0.000000000}},"get_output":{"duration":{"num":1,"min":0.000006676,"max":0.000006676,"avg":0.000006676,"var":0.000000000,"sum":0.000006676},"relative_timestamp_from_wait_end":{"num":1,"min":0.000001192,"max":0.000001192,"avg":0.000001192,"var":0.000000000,"sum":0.000001192}}}}},"65535:65535:9722976651498815487:2":{"rpc_id":9722976651498815487,"provider_id":2,"parent_rpc_id":65535,"parent_provider_id":65535,"name":"flock_get_view","origin":{"sent to ofi+cxi://0x0262200d":{"iforward":{"duration":{"num":2,"min":0.000011444,"max":0.000034571,"avg":0.000023007,"var":0.000000000,"sum":0.000046015},"relative_timestamp_from_create":{"num":2,"min":0.000000238,"max":0.000000954,"avg":0.000000596,"var":0.000000000,"sum":0.000001192}},"forward_cb":{"duration":{"num":2,"min":0.000000238,"max":0.000000238,"avg":0.000000238,"var":0.000000000,"sum":0.000000477},"relative_timestamp_from_iforward_start":{"num":2,"min":0.004420996,"max":0.019113779,"avg":0.011767387,"var":0.000107939,"sum":0.023534775}},"iforward_wait":{"duration":{"num":2,"min":0.004410505,"max":0.019078732,"avg":0.011744618,"var":0.000107578,"sum":0.023489237},"relative_timestamp_from_iforward_end":{"num":2,"min":0.000000000,"max":0.000001431,"avg":0.000000715,"var":0.000000000,"sum":0.000001431}},"set_input":{"duration":{"num":2,"min":0.000000000,"max":0.000000238,"avg":0.000000119,"var":0.000000000,"sum":0.000000238},"relative_timestamp_from_iforward_start":{"num":2,"min":0.000001669,"max":0.000011206,"avg":0.000006437,"var":0.000000000,"sum":0.000012875}},"get_output":{"duration":{"num":2,"min":0.000000238,"max":0.000036716,"avg":0.000018477,"var":0.000000001,"sum":0.000036955},"relative_timestamp_from_wait_end":{"num":2,"min":0.000000238,"max":0.000000954,"avg":0.000000596,"var":0.000000000,"sum":0.000001192}}}}},"65535:65535:3669993900245843967:1":{"rpc_id":3669993900245843967,"provider_id":1,"parent_rpc_id":65535,"parent_provider_id":65535,"name":"qtn_work_rpc","origin":{"sent to ofi+cxi://0x0262c614":{"iforward":{"duration":{"num":1503,"min":0.000001431,"max":0.000032187,"avg":0.000001891,"var":0.000000004,"sum":0.002841473},"relative_timestamp_from_create":{"num":1503,"min":0.000002384,"max":0.001473427,"avg":0.000003852,"var":0.000002162,"sum":0.005789995}},"forward_cb":{"duration":{"num":1503,"min":0.000000000,"max":0.000007629,"avg":0.000000140,"var":0.000000000,"sum":0.000210047},"relative_timestamp_from_iforward_start":{"num":1503,"min":0.000203133,"max":0.031511784,"avg":0.008741540,"var":0.147653388,"sum":13.138534784}},"iforward_wait":{"duration":{"num":1503,"min":0.000201464,"max":0.031510353,"avg":0.008739968,"var":0.147651045,"sum":13.136171818},"relative_timestamp_from_iforward_end":{"num":1503,"min":0.000000000,"max":0.000000715,"avg":0.000000268,"var":0.000000000,"sum":0.000403166}},"set_input":{"duration":{"num":1503,"min":0.000000000,"max":0.000004530,"avg":0.000000128,"var":0.000000000,"sum":0.000192881},"relative_timestamp_from_iforward_start":{"num":1503,"min":0.000000477,"max":0.000006676,"avg":0.000000739,"var":0.000000000,"sum":0.001110077}},"get_output":{"duration":{"num":1503,"min":0.000000000,"max":0.000000477,"avg":0.000000092,"var":0.000000000,"sum":0.000138521},"relative_timestamp_from_wait_end":{"num":1503,"min":0.000000000,"max":0.000003099,"avg":0.000000146,"var":0.000000000,"sum":0.000219584}}}}},"65535:65535:65535:65535":{"rpc_id":65535,"provider_id":65535,"parent_rpc_id":65535,"parent_provider_id":65535,"name":"","target":{"received from <unknown>":{"bulk":{"create":{"duration":{"num":1503,"min":0.000002146,"max":0.001469374,"avg":0.000003657,"var":0.000002151,"sum":0.005495787},"size":{"num":1503,"min":4194304.000000000,"max":4194304.000000000,"avg":4194304.000000000,"var":0.000000000,"sum":6304038912.000000000}}}}}}},"hostname":"x4108c0s5b0n0","pid":37904,"cmdline":["/home/carns/working/src/spack/var/spack/environments/quintain-2025-07/.spack-env/view/bin/quintain-benchmark","-g","quintain.flock.json","-j","/home/carns/working/dbg/john-quintain-profile-example-2025-07/quintain-benchmark-bw.json","-o","/flare/radix-io/carns/quintain/6767526.aurora-pbs-0001.hostmgmt.cm.aurora.alcf.anl.gov/bw-sweep-servers408-clis816"]}