{"address":"","rpcs":{"qtn_work_rpc:1":{"timestamps":[1753558083.971467018,1753558084.971467495,1753558085.971467972,1753558086.971468210,1753558087.971468449,1753558088.971468925,1753558090.051322460,1753558091.091351986,1753558092.131669283,1753558093.171648264,1753558094.211016417,1753558095.250936508,1753558096.290812731,1753558097.331731319,1753558098.371261358,1753558099.411160469,1753558100.451546907,1753558101.491598606,1753558102.530766010,1753558103.570977926,1753558104.611109972,1753558105.651151657,1753558106.691548347,1753558107.731650591,1753558108.770760775,1753558109.810887098,1753558110.851032734,1753558111.891154766,1753558112.931052208,1753558113.971633196,1753558115.010826588,1753558116.050928354,1753558117.091298103,1753558118.131521463,1753558119.171638727,1753558120.211787939,1753558121.250933170,1753558122.291013956,1753558123.291014194,1753558124.292378187,1753558125.298567772,1753558126.316432953,1753558127.316433430,1753558128.326767921,1753558129.330269814,1753558130.343249798,1753558131.383622646,1753558132.400127411,1753558133.400379658,1753558134.410772562,1753558135.410772800,1753558136.426881790,1753558137.523272991,1753558138.563597679,1753558139.602867365,1753558140.643233061,1753558141.683441639,1753558142.722883701,1753558143.763202429,1753558144.803505898,1753558145.842837572,1753558146.883159161,1753558147.923436403,1753558148.962759972,1753558150.003117561,1753558151.043355703,1753558152.083641291,1753558153.123031378,1753558154.163301706,1753558155.292101145],"count":[750,11107,12903,13445,13960,6316,1494,0,0,0,0,0,0,0,0,0,0,0,0,0,0,0,0,0,0,0,0,0,0,0,0,0,0,0,0,0,0,0,215,278,244,216,272,300,414,61,0,190,265,235,242,268,72,0,0,0,0,0,0,0,0,0,0,0,0,0,0,0,0,0],"bulk_size":[0,0,0,0,0,0,0,0,0,0,0,0,0,0,0,0,0,0,0,0,0,0,0,0,0,0,0,0,0,0,0,0,0,0,0,0,0,0,901775360,1166016512,1023410176,905969664,1140850688,1258291200,1736441856,255852544,0,796917760,1111490560,985661440,1015021568,1124073472,301989888,0,0,0,0,0,0,0,0,0,0,0,0,0,0,0,0,0]},"__shutdown__:65535":{"timestamps":[1753558155.292101145],"count":[1],"bulk_size":[0]}},"pools":{"__primary__":{"timestamps":[1753558039.291355371,1753558040.331224680,1753558041.371198177,1753558042.411237955,1753558043.451349735,1753558044.491472960,1753558045.531526566,1753558046.571622372,1753558047.611034632,1753558048.651045322,1753558049.690901518,1753558050.731329203,1753558051.771370649,1753558052.810882092,1753558053.851168394,1753558054.891148567,1753558055.931379795,1753558056.971460819,1753558058.011769295,1753558059.050995588,1753558060.091431618,1753558061.131595850,1753558062.170922756,1753558063.211217642,1753558064.251699924,1753558065.291577101,1753558066.331690788,1753558067.371139765,1753558068.411226511,1753558069.451504946,1753558070.487435341,1753558071.531659603,1753558072.567193270,1753558073.611088753,1753558074.651201487,1753558075.691119194,1753558076.731418371,1753558077.771498919,1753558078.811670065,1753558079.851010323,1753558080.890991449,1753558081.931174994,1753558082.971466780,1753558083.971467018,1753558084.971467495,1753558085.971467972,1753558086.971468210,1753558087.971468449,1753558088.971468925,1753558090.051322460,1753558091.091351986,1753558092.131669283,1753558093.171648264,1753558094.211016417,1753558095.250936508,1753558096.290812731,1753558097.331731319,1753558098.371261358,1753558099.411160469,1753558100.451546907,1753558101.491598606,1753558102.530766010,1753558103.570977926,1753558104.611109972,1753558105.651151657,1753558106.691548347,1753558107.731650591,1753558108.770760775,1753558109.810887098,1753558110.851032734,1753558111.891154766,1753558112.931052208,1753558113.971633196,1753558115.010826588,1753558116.050928354,1753558117.091298103,1753558118.131521463,1753558119.171638727,1753558120.211787939,1753558121.250933170,1753558122.291013956,1753558123.291014194,1753558124.292378187,1753558125.298567772,1753558126.316432953,1753558127.316433430,1753558128.326767921,1753558129.330269814,1753558130.343249798,1753558131.383622646,1753558132.400127411,1753558133.400379658,1753558134.410772562,1753558135.410772800,1753558136.426881790,1753558137.523272991,1753558138.563597679,1753558139.602867365,1753558140.643233061,1753558141.683441639,1753558142.722883701,1753558143.763202429,1753558144.803505898,1753558145.842837572,1753558146.883159161,1753558147.923436403,1753558148.962759972,1753558150.003117561,1753558151.043355703,1753558152.083641291,1753558153.123031378,1753558154.163301706,1753558155.292101145],"size":[0,0,0,0,0,0,0,0,0,0,0,0,0,0,0,0,0,0,0,0,0,0,0,0,0,0,0,0,0,0,0,0,0,0,0,0,0,0,0,0,0,0,0,0,0,0,0,0,0,0,0,0,0,0,0,0,0,0,0,0,0,0,0,0,0,0,0,0,0,0,0,0,0,0,0,0,0,0,0,0,0,0,0,0,0,0,0,0,0,0,0,0,0,0,0,0,0,0,0,0,0,0,0,0,0,0,0,0,0,0,0,0,0],"total_size":[1,1,1,1,1,1,1,1,1,1,1,1,1,1,1,1,1,1,1,1,1,1,1,1,1,1,1,1,1,1,1,1,1,1,1,1,1,1,1,1,1,1,1,1,1,1,1,1,1,1,1,1,1,1,1,1,1,1,1,1,1,1,1,1,1,1,1,1,1,1,1,1,1,1,1,1,1,1,1,1,1,3,3,3,2,3,2,3,1,1,3,3,2,2,3,1,1,1,1,1,1,1,1,1,1,1,1,1,1,1,1,1,0]}}}