{"address":"","progress_loop":{"progress_with_timeout":{"num":1784,"min":0.000001192,"max":0.103296041,"avg":0.006248527,"var":0.148687948,"sum":11.147371531},"progress_timeout_value_msec":{"num":1784,"min":100.000000000,"max":100.000000000,"avg":100.000000000,"var":0.000000000,"sum":178400.000000000},"progress_without_timeout":{"num":0,"min":0.000000000,"max":0.000000000,"avg":0.000000000,"var":0.000000000,"sum":0.000000000},"trigger":{"num":1765,"min":0.000000238,"max":0.000008583,"avg":0.000000330,"var":0.000000000,"sum":0.000582218}},"rpcs":{"65535:65535:7940397281847607295:2":{"rpc_id":7940397281847607295,"provider_id":2,"parent_rpc_id":65535,"parent_provider_id":65535,"name":"__identity__","origin":{"sent to ofi+cxi://0x06f2600c":{"iforward":{"duration":{"num":1,"min":0.000117302,"max":0.000117302,"avg":0.000117302,"var":0.000000000,"sum":0.000117302},"relative_timestamp_from_create":{"num":1,"min":0.000005960,"max":0.000005960,"avg":0.000005960,"var":0.000000000,"sum":0.000005960}},"forward_cb":{"duration":{"num":1,"min":0.000004053,"max":0.000004053,"avg":0.000004053,"var":0.000000000,"sum":0.000004053},"relative_timestamp_from_iforward_start":{"num":1,"min":0.013498068,"max":0.013498068,"avg":0.013498068,"var":0.000000000,"sum":0.013498068}},"iforward_wait":{"duration":{"num":1,"min":0.013389111,"max":0.013389111,"avg":0.013389111,"var":0.000000000,"sum":0.013389111},"relative_timestamp_from_iforward_end":{"num":1,"min":0.000000477,"max":0.000000477,"avg":0.000000477,"var":0.000000000,"sum":0.000000477}},"set_input":{"duration":{"num":0,"min":0.000000000,"max":0.000000000,"avg":0.000000000,"var":0.000000000,"sum":0.000000000},"relative_timestamp_from_iforward_start":{"num":0,"min":0.000000000,"max":0.000000000,"avg":0.000000000,"var":0.000000000,"sum":0.000000000}},"get_output":{"duration":{"num":1,"min":0.000006676,"max":0.000006676,"avg":0.000006676,"var":0.000000000,"sum":0.000006676},"relative_timestamp_from_wait_end":{"num":1,"min":0.000001431,"max":0.000001431,"avg":0.000001431,"var":0.000000000,"sum":0.000001431}}}}},"65535:65535:9722976651498815487:2":{"rpc_id":9722976651498815487,"provider_id":2,"parent_rpc_id":65535,"parent_provider_id":65535,"name":"flock_get_view","origin":{"sent to ofi+cxi://0x06f2600c":{"iforward":{"duration":{"num":2,"min":0.000016212,"max":0.000023842,"avg":0.000020027,"var":0.000000000,"sum":0.000040054},"relative_timestamp_from_create":{"num":2,"min":0.000000238,"max":0.000001431,"avg":0.000000834,"var":0.000000000,"sum":0.000001669}},"forward_cb":{"duration":{"num":2,"min":0.000000238,"max":0.000000477,"avg":0.000000358,"var":0.000000000,"sum":0.000000715},"relative_timestamp_from_iforward_start":{"num":2,"min":0.004926205,"max":0.013381720,"avg":0.009153962,"var":0.000035748,"sum":0.018307924}},"iforward_wait":{"duration":{"num":2,"min":0.004910469,"max":0.013358831,"avg":0.009134650,"var":0.000035687,"sum":0.018269300},"relative_timestamp_from_iforward_end":{"num":2,"min":0.000000477,"max":0.000001192,"avg":0.000000834,"var":0.000000000,"sum":0.000001669}},"set_input":{"duration":{"num":2,"min":0.000000238,"max":0.000000238,"avg":0.000000238,"var":0.000000000,"sum":0.000000477},"relative_timestamp_from_iforward_start":{"num":2,"min":0.000004053,"max":0.000006914,"avg":0.000005484,"var":0.000000000,"sum":0.000010967}},"get_output":{"duration":{"num":2,"min":0.000000238,"max":0.000027895,"avg":0.000014067,"var":0.000000000,"sum":0.000028133},"relative_timestamp_from_wait_end":{"num":2,"min":0.000000238,"max":0.000001669,"avg":0.000000954,"var":0.000000000,"sum":0.000001907}}}}},"65535:65535:3669993900245843967:1":{"rpc_id":3669993900245843967,"provider_id":1,"parent_rpc_id":65535,"parent_provider_id":65535,"name":"qtn_work_rpc","origin":{"sent to ofi+cxi://0x06f5860d":{"iforward":{"duration":{"num":1761,"min":0.000001431,"max":0.000035048,"avg":0.000002248,"var":0.000000006,"sum":0.003957987},"relative_timestamp_from_create":{"num":1761,"min":0.000002623,"max":0.001554012,"avg":0.000004009,"var":0.000002404,"sum":0.007059336}},"forward_cb":{"duration":{"num":1761,"min":0.000000000,"max":0.000001431,"avg":0.000000140,"var":0.000000000,"sum":0.000246763},"relative_timestamp_from_iforward_start":{"num":1761,"min":0.000253439,"max":0.030502081,"avg":0.006256490,"var":0.138429660,"sum":11.017678022}},"iforward_wait":{"duration":{"num":1761,"min":0.000251770,"max":0.030500889,"avg":0.006254600,"var":0.138428902,"sum":11.014350176},"relative_timestamp_from_iforward_end":{"num":1761,"min":0.000000000,"max":0.000007391,"avg":0.000000276,"var":0.000000000,"sum":0.000485182}},"set_input":{"duration":{"num":1761,"min":0.000000000,"max":0.000005245,"avg":0.000000174,"var":0.000000000,"sum":0.000306845},"relative_timestamp_from_iforward_start":{"num":1761,"min":0.000000477,"max":0.000010014,"avg":0.000000873,"var":0.000000000,"sum":0.001536846}},"get_output":{"duration":{"num":1761,"min":0.000000000,"max":0.000000477,"avg":0.000000099,"var":0.000000000,"sum":0.000173569},"relative_timestamp_from_wait_end":{"num":1761,"min":0.000000000,"max":0.000002861,"avg":0.000000159,"var":0.000000000,"sum":0.000280857}}}}},"65535:65535:65535:65535":{"rpc_id":65535,"provider_id":65535,"parent_rpc_id":65535,"parent_provider_id":65535,"name":"","target":{"received from <unknown>":{"bulk":{"create":{"duration":{"num":1761,"min":0.000002384,"max":0.001549482,"avg":0.000003788,"var":0.000002391,"sum":0.006671429},"size":{"num":1761,"min":4194304.000000000,"max":4194304.000000000,"avg":4194304.000000000,"var":0.000000000,"sum":7386169344.000000000}}}}}}},"hostname":"x4418c0s3b0n0","pid":9596,"cmdline":["/home/carns/working/src/spack/var/spack/environments/quintain-2025-07/.spack-env/view/bin/quintain-benchmark","-g","quintain.flock.json","-j","/home/carns/working/dbg/john-quintain-profile-example-2025-07/quintain-benchmark-bw.json","-o","/flare/radix-io/carns/quintain/6710290.aurora-pbs-0001.hostmgmt.cm.aurora.alcf.anl.gov/bw-sweep-servers408-clis816"]}