{"address":"","rpcs":{},"pools":{"__primary__":{"timestamps":[1753367037.309853315,1753367038.309962749,1753367039.320088148,1753367040.334339857,1753367041.344694138,1753367042.353530645,1753367043.358635902,1753367044.364786386,1753367047.150029421,1753367048.166795969,1753367049.180137157,1753367050.193749666,1753367051.206634998,1753367052.523008823,1753367052.650774002],"size":[0,0,0,0,0,0,0,0,0,0,0,0,0,0,0],"total_size":[1,1,1,1,1,1,1,1,1,1,1,1,1,1,0]}}}