{"address":"","rpcs":{},"pools":{"__primary__":{"timestamps":[1753558122.226781130,1753558123.236545563,1753558124.245745659,1753558125.266124964,1753558126.277923822,1753558127.283600569,1753558128.291584492,1753558129.291725874,1753558130.303169489,1753558131.687659979,1753558132.695729017,1753558133.706637144,1753558134.706764221,1753558135.725729465,1753558136.971278429,1753558137.080692291],"size":[0,0,0,0,0,0,0,0,0,0,0,0,0,0,0,0],"total_size":[1,1,1,1,1,1,1,1,1,1,1,1,1,1,1,0]}}}