{"address":"ofi+cxi://0x02614613","progress_loop":{"progress_with_timeout":{"num":1666,"min":0.000001431,"max":0.101190805,"avg":0.007405238,"var":0.158157619,"sum":12.337125778},"progress_timeout_value_msec":{"num":1666,"min":100.000000000,"max":100.000000000,"avg":100.000000000,"var":0.000000000,"sum":166600.000000000},"progress_without_timeout":{"num":0,"min":0.000000000,"max":0.000000000,"avg":0.000000000,"var":0.000000000,"sum":0.000000000},"trigger":{"num":1660,"min":0.000000238,"max":0.000010967,"avg":0.000000301,"var":0.000000000,"sum":0.000499725}},"rpcs":{"65535:65535:7940397281847607295:2":{"rpc_id":7940397281847607295,"provider_id":2,"parent_rpc_id":65535,"parent_provider_id":65535,"name":"__identity__","origin":{"sent to ofi+cxi://0x0262200d":{"iforward":{"duration":{"num":1,"min":0.000078440,"max":0.000078440,"avg":0.000078440,"var":0.000000000,"sum":0.000078440},"relative_timestamp_from_create":{"num":1,"min":0.000003576,"max":0.000003576,"avg":0.000003576,"var":0.000000000,"sum":0.000003576}},"forward_cb":{"duration":{"num":1,"min":0.000009537,"max":0.000009537,"avg":0.000009537,"var":0.000000000,"sum":0.000009537},"relative_timestamp_from_iforward_start":{"num":1,"min":0.003980637,"max":0.003980637,"avg":0.003980637,"var":0.000000000,"sum":0.003980637}},"iforward_wait":{"duration":{"num":1,"min":0.003917456,"max":0.003917456,"avg":0.003917456,"var":0.000000000,"sum":0.003917456},"relative_timestamp_from_iforward_end":{"num":1,"min":0.000000238,"max":0.000000238,"avg":0.000000238,"var":0.000000000,"sum":0.000000238}},"set_input":{"duration":{"num":0,"min":0.000000000,"max":0.000000000,"avg":0.000000000,"var":0.000000000,"sum":0.000000000},"relative_timestamp_from_iforward_start":{"num":0,"min":0.000000000,"max":0.000000000,"avg":0.000000000,"var":0.000000000,"sum":0.000000000}},"get_output":{"duration":{"num":1,"min":0.000007868,"max":0.000007868,"avg":0.000007868,"var":0.000000000,"sum":0.000007868},"relative_timestamp_from_wait_end":{"num":1,"min":0.000001669,"max":0.000001669,"avg":0.000001669,"var":0.000000000,"sum":0.000001669}}}}},"65535:65535:9722976651498815487:2":{"rpc_id":9722976651498815487,"provider_id":2,"parent_rpc_id":65535,"parent_provider_id":65535,"name":"flock_get_view","origin":{"sent to ofi+cxi://0x0262200d":{"iforward":{"duration":{"num":2,"min":0.000012159,"max":0.000041008,"avg":0.000026584,"var":0.000000000,"sum":0.000053167},"relative_timestamp_from_create":{"num":2,"min":0.000000238,"max":0.000000954,"avg":0.000000596,"var":0.000000000,"sum":0.000001192}},"forward_cb":{"duration":{"num":2,"min":0.000000238,"max":0.000000238,"avg":0.000000238,"var":0.000000000,"sum":0.000000477},"relative_timestamp_from_iforward_start":{"num":2,"min":0.014710665,"max":0.015270710,"avg":0.014990687,"var":0.000000157,"sum":0.029981375}},"iforward_wait":{"duration":{"num":2,"min":0.014698982,"max":0.015229464,"avg":0.014964223,"var":0.000000141,"sum":0.029928446},"relative_timestamp_from_iforward_end":{"num":2,"min":0.000000238,"max":0.000001192,"avg":0.000000715,"var":0.000000000,"sum":0.000001431}},"set_input":{"duration":{"num":2,"min":0.000000000,"max":0.000000238,"avg":0.000000119,"var":0.000000000,"sum":0.000000238},"relative_timestamp_from_iforward_start":{"num":2,"min":0.000001907,"max":0.000011683,"avg":0.000006795,"var":0.000000000,"sum":0.000013590}},"get_output":{"duration":{"num":2,"min":0.000000238,"max":0.000037193,"avg":0.000018716,"var":0.000000001,"sum":0.000037432},"relative_timestamp_from_wait_end":{"num":2,"min":0.000000477,"max":0.000001192,"avg":0.000000834,"var":0.000000000,"sum":0.000001669}}}}},"65535:65535:3669993900245843967:1":{"rpc_id":3669993900245843967,"provider_id":1,"parent_rpc_id":65535,"parent_provider_id":65535,"name":"qtn_work_rpc","origin":{"sent to ofi+cxi://0x0262c017":{"iforward":{"duration":{"num":1656,"min":0.000001431,"max":0.000035524,"avg":0.000001920,"var":0.000000005,"sum":0.003179550},"relative_timestamp_from_create":{"num":1656,"min":0.000002384,"max":0.001575708,"avg":0.000003875,"var":0.000002473,"sum":0.006417751}},"forward_cb":{"duration":{"num":1656,"min":0.000000000,"max":0.000005484,"avg":0.000000133,"var":0.000000000,"sum":0.000219822},"relative_timestamp_from_iforward_start":{"num":1656,"min":0.000236273,"max":0.033055067,"avg":0.007370993,"var":0.148906148,"sum":12.206363678}},"iforward_wait":{"duration":{"num":1656,"min":0.000234604,"max":0.033053398,"avg":0.007369438,"var":0.148905003,"sum":12.203788757},"relative_timestamp_from_iforward_end":{"num":1656,"min":0.000000000,"max":0.000000715,"avg":0.000000220,"var":0.000000000,"sum":0.000364065}},"set_input":{"duration":{"num":1656,"min":0.000000000,"max":0.000005007,"avg":0.000000125,"var":0.000000000,"sum":0.000207186},"relative_timestamp_from_iforward_start":{"num":1656,"min":0.000000477,"max":0.000007153,"avg":0.000000750,"var":0.000000000,"sum":0.001241684}},"get_output":{"duration":{"num":1656,"min":0.000000000,"max":0.000000477,"avg":0.000000093,"var":0.000000000,"sum":0.000154018},"relative_timestamp_from_wait_end":{"num":1656,"min":0.000000000,"max":0.000002861,"avg":0.000000143,"var":0.000000000,"sum":0.000237226}}}}},"65535:65535:65535:65535":{"rpc_id":65535,"provider_id":65535,"parent_rpc_id":65535,"parent_provider_id":65535,"name":"","target":{"received from <unknown>":{"bulk":{"create":{"duration":{"num":1656,"min":0.000002384,"max":0.001571894,"avg":0.000003676,"var":0.000002462,"sum":0.006087542},"size":{"num":1656,"min":4194304.000000000,"max":4194304.000000000,"avg":4194304.000000000,"var":0.000000000,"sum":6945767424.000000000}}}}}}},"hostname":"x4108c0s1b0n0","pid":198073,"cmdline":["/home/carns/working/src/spack/var/spack/environments/quintain-2025-07/.spack-env/view/bin/quintain-benchmark","-g","quintain.flock.json","-j","/home/carns/working/dbg/john-quintain-profile-example-2025-07/quintain-benchmark-bw.json","-o","/flare/radix-io/carns/quintain/6767526.aurora-pbs-0001.hostmgmt.cm.aurora.alcf.anl.gov/bw-sweep-servers408-clis816"]}