{"address":"","rpcs":{},"pools":{"__primary__":{"timestamps":[1753558122.222861528,1753558123.231581450,1753558124.243705034,1753558125.257989883,1753558126.259092331,1753558127.265453815,1753558128.283560753,1753558129.296617746,1753558130.300483942,1753558131.688658237,1753558132.688777924,1753558133.710539341,1753558134.732522011,1753558135.736025095,1753558136.971730232,1753558137.090511799],"size":[0,0,0,0,0,0,0,0,0,0,0,0,0,0,0,0],"total_size":[1,1,1,1,1,1,1,1,1,1,1,1,1,1,1,0]}}}