{"address":"","rpcs":{},"pools":{"__primary__":{"timestamps":[1753367037.312451839,1753367038.324564457,1753367039.328491211,1753367040.337821007,1753367041.354316950,1753367042.354862213,1753367043.364653349,1753367044.376609802,1753367047.150770664,1753367048.157851696,1753367049.169578791,1753367050.185739756,1753367051.191505194,1753367052.522500515,1753367052.646629810],"size":[0,0,0,0,0,0,0,0,0,0,0,0,0,0,0],"total_size":[1,1,1,1,1,1,1,1,1,1,1,1,1,1,0]}}}