{"address":"","progress_loop":{"progress_with_timeout":{"num":1766,"min":0.000001669,"max":0.103447437,"avg":0.006770577,"var":0.167899257,"sum":11.956838846},"progress_timeout_value_msec":{"num":1766,"min":100.000000000,"max":100.000000000,"avg":100.000000000,"var":0.000000000,"sum":176600.000000000},"progress_without_timeout":{"num":0,"min":0.000000000,"max":0.000000000,"avg":0.000000000,"var":0.000000000,"sum":0.000000000},"trigger":{"num":1759,"min":0.000000238,"max":0.000012875,"avg":0.000000298,"var":0.000000000,"sum":0.000523806}},"rpcs":{"65535:65535:7940397281847607295:2":{"rpc_id":7940397281847607295,"provider_id":2,"parent_rpc_id":65535,"parent_provider_id":65535,"name":"__identity__","origin":{"sent to ofi+cxi://0x06f2600c":{"iforward":{"duration":{"num":1,"min":0.000651836,"max":0.000651836,"avg":0.000651836,"var":0.000000000,"sum":0.000651836},"relative_timestamp_from_create":{"num":1,"min":0.000003576,"max":0.000003576,"avg":0.000003576,"var":0.000000000,"sum":0.000003576}},"forward_cb":{"duration":{"num":1,"min":0.000011444,"max":0.000011444,"avg":0.000011444,"var":0.000000000,"sum":0.000011444},"relative_timestamp_from_iforward_start":{"num":1,"min":0.003428459,"max":0.003428459,"avg":0.003428459,"var":0.000000000,"sum":0.003428459}},"iforward_wait":{"duration":{"num":1,"min":0.002794504,"max":0.002794504,"avg":0.002794504,"var":0.000000000,"sum":0.002794504},"relative_timestamp_from_iforward_end":{"num":1,"min":0.000000238,"max":0.000000238,"avg":0.000000238,"var":0.000000000,"sum":0.000000238}},"set_input":{"duration":{"num":0,"min":0.000000000,"max":0.000000000,"avg":0.000000000,"var":0.000000000,"sum":0.000000000},"relative_timestamp_from_iforward_start":{"num":0,"min":0.000000000,"max":0.000000000,"avg":0.000000000,"var":0.000000000,"sum":0.000000000}},"get_output":{"duration":{"num":1,"min":0.000008821,"max":0.000008821,"avg":0.000008821,"var":0.000000000,"sum":0.000008821},"relative_timestamp_from_wait_end":{"num":1,"min":0.000001669,"max":0.000001669,"avg":0.000001669,"var":0.000000000,"sum":0.000001669}}}}},"65535:65535:9722976651498815487:2":{"rpc_id":9722976651498815487,"provider_id":2,"parent_rpc_id":65535,"parent_provider_id":65535,"name":"flock_get_view","origin":{"sent to ofi+cxi://0x06f2600c":{"iforward":{"duration":{"num":2,"min":0.000011444,"max":0.000043154,"avg":0.000027299,"var":0.000000001,"sum":0.000054598},"relative_timestamp_from_create":{"num":2,"min":0.000000477,"max":0.000001192,"avg":0.000000834,"var":0.000000000,"sum":0.000001669}},"forward_cb":{"duration":{"num":2,"min":0.000000238,"max":0.000000238,"avg":0.000000238,"var":0.000000000,"sum":0.000000477},"relative_timestamp_from_iforward_start":{"num":2,"min":0.009348631,"max":0.016184807,"avg":0.012766719,"var":0.000023367,"sum":0.025533438}},"iforward_wait":{"duration":{"num":2,"min":0.009305000,"max":0.016173840,"avg":0.012739420,"var":0.000023590,"sum":0.025478840},"relative_timestamp_from_iforward_end":{"num":2,"min":0.000000238,"max":0.000001431,"avg":0.000000834,"var":0.000000000,"sum":0.000001669}},"set_input":{"duration":{"num":2,"min":0.000000238,"max":0.000000238,"avg":0.000000238,"var":0.000000000,"sum":0.000000477},"relative_timestamp_from_iforward_start":{"num":2,"min":0.000000954,"max":0.000013351,"avg":0.000007153,"var":0.000000000,"sum":0.000014305}},"get_output":{"duration":{"num":2,"min":0.000000477,"max":0.000037193,"avg":0.000018835,"var":0.000000001,"sum":0.000037670},"relative_timestamp_from_wait_end":{"num":2,"min":0.000000238,"max":0.000000954,"avg":0.000000596,"var":0.000000000,"sum":0.000001192}}}}},"65535:65535:3669993900245843967:1":{"rpc_id":3669993900245843967,"provider_id":1,"parent_rpc_id":65535,"parent_provider_id":65535,"name":"qtn_work_rpc","origin":{"sent to ofi+cxi://0x06f2e20e":{"iforward":{"duration":{"num":1755,"min":0.000001431,"max":0.000032663,"avg":0.000001778,"var":0.000000005,"sum":0.003120184},"relative_timestamp_from_create":{"num":1755,"min":0.000002384,"max":0.001568317,"avg":0.000003741,"var":0.000002450,"sum":0.006565571}},"forward_cb":{"duration":{"num":1755,"min":0.000000000,"max":0.000001192,"avg":0.000000132,"var":0.000000000,"sum":0.000232220},"relative_timestamp_from_iforward_start":{"num":1755,"min":0.000213623,"max":0.035386562,"avg":0.006740349,"var":0.158121351,"sum":11.829313040}},"iforward_wait":{"duration":{"num":1755,"min":0.000212431,"max":0.035385370,"avg":0.006738975,"var":0.158120349,"sum":11.826900482},"relative_timestamp_from_iforward_end":{"num":1755,"min":0.000000000,"max":0.000000715,"avg":0.000000190,"var":0.000000000,"sum":0.000333786}},"set_input":{"duration":{"num":1755,"min":0.000000000,"max":0.000004292,"avg":0.000000129,"var":0.000000000,"sum":0.000225782},"relative_timestamp_from_iforward_start":{"num":1755,"min":0.000000477,"max":0.000009298,"avg":0.000000716,"var":0.000000000,"sum":0.001255989}},"get_output":{"duration":{"num":1755,"min":0.000000000,"max":0.000000238,"avg":0.000000087,"var":0.000000000,"sum":0.000152588},"relative_timestamp_from_wait_end":{"num":1755,"min":0.000000000,"max":0.000001431,"avg":0.000000148,"var":0.000000000,"sum":0.000259161}}}}},"65535:65535:65535:65535":{"rpc_id":65535,"provider_id":65535,"parent_rpc_id":65535,"parent_provider_id":65535,"name":"","target":{"received from <unknown>":{"bulk":{"create":{"duration":{"num":1755,"min":0.000002146,"max":0.001563311,"avg":0.000003539,"var":0.000002435,"sum":0.006210327},"size":{"num":1755,"min":4194304.000000000,"max":4194304.000000000,"avg":4194304.000000000,"var":0.000000000,"sum":7361003520.000000000}}}}}}},"hostname":"x4418c0s4b0n0","pid":3618,"cmdline":["/home/carns/working/src/spack/var/spack/environments/quintain-2025-07/.spack-env/view/bin/quintain-benchmark","-g","quintain.flock.json","-j","/home/carns/working/dbg/john-quintain-profile-example-2025-07/quintain-benchmark-bw.json","-o","/flare/radix-io/carns/quintain/6710290.aurora-pbs-0001.hostmgmt.cm.aurora.alcf.anl.gov/bw-sweep-servers408-clis816"]}