{"address":"","rpcs":{},"pools":{"__primary__":{"timestamps":[1753367037.310840845,1753367038.324766159,1753367039.332278490,1753367040.335828066,1753367041.357823849,1753367042.358014584,1753367043.376334667,1753367044.395724297,1753367047.151397705,1753367048.169984818,1753367049.176438332,1753367050.182295084,1753367051.195647001,1753367052.522879124,1753367052.656830072],"size":[0,0,0,0,0,0,0,0,0,0,0,0,0,0,0],"total_size":[1,1,1,1,1,1,1,1,1,1,1,1,1,1,0]}}}