{"address":"","rpcs":{},"pools":{"__primary__":{"timestamps":[1753367037.316322803,1753367038.329567432,1753367039.333216190,1753367040.347963810,1753367041.362023115,1753367042.380345821,1753367043.394293308,1753367044.414674997,1753367045.415911436,1753367047.153872252,1753367048.164970160,1753367049.176572084,1753367050.178009987,1753367051.178726912,1753367052.523103237,1753367052.651587009],"size":[0,0,0,0,0,0,0,0,0,0,0,0,0,0,0,0],"total_size":[1,1,1,1,1,1,1,1,1,1,1,1,1,1,1,0]}}}