{"address":"","rpcs":{},"pools":{"__primary__":{"timestamps":[1753558083.758848906,1753558084.759027958,1753558085.759266853,1753558086.759297848,1753558087.759533644,1753558088.759553194,1753558094.582713842,1753558094.696263313],"size":[0,0,0,0,0,0,0,0],"total_size":[1,1,1,1,1,1,1,0]}}}