{"address":"ofi+cxi://0x0262c017","progress_loop":{"progress_with_timeout":{"num":1436,"min":0.000001669,"max":0.108387709,"avg":0.068663860,"var":3.463968714,"sum":98.601302385},"progress_timeout_value_msec":{"num":1436,"min":100.000000000,"max":100.000000000,"avg":100.000000000,"var":0.000000000,"sum":143600.000000000},"progress_without_timeout":{"num":14786792,"min":0.000000000,"max":0.000474215,"avg":0.000000157,"var":0.000000906,"sum":2.317007542},"trigger":{"num":138635,"min":0.000000000,"max":0.000037909,"avg":0.000000569,"var":0.000000049,"sum":0.078827620}},"rpcs":{"65535:65535:3669993900245843967:1":{"rpc_id":3669993900245843967,"provider_id":1,"parent_rpc_id":65535,"parent_provider_id":65535,"name":"qtn_work_rpc","target":{"received from ofi+cxi://0x02618011":{"handler":{"duration":{"num":34055,"min":0.000000477,"max":0.000026941,"avg":0.000000546,"var":0.000000007,"sum":0.018577337}},"ult":{"duration":{"num":34055,"min":0.000004292,"max":0.000045538,"avg":0.000004903,"var":0.000000031,"sum":0.166985989},"relative_timestamp_from_handler_start":{"num":34055,"min":0.000000715,"max":0.000033140,"avg":0.000000901,"var":0.000000020,"sum":0.030677080}},"irespond":{"duration":{"num":34055,"min":0.000000238,"max":0.000036478,"avg":0.000000475,"var":0.000000005,"sum":0.016180277},"relative_timestamp_from_ult_start":{"num":34055,"min":0.000000238,"max":0.000037432,"avg":0.000000297,"var":0.000000002,"sum":0.010127783}},"respond_cb":{"duration":{"num":34055,"min":0.000000000,"max":0.000000715,"avg":0.000000105,"var":0.000000000,"sum":0.003561020},"relative_timestamp_from_irespond_start":{"num":34055,"min":0.000003576,"max":0.000039816,"avg":0.000003994,"var":0.000000025,"sum":0.136032581}},"irespond_wait":{"duration":{"num":34055,"min":0.000000954,"max":0.000044346,"avg":0.000003735,"var":0.000000020,"sum":0.127189159},"relative_timestamp_from_irespond_end":{"num":34055,"min":0.000000000,"max":0.000015020,"avg":0.000000191,"var":0.000000001,"sum":0.006490946}},"set_output":{"duration":{"num":34055,"min":0.000000000,"max":0.000000477,"avg":0.000000061,"var":0.000000000,"sum":0.002082825},"relative_timestamp_from_irespond_start":{"num":34055,"min":0.000000000,"max":0.000001669,"avg":0.000000078,"var":0.000000000,"sum":0.002655745}},"get_input":{"duration":{"num":34055,"min":0.000000000,"max":0.000037193,"avg":0.000000109,"var":0.000000002,"sum":0.003696442},"relative_timestamp_from_ult_start":{"num":34055,"min":0.000000000,"max":0.000001192,"avg":0.000000121,"var":0.000000001,"sum":0.004115343}}},"received from ofi+cxi://0x02614415":{"handler":{"duration":{"num":30262,"min":0.000000477,"max":0.000020981,"avg":0.000000541,"var":0.000000005,"sum":0.016365767}},"ult":{"duration":{"num":30262,"min":0.000004292,"max":0.000477791,"avg":0.000004925,"var":0.000000254,"sum":0.149047852},"relative_timestamp_from_handler_start":{"num":30262,"min":0.000000715,"max":0.000021219,"avg":0.000000900,"var":0.000000015,"sum":0.027246237}},"irespond":{"duration":{"num":30262,"min":0.000000238,"max":0.000037193,"avg":0.000000470,"var":0.000000003,"sum":0.014234543},"relative_timestamp_from_ult_start":{"num":30262,"min":0.000000238,"max":0.000032425,"avg":0.000000297,"var":0.000000001,"sum":0.008993626}},"respond_cb":{"duration":{"num":30262,"min":0.000000000,"max":0.000005484,"avg":0.000000108,"var":0.000000000,"sum":0.003278494},"relative_timestamp_from_irespond_start":{"num":30262,"min":0.000003576,"max":0.000476122,"avg":0.000004013,"var":0.000000248,"sum":0.121438026}},"irespond_wait":{"duration":{"num":30262,"min":0.000003338,"max":0.000476360,"avg":0.000003763,"var":0.000000246,"sum":0.113868952},"relative_timestamp_from_irespond_end":{"num":30262,"min":0.000000000,"max":0.000000477,"avg":0.000000190,"var":0.000000000,"sum":0.005751133}},"set_output":{"duration":{"num":30262,"min":0.000000000,"max":0.000000238,"avg":0.000000060,"var":0.000000000,"sum":0.001825333},"relative_timestamp_from_irespond_start":{"num":30262,"min":0.000000000,"max":0.000020027,"avg":0.000000079,"var":0.000000001,"sum":0.002384424}},"get_input":{"duration":{"num":30262,"min":0.000000000,"max":0.000006676,"avg":0.000000108,"var":0.000000000,"sum":0.003263712},"relative_timestamp_from_ult_start":{"num":30262,"min":0.000000000,"max":0.000032187,"avg":0.000000122,"var":0.000000001,"sum":0.003698349}}},"received from ofi+cxi://0x02614613":{"handler":{"duration":{"num":1656,"min":0.000000477,"max":0.000013590,"avg":0.000000971,"var":0.000000001,"sum":0.001608372}},"ult":{"duration":{"num":1656,"min":0.000200748,"max":0.032908440,"avg":0.004223538,"var":0.082294419,"sum":6.994178772},"relative_timestamp_from_handler_start":{"num":1656,"min":0.000000715,"max":0.021136522,"avg":0.001684744,"var":0.047495178,"sum":2.789936543}},"irespond":{"duration":{"num":1656,"min":0.000000238,"max":0.000012159,"avg":0.000000893,"var":0.000000001,"sum":0.001479387},"relative_timestamp_from_ult_start":{"num":1656,"min":0.000188112,"max":0.032106876,"avg":0.004106905,"var":0.082057444,"sum":6.801034451}},"respond_cb":{"duration":{"num":1656,"min":0.000000000,"max":0.000003576,"avg":0.000000170,"var":0.000000000,"sum":0.000281811},"relative_timestamp_from_irespond_start":{"num":1656,"min":0.000004053,"max":0.002706051,"avg":0.000091253,"var":0.000128894,"sum":0.151115656}},"irespond_wait":{"duration":{"num":1656,"min":0.000003576,"max":0.003916740,"avg":0.000091917,"var":0.000140596,"sum":0.152214289},"relative_timestamp_from_irespond_end":{"num":1656,"min":0.000000000,"max":0.000005245,"avg":0.000000312,"var":0.000000000,"sum":0.000516891}},"set_output":{"duration":{"num":1656,"min":0.000000000,"max":0.000004053,"avg":0.000000127,"var":0.000000000,"sum":0.000209570},"relative_timestamp_from_irespond_start":{"num":1656,"min":0.000000000,"max":0.000005245,"avg":0.000000223,"var":0.000000000,"sum":0.000369310}},"get_input":{"duration":{"num":1656,"min":0.000000000,"max":0.000028372,"avg":0.000000569,"var":0.000000001,"sum":0.000942469},"relative_timestamp_from_ult_start":{"num":1656,"min":0.000000000,"max":0.000004053,"avg":0.000000214,"var":0.000000000,"sum":0.000355005}},"bulk":{"create":{"duration":{"num":1656,"min":0.000002384,"max":0.030066729,"avg":0.002929581,"var":0.068052364,"sum":4.851385355},"size":{"num":1656,"min":4194304.000000000,"max":4194304.000000000,"avg":4194304.000000000,"var":0.000000000,"sum":6945767424.000000000}},"pull from ofi+cxi://0x02614613":{"itransfer":{"duration":{"num":1656,"min":0.000000715,"max":0.000028133,"avg":0.000002069,"var":0.000000008,"sum":0.003427029},"size":{"num":1656,"min":4194304.000000000,"max":4194304.000000000,"avg":4194304.000000000,"var":0.000000000,"sum":6945767424.000000000}},"transfer_cb":{"duration":{"num":1656,"min":0.000000000,"max":0.000004768,"avg":0.000000174,"var":0.000000000,"sum":0.000288486},"relative_timestamp_from_itransfer_start":{"num":1656,"min":0.000183344,"max":0.020880938,"avg":0.001049825,"var":0.003289057,"sum":1.738510370}},"itransfer_wait":{"duration":{"num":1656,"min":0.000182152,"max":0.029891014,"avg":0.001170219,"var":0.007318250,"sum":1.937882185},"relative_timestamp_from_itransfer_end":{"num":1656,"min":0.000000000,"max":0.000005007,"avg":0.000000339,"var":0.000000000,"sum":0.000562191}}}}},"received from ofi+cxi://0x02618214":{"handler":{"duration":{"num":1677,"min":0.000000477,"max":0.000009775,"avg":0.000000999,"var":0.000000001,"sum":0.001675367}},"ult":{"duration":{"num":1677,"min":0.000205278,"max":0.029237032,"avg":0.004824525,"var":0.096140738,"sum":8.090727806},"relative_timestamp_from_handler_start":{"num":1677,"min":0.000000715,"max":0.027124405,"avg":0.001606019,"var":0.047269850,"sum":2.693293571}},"irespond":{"duration":{"num":1677,"min":0.000000238,"max":0.000012159,"avg":0.000000904,"var":0.000000001,"sum":0.001516104},"relative_timestamp_from_ult_start":{"num":1677,"min":0.000184536,"max":0.029218197,"avg":0.004683175,"var":0.095736158,"sum":7.853684902}},"respond_cb":{"duration":{"num":1677,"min":0.000000000,