{"address":"","rpcs":{},"pools":{"__primary__":{"timestamps":[1753558083.759593725,1753558084.759733200,1753558085.759752274,1753558088.743528843,1753558094.583517075,1753558094.722003937],"size":[0,0,0,0,0,0],"total_size":[1,1,1,1,1,0]}}}