{"address":"ofi+cxi://0x02608616","progress_loop":{"progress_with_timeout":{"num":28097,"min":0.000000954,"max":0.103598833,"avg":0.000186973,"var":0.013393929,"sum":5.253378153},"progress_timeout_value_msec":{"num":28097,"min":100.000000000,"max":100.000000000,"avg":100.000000000,"var":0.000000000,"sum":2809700.000000000},"progress_without_timeout":{"num":0,"min":0.000000000,"max":0.000000000,"avg":0.000000000,"var":0.000000000,"sum":0.000000000},"trigger":{"num":28038,"min":0.000000238,"max":0.000007153,"avg":0.000000279,"var":0.000000001,"sum":0.007833242}},"rpcs":{"65535:65535:7940397281847607295:2":{"rpc_id":7940397281847607295,"provider_id":2,"parent_rpc_id":65535,"parent_provider_id":65535,"name":"__identity__","origin":{"sent to ofi+cxi://0x0262200d":{"iforward":{"duration":{"num":1,"min":0.000091314,"max":0.000091314,"avg":0.000091314,"var":0.000000000,"sum":0.000091314},"relative_timestamp_from_create":{"num":1,"min":0.000011444,"max":0.000011444,"avg":0.000011444,"var":0.000000000,"sum":0.000011444}},"forward_cb":{"duration":{"num":1,"min":0.000005007,"max":0.000005007,"avg":0.000005007,"var":0.000000000,"sum":0.000005007},"relative_timestamp_from_iforward_start":{"num":1,"min":0.007777929,"max":0.007777929,"avg":0.007777929,"var":0.000000000,"sum":0.007777929}},"iforward_wait":{"duration":{"num":1,"min":0.007696629,"max":0.007696629,"avg":0.007696629,"var":0.000000000,"sum":0.007696629},"relative_timestamp_from_iforward_end":{"num":1,"min":0.000000238,"max":0.000000238,"avg":0.000000238,"var":0.000000000,"sum":0.000000238}},"set_input":{"duration":{"num":0,"min":0.000000000,"max":0.000000000,"avg":0.000000000,"var":0.000000000,"sum":0.000000000},"relative_timestamp_from_iforward_start":{"num":0,"min":0.000000000,"max":0.000000000,"avg":0.000000000,"var":0.000000000,"sum":0.000000000}},"get_output":{"duration":{"num":1,"min":0.000006914,"max":0.000006914,"avg":0.000006914,"var":0.000000000,"sum":0.000006914},"relative_timestamp_from_wait_end":{"num":1,"min":0.000001669,"max":0.000001669,"avg":0.000001669,"var":0.000000000,"sum":0.000001669}}}}},"65535:65535:9722976651498815487:2":{"rpc_id":9722976651498815487,"provider_id":2,"parent_rpc_id":65535,"parent_provider_id":65535,"name":"flock_get_view","origin":{"sent to ofi+cxi://0x0262200d":{"iforward":{"duration":{"num":2,"min":0.000011444,"max":0.000037193,"avg":0.000024319,"var":0.000000000,"sum":0.000048637},"relative_timestamp_from_create":{"num":2,"min":0.000000238,"max":0.000001192,"avg":0.000000715,"var":0.000000000,"sum":0.000001431}},"forward_cb":{"duration":{"num":2,"min":0.000000000,"max":0.000000238,"avg":0.000000119,"var":0.000000000,"sum":0.000000238},"relative_timestamp_from_iforward_start":{"num":2,"min":0.021201372,"max":0.029385328,"avg":0.025293350,"var":0.000033489,"sum":0.050586700}},"iforward_wait":{"duration":{"num":2,"min":0.021190405,"max":0.029347658,"avg":0.025269032,"var":0.000033270,"sum":0.050538063},"relative_timestamp_from_iforward_end":{"num":2,"min":0.000000238,"max":0.000001431,"avg":0.000000834,"var":0.000000000,"sum":0.000001669}},"set_input":{"duration":{"num":2,"min":0.000000000,"max":0.000000238,"avg":0.000000119,"var":0.000000000,"sum":0.000000238},"relative_timestamp_from_iforward_start":{"num":2,"min":0.000001669,"max":0.000011921,"avg":0.000006795,"var":0.000000000,"sum":0.000013590}},"get_output":{"duration":{"num":2,"min":0.000000477,"max":0.000031948,"avg":0.000016212,"var":0.000000000,"sum":0.000032425},"relative_timestamp_from_wait_end":{"num":2,"min":0.000000238,"max":0.000000954,"avg":0.000000596,"var":0.000000000,"sum":0.000001192}}}}},"65535:65535:3669993900245843967:1":{"rpc_id":3669993900245843967,"provider_id":1,"parent_rpc_id":65535,"parent_provider_id":65535,"name":"qtn_work_rpc","origin":{"sent to ofi+cxi://0x02636211":{"iforward":{"duration":{"num":28034,"min":0.000001431,"max":0.000035763,"avg":0.000001580,"var":0.000000006,"sum":0.044303417},"relative_timestamp_from_create":{"num":28034,"min":0.000000000,"max":0.000000715,"avg":0.000000073,"var":0.000000000,"sum":0.002053022}},"forward_cb":{"duration":{"num":28034,"min":0.000000000,"max":0.000005007,"avg":0.000000127,"var":0.000000001,"sum":0.003546953},"relative_timestamp_from_iforward_start":{"num":28034,"min":0.000008583,"max":0.000951290,"avg":0.000183769,"var":0.001379976,"sum":5.151780844}},"iforward_wait":{"duration":{"num":28034,"min":0.000002146,"max":0.000949621,"avg":0.000182588,"var":0.001379739,"sum":5.118666172},"relative_timestamp_from_iforward_end":{"num":28034,"min":0.000000000,"max":0.000006914,"avg":0.000000182,"var":0.000000000,"sum":0.005092859}},"set_input":{"duration":{"num":28034,"min":0.000000000,"max":0.000001192,"avg":0.000000072,"var":0.000000000,"sum":0.002021313},"relative_timestamp_from_iforward_start":{"num":28034,"min":0.000000477,"max":0.000007391,"avg":0.000000717,"var":0.000000000,"sum":0.020106792}},"get_output":{"duration":{"num":28034,"min":0.000000000,"max":0.000008345,"avg":0.000000089,"var":0.000000000,"sum":0.002499342},"relative_timestamp_from_wait_end":{"num":28034,"min":0.000000000,"max":0.000004768,"avg":0.000000152,"var":0.000000000,"sum":0.004266500}}}}}},"hostname":"x4108c0s7b0n0","pid":191713,"cmdline":["/home/carns/working/src/spack/var/spack/environments/quintain-2025-07/.spack-env/view/bin/quintain-benchmark","-g","quintain.flock.json","-j","/home/carns/working/dbg/john-quintain-profile-example-2025-07/quintain-benchmark-rpc.json","-o","/flare/radix-io/carns/quintain/6767526.aurora-pbs-0001.hostmgmt.cm.aurora.alcf.anl.gov/rpc-sweep-servers408-clis816"]}