{"address":"ofi+cxi://0x0260620f","progress_loop":{"progress_with_timeout":{"num":1524,"min":0.000001431,"max":0.102301359,"avg":0.008450097,"var":0.164922108,"sum":12.877947330},"progress_timeout_value_msec":{"num":1524,"min":100.000000000,"max":100.000000000,"avg":100.000000000,"var":0.000000000,"sum":152400.000000000},"progress_without_timeout":{"num":0,"min":0.000000000,"max":0.000000000,"avg":0.000000000,"var":0.000000000,"sum":0.000000000},"trigger":{"num":1520,"min":0.000000238,"max":0.000007391,"avg":0.000000295,"var":0.000000000,"sum":0.000447989}},"rpcs":{"65535:65535:7940397281847607295:2":{"rpc_id":7940397281847607295,"provider_id":2,"parent_rpc_id":65535,"parent_provider_id":65535,"name":"__identity__","origin":{"sent to ofi+cxi://0x0262200d":{"iforward":{"duration":{"num":1,"min":0.001738071,"max":0.001738071,"avg":0.001738071,"var":0.000000000,"sum":0.001738071},"relative_timestamp_from_create":{"num":1,"min":0.000003815,"max":0.000003815,"avg":0.000003815,"var":0.000000000,"sum":0.000003815}},"forward_cb":{"duration":{"num":1,"min":0.000002861,"max":0.000002861,"avg":0.000002861,"var":0.000000000,"sum":0.000002861},"relative_timestamp_from_iforward_start":{"num":1,"min":0.009879589,"max":0.009879589,"avg":0.009879589,"var":0.000000000,"sum":0.009879589}},"iforward_wait":{"duration":{"num":1,"min":0.008148193,"max":0.008148193,"avg":0.008148193,"var":0.000000000,"sum":0.008148193},"relative_timestamp_from_iforward_end":{"num":1,"min":0.000000477,"max":0.000000477,"avg":0.000000477,"var":0.000000000,"sum":0.000000477}},"set_input":{"duration":{"num":0,"min":0.000000000,"max":0.000000000,"avg":0.000000000,"var":0.000000000,"sum":0.000000000},"relative_timestamp_from_iforward_start":{"num":0,"min":0.000000000,"max":0.000000000,"avg":0.000000000,"var":0.000000000,"sum":0.000000000}},"get_output":{"duration":{"num":1,"min":0.000006199,"max":0.000006199,"avg":0.000006199,"var":0.000000000,"sum":0.000006199},"relative_timestamp_from_wait_end":{"num":1,"min":0.000000954,"max":0.000000954,"avg":0.000000954,"var":0.000000000,"sum":0.000000954}}}}},"65535:65535:9722976651498815487:2":{"rpc_id":9722976651498815487,"provider_id":2,"parent_rpc_id":65535,"parent_provider_id":65535,"name":"flock_get_view","origin":{"sent to ofi+cxi://0x0262200d":{"iforward":{"duration":{"num":2,"min":0.000011683,"max":0.000019789,"avg":0.000015736,"var":0.000000000,"sum":0.000031471},"relative_timestamp_from_create":{"num":2,"min":0.000000238,"max":0.000001431,"avg":0.000000834,"var":0.000000000,"sum":0.000001669}},"forward_cb":{"duration":{"num":2,"min":0.000000238,"max":0.000000238,"avg":0.000000238,"var":0.000000000,"sum":0.000000477},"relative_timestamp_from_iforward_start":{"num":2,"min":0.006260872,"max":0.020384789,"avg":0.013322830,"var":0.000099743,"sum":0.026645660}},"iforward_wait":{"duration":{"num":2,"min":0.006249905,"max":0.020364761,"avg":0.013307333,"var":0.000099615,"sum":0.026614666},"relative_timestamp_from_iforward_end":{"num":2,"min":0.000000000,"max":0.000001192,"avg":0.000000596,"var":0.000000000,"sum":0.000001192}},"set_input":{"duration":{"num":2,"min":0.000000000,"max":0.000000238,"avg":0.000000119,"var":0.000000000,"sum":0.000000238},"relative_timestamp_from_iforward_start":{"num":2,"min":0.000001431,"max":0.000005245,"avg":0.000003338,"var":0.000000000,"sum":0.000006676}},"get_output":{"duration":{"num":2,"min":0.000000238,"max":0.000033379,"avg":0.000016809,"var":0.000000001,"sum":0.000033617},"relative_timestamp_from_wait_end":{"num":2,"min":0.000000238,"max":0.000000954,"avg":0.000000596,"var":0.000000000,"sum":0.000001192}}}}},"65535:65535:3669993900245843967:1":{"rpc_id":3669993900245843967,"provider_id":1,"parent_rpc_id":65535,"parent_provider_id":65535,"name":"qtn_work_rpc","origin":{"sent to ofi+cxi://0x0263440e":{"iforward":{"duration":{"num":1516,"min":0.000001431,"max":0.000032187,"avg":0.000001894,"var":0.000000004,"sum":0.002871513},"relative_timestamp_from_create":{"num":1516,"min":0.000002623,"max":0.001409531,"avg":0.000003864,"var":0.000001978,"sum":0.005858421}},"forward_cb":{"duration":{"num":1516,"min":0.000000000,"max":0.000001431,"avg":0.000000134,"var":0.000000000,"sum":0.000202417},"relative_timestamp_from_iforward_start":{"num":1516,"min":0.000232697,"max":0.031715393,"avg":0.008406881,"var":0.155680343,"sum":12.744830847}},"iforward_wait":{"duration":{"num":1516,"min":0.000231266,"max":0.031714201,"avg":0.008405312,"var":0.155681665,"sum":12.742452621},"relative_timestamp_from_iforward_end":{"num":1516,"min":0.000000000,"max":0.000000715,"avg":0.000000263,"var":0.000000000,"sum":0.000398874}},"set_input":{"duration":{"num":1516,"min":0.000000000,"max":0.000004292,"avg":0.000000130,"var":0.000000000,"sum":0.000197649},"relative_timestamp_from_iforward_start":{"num":1516,"min":0.000000477,"max":0.000006437,"avg":0.000000737,"var":0.000000000,"sum":0.001116991}},"get_output":{"duration":{"num":1516,"min":0.000000000,"max":0.000000238,"avg":0.000000088,"var":0.000000000,"sum":0.000133038},"relative_timestamp_from_wait_end":{"num":1516,"min":0.000000000,"max":0.000002384,"avg":0.000000154,"var":0.000000000,"sum":0.000232935}}}}},"65535:65535:65535:65535":{"rpc_id":65535,"provider_id":65535,"parent_rpc_id":65535,"parent_provider_id":65535,"name":"","target":{"received from <unknown>":{"bulk":{"create":{"duration":{"num":1516,"min":0.000002384,"max":0.001405716,"avg":0.000003663,"var":0.000001967,"sum":0.005553246},"size":{"num":1516,"min":4194304.000000000,"max":4194304.000000000,"avg":4194304.000000000,"var":0.000000000,"sum":6358564864.000000000}}}}}}},"hostname":"x4108c0s2b0n0","pid":33382,"cmdline":["/home/carns/working/src/spack/var/spack/environments/quintain-2025-07/.spack-env/view/bin/quintain-benchmark","-g","quintain.flock.json","-j","/home/carns/working/dbg/john-quintain-profile-example-2025-07/quintain-benchmark-bw.json","-o","/flare/radix-io/carns/quintain/6767526.aurora-pbs-0001.hostmgmt.cm.aurora.alcf.anl.gov/bw-sweep-servers408-clis816"]}