{"address":"ofi+cxi://0x0262c20e","progress_loop":{"progress_with_timeout":{"num":1407,"min":0.000001669,"max":0.108555079,"avg":0.070115362,"var":3.323620755,"sum":98.652314425},"progress_timeout_value_msec":{"num":1407,"min":100.000000000,"max":100.000000000,"avg":100.000000000,"var":0.000000000,"sum":140700.000000000},"progress_without_timeout":{"num":15412575,"min":0.000000000,"max":0.000608683,"avg":0.000000155,"var":0.000001058,"sum":2.395994663},"trigger":{"num":146010,"min":0.000000000,"max":0.000038862,"avg":0.000000569,"var":0.000000057,"sum":0.083145857}},"rpcs":{"65535:65535:3669993900245843967:1":{"rpc_id":3669993900245843967,"provider_id":1,"parent_rpc_id":65535,"parent_provider_id":65535,"name":"qtn_work_rpc","target":{"received from ofi+cxi://0x02610215":{"handler":{"duration":{"num":36567,"min":0.000000238,"max":0.000038624,"avg":0.000000545,"var":0.000000009,"sum":0.019911051}},"ult":{"duration":{"num":36567,"min":0.000004053,"max":0.000615358,"avg":0.000004872,"var":0.000000399,"sum":0.178169250},"relative_timestamp_from_handler_start":{"num":36567,"min":0.000000477,"max":0.000039101,"avg":0.000000901,"var":0.000000022,"sum":0.032959938}},"irespond":{"duration":{"num":36567,"min":0.000000238,"max":0.000043392,"avg":0.000000477,"var":0.000000005,"sum":0.017430782},"relative_timestamp_from_ult_start":{"num":36567,"min":0.000000238,"max":0.000009537,"avg":0.000000299,"var":0.000000001,"sum":0.010927916}},"respond_cb":{"duration":{"num":36567,"min":0.000000000,"max":0.000000954,"avg":0.000000107,"var":0.000000001,"sum":0.003896713},"relative_timestamp_from_irespond_start":{"num":36567,"min":0.000003576,"max":0.000613451,"avg":0.000003961,"var":0.000000391,"sum":0.144836903}},"irespond_wait":{"duration":{"num":36567,"min":0.000001192,"max":0.000613689,"avg":0.000003702,"var":0.000000387,"sum":0.135361195},"relative_timestamp_from_irespond_end":{"num":36567,"min":0.000000000,"max":0.000005484,"avg":0.000000189,"var":0.000000000,"sum":0.006894588}},"set_output":{"duration":{"num":36567,"min":0.000000000,"max":0.000022888,"avg":0.000000062,"var":0.000000001,"sum":0.002250433},"relative_timestamp_from_irespond_start":{"num":36567,"min":0.000000000,"max":0.000001669,"avg":0.000000078,"var":0.000000000,"sum":0.002860785}},"get_input":{"duration":{"num":36567,"min":0.000000000,"max":0.000003815,"avg":0.000000109,"var":0.000000001,"sum":0.003976107},"relative_timestamp_from_ult_start":{"num":36567,"min":0.000000000,"max":0.000009298,"avg":0.000000123,"var":0.000000001,"sum":0.004497051}}},"received from ofi+cxi://0x0261c614":{"handler":{"duration":{"num":31574,"min":0.000000238,"max":0.000032663,"avg":0.000000545,"var":0.000000007,"sum":0.017203093}},"ult":{"duration":{"num":31574,"min":0.000004053,"max":0.000052214,"avg":0.000004881,"var":0.000000028,"sum":0.154111624},"relative_timestamp_from_handler_start":{"num":31574,"min":0.000000477,"max":0.000033140,"avg":0.000000910,"var":0.000000020,"sum":0.028732300}},"irespond":{"duration":{"num":31574,"min":0.000000238,"max":0.000037909,"avg":0.000000481,"var":0.000000003,"sum":0.015193462},"relative_timestamp_from_ult_start":{"num":31574,"min":0.000000238,"max":0.000024796,"avg":0.000000300,"var":0.000000001,"sum":0.009468079}},"respond_cb":{"duration":{"num":31574,"min":0.000000000,"max":0.000027657,"avg":0.000000106,"var":0.000000001,"sum":0.003336191},"relative_timestamp_from_irespond_start":{"num":31574,"min":0.000003576,"max":0.000044107,"avg":0.000003967,"var":0.000000021,"sum":0.125260353}},"irespond_wait":{"duration":{"num":31574,"min":0.000001192,"max":0.000051022,"avg":0.000003703,"var":0.000000020,"sum":0.116932392},"relative_timestamp_from_irespond_end":{"num":31574,"min":0.000000000,"max":0.000027418,"avg":0.000000189,"var":0.000000001,"sum":0.005958796}},"set_output":{"duration":{"num":31574,"min":0.000000000,"max":0.000000477,"avg":0.000000064,"var":0.000000000,"sum":0.002034187},"relative_timestamp_from_irespond_start":{"num":31574,"min":0.000000000,"max":0.000004053,"avg":0.000000077,"var":0.000000000,"sum":0.002444506}},"get_input":{"duration":{"num":31574,"min":0.000000000,"max":0.000021219,"avg":0.000000107,"var":0.000000001,"sum":0.003389359},"relative_timestamp_from_ult_start":{"num":31574,"min":0.000000000,"max":0.000000715,"avg":0.000000122,"var":0.000000000,"sum":0.003852606}}},"received from ofi+cxi://0x02614412":{"handler":{"duration":{"num":1601,"min":0.000000477,"max":0.000011444,"avg":0.000000945,"var":0.000000001,"sum":0.001513481}},"ult":{"duration":{"num":1601,"min":0.000190496,"max":0.029609919,"avg":0.004382253,"var":0.083254976,"sum":7.015986443},"relative_timestamp_from_handler_start":{"num":1601,"min":0.000000715,"max":0.022144794,"avg":0.001963407,"var":0.055402471,"sum":3.143414259}},"irespond":{"duration":{"num":1601,"min":0.000000238,"max":0.000010252,"avg":0.000000864,"var":0.000000001,"sum":0.001382589},"relative_timestamp_from_ult_start":{"num":1601,"min":0.000182867,"max":0.029560328,"avg":0.004246167,"var":0.082813914,"sum":6.798112869}},"respond_cb":{"duration":{"num":1601,"min":0.000000000,"max":0.000002384,"avg":0.000000150,"var":0.000000000,"sum":0.000240564},"relative_timestamp_from_irespond_start":{"num":1601,"min":0.000003815,"max":0.002602577,"avg":0.000109111,"var":0.000151671,"sum":0.174687147}},"irespond_wait":{"duration":{"num":1601,"min":0.000003338,"max":0.004647493,"avg":0.000112672,"var":0.000187259,"sum":0.180387259},"relative_timestamp_from_irespond_end":{"num":1601,"min":0.000000000,"max":0.000005245,"avg":0.000000328,"var":0.000000000,"sum":0.000524521}},"set_output":{"duration":{"num":1601,"min":0.000000000,"max":0.000003338,"avg":0.000000124,"var":0.000000000,"sum":0.000198603},"relative_timestamp_from_irespond_start":{"num":1601,"min":0.000000000,"max":0.000003576,"avg":0.000000189,"var":0.000000000,"sum":0.000301838}},"get_input":{"duration":{"num":1601,"min":0.000000000,"max":0.000022173,"avg":0.000000574,"var":0.000000001,"sum":0.000919580},"relative_timestamp_from_ult_start":{"num":1601,"min":0.000000000,"max":0.000003815,"avg":0.000000211,"var":0.000000000,"sum":0.000337839}},"bulk":{"create":{"duration":{"num":1601,"min":0.000002384,"max":0.028867006,"avg":0.003063441,"var":0.071168419,"sum":4.904568434},"size":{"num":1601,"min":4194304.000000000,"max":4194304.000000000,"avg":4194304.000000000,"var":0.000000000,"sum":6715080704.000000000}},"pull from ofi+cxi://0x02614412":{"itransfer":{"duration":{"num":1601,"min":0.000000715,"max":0.000021219,"avg":0.000002020,"var":0.000000006,"sum":0.003234148},"size":{"num":1601,"min":4194304.000000000,"max":4194304.000000000,"avg":4194304.000000000,"var":0.000000000,"sum":6715080704.000000000}},"transfer_cb":{"duration":{"num":1601,"min":0.000000000,"max":0.000003576,"avg":0.000000180,"var":0.000000000,"sum":0.000288963},"relative_timestamp_from_itransfer_start":{"num":1601,"min":0.000179052,"max":0.022439480,"avg":0.001127827,"var":0.003125239,"sum":1.805651426}},"itransfer_wait":{"duration":{"num":1601,"min":0.000178576,"max":0.022439003,"avg":0.001175692,"var":0.004643851,"sum":1.882282972},"relative_timestamp_from_itransfer_end":{"num":1601,"min":0.000000000,"max":0.000004768,"avg":0.000000345,"var":0.000000000,"sum":0.000553131}}}}},"received from ofi+cxi://0x02618213":{"handler":{"duration":{"num":1641,"min":0.000000477,"max":0.000009298,"avg":0.000000954,"var":0.000000001,"sum":0.001565456}},"ult":{"duration":{"num":1641,"min":0.000206470,"max":0.029678345,"avg":0.004871332,"var":0.098488356,"sum":7.993856430},"relative_timestamp_from_handler_start":{"num":1641,"min":0.000000715,"max":0.021639109,"avg":0.001694186,"var":0.049805986,"sum":2.780159712}},"irespond":{"duration":{"num":1641,"min":0.000000238,"max":0.000010252,"avg":0.000000913,"var":0.000000001,"sum":0.001498699},"relative_timestamp_from_ult_start":{"num":1641,"min":0.000196934,"max":0.029658794,"avg":0.004726221,"var":0.097873367,"sum":7.755728483}},"respond_cb":{"duration":{"num":1641,"min":0.000000000,