{"address":"","rpcs":{},"pools":{"__primary__":{"timestamps":[1753558083.760690451,1753558084.760720491,1753558085.760873556,1753558086.760938883,1753558087.761177301,1753558088.761237621,1753558094.582925081,1753558094.690756321],"size":[0,0,0,0,0,0,0,0],"total_size":[1,1,1,1,1,1,1,0]}}}