{"address":"ofi+cxi://0x0261c60d","progress_loop":{"progress_with_timeout":{"num":1796,"min":0.000002384,"max":0.101186275,"avg":0.006339108,"var":0.147379751,"sum":11.385038853},"progress_timeout_value_msec":{"num":1796,"min":100.000000000,"max":100.000000000,"avg":100.000000000,"var":0.000000000,"sum":179600.000000000},"progress_without_timeout":{"num":0,"min":0.000000000,"max":0.000000000,"avg":0.000000000,"var":0.000000000,"sum":0.000000000},"trigger":{"num":1782,"min":0.000000238,"max":0.000009775,"avg":0.000000381,"var":0.000000000,"sum":0.000679493}},"rpcs":{"65535:65535:7940397281847607295:2":{"rpc_id":7940397281847607295,"provider_id":2,"parent_rpc_id":65535,"parent_provider_id":65535,"name":"__identity__","origin":{"sent to ofi+cxi://0x0262200d":{"iforward":{"duration":{"num":1,"min":0.000084400,"max":0.000084400,"avg":0.000084400,"var":0.000000000,"sum":0.000084400},"relative_timestamp_from_create":{"num":1,"min":0.000002861,"max":0.000002861,"avg":0.000002861,"var":0.000000000,"sum":0.000002861}},"forward_cb":{"duration":{"num":1,"min":0.000002861,"max":0.000002861,"avg":0.000002861,"var":0.000000000,"sum":0.000002861},"relative_timestamp_from_iforward_start":{"num":1,"min":0.000554562,"max":0.000554562,"avg":0.000554562,"var":0.000000000,"sum":0.000554562}},"iforward_wait":{"duration":{"num":1,"min":0.000476122,"max":0.000476122,"avg":0.000476122,"var":0.000000000,"sum":0.000476122},"relative_timestamp_from_iforward_end":{"num":1,"min":0.000000238,"max":0.000000238,"avg":0.000000238,"var":0.000000000,"sum":0.000000238}},"set_input":{"duration":{"num":0,"min":0.000000000,"max":0.000000000,"avg":0.000000000,"var":0.000000000,"sum":0.000000000},"relative_timestamp_from_iforward_start":{"num":0,"min":0.000000000,"max":0.000000000,"avg":0.000000000,"var":0.000000000,"sum":0.000000000}},"get_output":{"duration":{"num":1,"min":0.000006437,"max":0.000006437,"avg":0.000006437,"var":0.000000000,"sum":0.000006437},"relative_timestamp_from_wait_end":{"num":1,"min":0.000000715,"max":0.000000715,"avg":0.000000715,"var":0.000000000,"sum":0.000000715}}}}},"65535:65535:9722976651498815487:2":{"rpc_id":9722976651498815487,"provider_id":2,"parent_rpc_id":65535,"parent_provider_id":65535,"name":"flock_get_view","origin":{"sent to ofi+cxi://0x0262200d":{"iforward":{"duration":{"num":2,"min":0.000014782,"max":0.000019312,"avg":0.000017047,"var":0.000000000,"sum":0.000034094},"relative_timestamp_from_create":{"num":2,"min":0.000000477,"max":0.000000715,"avg":0.000000596,"var":0.000000000,"sum":0.000001192}},"forward_cb":{"duration":{"num":2,"min":0.000000238,"max":0.000001192,"avg":0.000000715,"var":0.000000000,"sum":0.000001431},"relative_timestamp_from_iforward_start":{"num":2,"min":0.001641273,"max":0.003716230,"avg":0.002678752,"var":0.000002153,"sum":0.005357504}},"iforward_wait":{"duration":{"num":2,"min":0.001628876,"max":0.003697395,"avg":0.002663136,"var":0.000002139,"sum":0.005326271},"relative_timestamp_from_iforward_end":{"num":2,"min":0.000000477,"max":0.000001192,"avg":0.000000834,"var":0.000000000,"sum":0.000001669}},"set_input":{"duration":{"num":2,"min":0.000000238,"max":0.000000238,"avg":0.000000238,"var":0.000000000,"sum":0.000000477},"relative_timestamp_from_iforward_start":{"num":2,"min":0.000004053,"max":0.000006437,"avg":0.000005245,"var":0.000000000,"sum":0.000010490}},"get_output":{"duration":{"num":2,"min":0.000000477,"max":0.000023127,"avg":0.000011802,"var":0.000000000,"sum":0.000023603},"relative_timestamp_from_wait_end":{"num":2,"min":0.000000477,"max":0.000002384,"avg":0.000001431,"var":0.000000000,"sum":0.000002861}}}}},"65535:65535:3669993900245843967:1":{"rpc_id":3669993900245843967,"provider_id":1,"parent_rpc_id":65535,"parent_provider_id":65535,"name":"qtn_work_rpc","origin":{"sent to ofi+cxi://0x0262a214":{"iforward":{"duration":{"num":1778,"min":0.000001431,"max":0.000068903,"avg":0.000002594,"var":0.000000014,"sum":0.004611731},"relative_timestamp_from_create":{"num":1778,"min":0.000002384,"max":0.001860619,"avg":0.000004250,"var":0.000003449,"sum":0.007555962}},"forward_cb":{"duration":{"num":1778,"min":0.000000000,"max":0.000002861,"avg":0.000000173,"var":0.000000000,"sum":0.000307322},"relative_timestamp_from_iforward_start":{"num":1778,"min":0.000210047,"max":0.038660526,"avg":0.006346437,"var":0.137755926,"sum":11.283964634}},"iforward_wait":{"duration":{"num":1778,"min":0.000208855,"max":0.038659334,"avg":0.006344384,"var":0.137763322,"sum":11.280314922},"relative_timestamp_from_iforward_end":{"num":1778,"min":0.000000000,"max":0.000000954,"avg":0.000000214,"var":0.000000000,"sum":0.000380754}},"set_input":{"duration":{"num":1778,"min":0.000000000,"max":0.000008345,"avg":0.000000203,"var":0.000000000,"sum":0.000361681},"relative_timestamp_from_iforward_start":{"num":1778,"min":0.000000477,"max":0.000013113,"avg":0.000001050,"var":0.000000001,"sum":0.001867533}},"get_output":{"duration":{"num":1778,"min":0.000000000,"max":0.000001669,"avg":0.000000109,"var":0.000000000,"sum":0.000193357},"relative_timestamp_from_wait_end":{"num":1778,"min":0.000000000,"max":0.000001192,"avg":0.000000172,"var":0.000000000,"sum":0.000305653}}}}},"65535:65535:65535:65535":{"rpc_id":65535,"provider_id":65535,"parent_rpc_id":65535,"parent_provider_id":65535,"name":"","target":{"received from <unknown>":{"bulk":{"create":{"duration":{"num":1778,"min":0.000002146,"max":0.001855135,"avg":0.000004020,"var":0.000003430,"sum":0.007147074},"size":{"num":1778,"min":4194304.000000000,"max":4194304.000000000,"avg":4194304.000000000,"var":0.000000000,"sum":7457472512.000000000}}}}}}},"hostname":"x4108c0s1b0n0","pid":198057,"cmdline":["/home/carns/working/src/spack/var/spack/environments/quintain-2025-07/.spack-env/view/bin/quintain-benchmark","-g","quintain.flock.json","-j","/home/carns/working/dbg/john-quintain-profile-example-2025-07/quintain-benchmark-bw.json","-o","/flare/radix-io/carns/quintain/6767526.aurora-pbs-0001.hostmgmt.cm.aurora.alcf.anl.gov/bw-sweep-servers408-clis816"]}