{"address":"ofi+cxi://0x02618215","progress_loop":{"progress_with_timeout":{"num":39778,"min":0.000001192,"max":0.104114532,"avg":0.000130338,"var":0.012301526,"sum":5.184583187},"progress_timeout_value_msec":{"num":39778,"min":100.000000000,"max":100.000000000,"avg":100.000000000,"var":0.000000000,"sum":3977800.000000000},"progress_without_timeout":{"num":0,"min":0.000000000,"max":0.000000000,"avg":0.000000000,"var":0.000000000,"sum":0.000000000},"trigger":{"num":39702,"min":0.000000238,"max":0.000014305,"avg":0.000000281,"var":0.000000001,"sum":0.011161566}},"rpcs":{"65535:65535:7940397281847607295:2":{"rpc_id":7940397281847607295,"provider_id":2,"parent_rpc_id":65535,"parent_provider_id":65535,"name":"__identity__","origin":{"sent to ofi+cxi://0x0262200d":{"iforward":{"duration":{"num":1,"min":0.000148773,"max":0.000148773,"avg":0.000148773,"var":0.000000000,"sum":0.000148773},"relative_timestamp_from_create":{"num":1,"min":0.000007868,"max":0.000007868,"avg":0.000007868,"var":0.000000000,"sum":0.000007868}},"forward_cb":{"duration":{"num":1,"min":0.000003099,"max":0.000003099,"avg":0.000003099,"var":0.000000000,"sum":0.000003099},"relative_timestamp_from_iforward_start":{"num":1,"min":0.006989717,"max":0.006989717,"avg":0.006989717,"var":0.000000000,"sum":0.006989717}},"iforward_wait":{"duration":{"num":1,"min":0.006846666,"max":0.006846666,"avg":0.006846666,"var":0.000000000,"sum":0.006846666},"relative_timestamp_from_iforward_end":{"num":1,"min":0.000000477,"max":0.000000477,"avg":0.000000477,"var":0.000000000,"sum":0.000000477}},"set_input":{"duration":{"num":0,"min":0.000000000,"max":0.000000000,"avg":0.000000000,"var":0.000000000,"sum":0.000000000},"relative_timestamp_from_iforward_start":{"num":0,"min":0.000000000,"max":0.000000000,"avg":0.000000000,"var":0.000000000,"sum":0.000000000}},"get_output":{"duration":{"num":1,"min":0.000004768,"max":0.000004768,"avg":0.000004768,"var":0.000000000,"sum":0.000004768},"relative_timestamp_from_wait_end":{"num":1,"min":0.000001192,"max":0.000001192,"avg":0.000001192,"var":0.000000000,"sum":0.000001192}}}}},"65535:65535:9722976651498815487:2":{"rpc_id":9722976651498815487,"provider_id":2,"parent_rpc_id":65535,"parent_provider_id":65535,"name":"flock_get_view","origin":{"sent to ofi+cxi://0x0262200d":{"iforward":{"duration":{"num":2,"min":0.000016689,"max":0.000016928,"avg":0.000016809,"var":0.000000000,"sum":0.000033617},"relative_timestamp_from_create":{"num":2,"min":0.000000477,"max":0.000000954,"avg":0.000000715,"var":0.000000000,"sum":0.000001431}},"forward_cb":{"duration":{"num":2,"min":0.000000238,"max":0.000000715,"avg":0.000000477,"var":0.000000000,"sum":0.000000954},"relative_timestamp_from_iforward_start":{"num":2,"min":0.024303198,"max":0.026785612,"avg":0.025544405,"var":0.000003081,"sum":0.051088810}},"iforward_wait":{"duration":{"num":2,"min":0.024286985,"max":0.026770592,"avg":0.025528789,"var":0.000003084,"sum":0.051057577},"relative_timestamp_from_iforward_end":{"num":2,"min":0.000000238,"max":0.000001192,"avg":0.000000715,"var":0.000000000,"sum":0.000001431}},"set_input":{"duration":{"num":2,"min":0.000000000,"max":0.000000238,"avg":0.000000119,"var":0.000000000,"sum":0.000000238},"relative_timestamp_from_iforward_start":{"num":2,"min":0.000004053,"max":0.000005722,"avg":0.000004888,"var":0.000000000,"sum":0.000009775}},"get_output":{"duration":{"num":2,"min":0.000000477,"max":0.000022888,"avg":0.000011683,"var":0.000000000,"sum":0.000023365},"relative_timestamp_from_wait_end":{"num":2,"min":0.000000477,"max":0.000001907,"avg":0.000001192,"var":0.000000000,"sum":0.000002384}}}}},"65535:65535:3669993900245843967:1":{"rpc_id":3669993900245843967,"provider_id":1,"parent_rpc_id":65535,"parent_provider_id":65535,"name":"qtn_work_rpc","origin":{"sent to ofi+cxi://0x0262a010":{"iforward":{"duration":{"num":39698,"min":0.000001192,"max":0.000034332,"avg":0.000001601,"var":0.000000007,"sum":0.063551188},"relative_timestamp_from_create":{"num":39698,"min":0.000000000,"max":0.000001431,"avg":0.000000074,"var":0.000000000,"sum":0.002956629}},"forward_cb":{"duration":{"num":39698,"min":0.000000000,"max":0.000011444,"avg":0.000000123,"var":0.000000001,"sum":0.004890203},"relative_timestamp_from_iforward_start":{"num":39698,"min":0.000008106,"max":0.000673771,"avg":0.000128699,"var":0.000168223,"sum":5.109103441}},"iforward_wait":{"duration":{"num":39698,"min":0.000007153,"max":0.000673294,"avg":0.000127475,"var":0.000168168,"sum":5.060507536},"relative_timestamp_from_iforward_end":{"num":39698,"min":0.000000000,"max":0.000002384,"avg":0.000000185,"var":0.000000000,"sum":0.007345676}},"set_input":{"duration":{"num":39698,"min":0.000000000,"max":0.000011444,"avg":0.000000076,"var":0.000000001,"sum":0.003014326},"relative_timestamp_from_iforward_start":{"num":39698,"min":0.000000477,"max":0.000012636,"avg":0.000000714,"var":0.000000001,"sum":0.028353453}},"get_output":{"duration":{"num":39698,"min":0.000000000,"max":0.000003576,"avg":0.000000093,"var":0.000000001,"sum":0.003676414},"relative_timestamp_from_wait_end":{"num":39698,"min":0.000000000,"max":0.000009298,"avg":0.000000149,"var":0.000000001,"sum":0.005911827}}}}}},"hostname":"x4108c0s5b0n0","pid":35687,"cmdline":["/home/carns/working/src/spack/var/spack/environments/quintain-2025-07/.spack-env/view/bin/quintain-benchmark","-g","quintain.flock.json","-j","/home/carns/working/dbg/john-quintain-profile-example-2025-07/quintain-benchmark-rpc.json","-o","/flare/radix-io/carns/quintain/6767526.aurora-pbs-0001.hostmgmt.cm.aurora.alcf.anl.gov/rpc-sweep-servers408-clis816"]}