{"address":"","rpcs":{},"pools":{"__primary__":{"timestamps":[1753558122.223579407,1753558123.234111547,1753558124.245617628,1753558125.249558926,1753558126.259581804,1753558127.265556097,1753558128.267303228,1753558129.280214787,1753558131.684828043,1753558132.692397356,1753558133.697865248,1753558134.716218948,1753558135.722969294,1753558136.972288609,1753558137.100549459],"size":[0,0,0,0,0,0,0,0,0,0,0,0,0,0,0],"total_size":[1,1,1,1,1,1,1,1,1,1,1,1,1,1,0]}}}