{"address":"","rpcs":{},"pools":{"__primary__":{"timestamps":[1753558083.758900166,1753558089.214698315,1753558090.214706659,1753558091.214707136,1753558092.214718342,1753558093.214751482,1753558094.583726168,1753558094.715452909],"size":[0,0,0,0,0,0,0,0],"total_size":[1,1,1,1,1,1,1,0]}}}