{"address":"ofi+cxi://0x0262a00d","progress_loop":{"progress_with_timeout":{"num":1434,"min":0.000001669,"max":0.108553886,"avg":0.068689092,"var":3.460134676,"sum":98.500158072},"progress_timeout_value_msec":{"num":1434,"min":100.000000000,"max":100.000000000,"avg":100.000000000,"var":0.000000000,"sum":143400.000000000},"progress_without_timeout":{"num":14397697,"min":0.000000000,"max":0.000942707,"avg":0.000000172,"var":0.000002103,"sum":2.482747555},"trigger":{"num":65068,"min":0.000000000,"max":0.000039577,"avg":0.000000816,"var":0.000000044,"sum":0.053075790}},"rpcs":{"65535:65535:3669993900245843967:1":{"rpc_id":3669993900245843967,"provider_id":1,"parent_rpc_id":65535,"parent_provider_id":65535,"name":"qtn_work_rpc","target":{"received from ofi+cxi://0x02606413":{"handler":{"duration":{"num":21729,"min":0.000000238,"max":0.000038862,"avg":0.000000791,"var":0.000000008,"sum":0.017194271}},"ult":{"duration":{"num":21729,"min":0.000004292,"max":0.000475883,"avg":0.000005214,"var":0.000000236,"sum":0.113293409},"relative_timestamp_from_handler_start":{"num":21729,"min":0.000000715,"max":0.000039339,"avg":0.000001270,"var":0.000000012,"sum":0.027598858}},"irespond":{"duration":{"num":21729,"min":0.000000238,"max":0.000017643,"avg":0.000000624,"var":0.000000002,"sum":0.013567686},"relative_timestamp_from_ult_start":{"num":21729,"min":0.000000238,"max":0.000025749,"avg":0.000000340,"var":0.000000001,"sum":0.007385015}},"respond_cb":{"duration":{"num":21729,"min":0.000000000,"max":0.000005960,"avg":0.000000117,"var":0.000000000,"sum":0.002551794},"relative_timestamp_from_irespond_start":{"num":21729,"min":0.000003338,"max":0.000473022,"avg":0.000004154,"var":0.000000230,"sum":0.090263367}},"irespond_wait":{"duration":{"num":21729,"min":0.000002384,"max":0.000473022,"avg":0.000003803,"var":0.000000229,"sum":0.082637072},"relative_timestamp_from_irespond_end":{"num":21729,"min":0.000000000,"max":0.000003576,"avg":0.000000174,"var":0.000000000,"sum":0.003775358}},"set_output":{"duration":{"num":21729,"min":0.000000000,"max":0.000001192,"avg":0.000000080,"var":0.000000000,"sum":0.001746178},"relative_timestamp_from_irespond_start":{"num":21729,"min":0.000000000,"max":0.000004530,"avg":0.000000093,"var":0.000000000,"sum":0.002023697}},"get_input":{"duration":{"num":21729,"min":0.000000000,"max":0.000006914,"avg":0.000000117,"var":0.000000000,"sum":0.002536774},"relative_timestamp_from_ult_start":{"num":21729,"min":0.000000000,"max":0.000008345,"avg":0.000000143,"var":0.000000000,"sum":0.003106356}}},"received from ofi+cxi://0x0260a217":{"handler":{"duration":{"num":6013,"min":0.000000238,"max":0.000032902,"avg":0.000000748,"var":0.000000002,"sum":0.004499435}},"ult":{"duration":{"num":6013,"min":0.000004292,"max":0.000053883,"avg":0.000005166,"var":0.000000007,"sum":0.031060457},"relative_timestamp_from_handler_start":{"num":6013,"min":0.000000715,"max":0.000033379,"avg":0.000001228,"var":0.000000004,"sum":0.007386446}},"irespond":{"duration":{"num":6013,"min":0.000000238,"max":0.000004530,"avg":0.000000588,"var":0.000000000,"sum":0.003535271},"relative_timestamp_from_ult_start":{"num":6013,"min":0.000000238,"max":0.000007868,"avg":0.000000334,"var":0.000000000,"sum":0.002010822}},"respond_cb":{"duration":{"num":6013,"min":0.000000000,"max":0.000000715,"avg":0.000000118,"var":0.000000000,"sum":0.000708342},"relative_timestamp_from_irespond_start":{"num":6013,"min":0.000003338,"max":0.000052929,"avg":0.000004114,"var":0.000000005,"sum":0.024735928}},"irespond_wait":{"duration":{"num":6013,"min":0.000001907,"max":0.000052452,"avg":0.000003806,"var":0.000000006,"sum":0.022885561},"relative_timestamp_from_irespond_end":{"num":6013,"min":0.000000000,"max":0.000009060,"avg":0.000000172,"var":0.000000000,"sum":0.001032591}},"set_output":{"duration":{"num":6013,"min":0.000000000,"max":0.000001192,"avg":0.000000080,"var":0.000000000,"sum":0.000479221},"relative_timestamp_from_irespond_start":{"num":6013,"min":0.000000000,"max":0.000000477,"avg":0.000000089,"var":0.000000000,"sum":0.000533342}},"get_input":{"duration":{"num":6013,"min":0.000000000,"max":0.000000954,"avg":0.000000111,"var":0.000000000,"sum":0.000670433},"relative_timestamp_from_ult_start":{"num":6013,"min":0.000000000,"max":0.000002384,"avg":0.000000142,"var":0.000000000,"sum":0.000856638}}},"received from ofi+cxi://0x0260e60d":{"handler":{"duration":{"num":1616,"min":0.000000477,"max":0.000011921,"avg":0.000001037,"var":0.000000001,"sum":0.001675844}},"ult":{"duration":{"num":1616,"min":0.000235796,"max":0.030381680,"avg":0.004693072,"var":0.091233783,"sum":7.584003925},"relative_timestamp_from_handler_start":{"num":1616,"min":0.000000715,"max":0.024975538,"avg":0.001281767,"var":0.038372450,"sum":2.071335077}},"irespond":{"duration":{"num":1616,"min":0.000000238,"max":0.000014782,"avg":0.000000956,"var":0.000000001,"sum":0.001544714},"relative_timestamp_from_ult_start":{"num":1616,"min":0.000185251,"max":0.030367136,"avg":0.004518642,"var":0.090474923,"sum":7.302125454}},"respond_cb":{"duration":{"num":1616,"min":0.000000000,"max":0.000002623,"avg":0.000000171,"var":0.000000000,"sum":0.000276566},"relative_timestamp_from_irespond_start":{"num":1616,"min":0.000003815,"max":0.002289295,"avg":0.000101683,"var":0.000125700,"sum":0.164320469}},"irespond_wait":{"duration":{"num":1616,"min":0.000003576,"max":0.022971869,"avg":0.000142748,"var":0.001430931,"sum":0.230680227},"relative_timestamp_from_irespond_end":{"num":1616,"min":0.000000000,"max":0.000004768,"avg":0.000000300,"var":0.000000000,"sum":0.000484943}},"set_output":{"duration":{"num":1616,"min":0.000000000,"max":0.000003099,"avg":0.000000125,"var":0.000000000,"sum":0.000202417},"relative_timestamp_from_irespond_start":{"num":1616,"min":0.000000000,"max":0.000005245,"avg":0.000000210,"var":0.000000000,"sum":0.000338554}},"get_input":{"duration":{"num":1616,"min":0.000000000,"max":0.000019073,"avg":0.000000509,"var":0.000000001,"sum":0.000822306},"relative_timestamp_from_ult_start":{"num":1616,"min":0.000000000,"max":0.000006437,"avg":0.000000229,"var":0.000000000,"sum":0.000370741}},"bulk":{"create":{"duration":{"num":1616,"min":0.000002384,"max":0.028501034,"avg":0.003344955,"var":0.079172769,"sum":5.405446529},"size":{"num":1616,"min":4194304.000000000,"max":4194304.000000000,"avg":4194304.000000000,"var":0.000000000,"sum":6777995264.000000000}},"pull from ofi+cxi://0x0260e60d":{"itransfer":{"duration":{"num":1616,"min":0.000000715,"max":0.000030994,"avg":0.000002159,"var":0.000000007,"sum":0.003489017},"size":{"num":1616,"min":4194304.000000000,"max":4194304.000000000,"avg":4194304.000000000,"var":0.000000000,"sum":6777995264.000000000}},"transfer_cb":{"duration":{"num":1616,"min":0.000000000,"max":0.000007629,"avg":0.000000187,"var":0.000000000,"sum":0.000301600},"relative_timestamp_from_itransfer_start":{"num":1616,"min":0.000180960,"max":0.028248787,"avg":0.001135208,"var":0.003119785,"sum":1.834495783}},"itransfer_wait":{"duration":{"num":1616,"min":0.000179768,"max":0.028247595,"avg":0.001166927,"var":0.004070516,"sum":1.885754585},"relative_timestamp_from_itransfer_end":{"num":1616,"min":0.000000000,"max":0.000005484,"avg":0.000000345,"var":0.000000000,"sum":0.000557661}}}}},"received from ofi+cxi://0x02602011":{"handler":{"duration":{"num":1578,"min":0.000000477,"max":0.000010729,"avg":0.000001006,"var":0.000000001,"sum":0.001586914}},"ult":{"duration":{"num":1578,"min":0.000204325,"max":0.030681133,"avg":0.004711832,"var":0.089398120,"sum":7.435270786},"relative_timestamp_from_handler_start":{"num":1578,"min":0.000000715,"max":0.023002625,"avg":0.001844339,"var":0.051690972,"sum":2.910366297}},"irespond":{"duration":{"num":1578,"min":0.000000238,"max":0.000014544,"avg":0.000000944,"var":0.000000001,"sum":0.001489639},"relative_timestamp_from_ult_start":{"num":1578,"min":0.000185251,"max":0.030645609,"avg":0.004491994,"var":0.088956441,"sum":7.088366985}},"respond_cb":{"duration":{"num":1578,"min":0.000000000,"max":0.000002861,