{"address":"","progress_loop":{"progress_with_timeout":{"num":1577,"min":0.000001431,"max":0.104431868,"avg":0.008112519,"var":0.174041543,"sum":12.793443203},"progress_timeout_value_msec":{"num":1577,"min":100.000000000,"max":100.000000000,"avg":100.000000000,"var":0.000000000,"sum":157700.000000000},"progress_without_timeout":{"num":0,"min":0.000000000,"max":0.000000000,"avg":0.000000000,"var":0.000000000,"sum":0.000000000},"trigger":{"num":1570,"min":0.000000238,"max":0.000011444,"avg":0.000000294,"var":0.000000000,"sum":0.000461102}},"rpcs":{"65535:65535:7940397281847607295:2":{"rpc_id":7940397281847607295,"provider_id":2,"parent_rpc_id":65535,"parent_provider_id":65535,"name":"__identity__","origin":{"sent to ofi+cxi://0x06f2600c":{"iforward":{"duration":{"num":1,"min":0.000075102,"max":0.000075102,"avg":0.000075102,"var":0.000000000,"sum":0.000075102},"relative_timestamp_from_create":{"num":1,"min":0.000002861,"max":0.000002861,"avg":0.000002861,"var":0.000000000,"sum":0.000002861}},"forward_cb":{"duration":{"num":1,"min":0.000009775,"max":0.000009775,"avg":0.000009775,"var":0.000000000,"sum":0.000009775},"relative_timestamp_from_iforward_start":{"num":1,"min":0.002818346,"max":0.002818346,"avg":0.002818346,"var":0.000000000,"sum":0.002818346}},"iforward_wait":{"duration":{"num":1,"min":0.002759218,"max":0.002759218,"avg":0.002759218,"var":0.000000000,"sum":0.002759218},"relative_timestamp_from_iforward_end":{"num":1,"min":0.000000238,"max":0.000000238,"avg":0.000000238,"var":0.000000000,"sum":0.000000238}},"set_input":{"duration":{"num":0,"min":0.000000000,"max":0.000000000,"avg":0.000000000,"var":0.000000000,"sum":0.000000000},"relative_timestamp_from_iforward_start":{"num":0,"min":0.000000000,"max":0.000000000,"avg":0.000000000,"var":0.000000000,"sum":0.000000000}},"get_output":{"duration":{"num":1,"min":0.000007868,"max":0.000007868,"avg":0.000007868,"var":0.000000000,"sum":0.000007868},"relative_timestamp_from_wait_end":{"num":1,"min":0.000001669,"max":0.000001669,"avg":0.000001669,"var":0.000000000,"sum":0.000001669}}}}},"65535:65535:9722976651498815487:2":{"rpc_id":9722976651498815487,"provider_id":2,"parent_rpc_id":65535,"parent_provider_id":65535,"name":"flock_get_view","origin":{"sent to ofi+cxi://0x06f2600c":{"iforward":{"duration":{"num":2,"min":0.000011921,"max":0.000042200,"avg":0.000027061,"var":0.000000000,"sum":0.000054121},"relative_timestamp_from_create":{"num":2,"min":0.000000238,"max":0.000001431,"avg":0.000000834,"var":0.000000000,"sum":0.000001669}},"forward_cb":{"duration":{"num":2,"min":0.000000000,"max":0.000000477,"avg":0.000000238,"var":0.000000000,"sum":0.000000477},"relative_timestamp_from_iforward_start":{"num":2,"min":0.008204222,"max":0.016890526,"avg":0.012547374,"var":0.000037726,"sum":0.025094748}},"iforward_wait":{"duration":{"num":2,"min":0.008161545,"max":0.016879082,"avg":0.012520313,"var":0.000037998,"sum":0.025040627},"relative_timestamp_from_iforward_end":{"num":2,"min":0.000000238,"max":0.000001669,"avg":0.000000954,"var":0.000000000,"sum":0.000001907}},"set_input":{"duration":{"num":2,"min":0.000000000,"max":0.000000238,"avg":0.000000119,"var":0.000000000,"sum":0.000000238},"relative_timestamp_from_iforward_start":{"num":2,"min":0.000002146,"max":0.000012398,"avg":0.000007272,"var":0.000000000,"sum":0.000014544}},"get_output":{"duration":{"num":2,"min":0.000000238,"max":0.000025034,"avg":0.000012636,"var":0.000000000,"sum":0.000025272},"relative_timestamp_from_wait_end":{"num":2,"min":0.000000238,"max":0.000001907,"avg":0.000001073,"var":0.000000000,"sum":0.000002146}}}}},"65535:65535:3669993900245843967:1":{"rpc_id":3669993900245843967,"provider_id":1,"parent_rpc_id":65535,"parent_provider_id":65535,"name":"qtn_work_rpc","origin":{"sent to ofi+cxi://0x06f2e015":{"iforward":{"duration":{"num":1566,"min":0.000001431,"max":0.003901005,"avg":0.000004355,"var":0.000015197,"sum":0.006820202},"relative_timestamp_from_create":{"num":1566,"min":0.000002384,"max":0.001703501,"avg":0.000003921,"var":0.000002891,"sum":0.006140947}},"forward_cb":{"duration":{"num":1566,"min":0.000000000,"max":0.000001431,"avg":0.000000131,"var":0.000000000,"sum":0.000204802},"relative_timestamp_from_iforward_start":{"num":1566,"min":0.000211954,"max":0.033374786,"avg":0.008090060,"var":0.164308174,"sum":12.669034719}},"iforward_wait":{"duration":{"num":1566,"min":0.000210762,"max":0.033373356,"avg":0.008086092,"var":0.164197297,"sum":12.662820816},"relative_timestamp_from_iforward_end":{"num":1566,"min":0.000000000,"max":0.000000715,"avg":0.000000213,"var":0.000000000,"sum":0.000333548}},"set_input":{"duration":{"num":1566,"min":0.000000000,"max":0.000004530,"avg":0.000000131,"var":0.000000000,"sum":0.000204563},"relative_timestamp_from_iforward_start":{"num":1566,"min":0.000000477,"max":0.000008345,"avg":0.000000754,"var":0.000000000,"sum":0.001180172}},"get_output":{"duration":{"num":1566,"min":0.000000000,"max":0.000000954,"avg":0.000000092,"var":0.000000000,"sum":0.000143766},"relative_timestamp_from_wait_end":{"num":1566,"min":0.000000000,"max":0.000000954,"avg":0.000000141,"var":0.000000000,"sum":0.000221252}}}}},"65535:65535:65535:65535":{"rpc_id":65535,"provider_id":65535,"parent_rpc_id":65535,"parent_provider_id":65535,"name":"","target":{"received from <unknown>":{"bulk":{"create":{"duration":{"num":1566,"min":0.000002384,"max":0.001697540,"avg":0.000003714,"var":0.000002871,"sum":0.005816698},"size":{"num":1566,"min":4194304.000000000,"max":4194304.000000000,"avg":4194304.000000000,"var":0.000000000,"sum":6568280064.000000000}}}}}}},"hostname":"x4418c0s0b0n0","pid":33744,"cmdline":["/home/carns/working/src/spack/var/spack/environments/quintain-2025-07/.spack-env/view/bin/quintain-benchmark","-g","quintain.flock.json","-j","/home/carns/working/dbg/john-quintain-profile-example-2025-07/quintain-benchmark-bw.json","-o","/flare/radix-io/carns/quintain/6710290.aurora-pbs-0001.hostmgmt.cm.aurora.alcf.anl.gov/bw-sweep-servers408-clis816"]}