{"address":"","rpcs":{},"pools":{"__primary__":{"timestamps":[1753558122.225813389,1753558123.228798389,1753558124.244005203,1753558125.248984098,1753558126.258506775,1753558127.272942543,1753558128.273184299,1753558131.688283443,1753558132.696849585,1753558133.714296103,1753558134.716169834,1753558135.720423460,1753558136.970368385,1753558137.104107618],"size":[0,0,0,0,0,0,0,0,0,0,0,0,0,0],"total_size":[1,1,1,1,1,1,1,1,1,1,1,1,1,0]}}}