{"address":"ofi+cxi://0x02608618","progress_loop":{"progress_with_timeout":{"num":28206,"min":0.000001192,"max":0.101199389,"avg":0.000186095,"var":0.012966092,"sum":5.248992920},"progress_timeout_value_msec":{"num":28206,"min":100.000000000,"max":100.000000000,"avg":100.000000000,"var":0.000000000,"sum":2820600.000000000},"progress_without_timeout":{"num":0,"min":0.000000000,"max":0.000000000,"avg":0.000000000,"var":0.000000000,"sum":0.000000000},"trigger":{"num":28141,"min":0.000000238,"max":0.000014067,"avg":0.000000278,"var":0.000000001,"sum":0.007827997}},"rpcs":{"65535:65535:7940397281847607295:2":{"rpc_id":7940397281847607295,"provider_id":2,"parent_rpc_id":65535,"parent_provider_id":65535,"name":"__identity__","origin":{"sent to ofi+cxi://0x0262200d":{"iforward":{"duration":{"num":1,"min":0.000113487,"max":0.000113487,"avg":0.000113487,"var":0.000000000,"sum":0.000113487},"relative_timestamp_from_create":{"num":1,"min":0.000005245,"max":0.000005245,"avg":0.000005245,"var":0.000000000,"sum":0.000005245}},"forward_cb":{"duration":{"num":1,"min":0.000004292,"max":0.000004292,"avg":0.000004292,"var":0.000000000,"sum":0.000004292},"relative_timestamp_from_iforward_start":{"num":1,"min":0.002571106,"max":0.002571106,"avg":0.002571106,"var":0.000000000,"sum":0.002571106}},"iforward_wait":{"duration":{"num":1,"min":0.002467632,"max":0.002467632,"avg":0.002467632,"var":0.000000000,"sum":0.002467632},"relative_timestamp_from_iforward_end":{"num":1,"min":0.000000238,"max":0.000000238,"avg":0.000000238,"var":0.000000000,"sum":0.000000238}},"set_input":{"duration":{"num":0,"min":0.000000000,"max":0.000000000,"avg":0.000000000,"var":0.000000000,"sum":0.000000000},"relative_timestamp_from_iforward_start":{"num":0,"min":0.000000000,"max":0.000000000,"avg":0.000000000,"var":0.000000000,"sum":0.000000000}},"get_output":{"duration":{"num":1,"min":0.000007391,"max":0.000007391,"avg":0.000007391,"var":0.000000000,"sum":0.000007391},"relative_timestamp_from_wait_end":{"num":1,"min":0.000001192,"max":0.000001192,"avg":0.000001192,"var":0.000000000,"sum":0.000001192}}}}},"65535:65535:9722976651498815487:2":{"rpc_id":9722976651498815487,"provider_id":2,"parent_rpc_id":65535,"parent_provider_id":65535,"name":"flock_get_view","origin":{"sent to ofi+cxi://0x0262200d":{"iforward":{"duration":{"num":2,"min":0.000012636,"max":0.000041246,"avg":0.000026941,"var":0.000000000,"sum":0.000053883},"relative_timestamp_from_create":{"num":2,"min":0.000000238,"max":0.000001192,"avg":0.000000715,"var":0.000000000,"sum":0.000001431}},"forward_cb":{"duration":{"num":2,"min":0.000000238,"max":0.000000238,"avg":0.000000238,"var":0.000000000,"sum":0.000000477},"relative_timestamp_from_iforward_start":{"num":2,"min":0.013376951,"max":0.034803867,"avg":0.024090409,"var":0.000229556,"sum":0.048180819}},"iforward_wait":{"duration":{"num":2,"min":0.013334751,"max":0.034791946,"avg":0.024063349,"var":0.000230206,"sum":0.048126698},"relative_timestamp_from_iforward_end":{"num":2,"min":0.000000238,"max":0.000001907,"avg":0.000001073,"var":0.000000000,"sum":0.000002146}},"set_input":{"duration":{"num":2,"min":0.000000000,"max":0.000000477,"avg":0.000000238,"var":0.000000000,"sum":0.000000477},"relative_timestamp_from_iforward_start":{"num":2,"min":0.000001907,"max":0.000012159,"avg":0.000007033,"var":0.000000000,"sum":0.000014067}},"get_output":{"duration":{"num":2,"min":0.000000477,"max":0.000032663,"avg":0.000016570,"var":0.000000001,"sum":0.000033140},"relative_timestamp_from_wait_end":{"num":2,"min":0.000000238,"max":0.000001431,"avg":0.000000834,"var":0.000000000,"sum":0.000001669}}}}},"65535:65535:3669993900245843967:1":{"rpc_id":3669993900245843967,"provider_id":1,"parent_rpc_id":65535,"parent_provider_id":65535,"name":"qtn_work_rpc","origin":{"sent to ofi+cxi://0x02636212":{"iforward":{"duration":{"num":28137,"min":0.000001192,"max":0.000037670,"avg":0.000001525,"var":0.000000006,"sum":0.042920589},"relative_timestamp_from_create":{"num":28137,"min":0.000000000,"max":0.000001192,"avg":0.000000072,"var":0.000000000,"sum":0.002014637}},"forward_cb":{"duration":{"num":28137,"min":0.000000000,"max":0.000013828,"avg":0.000000122,"var":0.000000001,"sum":0.003442764},"relative_timestamp_from_iforward_start":{"num":28137,"min":0.000008583,"max":0.001045465,"avg":0.000183246,"var":0.001384535,"sum":5.155995131}},"iforward_wait":{"duration":{"num":28137,"min":0.000003815,"max":0.001044035,"avg":0.000182098,"var":0.001384276,"sum":5.123698473},"relative_timestamp_from_iforward_end":{"num":28137,"min":0.000000000,"max":0.000005960,"avg":0.000000180,"var":0.000000000,"sum":0.005076885}},"set_input":{"duration":{"num":28137,"min":0.000000000,"max":0.000001907,"avg":0.000000084,"var":0.000000000,"sum":0.002349615},"relative_timestamp_from_iforward_start":{"num":28137,"min":0.000000477,"max":0.000010014,"avg":0.000000706,"var":0.000000000,"sum":0.019851446}},"get_output":{"duration":{"num":28137,"min":0.000000000,"max":0.000001192,"avg":0.000000087,"var":0.000000000,"sum":0.002461433},"relative_timestamp_from_wait_end":{"num":28137,"min":0.000000000,"max":0.000001669,"avg":0.000000149,"var":0.000000000,"sum":0.004205227}}}}}},"hostname":"x4108c0s7b0n0","pid":191714,"cmdline":["/home/carns/working/src/spack/var/spack/environments/quintain-2025-07/.spack-env/view/bin/quintain-benchmark","-g","quintain.flock.json","-j","/home/carns/working/dbg/john-quintain-profile-example-2025-07/quintain-benchmark-rpc.json","-o","/flare/radix-io/carns/quintain/6767526.aurora-pbs-0001.hostmgmt.cm.aurora.alcf.anl.gov/rpc-sweep-servers408-clis816"]}