{"address":"","rpcs":{},"pools":{"__primary__":{"timestamps":[1753558122.224638224,1753558123.244422436,1753558124.244923592,1753558125.267411947,1753558126.275563717,1753558127.276632309,1753558128.280413866,1753558129.282115221,1753558130.288360357,1753558131.687222481,1753558132.688477755,1753558133.700168133,1753558134.713201284,1753558135.733962297,1753558136.971646547,1753558137.097983122],"size":[0,0,0,0,0,0,0,0,0,0,0,0,0,0,0,0],"total_size":[1,1,1,1,1,1,1,1,1,1,1,1,1,1,1,0]}}}