{"address":"","progress_loop":{"progress_with_timeout":{"num":1655,"min":0.000001669,"max":0.103292465,"avg":0.007629739,"var":0.166226362,"sum":12.627217531},"progress_timeout_value_msec":{"num":1655,"min":100.000000000,"max":100.000000000,"avg":100.000000000,"var":0.000000000,"sum":165500.000000000},"progress_without_timeout":{"num":0,"min":0.000000000,"max":0.000000000,"avg":0.000000000,"var":0.000000000,"sum":0.000000000},"trigger":{"num":1645,"min":0.000000238,"max":0.000012636,"avg":0.000000311,"var":0.000000000,"sum":0.000511408}},"rpcs":{"65535:65535:7940397281847607295:2":{"rpc_id":7940397281847607295,"provider_id":2,"parent_rpc_id":65535,"parent_provider_id":65535,"name":"__identity__","origin":{"sent to ofi+cxi://0x06f2600c":{"iforward":{"duration":{"num":1,"min":0.001588345,"max":0.001588345,"avg":0.001588345,"var":0.000000000,"sum":0.001588345},"relative_timestamp_from_create":{"num":1,"min":0.000003576,"max":0.000003576,"avg":0.000003576,"var":0.000000000,"sum":0.000003576}},"forward_cb":{"duration":{"num":1,"min":0.000011206,"max":0.000011206,"avg":0.000011206,"var":0.000000000,"sum":0.000011206},"relative_timestamp_from_iforward_start":{"num":1,"min":0.004839420,"max":0.004839420,"avg":0.004839420,"var":0.000000000,"sum":0.004839420}},"iforward_wait":{"duration":{"num":1,"min":0.003268242,"max":0.003268242,"avg":0.003268242,"var":0.000000000,"sum":0.003268242},"relative_timestamp_from_iforward_end":{"num":1,"min":0.000000477,"max":0.000000477,"avg":0.000000477,"var":0.000000000,"sum":0.000000477}},"set_input":{"duration":{"num":0,"min":0.000000000,"max":0.000000000,"avg":0.000000000,"var":0.000000000,"sum":0.000000000},"relative_timestamp_from_iforward_start":{"num":0,"min":0.000000000,"max":0.000000000,"avg":0.000000000,"var":0.000000000,"sum":0.000000000}},"get_output":{"duration":{"num":1,"min":0.000008345,"max":0.000008345,"avg":0.000008345,"var":0.000000000,"sum":0.000008345},"relative_timestamp_from_wait_end":{"num":1,"min":0.000001669,"max":0.000001669,"avg":0.000001669,"var":0.000000000,"sum":0.000001669}}}}},"65535:65535:9722976651498815487:2":{"rpc_id":9722976651498815487,"provider_id":2,"parent_rpc_id":65535,"parent_provider_id":65535,"name":"flock_get_view","origin":{"sent to ofi+cxi://0x06f2600c":{"iforward":{"duration":{"num":2,"min":0.000012398,"max":0.000044107,"avg":0.000028253,"var":0.000000001,"sum":0.000056505},"relative_timestamp_from_create":{"num":2,"min":0.000000477,"max":0.000001192,"avg":0.000000834,"var":0.000000000,"sum":0.000001669}},"forward_cb":{"duration":{"num":2,"min":0.000000238,"max":0.000000238,"avg":0.000000238,"var":0.000000000,"sum":0.000000477},"relative_timestamp_from_iforward_start":{"num":2,"min":0.012552977,"max":0.013812304,"avg":0.013182640,"var":0.000000793,"sum":0.026365280}},"iforward_wait":{"duration":{"num":2,"min":0.012508392,"max":0.013800383,"avg":0.013154387,"var":0.000000835,"sum":0.026308775},"relative_timestamp_from_iforward_end":{"num":2,"min":0.000000238,"max":0.000001431,"avg":0.000000834,"var":0.000000000,"sum":0.000001669}},"set_input":{"duration":{"num":2,"min":0.000000000,"max":0.000000238,"avg":0.000000119,"var":0.000000000,"sum":0.000000238},"relative_timestamp_from_iforward_start":{"num":2,"min":0.000001907,"max":0.000012875,"avg":0.000007391,"var":0.000000000,"sum":0.000014782}},"get_output":{"duration":{"num":2,"min":0.000000477,"max":0.000035048,"avg":0.000017762,"var":0.000000001,"sum":0.000035524},"relative_timestamp_from_wait_end":{"num":2,"min":0.000000238,"max":0.000001192,"avg":0.000000715,"var":0.000000000,"sum":0.000001431}}}}},"65535:65535:3669993900245843967:1":{"rpc_id":3669993900245843967,"provider_id":1,"parent_rpc_id":65535,"parent_provider_id":65535,"name":"qtn_work_rpc","origin":{"sent to ofi+cxi://0x06f2600c":{"iforward":{"duration":{"num":1638,"min":0.000001431,"max":0.000042439,"avg":0.000001864,"var":0.000000005,"sum":0.003053188},"relative_timestamp_from_create":{"num":1638,"min":0.000002623,"max":0.001995802,"avg":0.000004106,"var":0.000003969,"sum":0.006726027}},"forward_cb":{"duration":{"num":1638,"min":0.000000000,"max":0.000006437,"avg":0.000000140,"var":0.000000000,"sum":0.000228882},"relative_timestamp_from_iforward_start":{"num":1638,"min":0.000225544,"max":0.042567015,"avg":0.007629274,"var":0.156268450,"sum":12.496751308}},"iforward_wait":{"duration":{"num":1638,"min":0.000224113,"max":0.042532921,"avg":0.007627779,"var":0.156265187,"sum":12.494301319},"relative_timestamp_from_iforward_end":{"num":1638,"min":0.000000000,"max":0.000000477,"avg":0.000000229,"var":0.000000000,"sum":0.000375271}},"set_input":{"duration":{"num":1638,"min":0.000000000,"max":0.000004292,"avg":0.000000129,"var":0.000000000,"sum":0.000211954},"relative_timestamp_from_iforward_start":{"num":1638,"min":0.000000477,"max":0.000011921,"avg":0.000000740,"var":0.000000000,"sum":0.001212120}},"get_output":{"duration":{"num":1638,"min":0.000000000,"max":0.000000477,"avg":0.000000093,"var":0.000000000,"sum":0.000151873},"relative_timestamp_from_wait_end":{"num":1638,"min":0.000000000,"max":0.000003099,"avg":0.000000145,"var":0.000000000,"sum":0.000237942}}}}},"65535:65535:11523224507288453119:1":{"rpc_id":11523224507288453119,"provider_id":1,"parent_rpc_id":65535,"parent_provider_id":65535,"name":"qtn_stat_rpc","origin":{"sent to ofi+cxi://0x06f2600c":{"iforward":{"duration":{"num":2,"min":0.000002384,"max":0.000008106,"avg":0.000005245,"var":0.000000000,"sum":0.000010490},"relative_timestamp_from_create":{"num":2,"min":0.000000000,"max":0.000000000,"avg":0.000000000,"var":0.000000000,"sum":0.000000000}},"forward_cb":{"duration":{"num":2,"min":0.000000954,"max":0.000000954,"avg":0.000000954,"var":0.000000000,"sum":0.000001907},"relative_timestamp_from_iforward_start":{"num":2,"min":0.000067949,"max":0.000325441,"avg":0.000196695,"var":0.000000033,"sum":0.000393391}},"iforward_wait":{"duration":{"num":2,"min":0.000068903,"max":0.000321865,"avg":0.000195384,"var":0.000000032,"sum":0.000390768},"relative_timestamp_from_iforward_end":{"num":2,"min":0.000000000,"max":0.000000238,"avg":0.000000119,"var":0.000000000,"sum":0.000000238}},"set_input":{"duration":{"num":0,"min":0.000000000,"max":0.000000000,"avg":0.000000000,"var":0.000000000,"sum":0.000000000},"relative_timestamp_from_iforward_start":{"num":0,"min":0.000000000,"max":0.000000000,"avg":0.000000000,"var":0.000000000,"sum":0.000000000}},"get_output":{"duration":{"num":2,"min":0.000000238,"max":0.000000477,"avg":0.000000358,"var":0.000000000,"sum":0.000000715},"relative_timestamp_from_wait_end":{"num":2,"min":0.000000477,"max":0.000000715,"avg":0.000000596,"var":0.000000000,"sum":0.000001192}}}}},"65535:65535:5386877029230641151:0":{"rpc_id":5386877029230641151,"provider_id":0,"parent_rpc_id":65535,"parent_provider_id":65535,"name":"bedrock_query_config","origin":{"sent to ofi+cxi://0x06f2600c":{"iforward":{"duration":{"num":1,"min":0.000025749,"max":0.000025749,"avg":0.000025749,"var":0.000000000,"sum":0.000025749},"relative_timestamp_from_create":{"num":1,"min":0.000002384,"max":0.000002384,"avg":0.000002384,"var":0.000000000,"sum":0.000002384}},"forward_cb":{"duration":{"num":1,"min":0.000000238,"max":0.000000238,"avg":0.000000238,"var":0.000000000,"sum":0.000000238},"relative_timestamp_from_iforward_start":{"num":1,"min":0.001517057,"max":0.001517057,"avg":0.001517057,"var":0.000000000,"sum":0.001517057}},"iforward_wait":{"duration":{"num":1,"min":0.001492500,"max":0.001492500,"avg":0.001492500,"var":0.000000000,"sum":0.001492500},"relative_timestamp_from_iforward_end":{"num":1,"min":0.000000238,"max":0.000000238,"avg":0.000000238,"var":0.000000000,"sum":0.000000238}},"set_input":{"duration":{"num":1,"min":0.000008345,"max":0.000008345,"avg":0.000008345,"var":0.000000000,"sum":0.000008345},"relative_timestamp_from_iforward_start":{"num":1,"min":0.000010967,"max":0.000010967,"avg":0.000010967,"var":0.000000000,"sum":0.000010967}},"get_output":{"duration":{"num":1,"min":0.000009537,"max":0.000009537,