{"address":"","rpcs":{"qtn_work_rpc:1":{"timestamps":[1753558083.971257925,1753558084.971258163,1753558085.971258640,1753558086.971258879,1753558087.971259356,1753558088.971259594,1753558090.054814816,1753558091.095208168,1753558092.135368109,1753558093.175264359,1753558094.214967489,1753558095.254683495,1753558096.295049429,1753558097.334968567,1753558098.374752283,1753558099.414802790,1753558100.454700947,1753558101.494346857,1753558102.534924984,1753558103.575304985,1753558104.614394665,1753558105.655158043,1753558106.694516420,1753558107.734854460,1753558108.775014400,1753558109.814804316,1753558110.854344845,1753558111.894698858,1753558112.934749842,1753558113.974963903,1753558115.014404774,1753558116.054770947,1753558117.094649315,1753558118.134834290,1753558119.175293207,1753558120.214673281,1753558121.254652500,1753558122.294656515,1753558123.313138723,1753558124.327781439,1753558125.332066298,1753558126.332299232,1753558127.333260775,1753558128.348214149,1753558129.360415220,1753558130.374475956,1753558131.415091276,1753558132.417268753,1753558133.423237324,1753558134.434559822,1753558135.442249775,1753558136.450029612,1753558137.523355007,1753558138.562340736,1753558139.602960587,1753558140.642586231,1753558141.682520390,1753558142.723026276,1753558143.763347864,1753558144.802637577,1753558145.843299627,1753558146.882848263,1753558147.922686338,1753558148.962759495,1753558150.002973795,1753558151.043373108,1753558152.083088875,1753558153.123081684,1753558154.162964582,1753558155.259856939],"count":[751,10451,11686,12670,13373,13511,3213,0,0,0,0,0,0,0,0,0,0,0,0,0,0,0,0,0,0,0,0,0,0,0,0,0,0,0,0,0,0,0,245,201,255,239,261,235,321,243,0,205,196,263,279,257,53,0,0,0,0,0,0,0,0,0,0,0,0,0,0,0,0,0],"bulk_size":[0,0,0,0,0,0,0,0,0,0,0,0,0,0,0,0,0,0,0,0,0,0,0,0,0,0,0,0,0,0,0,0,0,0,0,0,0,0,1027604480,843055104,1069547520,1002438656,1094713344,985661440,1346371584,1019215872,0,859832320,822083584,1103101952,1170210816,1077936128,222298112,0,0,0,0,0,0,0,0,0,0,0,0,0,0,0,0,0]},"__shutdown__:65535":{"timestamps":[1753558155.259856939],"count":[1],"bulk_size":[0]}},"pools":{"__primary__":{"timestamps":[1753558039.293324232,1753558040.335348606,1753558041.375058413,1753558042.414768457,1753558043.455012798,1753558044.494850874,1753558045.535137892,1753558046.574984074,1753558047.614787102,1753558048.654679775,1753558049.694932461,1753558050.735075235,1753558051.774515629,1753558052.814806461,1753558053.855250359,1753558054.895007610,1753558055.934463024,1753558056.974341631,1753558058.014362812,1753558059.054903984,1753558060.095185518,1753558061.130398512,1753558062.170808315,1753558063.210481644,1753558064.251060486,1753558065.290547609,1753558066.330833673,1753558067.370986938,1753558068.410683632,1753558069.450914621,1753558070.491277456,1753558071.531117439,1753558072.570950031,1753558073.610750914,1753558074.650789976,1753558075.690891266,1753558076.730432987,1753558077.770394325,1753558078.810689688,1753558079.851063967,1753558080.890754461,1753558081.930847406,1753558082.971257210,1753558083.971257925,1753558084.971258163,1753558085.971258640,1753558086.971258879,1753558087.971259356,1753558088.971259594,1753558090.054814816,1753558091.095208168,1753558092.135368109,1753558093.175264359,1753558094.214967489,1753558095.254683495,1753558096.295049429,1753558097.334968567,1753558098.374752283,1753558099.414802790,1753558100.454700947,1753558101.494346857,1753558102.534924984,1753558103.575304985,1753558104.614394665,1753558105.655158043,1753558106.694516420,1753558107.734854460,1753558108.775014400,1753558109.814804316,1753558110.854344845,1753558111.894698858,1753558112.934749842,1753558113.974963903,1753558115.014404774,1753558116.054770947,1753558117.094649315,1753558118.134834290,1753558119.175293207,1753558120.214673281,1753558121.254652500,1753558122.294656515,1753558123.313138723,1753558124.327781439,1753558125.332066298,1753558126.332299232,1753558127.333260775,1753558128.348214149,1753558129.360415220,1753558130.374475956,1753558131.415091276,1753558132.417268753,1753558133.423237324,1753558134.434559822,1753558135.442249775,1753558136.450029612,1753558137.523355007,1753558138.562340736,1753558139.602960587,1753558140.642586231,1753558141.682520390,1753558142.723026276,1753558143.763347864,1753558144.802637577,1753558145.843299627,1753558146.882848263,1753558147.922686338,1753558148.962759495,1753558150.002973795,1753558151.043373108,1753558152.083088875,1753558153.123081684,1753558154.162964582,1753558155.259856939],"size":[0,0,0,0,0,0,0,0,0,0,0,0,0,0,0,0,0,0,0,0,0,0,0,0,0,0,0,0,0,0,0,0,0,0,0,0,0,0,0,0,0,0,0,0,0,0,0,0,0,0,0,0,0,0,0,0,0,0,0,0,0,0,0,0,0,0,0,0,0,0,0,0,0,0,0,0,0,0,0,0,0,0,0,0,0,0,0,0,0,0,0,0,0,0,0,0,0,0,0,0,0,0,0,0,0,0,0,0,0,0,0,0,0],"total_size":[1,1,1,1,1,1,1,1,1,1,1,1,1,1,1,1,1,1,1,1,1,1,1,1,1,1,1,1,1,1,1,1,1,1,1,1,1,1,1,1,1,1,1,1,1,1,1,1,1,1,1,1,1,1,1,1,1,1,1,1,1,1,1,1,1,1,1,1,1,1,1,1,1,1,1,1,1,1,1,1,1,2,2,3,2,2,2,3,1,1,2,3,3,3,3,1,1,1,1,1,1,1,1,1,1,1,1,1,1,1,1,1,0]}}}