{"address":"ofi+cxi://0x0262e411","progress_loop":{"progress_with_timeout":{"num":1487,"min":0.000001431,"max":0.102235556,"avg":0.009066373,"var":0.170994455,"sum":13.481697321},"progress_timeout_value_msec":{"num":1487,"min":100.000000000,"max":100.000000000,"avg":100.000000000,"var":0.000000000,"sum":148700.000000000},"progress_without_timeout":{"num":0,"min":0.000000000,"max":0.000000000,"avg":0.000000000,"var":0.000000000,"sum":0.000000000},"trigger":{"num":1480,"min":0.000000238,"max":0.000013113,"avg":0.000000313,"var":0.000000000,"sum":0.000462532}},"rpcs":{"65535:65535:7940397281847607295:2":{"rpc_id":7940397281847607295,"provider_id":2,"parent_rpc_id":65535,"parent_provider_id":65535,"name":"__identity__","origin":{"sent to ofi+cxi://0x0262200d":{"iforward":{"duration":{"num":1,"min":0.000084877,"max":0.000084877,"avg":0.000084877,"var":0.000000000,"sum":0.000084877},"relative_timestamp_from_create":{"num":1,"min":0.000003099,"max":0.000003099,"avg":0.000003099,"var":0.000000000,"sum":0.000003099}},"forward_cb":{"duration":{"num":1,"min":0.000011921,"max":0.000011921,"avg":0.000011921,"var":0.000000000,"sum":0.000011921},"relative_timestamp_from_iforward_start":{"num":1,"min":0.003687620,"max":0.003687620,"avg":0.003687620,"var":0.000000000,"sum":0.003687620}},"iforward_wait":{"duration":{"num":1,"min":0.003621578,"max":0.003621578,"avg":0.003621578,"var":0.000000000,"sum":0.003621578},"relative_timestamp_from_iforward_end":{"num":1,"min":0.000000477,"max":0.000000477,"avg":0.000000477,"var":0.000000000,"sum":0.000000477}},"set_input":{"duration":{"num":0,"min":0.000000000,"max":0.000000000,"avg":0.000000000,"var":0.000000000,"sum":0.000000000},"relative_timestamp_from_iforward_start":{"num":0,"min":0.000000000,"max":0.000000000,"avg":0.000000000,"var":0.000000000,"sum":0.000000000}},"get_output":{"duration":{"num":1,"min":0.000009298,"max":0.000009298,"avg":0.000009298,"var":0.000000000,"sum":0.000009298},"relative_timestamp_from_wait_end":{"num":1,"min":0.000001907,"max":0.000001907,"avg":0.000001907,"var":0.000000000,"sum":0.000001907}}}}},"65535:65535:9722976651498815487:2":{"rpc_id":9722976651498815487,"provider_id":2,"parent_rpc_id":65535,"parent_provider_id":65535,"name":"flock_get_view","origin":{"sent to ofi+cxi://0x0262200d":{"iforward":{"duration":{"num":2,"min":0.000011444,"max":0.000040770,"avg":0.000026107,"var":0.000000000,"sum":0.000052214},"relative_timestamp_from_create":{"num":2,"min":0.000000238,"max":0.000000954,"avg":0.000000596,"var":0.000000000,"sum":0.000001192}},"forward_cb":{"duration":{"num":2,"min":0.000000238,"max":0.000000477,"avg":0.000000358,"var":0.000000000,"sum":0.000000715},"relative_timestamp_from_iforward_start":{"num":2,"min":0.012976885,"max":0.016893625,"avg":0.014935255,"var":0.000007670,"sum":0.029870510}},"iforward_wait":{"duration":{"num":2,"min":0.012936115,"max":0.016882658,"avg":0.014909387,"var":0.000007788,"sum":0.029818773},"relative_timestamp_from_iforward_end":{"num":2,"min":0.000000238,"max":0.000001431,"avg":0.000000834,"var":0.000000000,"sum":0.000001669}},"set_input":{"duration":{"num":2,"min":0.000000000,"max":0.000000238,"avg":0.000000119,"var":0.000000000,"sum":0.000000238},"relative_timestamp_from_iforward_start":{"num":2,"min":0.000001907,"max":0.000011921,"avg":0.000006914,"var":0.000000000,"sum":0.000013828}},"get_output":{"duration":{"num":2,"min":0.000000477,"max":0.000022888,"avg":0.000011683,"var":0.000000000,"sum":0.000023365},"relative_timestamp_from_wait_end":{"num":2,"min":0.000000238,"max":0.000001192,"avg":0.000000715,"var":0.000000000,"sum":0.000001431}}}}},"65535:65535:3669993900245843967:1":{"rpc_id":3669993900245843967,"provider_id":1,"parent_rpc_id":65535,"parent_provider_id":65535,"name":"qtn_work_rpc","origin":{"sent to ofi+cxi://0x0263e017":{"iforward":{"duration":{"num":1476,"min":0.000001431,"max":0.000033617,"avg":0.000001881,"var":0.000000004,"sum":0.002775669},"relative_timestamp_from_create":{"num":1476,"min":0.000002384,"max":0.001872301,"avg":0.000004159,"var":0.000003493,"sum":0.006138802}},"forward_cb":{"duration":{"num":1476,"min":0.000000000,"max":0.000001431,"avg":0.000000139,"var":0.000000000,"sum":0.000205755},"relative_timestamp_from_iforward_start":{"num":1476,"min":0.000250816,"max":0.031412125,"avg":0.009044525,"var":0.161640631,"sum":13.349719286}},"iforward_wait":{"duration":{"num":1476,"min":0.000249863,"max":0.031411171,"avg":0.009043081,"var":0.161638782,"sum":13.347588062},"relative_timestamp_from_iforward_end":{"num":1476,"min":0.000000000,"max":0.000000477,"avg":0.000000180,"var":0.000000000,"sum":0.000265598}},"set_input":{"duration":{"num":1476,"min":0.000000000,"max":0.000004768,"avg":0.000000132,"var":0.000000000,"sum":0.000195265},"relative_timestamp_from_iforward_start":{"num":1476,"min":0.000000477,"max":0.000007391,"avg":0.000000738,"var":0.000000000,"sum":0.001089334}},"get_output":{"duration":{"num":1476,"min":0.000000000,"max":0.000000477,"avg":0.000000088,"var":0.000000000,"sum":0.000129700},"relative_timestamp_from_wait_end":{"num":1476,"min":0.000000000,"max":0.000001431,"avg":0.000000149,"var":0.000000000,"sum":0.000220060}}}}},"65535:65535:65535:65535":{"rpc_id":65535,"provider_id":65535,"parent_rpc_id":65535,"parent_provider_id":65535,"name":"","target":{"received from <unknown>":{"bulk":{"create":{"duration":{"num":1476,"min":0.000002384,"max":0.001867771,"avg":0.000003951,"var":0.000003477,"sum":0.005831242},"size":{"num":1476,"min":4194304.000000000,"max":4194304.000000000,"avg":4194304.000000000,"var":0.000000000,"sum":6190792704.000000000}}}}}}},"hostname":"x4108c1s0b0n0","pid":38612,"cmdline":["/home/carns/working/src/spack/var/spack/environments/quintain-2025-07/.spack-env/view/bin/quintain-benchmark","-g","quintain.flock.json","-j","/home/carns/working/dbg/john-quintain-profile-example-2025-07/quintain-benchmark-bw.json","-o","/flare/radix-io/carns/quintain/6767526.aurora-pbs-0001.hostmgmt.cm.aurora.alcf.anl.gov/bw-sweep-servers408-clis816"]}