{"address":"ofi+cxi://0x0261e410","progress_loop":{"progress_with_timeout":{"num":1765,"min":0.000001431,"max":0.103593588,"avg":0.006551186,"var":0.156742547,"sum":11.562843084},"progress_timeout_value_msec":{"num":1765,"min":100.000000000,"max":100.000000000,"avg":100.000000000,"var":0.000000000,"sum":176500.000000000},"progress_without_timeout":{"num":0,"min":0.000000000,"max":0.000000000,"avg":0.000000000,"var":0.000000000,"sum":0.000000000},"trigger":{"num":1755,"min":0.000000238,"max":0.000011683,"avg":0.000000306,"var":0.000000000,"sum":0.000537634}},"rpcs":{"65535:65535:7940397281847607295:2":{"rpc_id":7940397281847607295,"provider_id":2,"parent_rpc_id":65535,"parent_provider_id":65535,"name":"__identity__","origin":{"sent to ofi+cxi://0x0262200d":{"iforward":{"duration":{"num":1,"min":0.002035856,"max":0.002035856,"avg":0.002035856,"var":0.000000000,"sum":0.002035856},"relative_timestamp_from_create":{"num":1,"min":0.000005245,"max":0.000005245,"avg":0.000005245,"var":0.000000000,"sum":0.000005245}},"forward_cb":{"duration":{"num":1,"min":0.000010014,"max":0.000010014,"avg":0.000010014,"var":0.000000000,"sum":0.000010014},"relative_timestamp_from_iforward_start":{"num":1,"min":0.009654284,"max":0.009654284,"avg":0.009654284,"var":0.000000000,"sum":0.009654284}},"iforward_wait":{"duration":{"num":1,"min":0.007634640,"max":0.007634640,"avg":0.007634640,"var":0.000000000,"sum":0.007634640},"relative_timestamp_from_iforward_end":{"num":1,"min":0.000000238,"max":0.000000238,"avg":0.000000238,"var":0.000000000,"sum":0.000000238}},"set_input":{"duration":{"num":0,"min":0.000000000,"max":0.000000000,"avg":0.000000000,"var":0.000000000,"sum":0.000000000},"relative_timestamp_from_iforward_start":{"num":0,"min":0.000000000,"max":0.000000000,"avg":0.000000000,"var":0.000000000,"sum":0.000000000}},"get_output":{"duration":{"num":1,"min":0.000007868,"max":0.000007868,"avg":0.000007868,"var":0.000000000,"sum":0.000007868},"relative_timestamp_from_wait_end":{"num":1,"min":0.000001669,"max":0.000001669,"avg":0.000001669,"var":0.000000000,"sum":0.000001669}}}}},"65535:65535:9722976651498815487:2":{"rpc_id":9722976651498815487,"provider_id":2,"parent_rpc_id":65535,"parent_provider_id":65535,"name":"flock_get_view","origin":{"sent to ofi+cxi://0x0262200d":{"iforward":{"duration":{"num":2,"min":0.000011206,"max":0.000038147,"avg":0.000024676,"var":0.000000000,"sum":0.000049353},"relative_timestamp_from_create":{"num":2,"min":0.000000477,"max":0.000001192,"avg":0.000000834,"var":0.000000000,"sum":0.000001669}},"forward_cb":{"duration":{"num":2,"min":0.000000238,"max":0.000000477,"avg":0.000000358,"var":0.000000000,"sum":0.000000715},"relative_timestamp_from_iforward_start":{"num":2,"min":0.006855965,"max":0.020237684,"avg":0.013546824,"var":0.000089535,"sum":0.027093649}},"iforward_wait":{"duration":{"num":2,"min":0.006845236,"max":0.020200014,"avg":0.013522625,"var":0.000089175,"sum":0.027045250},"relative_timestamp_from_iforward_end":{"num":2,"min":0.000000238,"max":0.000001192,"avg":0.000000715,"var":0.000000000,"sum":0.000001431}},"set_input":{"duration":{"num":2,"min":0.000000238,"max":0.000000238,"avg":0.000000238,"var":0.000000000,"sum":0.000000477},"relative_timestamp_from_iforward_start":{"num":2,"min":0.000001431,"max":0.000011206,"avg":0.000006318,"var":0.000000000,"sum":0.000012636}},"get_output":{"duration":{"num":2,"min":0.000000238,"max":0.000034571,"avg":0.000017405,"var":0.000000001,"sum":0.000034809},"relative_timestamp_from_wait_end":{"num":2,"min":0.000000238,"max":0.000001431,"avg":0.000000834,"var":0.000000000,"sum":0.000001669}}}}},"65535:65535:3669993900245843967:1":{"rpc_id":3669993900245843967,"provider_id":1,"parent_rpc_id":65535,"parent_provider_id":65535,"name":"qtn_work_rpc","origin":{"sent to ofi+cxi://0x02624212":{"iforward":{"duration":{"num":1751,"min":0.000001431,"max":0.000034571,"avg":0.000001803,"var":0.000000005,"sum":0.003157139},"relative_timestamp_from_create":{"num":1751,"min":0.000002384,"max":0.001465797,"avg":0.000003734,"var":0.000002140,"sum":0.006537914}},"forward_cb":{"duration":{"num":1751,"min":0.000000000,"max":0.000001669,"avg":0.000000126,"var":0.000000000,"sum":0.000220776},"relative_timestamp_from_iforward_start":{"num":1751,"min":0.000234604,"max":0.030410767,"avg":0.006527029,"var":0.146707698,"sum":11.428828001}},"iforward_wait":{"duration":{"num":1751,"min":0.000213623,"max":0.030409336,"avg":0.006525602,"var":0.146708743,"sum":11.426329851},"relative_timestamp_from_iforward_end":{"num":1751,"min":0.000000000,"max":0.000000477,"avg":0.000000197,"var":0.000000000,"sum":0.000344992}},"set_input":{"duration":{"num":1751,"min":0.000000000,"max":0.000004292,"avg":0.000000125,"var":0.000000000,"sum":0.000218391},"relative_timestamp_from_iforward_start":{"num":1751,"min":0.000000477,"max":0.000008583,"avg":0.000000716,"var":0.000000000,"sum":0.001252890}},"get_output":{"duration":{"num":1751,"min":0.000000000,"max":0.000000715,"avg":0.000000083,"var":0.000000000,"sum":0.000144958},"relative_timestamp_from_wait_end":{"num":1751,"min":0.000000000,"max":0.000002861,"avg":0.000000154,"var":0.000000000,"sum":0.000270367}}}}},"65535:65535:65535:65535":{"rpc_id":65535,"provider_id":65535,"parent_rpc_id":65535,"parent_provider_id":65535,"name":"","target":{"received from <unknown>":{"bulk":{"create":{"duration":{"num":1751,"min":0.000002146,"max":0.001461506,"avg":0.000003530,"var":0.000002128,"sum":0.006180763},"size":{"num":1751,"min":4194304.000000000,"max":4194304.000000000,"avg":4194304.000000000,"var":0.000000000,"sum":7344226304.000000000}}}}}}},"hostname":"x4108c0s0b0n0","pid":43007,"cmdline":["/home/carns/working/src/spack/var/spack/environments/quintain-2025-07/.spack-env/view/bin/quintain-benchmark","-g","quintain.flock.json","-j","/home/carns/working/dbg/john-quintain-profile-example-2025-07/quintain-benchmark-bw.json","-o","/flare/radix-io/carns/quintain/6767526.aurora-pbs-0001.hostmgmt.cm.aurora.alcf.anl.gov/bw-sweep-servers408-clis816"]}