{"address":"","rpcs":{},"pools":{"__primary__":{"timestamps":[1753558083.759325743,1753558084.759490490,1753558085.759500742,1753558086.759795904,1753558087.759894371,1753558088.760235310,1753558094.584440708,1753558094.715692759],"size":[0,0,0,0,0,0,0,0],"total_size":[1,1,1,1,1,1,1,0]}}}