{"address":"ofi+cxi://0x02606613","progress_loop":{"progress_with_timeout":{"num":23276,"min":0.000001192,"max":0.104473591,"avg":0.000226412,"var":0.013001205,"sum":5.269974470},"progress_timeout_value_msec":{"num":23276,"min":100.000000000,"max":100.000000000,"avg":100.000000000,"var":0.000000000,"sum":2327600.000000000},"progress_without_timeout":{"num":0,"min":0.000000000,"max":0.000000000,"avg":0.000000000,"var":0.000000000,"sum":0.000000000},"trigger":{"num":23227,"min":0.000000238,"max":0.000006676,"avg":0.000000271,"var":0.000000000,"sum":0.006303310}},"rpcs":{"65535:65535:7940397281847607295:2":{"rpc_id":7940397281847607295,"provider_id":2,"parent_rpc_id":65535,"parent_provider_id":65535,"name":"__identity__","origin":{"sent to ofi+cxi://0x0262200d":{"iforward":{"duration":{"num":1,"min":0.000194073,"max":0.000194073,"avg":0.000194073,"var":0.000000000,"sum":0.000194073},"relative_timestamp_from_create":{"num":1,"min":0.000003815,"max":0.000003815,"avg":0.000003815,"var":0.000000000,"sum":0.000003815}},"forward_cb":{"duration":{"num":1,"min":0.000003338,"max":0.000003338,"avg":0.000003338,"var":0.000000000,"sum":0.000003338},"relative_timestamp_from_iforward_start":{"num":1,"min":0.017869711,"max":0.017869711,"avg":0.017869711,"var":0.000000000,"sum":0.017869711}},"iforward_wait":{"duration":{"num":1,"min":0.017682791,"max":0.017682791,"avg":0.017682791,"var":0.000000000,"sum":0.017682791},"relative_timestamp_from_iforward_end":{"num":1,"min":0.000000238,"max":0.000000238,"avg":0.000000238,"var":0.000000000,"sum":0.000000238}},"set_input":{"duration":{"num":0,"min":0.000000000,"max":0.000000000,"avg":0.000000000,"var":0.000000000,"sum":0.000000000},"relative_timestamp_from_iforward_start":{"num":0,"min":0.000000000,"max":0.000000000,"avg":0.000000000,"var":0.000000000,"sum":0.000000000}},"get_output":{"duration":{"num":1,"min":0.000005960,"max":0.000005960,"avg":0.000005960,"var":0.000000000,"sum":0.000005960},"relative_timestamp_from_wait_end":{"num":1,"min":0.000000954,"max":0.000000954,"avg":0.000000954,"var":0.000000000,"sum":0.000000954}}}}},"65535:65535:9722976651498815487:2":{"rpc_id":9722976651498815487,"provider_id":2,"parent_rpc_id":65535,"parent_provider_id":65535,"name":"flock_get_view","origin":{"sent to ofi+cxi://0x0262200d":{"iforward":{"duration":{"num":2,"min":0.000011206,"max":0.000016451,"avg":0.000013828,"var":0.000000000,"sum":0.000027657},"relative_timestamp_from_create":{"num":2,"min":0.000000238,"max":0.000001192,"avg":0.000000715,"var":0.000000000,"sum":0.000001431}},"forward_cb":{"duration":{"num":2,"min":0.000000238,"max":0.000000238,"avg":0.000000238,"var":0.000000000,"sum":0.000000477},"relative_timestamp_from_iforward_start":{"num":2,"min":0.007455111,"max":0.033447027,"avg":0.020451069,"var":0.000337790,"sum":0.040902138}},"iforward_wait":{"duration":{"num":2,"min":0.007444620,"max":0.033430338,"avg":0.020437479,"var":0.000337629,"sum":0.040874958},"relative_timestamp_from_iforward_end":{"num":2,"min":0.000000000,"max":0.000001192,"avg":0.000000596,"var":0.000000000,"sum":0.000001192}},"set_input":{"duration":{"num":2,"min":0.000000238,"max":0.000000238,"avg":0.000000238,"var":0.000000000,"sum":0.000000477},"relative_timestamp_from_iforward_start":{"num":2,"min":0.000000954,"max":0.000004530,"avg":0.000002742,"var":0.000000000,"sum":0.000005484}},"get_output":{"duration":{"num":2,"min":0.000000477,"max":0.000032902,"avg":0.000016689,"var":0.000000001,"sum":0.000033379},"relative_timestamp_from_wait_end":{"num":2,"min":0.000000238,"max":0.000001192,"avg":0.000000715,"var":0.000000000,"sum":0.000001431}}}}},"65535:65535:3669993900245843967:1":{"rpc_id":3669993900245843967,"provider_id":1,"parent_rpc_id":65535,"parent_provider_id":65535,"name":"qtn_work_rpc","origin":{"sent to ofi+cxi://0x02626216":{"iforward":{"duration":{"num":23223,"min":0.000001431,"max":0.000037432,"avg":0.000001621,"var":0.000000006,"sum":0.037647009},"relative_timestamp_from_create":{"num":23223,"min":0.000000000,"max":0.000001907,"avg":0.000000072,"var":0.000000000,"sum":0.001667023}},"forward_cb":{"duration":{"num":23223,"min":0.000000000,"max":0.000001669,"avg":0.000000123,"var":0.000000000,"sum":0.002858400},"relative_timestamp_from_iforward_start":{"num":23223,"min":0.000008583,"max":0.000850201,"avg":0.000222080,"var":0.000674520,"sum":5.157362700}},"iforward_wait":{"duration":{"num":23223,"min":0.000006437,"max":0.000848770,"avg":0.000220829,"var":0.000674458,"sum":5.128316879},"relative_timestamp_from_iforward_end":{"num":23223,"min":0.000000000,"max":0.000002861,"avg":0.000000179,"var":0.000000000,"sum":0.004160643}},"set_input":{"duration":{"num":23223,"min":0.000000000,"max":0.000001669,"avg":0.000000072,"var":0.000000000,"sum":0.001663923},"relative_timestamp_from_iforward_start":{"num":23223,"min":0.000000477,"max":0.000009060,"avg":0.000000719,"var":0.000000000,"sum":0.016705275}},"get_output":{"duration":{"num":23223,"min":0.000000000,"max":0.000003099,"avg":0.000000089,"var":0.000000000,"sum":0.002064466},"relative_timestamp_from_wait_end":{"num":23223,"min":0.000000000,"max":0.000003338,"avg":0.000000150,"var":0.000000000,"sum":0.003484726}}}}}},"hostname":"x4108c0s0b0n0","pid":40877,"cmdline":["/home/carns/working/src/spack/var/spack/environments/quintain-2025-07/.spack-env/view/bin/quintain-benchmark","-g","quintain.flock.json","-j","/home/carns/working/dbg/john-quintain-profile-example-2025-07/quintain-benchmark-rpc.json","-o","/flare/radix-io/carns/quintain/6767526.aurora-pbs-0001.hostmgmt.cm.aurora.alcf.anl.gov/rpc-sweep-servers408-clis816"]}