{"address":"","progress_loop":{"progress_with_timeout":{"num":1574,"min":0.000002146,"max":0.104171515,"avg":0.007652460,"var":0.167008878,"sum":12.044972420},"progress_timeout_value_msec":{"num":1574,"min":100.000000000,"max":100.000000000,"avg":100.000000000,"var":0.000000000,"sum":157400.000000000},"progress_without_timeout":{"num":0,"min":0.000000000,"max":0.000000000,"avg":0.000000000,"var":0.000000000,"sum":0.000000000},"trigger":{"num":1570,"min":0.000000238,"max":0.000008821,"avg":0.000000307,"var":0.000000000,"sum":0.000481367}},"rpcs":{"65535:65535:7940397281847607295:2":{"rpc_id":7940397281847607295,"provider_id":2,"parent_rpc_id":65535,"parent_provider_id":65535,"name":"__identity__","origin":{"sent to ofi+cxi://0x06f2600c":{"iforward":{"duration":{"num":1,"min":0.001730442,"max":0.001730442,"avg":0.001730442,"var":0.000000000,"sum":0.001730442},"relative_timestamp_from_create":{"num":1,"min":0.000013828,"max":0.000013828,"avg":0.000013828,"var":0.000000000,"sum":0.000013828}},"forward_cb":{"duration":{"num":1,"min":0.000004530,"max":0.000004530,"avg":0.000004530,"var":0.000000000,"sum":0.000004530},"relative_timestamp_from_iforward_start":{"num":1,"min":0.005455732,"max":0.005455732,"avg":0.005455732,"var":0.000000000,"sum":0.005455732}},"iforward_wait":{"duration":{"num":1,"min":0.003732443,"max":0.003732443,"avg":0.003732443,"var":0.000000000,"sum":0.003732443},"relative_timestamp_from_iforward_end":{"num":1,"min":0.000000477,"max":0.000000477,"avg":0.000000477,"var":0.000000000,"sum":0.000000477}},"set_input":{"duration":{"num":0,"min":0.000000000,"max":0.000000000,"avg":0.000000000,"var":0.000000000,"sum":0.000000000},"relative_timestamp_from_iforward_start":{"num":0,"min":0.000000000,"max":0.000000000,"avg":0.000000000,"var":0.000000000,"sum":0.000000000}},"get_output":{"duration":{"num":1,"min":0.000005007,"max":0.000005007,"avg":0.000005007,"var":0.000000000,"sum":0.000005007},"relative_timestamp_from_wait_end":{"num":1,"min":0.000000954,"max":0.000000954,"avg":0.000000954,"var":0.000000000,"sum":0.000000954}}}}},"65535:65535:9722976651498815487:2":{"rpc_id":9722976651498815487,"provider_id":2,"parent_rpc_id":65535,"parent_provider_id":65535,"name":"flock_get_view","origin":{"sent to ofi+cxi://0x06f2600c":{"iforward":{"duration":{"num":2,"min":0.000015020,"max":0.000017643,"avg":0.000016332,"var":0.000000000,"sum":0.000032663},"relative_timestamp_from_create":{"num":2,"min":0.000000477,"max":0.000001192,"avg":0.000000834,"var":0.000000000,"sum":0.000001669}},"forward_cb":{"duration":{"num":2,"min":0.000000238,"max":0.000001192,"avg":0.000000715,"var":0.000000000,"sum":0.000001431},"relative_timestamp_from_iforward_start":{"num":2,"min":0.012305021,"max":0.015418530,"avg":0.013861775,"var":0.000004847,"sum":0.027723551}},"iforward_wait":{"duration":{"num":2,"min":0.012287855,"max":0.015406132,"avg":0.013846993,"var":0.000004862,"sum":0.027693987},"relative_timestamp_from_iforward_end":{"num":2,"min":0.000000238,"max":0.000000954,"avg":0.000000596,"var":0.000000000,"sum":0.000001192}},"set_input":{"duration":{"num":2,"min":0.000000238,"max":0.000000238,"avg":0.000000238,"var":0.000000000,"sum":0.000000477},"relative_timestamp_from_iforward_start":{"num":2,"min":0.000004053,"max":0.000005960,"avg":0.000005007,"var":0.000000000,"sum":0.000010014}},"get_output":{"duration":{"num":2,"min":0.000000954,"max":0.000033140,"avg":0.000017047,"var":0.000000001,"sum":0.000034094},"relative_timestamp_from_wait_end":{"num":2,"min":0.000000238,"max":0.000001907,"avg":0.000001073,"var":0.000000000,"sum":0.000002146}}}}},"65535:65535:3669993900245843967:1":{"rpc_id":3669993900245843967,"provider_id":1,"parent_rpc_id":65535,"parent_provider_id":65535,"name":"qtn_work_rpc","origin":{"sent to ofi+cxi://0x06f4e416":{"iforward":{"duration":{"num":1566,"min":0.000001431,"max":0.000032187,"avg":0.000001863,"var":0.000000005,"sum":0.002917528},"relative_timestamp_from_create":{"num":1566,"min":0.000002384,"max":0.001512051,"avg":0.000003837,"var":0.000002276,"sum":0.006008387}},"forward_cb":{"duration":{"num":1566,"min":0.000000000,"max":0.000001431,"avg":0.000000127,"var":0.000000000,"sum":0.000199080},"relative_timestamp_from_iforward_start":{"num":1566,"min":0.000223160,"max":0.042837858,"avg":0.007607455,"var":0.157360646,"sum":11.913274765}},"iforward_wait":{"duration":{"num":1566,"min":0.000221968,"max":0.042836189,"avg":0.007605977,"var":0.157359649,"sum":11.910960197},"relative_timestamp_from_iforward_end":{"num":1566,"min":0.000000000,"max":0.000000715,"avg":0.000000205,"var":0.000000000,"sum":0.000320911}},"set_input":{"duration":{"num":1566,"min":0.000000000,"max":0.000004292,"avg":0.000000133,"var":0.000000000,"sum":0.000207663},"relative_timestamp_from_iforward_start":{"num":1566,"min":0.000000477,"max":0.000006199,"avg":0.000000731,"var":0.000000000,"sum":0.001145124}},"get_output":{"duration":{"num":1566,"min":0.000000000,"max":0.000000477,"avg":0.000000083,"var":0.000000000,"sum":0.000129938},"relative_timestamp_from_wait_end":{"num":1566,"min":0.000000000,"max":0.000002861,"avg":0.000000163,"var":0.000000000,"sum":0.000255346}}}}},"65535:65535:65535:65535":{"rpc_id":65535,"provider_id":65535,"parent_rpc_id":65535,"parent_provider_id":65535,"name":"","target":{"received from <unknown>":{"bulk":{"create":{"duration":{"num":1566,"min":0.000002384,"max":0.001507998,"avg":0.000003636,"var":0.000002265,"sum":0.005693913},"size":{"num":1566,"min":4194304.000000000,"max":4194304.000000000,"avg":4194304.000000000,"var":0.000000000,"sum":6568280064.000000000}}}}}}},"hostname":"x4418c0s6b0n0","pid":3131,"cmdline":["/home/carns/working/src/spack/var/spack/environments/quintain-2025-07/.spack-env/view/bin/quintain-benchmark","-g","quintain.flock.json","-j","/home/carns/working/dbg/john-quintain-profile-example-2025-07/quintain-benchmark-bw.json","-o","/flare/radix-io/carns/quintain/6710290.aurora-pbs-0001.hostmgmt.cm.aurora.alcf.anl.gov/bw-sweep-servers408-clis816"]}