{"address":"ofi+cxi://0x02624216","progress_loop":{"progress_with_timeout":{"num":1427,"min":0.000001669,"max":0.108348846,"avg":0.069094758,"var":3.420680988,"sum":98.598220110},"progress_timeout_value_msec":{"num":1427,"min":100.000000000,"max":100.000000000,"avg":100.000000000,"var":0.000000000,"sum":142700.000000000},"progress_without_timeout":{"num":14923836,"min":0.000000000,"max":0.000506163,"avg":0.000000156,"var":0.000000940,"sum":2.323499441},"trigger":{"num":141346,"min":0.000000000,"max":0.000041485,"avg":0.000000579,"var":0.000000067,"sum":0.081839561}},"rpcs":{"65535:65535:3669993900245843967:1":{"rpc_id":3669993900245843967,"provider_id":1,"parent_rpc_id":65535,"parent_provider_id":65535,"name":"qtn_work_rpc","target":{"received from ofi+cxi://0x02616416":{"handler":{"duration":{"num":31055,"min":0.000000477,"max":0.000029325,"avg":0.000000552,"var":0.000000009,"sum":0.017135620}},"ult":{"duration":{"num":31055,"min":0.000004530,"max":0.000497341,"avg":0.000004974,"var":0.000000276,"sum":0.154457808},"relative_timestamp_from_handler_start":{"num":31055,"min":0.000000715,"max":0.000030994,"avg":0.000000921,"var":0.000000024,"sum":0.028614759}},"irespond":{"duration":{"num":31055,"min":0.000000238,"max":0.000013828,"avg":0.000000477,"var":0.000000002,"sum":0.014820576},"relative_timestamp_from_ult_start":{"num":31055,"min":0.000000238,"max":0.000034332,"avg":0.000000303,"var":0.000000003,"sum":0.009420395}},"respond_cb":{"duration":{"num":31055,"min":0.000000000,"max":0.000020504,"avg":0.000000107,"var":0.000000001,"sum":0.003315449},"relative_timestamp_from_irespond_start":{"num":31055,"min":0.000003576,"max":0.000495672,"avg":0.000004051,"var":0.000000265,"sum":0.125818729}},"irespond_wait":{"duration":{"num":31055,"min":0.000000954,"max":0.000495911,"avg":0.000003788,"var":0.000000264,"sum":0.117641687},"relative_timestamp_from_irespond_end":{"num":31055,"min":0.000000000,"max":0.000004768,"avg":0.000000194,"var":0.000000000,"sum":0.006014585}},"set_output":{"duration":{"num":31055,"min":0.000000000,"max":0.000000477,"avg":0.000000060,"var":0.000000000,"sum":0.001877785},"relative_timestamp_from_irespond_start":{"num":31055,"min":0.000000000,"max":0.000001669,"avg":0.000000080,"var":0.000000000,"sum":0.002470016}},"get_input":{"duration":{"num":31055,"min":0.000000000,"max":0.000034332,"avg":0.000000110,"var":0.000000003,"sum":0.003421783},"relative_timestamp_from_ult_start":{"num":31055,"min":0.000000000,"max":0.000025988,"avg":0.000000123,"var":0.000000001,"sum":0.003835201}}},"received from ofi+cxi://0x02612215":{"handler":{"duration":{"num":34547,"min":0.000000238,"max":0.000041246,"avg":0.000000547,"var":0.000000010,"sum":0.018909931}},"ult":{"duration":{"num":34547,"min":0.000004053,"max":0.000058651,"avg":0.000004958,"var":0.000000037,"sum":0.171284676},"relative_timestamp_from_handler_start":{"num":34547,"min":0.000000477,"max":0.000044346,"avg":0.000000913,"var":0.000000026,"sum":0.031536341}},"irespond":{"duration":{"num":34547,"min":0.000000238,"max":0.000004768,"avg":0.000000476,"var":0.000000002,"sum":0.016449690},"relative_timestamp_from_ult_start":{"num":34547,"min":0.000000000,"max":0.000016928,"avg":0.000000301,"var":0.000000001,"sum":0.010389090}},"respond_cb":{"duration":{"num":34547,"min":0.000000000,"max":0.000029087,"avg":0.000000113,"var":0.000000002,"sum":0.003919601},"relative_timestamp_from_irespond_start":{"num":34547,"min":0.000003338,"max":0.000052452,"avg":0.000004033,"var":0.000000029,"sum":0.139337778}},"irespond_wait":{"duration":{"num":34547,"min":0.000000954,"max":0.000057459,"avg":0.000003776,"var":0.000000030,"sum":0.130436182},"relative_timestamp_from_irespond_end":{"num":34547,"min":0.000000000,"max":0.000026464,"avg":0.000000196,"var":0.000000001,"sum":0.006761551}},"set_output":{"duration":{"num":34547,"min":0.000000000,"max":0.000000477,"avg":0.000000062,"var":0.000000000,"sum":0.002131939},"relative_timestamp_from_irespond_start":{"num":34547,"min":0.000000000,"max":0.000003099,"avg":0.000000080,"var":0.000000000,"sum":0.002747774}},"get_input":{"duration":{"num":34547,"min":0.000000000,"max":0.000016928,"avg":0.000000109,"var":0.000000001,"sum":0.003776073},"relative_timestamp_from_ult_start":{"num":34547,"min":0.000000000,"max":0.000000715,"avg":0.000000123,"var":0.000000001,"sum":0.004237652}}},"received from ofi+cxi://0x0261e615":{"handler":{"duration":{"num":1671,"min":0.000000477,"max":0.000013590,"avg":0.000000929,"var":0.000000001,"sum":0.001552820}},"ult":{"duration":{"num":1671,"min":0.000205278,"max":0.024043560,"avg":0.004165753,"var":0.083521167,"sum":6.960973978},"relative_timestamp_from_handler_start":{"num":1671,"min":0.000000715,"max":0.031458616,"avg":0.001586988,"var":0.049134451,"sum":2.651857615}},"irespond":{"duration":{"num":1671,"min":0.000000238,"max":0.000015020,"avg":0.000000907,"var":0.000000002,"sum":0.001516342},"relative_timestamp_from_ult_start":{"num":1671,"min":0.000193596,"max":0.023785591,"avg":0.004055431,"var":0.083274611,"sum":6.776624680}},"respond_cb":{"duration":{"num":1671,"min":0.000000000,"max":0.000004530,"avg":0.000000169,"var":0.000000000,"sum":0.000282526},"relative_timestamp_from_irespond_start":{"num":1671,"min":0.000003815,"max":0.002620935,"avg":0.000087089,"var":0.000123686,"sum":0.145526409}},"irespond_wait":{"duration":{"num":1671,"min":0.000003576,"max":0.002621651,"avg":0.000088644,"var":0.000130475,"sum":0.148123741},"relative_timestamp_from_irespond_end":{"num":1671,"min":0.000000000,"max":0.000004530,"avg":0.000000321,"var":0.000000000,"sum":0.000536442}},"set_output":{"duration":{"num":1671,"min":0.000000000,"max":0.000004768,"avg":0.000000128,"var":0.000000000,"sum":0.000214577},"relative_timestamp_from_irespond_start":{"num":1671,"min":0.000000000,"max":0.000007629,"avg":0.000000204,"var":0.000000000,"sum":0.000341177}},"get_input":{"duration":{"num":1671,"min":0.000000000,"max":0.000021935,"avg":0.000000522,"var":0.000000001,"sum":0.000873089},"relative_timestamp_from_ult_start":{"num":1671,"min":0.000000000,"max":0.000017405,"avg":0.000000218,"var":0.000000001,"sum":0.000364542}},"bulk":{"create":{"duration":{"num":1671,"min":0.000002384,"max":0.021617889,"avg":0.002921408,"var":0.069738683,"sum":4.881672621},"size":{"num":1671,"min":4194304.000000000,"max":4194304.000000000,"avg":4194304.000000000,"var":0.000000000,"sum":7008681984.000000000}},"pull from ofi+cxi://0x0261e615":{"itransfer":{"duration":{"num":1671,"min":0.000000715,"max":0.000020266,"avg":0.000002032,"var":0.000000007,"sum":0.003395557},"size":{"num":1671,"min":4194304.000000000,"max":4194304.000000000,"avg":4194304.000000000,"var":0.000000000,"sum":7008681984.000000000}},"transfer_cb":{"duration":{"num":1671,"min":0.000000000,"max":0.000005960,"avg":0.000000185,"var":0.000000000,"sum":0.000308514},"relative_timestamp_from_itransfer_start":{"num":1671,"min":0.000188589,"max":0.022192001,"avg":0.001044067,"var":0.003916092,"sum":1.744635582}},"itransfer_wait":{"duration":{"num":1671,"min":0.000185490,"max":0.022191286,"avg":0.001126854,"var":0.006582359,"sum":1.882972717},"relative_timestamp_from_itransfer_end":{"num":1671,"min":0.000000000,"max":0.000008106,"avg":0.000000353,"var":0.000000000,"sum":0.000589132}}}}},"received from ofi+cxi://0x0261a210":{"handler":{"duration":{"num":1709,"min":0.000000477,"max":0.000012398,"avg":0.000000997,"var":0.000000001,"sum":0.001703739}},"ult":{"duration":{"num":1709,"min":0.000195980,"max":0.033607244,"avg":0.004647679,"var":0.101533422,"sum":7.942883492},"relative_timestamp_from_handler_start":{"num":1709,"min":0.000000715,"max":0.021629810,"avg":0.001428115,"var":0.043860247,"sum":2.440649271}},"irespond":{"duration":{"num":1709,"min":0.000000238,"max":0.000009060,"avg":0.000000850,"var":0.000000001,"sum":0.001453161},"relative_timestamp_from_ult_start":{"num":1709,"min":0.000186205,"max":0.033591747,"avg":0.004489016,"var":0.100868767,"sum":7.671728611}},"respond_cb":{"duration":{"num":1709,"min":0.000000000,