{"address":"","rpcs":{},"pools":{"__primary__":{"timestamps":[1753558083.758715630,1753558084.759030342,1753558085.759130955,1753558086.759315491,1753558087.759374142,1753558088.759927511,1753558094.582510471,1753558094.704638720],"size":[0,0,0,0,0,0,0,0],"total_size":[1,1,1,1,1,1,1,0]}}}