{"address":"","rpcs":{"qtn_work_rpc:1":{"timestamps":[1753558083.970883846,1753558084.970884085,1753558085.970884323,1753558086.970884562,1753558087.970884800,1753558088.970885038,1753558090.047590017,1753558091.087145805,1753558092.127792597,1753558093.167618275,1753558094.207530737,1753558095.246874332,1753558096.287256479,1753558097.327700853,1753558098.367422104,1753558099.407016754,1753558100.447784662,1753558101.487777948,1753558102.527513981,1753558103.567157269,1753558104.607790470,1753558105.647617340,1753558106.687281609,1753558107.726769686,1753558108.767697811,1753558109.807219267,1753558110.847028017,1753558111.887760639,1753558112.927312374,1753558113.967273235,1753558115.006865501,1753558116.047546864,1753558117.087102175,1753558118.127640247,1753558119.167113781,1753558120.207082033,1753558121.247396946,1753558122.286990643,1753558123.302640438,1753558124.303261995,1753558125.319687128,1753558126.319687366,1753558127.320047855,1753558128.325799704,1753558129.334222555,1753558130.339100122,1753558131.379075050,1753558132.395004511,1753558133.403584242,1753558134.404808521,1753558135.405860186,1753558136.418539047,1753558137.431664228,1753558138.471235991,1753558139.510820866,1753558140.551317930,1753558141.591011763,1753558142.631727457,1753558143.670932293,1753558144.711604357,1753558145.751066208,1753558146.791801214,1753558147.831259489,1753558148.871750116,1753558149.911158800,1753558150.951721191,1753558151.991230249,1753558153.031055212,1753558154.071039677,1753558155.101638079,1753558155.289361238],"count":[850,11053,13376,13503,13531,13466,3278,0,0,0,0,0,0,0,0,0,0,0,0,0,0,0,0,0,0,0,0,0,0,0,0,0,0,0,0,0,0,0,273,268,276,244,221,298,384,36,0,170,287,281,232,265,76,0,0,0,0,0,0,0,0,0,0,0,0,0,0,0,0,0,0],"bulk_size":[0,0,0,0,0,0,0,0,0,0,0,0,0,0,0,0,0,0,0,0,0,0,0,0,0,0,0,0,0,0,0,0,0,0,0,0,0,0,1145044992,1124073472,1157627904,1023410176,926941184,1249902592,1610612736,150994944,0,713031680,1203765248,1178599424,973078528,1111490560,318767104,0,0,0,0,0,0,0,0,0,0,0,0,0,0,0,0,0,0]},"__shutdown__:65535":{"timestamps":[1753558155.289361238],"count":[1],"bulk_size":[0]}},"pools":{"__primary__":{"timestamps":[1753558039.291254997,1753558040.331119299,1753558041.371711731,1753558042.411038876,1753558043.451120615,1753558044.491109371,1753558045.530956507,1753558046.571641207,1753558047.611239672,1753558048.651652575,1753558049.690843821,1753558050.731078386,1753558051.771068573,1753558052.811122656,1753558053.851220846,1753558054.891508818,1753558055.930816174,1753558056.970887184,1753558058.011782169,1753558059.051702738,1753558060.091665983,1753558061.131681919,1753558062.170908689,1753558063.211186409,1753558064.251378298,1753558065.291591883,1753558066.330881119,1753558067.371009111,1753558068.411161900,1753558069.451390505,1753558070.488034487,1753558071.530762911,1753558072.567740440,1753558073.611206055,1753558074.651062012,1753558075.691728830,1753558076.731056452,1753558077.771034479,1753558078.811638117,1753558079.851083994,1753558080.890771627,1753558081.931634665,1753558082.970881939,1753558083.970883846,1753558084.970884085,1753558085.970884323,1753558086.970884562,1753558087.970884800,1753558088.970885038,1753558090.047590017,1753558091.087145805,1753558092.127792597,1753558093.167618275,1753558094.207530737,1753558095.246874332,1753558096.287256479,1753558097.327700853,1753558098.367422104,1753558099.407016754,1753558100.447784662,1753558101.487777948,1753558102.527513981,1753558103.567157269,1753558104.607790470,1753558105.647617340,1753558106.687281609,1753558107.726769686,1753558108.767697811,1753558109.807219267,1753558110.847028017,1753558111.887760639,1753558112.927312374,1753558113.967273235,1753558115.006865501,1753558116.047546864,1753558117.087102175,1753558118.127640247,1753558119.167113781,1753558120.207082033,1753558121.247396946,1753558122.286990643,1753558123.302640438,1753558124.303261995,1753558125.319687128,1753558126.319687366,1753558127.320047855,1753558128.325799704,1753558129.334222555,1753558130.339100122,1753558131.379075050,1753558132.395004511,1753558133.403584242,1753558134.404808521,1753558135.405860186,1753558136.418539047,1753558137.431664228,1753558138.471235991,1753558139.510820866,1753558140.551317930,1753558141.591011763,1753558142.631727457,1753558143.670932293,1753558144.711604357,1753558145.751066208,1753558146.791801214,1753558147.831259489,1753558148.871750116,1753558149.911158800,1753558150.951721191,1753558151.991230249,1753558153.031055212,1753558154.071039677,1753558155.101638079,1753558155.289361238],"size":[0,0,0,0,0,0,0,0,0,0,0,0,0,0,0,0,0,0,0,0,0,0,0,0,0,0,0,0,0,0,0,0,0,0,0,0,0,0,0,0,0,0,0,0,0,0,0,0,0,0,0,0,0,0,0,0,0,0,0,0,0,0,0,0,0,0,0,0,0,0,0,0,0,0,0,0,0,0,0,0,0,0,0,0,0,0,0,0,0,0,0,0,0,0,0,0,0,0,0,0,0,0,0,0,0,0,0,0,0,0,0,0,0,0],"total_size":[1,1,1,1,1,1,1,1,1,1,1,1,1,1,1,1,1,1,1,1,1,1,1,1,1,1,1,1,1,1,1,1,1,1,1,1,1,1,1,1,1,1,1,2,1,1,1,1,1,1,1,1,1,1,1,1,1,1,1,1,1,1,1,1,1,1,1,1,1,1,1,1,1,1,1,1,1,1,1,1,1,2,3,2,3,3,2,3,1,1,2,3,4,4,3,1,1,1,1,1,1,1,1,1,1,1,1,1,1,1,1,1,1,0]}}}