{"address":"","progress_loop":{"progress_with_timeout":{"num":2299,"min":0.000002146,"max":0.108413219,"avg":0.082963670,"var":3.994111126,"sum":190.733477354},"progress_timeout_value_msec":{"num":2299,"min":100.000000000,"max":100.000000000,"avg":100.000000000,"var":0.000000000,"sum":229900.000000000},"progress_without_timeout":{"num":15867228,"min":0.000000000,"max":0.000524282,"avg":0.000000155,"var":0.000000954,"sum":2.464848280},"trigger":{"num":144074,"min":0.000000238,"max":0.000041008,"avg":0.000000574,"var":0.000000056,"sum":0.082680702}},"rpcs":{"65535:65535:3669993900245843967:1":{"rpc_id":3669993900245843967,"provider_id":1,"parent_rpc_id":65535,"parent_provider_id":65535,"name":"qtn_work_rpc","target":{"received from ofi+cxi://0x06f1c40d":{"handler":{"duration":{"num":32645,"min":0.000000477,"max":0.000040770,"avg":0.000000540,"var":0.000000008,"sum":0.017641783}},"ult":{"duration":{"num":32645,"min":0.000004530,"max":0.000049353,"avg":0.000004878,"var":0.000000026,"sum":0.159247875},"relative_timestamp_from_handler_start":{"num":32645,"min":0.000000715,"max":0.000041008,"avg":0.000000906,"var":0.000000022,"sum":0.029592276}},"irespond":{"duration":{"num":32645,"min":0.000000238,"max":0.000030994,"avg":0.000000470,"var":0.000000002,"sum":0.015341520},"relative_timestamp_from_ult_start":{"num":32645,"min":0.000000238,"max":0.000008345,"avg":0.000000298,"var":0.000000001,"sum":0.009735584}},"respond_cb":{"duration":{"num":32645,"min":0.000000000,"max":0.000000954,"avg":0.000000108,"var":0.000000000,"sum":0.003540516},"relative_timestamp_from_irespond_start":{"num":32645,"min":0.000003576,"max":0.000048399,"avg":0.000003965,"var":0.000000021,"sum":0.129428864}},"irespond_wait":{"duration":{"num":32645,"min":0.000003338,"max":0.000048161,"avg":0.000003715,"var":0.000000018,"sum":0.121268511},"relative_timestamp_from_irespond_end":{"num":32645,"min":0.000000000,"max":0.000020742,"avg":0.000000189,"var":0.000000001,"sum":0.006161928}},"set_output":{"duration":{"num":32645,"min":0.000000000,"max":0.000030518,"avg":0.000000063,"var":0.000000001,"sum":0.002058744},"relative_timestamp_from_irespond_start":{"num":32645,"min":0.000000000,"max":0.000003338,"avg":0.000000078,"var":0.000000000,"sum":0.002550602}},"get_input":{"duration":{"num":32645,"min":0.000000000,"max":0.000003338,"avg":0.000000108,"var":0.000000000,"sum":0.003514767},"relative_timestamp_from_ult_start":{"num":32645,"min":0.000000000,"max":0.000008106,"avg":0.000000124,"var":0.000000001,"sum":0.004048824}}},"received from ofi+cxi://0x06f1820c":{"handler":{"duration":{"num":33892,"min":0.000000238,"max":0.000019789,"avg":0.000000543,"var":0.000000006,"sum":0.018413544}},"ult":{"duration":{"num":33892,"min":0.000004292,"max":0.000529528,"avg":0.000004902,"var":0.000000528,"sum":0.166129589},"relative_timestamp_from_handler_start":{"num":33892,"min":0.000000715,"max":0.000025988,"avg":0.000000899,"var":0.000000017,"sum":0.030463219}},"irespond":{"duration":{"num":33892,"min":0.000000238,"max":0.000039101,"avg":0.000000476,"var":0.000000003,"sum":0.016130924},"relative_timestamp_from_ult_start":{"num":33892,"min":0.000000238,"max":0.000010729,"avg":0.000000296,"var":0.000000001,"sum":0.010048389}},"respond_cb":{"duration":{"num":33892,"min":0.000000000,"max":0.000025272,"avg":0.000000111,"var":0.000000001,"sum":0.003748655},"relative_timestamp_from_irespond_start":{"num":33892,"min":0.000003576,"max":0.000527620,"avg":0.000003989,"var":0.000000520,"sum":0.135193348}},"irespond_wait":{"duration":{"num":33892,"min":0.000000954,"max":0.000528097,"avg":0.000003734,"var":0.000000520,"sum":0.126561880},"relative_timestamp_from_irespond_end":{"num":33892,"min":0.000000000,"max":0.000010490,"avg":0.000000190,"var":0.000000001,"sum":0.006451845}},"set_output":{"duration":{"num":33892,"min":0.000000000,"max":0.000000477,"avg":0.000000068,"var":0.000000000,"sum":0.002311945},"relative_timestamp_from_irespond_start":{"num":33892,"min":0.000000000,"max":0.000000477,"avg":0.000000077,"var":0.000000000,"sum":0.002623558}},"get_input":{"duration":{"num":33892,"min":0.000000000,"max":0.000007868,"avg":0.000000107,"var":0.000000001,"sum":0.003622293},"relative_timestamp_from_ult_start":{"num":33892,"min":0.000000000,"max":0.000000715,"avg":0.000000121,"var":0.000000001,"sum":0.004101753}}},"received from ofi+cxi://0x06f1c613":{"handler":{"duration":{"num":1837,"min":0.000000477,"max":0.000021935,"avg":0.000000912,"var":0.000000002,"sum":0.001675367}},"ult":{"duration":{"num":1837,"min":0.000214577,"max":0.028560400,"avg":0.003790198,"var":0.078473623,"sum":6.962594271},"relative_timestamp_from_handler_start":{"num":1837,"min":0.000000715,"max":0.028867245,"avg":0.001748192,"var":0.056111436,"sum":3.211428642}},"irespond":{"duration":{"num":1837,"min":0.000000238,"max":0.000012636,"avg":0.000000841,"var":0.000000001,"sum":0.001545429},"relative_timestamp_from_ult_start":{"num":1837,"min":0.000184536,"max":0.028487921,"avg":0.003668737,"var":0.078409012,"sum":6.739469767}},"respond_cb":{"duration":{"num":1837,"min":0.000000000,"max":0.000002384,"avg":0.000000157,"var":0.000000000,"sum":0.000288963},"relative_timestamp_from_irespond_start":{"num":1837,"min":0.000003815,"max":0.002689362,"avg":0.000096657,"var":0.000150347,"sum":0.177558661}},"irespond_wait":{"duration":{"num":1837,"min":0.000003338,"max":0.004359007,"avg":0.000098302,"var":0.000168076,"sum":0.180580378},"relative_timestamp_from_irespond_end":{"num":1837,"min":0.000000000,"max":0.000004768,"avg":0.000000309,"var":0.000000000,"sum":0.000568390}},"set_output":{"duration":{"num":1837,"min":0.000000000,"max":0.000004053,"avg":0.000000113,"var":0.000000000,"sum":0.000208378},"relative_timestamp_from_irespond_start":{"num":1837,"min":0.000000000,"max":0.000004292,"avg":0.000000193,"var":0.000000000,"sum":0.000355005}},"get_input":{"duration":{"num":1837,"min":0.000000000,"max":0.000021219,"avg":0.000000517,"var":0.000000001,"sum":0.000949621},"relative_timestamp_from_ult_start":{"num":1837,"min":0.000000000,"max":0.000005722,"avg":0.000000218,"var":0.000000000,"sum":0.000400543}},"bulk":{"create":{"duration":{"num":1837,"min":0.000002384,"max":0.021131516,"avg":0.002489765,"var":0.066509606,"sum":4.573698521},"size":{"num":1837,"min":4194304.000000000,"max":4194304.000000000,"avg":4194304.000000000,"var":0.000000000,"sum":7704936448.000000000}},"pull from ofi+cxi://0x06f1c613":{"itransfer":{"duration":{"num":1837,"min":0.000000715,"max":0.000024080,"avg":0.000001836,"var":0.000000007,"sum":0.003372431},"size":{"num":1837,"min":4194304.000000000,"max":4194304.000000000,"avg":4194304.000000000,"var":0.000000000,"sum":7704936448.000000000}},"transfer_cb":{"duration":{"num":1837,"min":0.000000000,"max":0.000003338,"avg":0.000000172,"var":0.000000000,"sum":0.000315189},"relative_timestamp_from_itransfer_start":{"num":1837,"min":0.000180006,"max":0.019569159,"avg":0.001056382,"var":0.002016447,"sum":1.940573931}},"itransfer_wait":{"duration":{"num":1837,"min":0.000179291,"max":0.028480291,"avg":0.001172886,"var":0.006234533,"sum":2.154591084},"relative_timestamp_from_itransfer_end":{"num":1837,"min":0.000000000,"max":0.000005960,"avg":0.000000336,"var":0.000000000,"sum":0.000617504}}}}},"received from ofi+cxi://0x06f1020e":{"handler":{"duration":{"num":1829,"min":0.000000477,"max":0.000011206,"avg":0.000000913,"var":0.000000001,"sum":0.001669884}},"ult":{"duration":{"num":1829,"min":0.000190496,"max":0.031436205,"avg":0.004131485,"var":0.088765974,"sum":7.556485176},"relative_timestamp_from_handler_start":{"num":1829,"min":0.000000715,"max":0.021114826,"avg":0.001479942,"var":0.047396240,"sum":2.706814766}},"irespond":{"duration":{"num":1829,"min":0.000000238,"max":0.000010490,"avg":0.000000844,"var":0.000000001,"sum":0.001543522},"relative_timestamp_from_ult_start":{"num":1829,"min":0.000182867,"max":0.030878305,"avg":0.003950536,"var":0.087592549,"sum":7.225531101}},"respond_cb":{"duration":{"num":1829,"min":0.000000000,"max":0.000008821,