{"address":"ofi+cxi://0x02608610","progress_loop":{"progress_with_timeout":{"num":1904,"min":0.000001431,"max":0.103344440,"avg":0.005214877,"var":0.067454324,"sum":9.929125547},"progress_timeout_value_msec":{"num":1904,"min":100.000000000,"max":100.000000000,"avg":100.000000000,"var":0.000000000,"sum":190400.000000000},"progress_without_timeout":{"num":0,"min":0.000000000,"max":0.000000000,"avg":0.000000000,"var":0.000000000,"sum":0.000000000},"trigger":{"num":1896,"min":0.000000238,"max":0.000012398,"avg":0.000000298,"var":0.000000000,"sum":0.000565529}},"rpcs":{"65535:65535:7940397281847607295:2":{"rpc_id":7940397281847607295,"provider_id":2,"parent_rpc_id":65535,"parent_provider_id":65535,"name":"__identity__","origin":{"sent to ofi+cxi://0x0262200d":{"iforward":{"duration":{"num":1,"min":0.000079870,"max":0.000079870,"avg":0.000079870,"var":0.000000000,"sum":0.000079870},"relative_timestamp_from_create":{"num":1,"min":0.000101328,"max":0.000101328,"avg":0.000101328,"var":0.000000000,"sum":0.000101328}},"forward_cb":{"duration":{"num":1,"min":0.000010729,"max":0.000010729,"avg":0.000010729,"var":0.000000000,"sum":0.000010729},"relative_timestamp_from_iforward_start":{"num":1,"min":0.002943039,"max":0.002943039,"avg":0.002943039,"var":0.000000000,"sum":0.002943039}},"iforward_wait":{"duration":{"num":1,"min":0.002879858,"max":0.002879858,"avg":0.002879858,"var":0.000000000,"sum":0.002879858},"relative_timestamp_from_iforward_end":{"num":1,"min":0.000000477,"max":0.000000477,"avg":0.000000477,"var":0.000000000,"sum":0.000000477}},"set_input":{"duration":{"num":0,"min":0.000000000,"max":0.000000000,"avg":0.000000000,"var":0.000000000,"sum":0.000000000},"relative_timestamp_from_iforward_start":{"num":0,"min":0.000000000,"max":0.000000000,"avg":0.000000000,"var":0.000000000,"sum":0.000000000}},"get_output":{"duration":{"num":1,"min":0.000008106,"max":0.000008106,"avg":0.000008106,"var":0.000000000,"sum":0.000008106},"relative_timestamp_from_wait_end":{"num":1,"min":0.000001669,"max":0.000001669,"avg":0.000001669,"var":0.000000000,"sum":0.000001669}}}}},"65535:65535:9722976651498815487:2":{"rpc_id":9722976651498815487,"provider_id":2,"parent_rpc_id":65535,"parent_provider_id":65535,"name":"flock_get_view","origin":{"sent to ofi+cxi://0x0262200d":{"iforward":{"duration":{"num":2,"min":0.000011206,"max":0.000040054,"avg":0.000025630,"var":0.000000000,"sum":0.000051260},"relative_timestamp_from_create":{"num":2,"min":0.000000238,"max":0.000001192,"avg":0.000000715,"var":0.000000000,"sum":0.000001431}},"forward_cb":{"duration":{"num":2,"min":0.000000238,"max":0.000000477,"avg":0.000000358,"var":0.000000000,"sum":0.000000715},"relative_timestamp_from_iforward_start":{"num":2,"min":0.006895542,"max":0.019950151,"avg":0.013422847,"var":0.000085211,"sum":0.026845694}},"iforward_wait":{"duration":{"num":2,"min":0.006855249,"max":0.019939423,"avg":0.013397336,"var":0.000085598,"sum":0.026794672},"relative_timestamp_from_iforward_end":{"num":2,"min":0.000000238,"max":0.000001431,"avg":0.000000834,"var":0.000000000,"sum":0.000001669}},"set_input":{"duration":{"num":2,"min":0.000000000,"max":0.000000238,"avg":0.000000119,"var":0.000000000,"sum":0.000000238},"relative_timestamp_from_iforward_start":{"num":2,"min":0.000001669,"max":0.000011921,"avg":0.000006795,"var":0.000000000,"sum":0.000013590}},"get_output":{"duration":{"num":2,"min":0.000000477,"max":0.000033140,"avg":0.000016809,"var":0.000000001,"sum":0.000033617},"relative_timestamp_from_wait_end":{"num":2,"min":0.000000238,"max":0.000001192,"avg":0.000000715,"var":0.000000000,"sum":0.000001431}}}}},"65535:65535:3669993900245843967:1":{"rpc_id":3669993900245843967,"provider_id":1,"parent_rpc_id":65535,"parent_provider_id":65535,"name":"qtn_work_rpc","origin":{"sent to ofi+cxi://0x02634611":{"iforward":{"duration":{"num":1892,"min":0.000001431,"max":0.000036716,"avg":0.000001801,"var":0.000000005,"sum":0.003407478},"relative_timestamp_from_create":{"num":1892,"min":0.000002384,"max":0.001530886,"avg":0.000003653,"var":0.000002334,"sum":0.006911516}},"forward_cb":{"duration":{"num":1892,"min":0.000000000,"max":0.000001669,"avg":0.000000135,"var":0.000000000,"sum":0.000255346},"relative_timestamp_from_iforward_start":{"num":1892,"min":0.000205278,"max":0.021831751,"avg":0.005180161,"var":0.057380641,"sum":9.800863981}},"iforward_wait":{"duration":{"num":1892,"min":0.000204086,"max":0.021830320,"avg":0.005178687,"var":0.057380079,"sum":9.798076153},"relative_timestamp_from_iforward_end":{"num":1892,"min":0.000000000,"max":0.000002861,"avg":0.000000246,"var":0.000000000,"sum":0.000466347}},"set_input":{"duration":{"num":1892,"min":0.000000000,"max":0.000005007,"avg":0.000000124,"var":0.000000000,"sum":0.000235081},"relative_timestamp_from_iforward_start":{"num":1892,"min":0.000000477,"max":0.000008106,"avg":0.000000728,"var":0.000000000,"sum":0.001376629}},"get_output":{"duration":{"num":1892,"min":0.000000000,"max":0.000000477,"avg":0.000000090,"var":0.000000000,"sum":0.000169516},"relative_timestamp_from_wait_end":{"num":1892,"min":0.000000000,"max":0.000003099,"avg":0.000000152,"var":0.000000000,"sum":0.000288248}}}}},"65535:65535:65535:65535":{"rpc_id":65535,"provider_id":65535,"parent_rpc_id":65535,"parent_provider_id":65535,"name":"","target":{"received from <unknown>":{"bulk":{"create":{"duration":{"num":1892,"min":0.000002384,"max":0.001524925,"avg":0.000003455,"var":0.000002317,"sum":0.006536961},"size":{"num":1892,"min":4194304.000000000,"max":4194304.000000000,"avg":4194304.000000000,"var":0.000000000,"sum":7935623168.000000000}}}}}}},"hostname":"x4108c0s7b0n0","pid":193855,"cmdline":["/home/carns/working/src/spack/var/spack/environments/quintain-2025-07/.spack-env/view/bin/quintain-benchmark","-g","quintain.flock.json","-j","/home/carns/working/dbg/john-quintain-profile-example-2025-07/quintain-benchmark-bw.json","-o","/flare/radix-io/carns/quintain/6767526.aurora-pbs-0001.hostmgmt.cm.aurora.alcf.anl.gov/bw-sweep-servers408-clis816"]}