{"address":"","rpcs":{},"pools":{"__primary__":{"timestamps":[1753558122.221351385,1753558123.232121229,1753558124.254706860,1753558125.258203983,1753558126.265931606,1753558127.267555475,1753558128.279520750,1753558129.282917976,1753558131.685828447,1753558132.693145275,1753558133.693153858,1753558134.693252802,1753558135.709439993,1753558136.971864700,1753558137.083288670],"size":[0,0,0,0,0,0,0,0,0,0,0,0,0,0,0],"total_size":[1,1,1,1,1,1,1,1,1,1,1,1,1,1,0]}}}