{"address":"","rpcs":{},"pools":{"__primary__":{"timestamps":[1753366941.853421211,1753366942.853597879,1753366943.854151487,1753366944.854552507,1753366945.854976892,1753366946.855084419,1753366956.002509832,1753366956.131620169],"size":[0,0,0,0,0,0,0,0],"total_size":[1,1,1,1,1,1,1,0]}}}