{"address":"","progress_loop":{"progress_with_timeout":{"num":32185,"min":0.000000954,"max":0.104538679,"avg":0.000161244,"var":0.012899844,"sum":5.189630270},"progress_timeout_value_msec":{"num":32185,"min":100.000000000,"max":100.000000000,"avg":100.000000000,"var":0.000000000,"sum":3218500.000000000},"progress_without_timeout":{"num":0,"min":0.000000000,"max":0.000000000,"avg":0.000000000,"var":0.000000000,"sum":0.000000000},"trigger":{"num":32130,"min":0.000000238,"max":0.000009537,"avg":0.000000274,"var":0.000000001,"sum":0.008810520}},"rpcs":{"65535:65535:7940397281847607295:2":{"rpc_id":7940397281847607295,"provider_id":2,"parent_rpc_id":65535,"parent_provider_id":65535,"name":"__identity__","origin":{"sent to ofi+cxi://0x06f2600c":{"iforward":{"duration":{"num":1,"min":0.000106335,"max":0.000106335,"avg":0.000106335,"var":0.000000000,"sum":0.000106335},"relative_timestamp_from_create":{"num":1,"min":0.000023127,"max":0.000023127,"avg":0.000023127,"var":0.000000000,"sum":0.000023127}},"forward_cb":{"duration":{"num":1,"min":0.000002623,"max":0.000002623,"avg":0.000002623,"var":0.000000000,"sum":0.000002623},"relative_timestamp_from_iforward_start":{"num":1,"min":0.001928091,"max":0.001928091,"avg":0.001928091,"var":0.000000000,"sum":0.001928091}},"iforward_wait":{"duration":{"num":1,"min":0.001827478,"max":0.001827478,"avg":0.001827478,"var":0.000000000,"sum":0.001827478},"relative_timestamp_from_iforward_end":{"num":1,"min":0.000000238,"max":0.000000238,"avg":0.000000238,"var":0.000000000,"sum":0.000000238}},"set_input":{"duration":{"num":0,"min":0.000000000,"max":0.000000000,"avg":0.000000000,"var":0.000000000,"sum":0.000000000},"relative_timestamp_from_iforward_start":{"num":0,"min":0.000000000,"max":0.000000000,"avg":0.000000000,"var":0.000000000,"sum":0.000000000}},"get_output":{"duration":{"num":1,"min":0.000040770,"max":0.000040770,"avg":0.000040770,"var":0.000000000,"sum":0.000040770},"relative_timestamp_from_wait_end":{"num":1,"min":0.000000954,"max":0.000000954,"avg":0.000000954,"var":0.000000000,"sum":0.000000954}}}}},"65535:65535:9722976651498815487:2":{"rpc_id":9722976651498815487,"provider_id":2,"parent_rpc_id":65535,"parent_provider_id":65535,"name":"flock_get_view","origin":{"sent to ofi+cxi://0x06f2600c":{"iforward":{"duration":{"num":2,"min":0.000017643,"max":0.000020504,"avg":0.000019073,"var":0.000000000,"sum":0.000038147},"relative_timestamp_from_create":{"num":2,"min":0.000000477,"max":0.000000954,"avg":0.000000715,"var":0.000000000,"sum":0.000001431}},"forward_cb":{"duration":{"num":2,"min":0.000000238,"max":0.000000954,"avg":0.000000596,"var":0.000000000,"sum":0.000001192},"relative_timestamp_from_iforward_start":{"num":2,"min":0.009883165,"max":0.034213781,"avg":0.022048473,"var":0.000295989,"sum":0.044096947}},"iforward_wait":{"duration":{"num":2,"min":0.009868145,"max":0.034193754,"avg":0.022030950,"var":0.000295868,"sum":0.044061899},"relative_timestamp_from_iforward_end":{"num":2,"min":0.000000238,"max":0.000000954,"avg":0.000000596,"var":0.000000000,"sum":0.000001192}},"set_input":{"duration":{"num":2,"min":0.000000477,"max":0.000000477,"avg":0.000000477,"var":0.000000000,"sum":0.000000954},"relative_timestamp_from_iforward_start":{"num":2,"min":0.000004292,"max":0.000007153,"avg":0.000005722,"var":0.000000000,"sum":0.000011444}},"get_output":{"duration":{"num":2,"min":0.000000477,"max":0.000036001,"avg":0.000018239,"var":0.000000001,"sum":0.000036478},"relative_timestamp_from_wait_end":{"num":2,"min":0.000000238,"max":0.000002384,"avg":0.000001311,"var":0.000000000,"sum":0.000002623}}}}},"65535:65535:3669993900245843967:1":{"rpc_id":3669993900245843967,"provider_id":1,"parent_rpc_id":65535,"parent_provider_id":65535,"name":"qtn_work_rpc","origin":{"sent to ofi+cxi://0x06f4e40f":{"iforward":{"duration":{"num":32126,"min":0.000001192,"max":0.000049591,"avg":0.000001551,"var":0.000000008,"sum":0.049842596},"relative_timestamp_from_create":{"num":32126,"min":0.000000000,"max":0.000005245,"avg":0.000000076,"var":0.000000000,"sum":0.002455473}},"forward_cb":{"duration":{"num":32126,"min":0.000000000,"max":0.000005484,"avg":0.000000124,"var":0.000000001,"sum":0.003997564},"relative_timestamp_from_iforward_start":{"num":32126,"min":0.000008583,"max":0.000655651,"avg":0.000158966,"var":0.000748883,"sum":5.106956482}},"iforward_wait":{"duration":{"num":32126,"min":0.000007391,"max":0.000654459,"avg":0.000157795,"var":0.000748778,"sum":5.069319725},"relative_timestamp_from_iforward_end":{"num":32126,"min":0.000000000,"max":0.000002146,"avg":0.000000183,"var":0.000000000,"sum":0.005878687}},"set_input":{"duration":{"num":32126,"min":0.000000000,"max":0.000002146,"avg":0.000000077,"var":0.000000000,"sum":0.002464771},"relative_timestamp_from_iforward_start":{"num":32126,"min":0.000000477,"max":0.000012398,"avg":0.000000697,"var":0.000000000,"sum":0.022403240}},"get_output":{"duration":{"num":32126,"min":0.000000000,"max":0.000002384,"avg":0.000000091,"var":0.000000000,"sum":0.002913713},"relative_timestamp_from_wait_end":{"num":32126,"min":0.000000000,"max":0.000010014,"avg":0.000000146,"var":0.000000001,"sum":0.004699945}}}}}},"hostname":"x4418c0s2b0n0","pid":70097,"cmdline":["/home/carns/working/src/spack/var/spack/environments/quintain-2025-07/.spack-env/view/bin/quintain-benchmark","-g","quintain.flock.json","-j","/home/carns/working/dbg/john-quintain-profile-example-2025-07/quintain-benchmark-rpc.json","-o","/flare/radix-io/carns/quintain/6710290.aurora-pbs-0001.hostmgmt.cm.aurora.alcf.anl.gov/rpc-sweep-servers408-clis816"]}