{"address":"","rpcs":{},"pools":{"__primary__":{"timestamps":[1753558083.758913517,1753558084.759091854,1753558085.759094954,1753558086.759125233,1753558087.759234667,1753558088.759240866,1753558094.583812714,1753558094.702456713],"size":[0,0,0,0,0,0,0,0],"total_size":[1,1,1,1,1,1,1,0]}}}