{"address":"ofi+cxi://0x0261660e","progress_loop":{"progress_with_timeout":{"num":30452,"min":0.000001192,"max":0.104456902,"avg":0.000170390,"var":0.013766879,"sum":5.188709497},"progress_timeout_value_msec":{"num":30452,"min":100.000000000,"max":100.000000000,"avg":100.000000000,"var":0.000000000,"sum":3045200.000000000},"progress_without_timeout":{"num":0,"min":0.000000000,"max":0.000000000,"avg":0.000000000,"var":0.000000000,"sum":0.000000000},"trigger":{"num":30414,"min":0.000000238,"max":0.000034094,"avg":0.000000315,"var":0.000000002,"sum":0.009582281}},"rpcs":{"65535:65535:7940397281847607295:2":{"rpc_id":7940397281847607295,"provider_id":2,"parent_rpc_id":65535,"parent_provider_id":65535,"name":"__identity__","origin":{"sent to ofi+cxi://0x0262200d":{"iforward":{"duration":{"num":1,"min":0.000119925,"max":0.000119925,"avg":0.000119925,"var":0.000000000,"sum":0.000119925},"relative_timestamp_from_create":{"num":1,"min":0.000003099,"max":0.000003099,"avg":0.000003099,"var":0.000000000,"sum":0.000003099}},"forward_cb":{"duration":{"num":1,"min":0.000032663,"max":0.000032663,"avg":0.000032663,"var":0.000000000,"sum":0.000032663},"relative_timestamp_from_iforward_start":{"num":1,"min":0.017884254,"max":0.017884254,"avg":0.017884254,"var":0.000000000,"sum":0.017884254}},"iforward_wait":{"duration":{"num":1,"min":0.017802954,"max":0.017802954,"avg":0.017802954,"var":0.000000000,"sum":0.017802954},"relative_timestamp_from_iforward_end":{"num":1,"min":0.000000238,"max":0.000000238,"avg":0.000000238,"var":0.000000000,"sum":0.000000238}},"set_input":{"duration":{"num":0,"min":0.000000000,"max":0.000000000,"avg":0.000000000,"var":0.000000000,"sum":0.000000000},"relative_timestamp_from_iforward_start":{"num":0,"min":0.000000000,"max":0.000000000,"avg":0.000000000,"var":0.000000000,"sum":0.000000000}},"get_output":{"duration":{"num":1,"min":0.000007868,"max":0.000007868,"avg":0.000007868,"var":0.000000000,"sum":0.000007868},"relative_timestamp_from_wait_end":{"num":1,"min":0.000001431,"max":0.000001431,"avg":0.000001431,"var":0.000000000,"sum":0.000001431}}}}},"65535:65535:9722976651498815487:2":{"rpc_id":9722976651498815487,"provider_id":2,"parent_rpc_id":65535,"parent_provider_id":65535,"name":"flock_get_view","origin":{"sent to ofi+cxi://0x0262200d":{"iforward":{"duration":{"num":2,"min":0.000012636,"max":0.000038862,"avg":0.000025749,"var":0.000000000,"sum":0.000051498},"relative_timestamp_from_create":{"num":2,"min":0.000000238,"max":0.000000954,"avg":0.000000596,"var":0.000000000,"sum":0.000001192}},"forward_cb":{"duration":{"num":2,"min":0.000000238,"max":0.000000238,"avg":0.000000238,"var":0.000000000,"sum":0.000000477},"relative_timestamp_from_iforward_start":{"num":2,"min":0.007436752,"max":0.033287287,"avg":0.020362020,"var":0.000334125,"sum":0.040724039}},"iforward_wait":{"duration":{"num":2,"min":0.007425070,"max":0.033247709,"avg":0.020336390,"var":0.000333404,"sum":0.040672779},"relative_timestamp_from_iforward_end":{"num":2,"min":0.000000238,"max":0.000001669,"avg":0.000000954,"var":0.000000000,"sum":0.000001907}},"set_input":{"duration":{"num":2,"min":0.000000238,"max":0.000000238,"avg":0.000000238,"var":0.000000000,"sum":0.000000477},"relative_timestamp_from_iforward_start":{"num":2,"min":0.000002146,"max":0.000015020,"avg":0.000008583,"var":0.000000000,"sum":0.000017166}},"get_output":{"duration":{"num":2,"min":0.000000238,"max":0.000036240,"avg":0.000018239,"var":0.000000001,"sum":0.000036478},"relative_timestamp_from_wait_end":{"num":2,"min":0.000000238,"max":0.000001192,"avg":0.000000715,"var":0.000000000,"sum":0.000001431}}}}},"65535:65535:3669993900245843967:1":{"rpc_id":3669993900245843967,"provider_id":1,"parent_rpc_id":65535,"parent_provider_id":65535,"name":"qtn_work_rpc","origin":{"sent to ofi+cxi://0x02622215":{"iforward":{"duration":{"num":30410,"min":0.000001669,"max":0.000027418,"avg":0.000002104,"var":0.000000005,"sum":0.063994169},"relative_timestamp_from_create":{"num":30410,"min":0.000000000,"max":0.000008106,"avg":0.000000086,"var":0.000000000,"sum":0.002601147}},"forward_cb":{"duration":{"num":30410,"min":0.000000000,"max":0.000005722,"avg":0.000000137,"var":0.000000000,"sum":0.004153728},"relative_timestamp_from_iforward_start":{"num":30410,"min":0.000009060,"max":0.000994444,"avg":0.000167959,"var":0.001436214,"sum":5.107625723}},"iforward_wait":{"duration":{"num":30410,"min":0.000006676,"max":0.000993490,"avg":0.000166326,"var":0.001436249,"sum":5.057979345},"relative_timestamp_from_iforward_end":{"num":30410,"min":0.000000000,"max":0.000003576,"avg":0.000000161,"var":0.000000000,"sum":0.004899979}},"set_input":{"duration":{"num":30410,"min":0.000000000,"max":0.000006914,"avg":0.000000098,"var":0.000000000,"sum":0.002986193},"relative_timestamp_from_iforward_start":{"num":30410,"min":0.000000715,"max":0.000006676,"avg":0.000000854,"var":0.000000001,"sum":0.025960922}},"get_output":{"duration":{"num":30410,"min":0.000000000,"max":0.000002861,"avg":0.000000102,"var":0.000000000,"sum":0.003096104},"relative_timestamp_from_wait_end":{"num":30410,"min":0.000000000,"max":0.000003338,"avg":0.000000163,"var":0.000000000,"sum":0.004967928}}}}}},"hostname":"x4108c0s0b0n0","pid":40801,"cmdline":["/home/carns/working/src/spack/var/spack/environments/quintain-2025-07/.spack-env/view/bin/quintain-benchmark","-g","quintain.flock.json","-j","/home/carns/working/dbg/john-quintain-profile-example-2025-07/quintain-benchmark-rpc.json","-o","/flare/radix-io/carns/quintain/6767526.aurora-pbs-0001.hostmgmt.cm.aurora.alcf.anl.gov/rpc-sweep-servers408-clis816"]}