{"address":"ofi+cxi://0x0261860d","progress_loop":{"progress_with_timeout":{"num":43710,"min":0.000001431,"max":0.102940559,"avg":0.000117436,"var":0.012432999,"sum":5.133146286},"progress_timeout_value_msec":{"num":43710,"min":100.000000000,"max":100.000000000,"avg":100.000000000,"var":0.000000000,"sum":4371000.000000000},"progress_without_timeout":{"num":0,"min":0.000000000,"max":0.000000000,"avg":0.000000000,"var":0.000000000,"sum":0.000000000},"trigger":{"num":43655,"min":0.000000238,"max":0.000014544,"avg":0.000000295,"var":0.000000001,"sum":0.012882948}},"rpcs":{"65535:65535:7940397281847607295:2":{"rpc_id":7940397281847607295,"provider_id":2,"parent_rpc_id":65535,"parent_provider_id":65535,"name":"__identity__","origin":{"sent to ofi+cxi://0x0262200d":{"iforward":{"duration":{"num":1,"min":0.000116348,"max":0.000116348,"avg":0.000116348,"var":0.000000000,"sum":0.000116348},"relative_timestamp_from_create":{"num":1,"min":0.000002861,"max":0.000002861,"avg":0.000002861,"var":0.000000000,"sum":0.000002861}},"forward_cb":{"duration":{"num":1,"min":0.000011206,"max":0.000011206,"avg":0.000011206,"var":0.000000000,"sum":0.000011206},"relative_timestamp_from_iforward_start":{"num":1,"min":0.011608601,"max":0.011608601,"avg":0.011608601,"var":0.000000000,"sum":0.011608601}},"iforward_wait":{"duration":{"num":1,"min":0.011509657,"max":0.011509657,"avg":0.011509657,"var":0.000000000,"sum":0.011509657},"relative_timestamp_from_iforward_end":{"num":1,"min":0.000000238,"max":0.000000238,"avg":0.000000238,"var":0.000000000,"sum":0.000000238}},"set_input":{"duration":{"num":0,"min":0.000000000,"max":0.000000000,"avg":0.000000000,"var":0.000000000,"sum":0.000000000},"relative_timestamp_from_iforward_start":{"num":0,"min":0.000000000,"max":0.000000000,"avg":0.000000000,"var":0.000000000,"sum":0.000000000}},"get_output":{"duration":{"num":1,"min":0.000008106,"max":0.000008106,"avg":0.000008106,"var":0.000000000,"sum":0.000008106},"relative_timestamp_from_wait_end":{"num":1,"min":0.000001431,"max":0.000001431,"avg":0.000001431,"var":0.000000000,"sum":0.000001431}}}}},"65535:65535:9722976651498815487:2":{"rpc_id":9722976651498815487,"provider_id":2,"parent_rpc_id":65535,"parent_provider_id":65535,"name":"flock_get_view","origin":{"sent to ofi+cxi://0x0262200d":{"iforward":{"duration":{"num":2,"min":0.000011921,"max":0.000043392,"avg":0.000027657,"var":0.000000000,"sum":0.000055313},"relative_timestamp_from_create":{"num":2,"min":0.000000238,"max":0.000001192,"avg":0.000000715,"var":0.000000000,"sum":0.000001431}},"forward_cb":{"duration":{"num":2,"min":0.000000238,"max":0.000000238,"avg":0.000000238,"var":0.000000000,"sum":0.000000477},"relative_timestamp_from_iforward_start":{"num":2,"min":0.014334202,"max":0.033018827,"avg":0.023676515,"var":0.000174558,"sum":0.047353029}},"iforward_wait":{"duration":{"num":2,"min":0.014322758,"max":0.032974482,"avg":0.023648620,"var":0.000173943,"sum":0.047297239},"relative_timestamp_from_iforward_end":{"num":2,"min":0.000000238,"max":0.000001907,"avg":0.000001073,"var":0.000000000,"sum":0.000002146}},"set_input":{"duration":{"num":2,"min":0.000000238,"max":0.000000238,"avg":0.000000238,"var":0.000000000,"sum":0.000000477},"relative_timestamp_from_iforward_start":{"num":2,"min":0.000001907,"max":0.000012875,"avg":0.000007391,"var":0.000000000,"sum":0.000014782}},"get_output":{"duration":{"num":2,"min":0.000000477,"max":0.000033617,"avg":0.000017047,"var":0.000000001,"sum":0.000034094},"relative_timestamp_from_wait_end":{"num":2,"min":0.000000477,"max":0.000001192,"avg":0.000000834,"var":0.000000000,"sum":0.000001669}}}}},"65535:65535:3669993900245843967:1":{"rpc_id":3669993900245843967,"provider_id":1,"parent_rpc_id":65535,"parent_provider_id":65535,"name":"qtn_work_rpc","origin":{"sent to ofi+cxi://0x02632217":{"iforward":{"duration":{"num":43651,"min":0.000001192,"max":0.000036478,"avg":0.000001795,"var":0.000000009,"sum":0.078342676},"relative_timestamp_from_create":{"num":43651,"min":0.000000000,"max":0.000001669,"avg":0.000000080,"var":0.000000001,"sum":0.003481150}},"forward_cb":{"duration":{"num":43651,"min":0.000000000,"max":0.000005722,"avg":0.000000130,"var":0.000000001,"sum":0.005672693},"relative_timestamp_from_iforward_start":{"num":43651,"min":0.000008345,"max":0.003841162,"avg":0.000116264,"var":0.000500493,"sum":5.075031281}},"iforward_wait":{"duration":{"num":43651,"min":0.000005245,"max":0.003839493,"avg":0.000114888,"var":0.000500860,"sum":5.014971495},"relative_timestamp_from_iforward_end":{"num":43651,"min":0.000000000,"max":0.000004053,"avg":0.000000177,"var":0.000000001,"sum":0.007718325}},"set_input":{"duration":{"num":43651,"min":0.000000000,"max":0.000002861,"avg":0.000000086,"var":0.000000001,"sum":0.003737450},"relative_timestamp_from_iforward_start":{"num":43651,"min":0.000000477,"max":0.000011921,"avg":0.000000789,"var":0.000000001,"sum":0.034448862}},"get_output":{"duration":{"num":43651,"min":0.000000000,"max":0.000011444,"avg":0.000000098,"var":0.000000001,"sum":0.004269838},"relative_timestamp_from_wait_end":{"num":43651,"min":0.000000000,"max":0.000008345,"avg":0.000000159,"var":0.000000001,"sum":0.006926298}}}}}},"hostname":"x4108c0s7b0n0","pid":191641,"cmdline":["/home/carns/working/src/spack/var/spack/environments/quintain-2025-07/.spack-env/view/bin/quintain-benchmark","-g","quintain.flock.json","-j","/home/carns/working/dbg/john-quintain-profile-example-2025-07/quintain-benchmark-rpc.json","-o","/flare/radix-io/carns/quintain/6767526.aurora-pbs-0001.hostmgmt.cm.aurora.alcf.anl.gov/rpc-sweep-servers408-clis816"]}