{"address":"","rpcs":{},"pools":{"__primary__":{"timestamps":[1753558122.221267700,1753558123.236294031,1753558124.244121790,1753558125.248681068,1753558126.252423763,1753558127.262130737,1753558128.275212526,1753558129.276379824,1753558131.682067871,1753558132.692236423,1753558133.714171171,1753558134.720824480,1753558135.725351810,1753558136.970280170,1753558137.095804691],"size":[0,0,0,0,0,0,0,0,0,0,0,0,0,0,0],"total_size":[1,1,1,1,1,1,1,1,1,1,1,1,1,1,0]}}}