{"address":"","rpcs":{},"pools":{"__primary__":{"timestamps":[1753558083.760208368,1753558084.760264158,1753558085.760301113,1753558086.760510683,1753558087.760551214,1753558088.760603666,1753558094.583825111,1753558094.733456373],"size":[0,0,0,0,0,0,0,0],"total_size":[1,1,1,1,1,1,1,0]}}}