{"address":"","rpcs":{},"pools":{"__primary__":{"timestamps":[1753558083.758951902,1753558084.758982897,1753558085.759011030,1753558086.759258986,1753558087.759388924,1753558088.759429216,1753558094.582468033,1753558094.696904898],"size":[0,0,0,0,0,0,0,0],"total_size":[1,1,1,1,1,1,1,0]}}}