{"address":"","rpcs":{},"pools":{"__primary__":{"timestamps":[1753558083.758512259,1753558084.759244919,1753558085.759312868,1753558086.759499550,1753558087.759557486,1753558088.759614944,1753558094.582379341,1753558094.695295811],"size":[0,0,0,0,0,0,0,0],"total_size":[1,1,1,1,1,1,1,0]}}}