{"address":"","rpcs":{},"pools":{"__primary__":{"timestamps":[1753366941.852007627,1753366942.852288485,1753366943.852417707,1753366944.852508545,1753366945.852551222,1753366946.852619171,1753366956.004236221,1753366956.160713196],"size":[0,0,0,0,0,0,0,0],"total_size":[1,1,1,1,1,1,1,0]}}}