{"address":"","progress_loop":{"progress_with_timeout":{"num":32442,"min":0.000000954,"max":0.104353666,"avg":0.000160251,"var":0.012836021,"sum":5.198868275},"progress_timeout_value_msec":{"num":32442,"min":100.000000000,"max":100.000000000,"avg":100.000000000,"var":0.000000000,"sum":3244200.000000000},"progress_without_timeout":{"num":0,"min":0.000000000,"max":0.000000000,"avg":0.000000000,"var":0.000000000,"sum":0.000000000},"trigger":{"num":32346,"min":0.000000238,"max":0.000009537,"avg":0.000000277,"var":0.000000001,"sum":0.008949757}},"rpcs":{"65535:65535:7940397281847607295:2":{"rpc_id":7940397281847607295,"provider_id":2,"parent_rpc_id":65535,"parent_provider_id":65535,"name":"__identity__","origin":{"sent to ofi+cxi://0x06f2600c":{"iforward":{"duration":{"num":1,"min":0.000477076,"max":0.000477076,"avg":0.000477076,"var":0.000000000,"sum":0.000477076},"relative_timestamp_from_create":{"num":1,"min":0.000005245,"max":0.000005245,"avg":0.000005245,"var":0.000000000,"sum":0.000005245}},"forward_cb":{"duration":{"num":1,"min":0.000003576,"max":0.000003576,"avg":0.000003576,"var":0.000000000,"sum":0.000003576},"relative_timestamp_from_iforward_start":{"num":1,"min":0.008707047,"max":0.008707047,"avg":0.008707047,"var":0.000000000,"sum":0.008707047}},"iforward_wait":{"duration":{"num":1,"min":0.008237123,"max":0.008237123,"avg":0.008237123,"var":0.000000000,"sum":0.008237123},"relative_timestamp_from_iforward_end":{"num":1,"min":0.000000715,"max":0.000000715,"avg":0.000000715,"var":0.000000000,"sum":0.000000715}},"set_input":{"duration":{"num":0,"min":0.000000000,"max":0.000000000,"avg":0.000000000,"var":0.000000000,"sum":0.000000000},"relative_timestamp_from_iforward_start":{"num":0,"min":0.000000000,"max":0.000000000,"avg":0.000000000,"var":0.000000000,"sum":0.000000000}},"get_output":{"duration":{"num":1,"min":0.000006437,"max":0.000006437,"avg":0.000006437,"var":0.000000000,"sum":0.000006437},"relative_timestamp_from_wait_end":{"num":1,"min":0.000001192,"max":0.000001192,"avg":0.000001192,"var":0.000000000,"sum":0.000001192}}}}},"65535:65535:9722976651498815487:2":{"rpc_id":9722976651498815487,"provider_id":2,"parent_rpc_id":65535,"parent_provider_id":65535,"name":"flock_get_view","origin":{"sent to ofi+cxi://0x06f2600c":{"iforward":{"duration":{"num":2,"min":0.000019550,"max":0.000020266,"avg":0.000019908,"var":0.000000000,"sum":0.000039816},"relative_timestamp_from_create":{"num":2,"min":0.000000477,"max":0.000001669,"avg":0.000001073,"var":0.000000000,"sum":0.000002146}},"forward_cb":{"duration":{"num":2,"min":0.000000238,"max":0.000000954,"avg":0.000000596,"var":0.000000000,"sum":0.000001192},"relative_timestamp_from_iforward_start":{"num":2,"min":0.014881611,"max":0.033248186,"avg":0.024064898,"var":0.000168666,"sum":0.048129797}},"iforward_wait":{"duration":{"num":2,"min":0.014862537,"max":0.033230066,"avg":0.024046302,"var":0.000168683,"sum":0.048092604},"relative_timestamp_from_iforward_end":{"num":2,"min":0.000000238,"max":0.000001192,"avg":0.000000715,"var":0.000000000,"sum":0.000001431}},"set_input":{"duration":{"num":2,"min":0.000000238,"max":0.000000238,"avg":0.000000238,"var":0.000000000,"sum":0.000000477},"relative_timestamp_from_iforward_start":{"num":2,"min":0.000006437,"max":0.000006437,"avg":0.000006437,"var":0.000000000,"sum":0.000012875}},"get_output":{"duration":{"num":2,"min":0.000000238,"max":0.000033379,"avg":0.000016809,"var":0.000000001,"sum":0.000033617},"relative_timestamp_from_wait_end":{"num":2,"min":0.000000477,"max":0.000002146,"avg":0.000001311,"var":0.000000000,"sum":0.000002623}}}}},"65535:65535:3669993900245843967:1":{"rpc_id":3669993900245843967,"provider_id":1,"parent_rpc_id":65535,"parent_provider_id":65535,"name":"qtn_work_rpc","origin":{"sent to ofi+cxi://0x06f2600f":{"iforward":{"duration":{"num":32342,"min":0.000001431,"max":0.000036001,"avg":0.000001560,"var":0.000000005,"sum":0.050461292},"relative_timestamp_from_create":{"num":32342,"min":0.000000000,"max":0.000000954,"avg":0.000000079,"var":0.000000000,"sum":0.002548218}},"forward_cb":{"duration":{"num":32342,"min":0.000000000,"max":0.000003099,"avg":0.000000124,"var":0.000000001,"sum":0.003997564},"relative_timestamp_from_iforward_start":{"num":32342,"min":0.000008583,"max":0.000636816,"avg":0.000157893,"var":0.000627469,"sum":5.106586933}},"iforward_wait":{"duration":{"num":32342,"min":0.000006437,"max":0.000635624,"avg":0.000156728,"var":0.000627347,"sum":5.068900585},"relative_timestamp_from_iforward_end":{"num":32342,"min":0.000000000,"max":0.000000477,"avg":0.000000178,"var":0.000000000,"sum":0.005758762}},"set_input":{"duration":{"num":32342,"min":0.000000000,"max":0.000002146,"avg":0.000000082,"var":0.000000000,"sum":0.002636194},"relative_timestamp_from_iforward_start":{"num":32342,"min":0.000000477,"max":0.000007391,"avg":0.000000693,"var":0.000000000,"sum":0.022413015}},"get_output":{"duration":{"num":32342,"min":0.000000000,"max":0.000001192,"avg":0.000000091,"var":0.000000000,"sum":0.002935410},"relative_timestamp_from_wait_end":{"num":32342,"min":0.000000000,"max":0.000003338,"avg":0.000000143,"var":0.000000001,"sum":0.004617214}}}}}},"hostname":"x4418c0s0b0n0","pid":31068,"cmdline":["/home/carns/working/src/spack/var/spack/environments/quintain-2025-07/.spack-env/view/bin/quintain-benchmark","-g","quintain.flock.json","-j","/home/carns/working/dbg/john-quintain-profile-example-2025-07/quintain-benchmark-rpc.json","-o","/flare/radix-io/carns/quintain/6710290.aurora-pbs-0001.hostmgmt.cm.aurora.alcf.anl.gov/rpc-sweep-servers408-clis816"]}