{"address":"","progress_loop":{"progress_with_timeout":{"num":1522,"min":0.000001431,"max":0.102279663,"avg":0.008921275,"var":0.164463649,"sum":13.578180790},"progress_timeout_value_msec":{"num":1522,"min":100.000000000,"max":100.000000000,"avg":100.000000000,"var":0.000000000,"sum":152200.000000000},"progress_without_timeout":{"num":0,"min":0.000000000,"max":0.000000000,"avg":0.000000000,"var":0.000000000,"sum":0.000000000},"trigger":{"num":1516,"min":0.000000238,"max":0.000033379,"avg":0.000000312,"var":0.000000001,"sum":0.000472307}},"rpcs":{"65535:65535:7940397281847607295:2":{"rpc_id":7940397281847607295,"provider_id":2,"parent_rpc_id":65535,"parent_provider_id":65535,"name":"__identity__","origin":{"sent to ofi+cxi://0x06f2600c":{"iforward":{"duration":{"num":1,"min":0.002774954,"max":0.002774954,"avg":0.002774954,"var":0.000000000,"sum":0.002774954},"relative_timestamp_from_create":{"num":1,"min":0.000141382,"max":0.000141382,"avg":0.000141382,"var":0.000000000,"sum":0.000141382}},"forward_cb":{"duration":{"num":1,"min":0.000032187,"max":0.000032187,"avg":0.000032187,"var":0.000000000,"sum":0.000032187},"relative_timestamp_from_iforward_start":{"num":1,"min":0.009543419,"max":0.009543419,"avg":0.009543419,"var":0.000000000,"sum":0.009543419}},"iforward_wait":{"duration":{"num":1,"min":0.006806374,"max":0.006806374,"avg":0.006806374,"var":0.000000000,"sum":0.006806374},"relative_timestamp_from_iforward_end":{"num":1,"min":0.000000238,"max":0.000000238,"avg":0.000000238,"var":0.000000000,"sum":0.000000238}},"set_input":{"duration":{"num":0,"min":0.000000000,"max":0.000000000,"avg":0.000000000,"var":0.000000000,"sum":0.000000000},"relative_timestamp_from_iforward_start":{"num":0,"min":0.000000000,"max":0.000000000,"avg":0.000000000,"var":0.000000000,"sum":0.000000000}},"get_output":{"duration":{"num":1,"min":0.000007391,"max":0.000007391,"avg":0.000007391,"var":0.000000000,"sum":0.000007391},"relative_timestamp_from_wait_end":{"num":1,"min":0.000001431,"max":0.000001431,"avg":0.000001431,"var":0.000000000,"sum":0.000001431}}}}},"65535:65535:9722976651498815487:2":{"rpc_id":9722976651498815487,"provider_id":2,"parent_rpc_id":65535,"parent_provider_id":65535,"name":"flock_get_view","origin":{"sent to ofi+cxi://0x06f2600c":{"iforward":{"duration":{"num":2,"min":0.000012398,"max":0.000038624,"avg":0.000025511,"var":0.000000000,"sum":0.000051022},"relative_timestamp_from_create":{"num":2,"min":0.000000477,"max":0.000000954,"avg":0.000000715,"var":0.000000000,"sum":0.000001431}},"forward_cb":{"duration":{"num":2,"min":0.000000238,"max":0.000000238,"avg":0.000000238,"var":0.000000000,"sum":0.000000477},"relative_timestamp_from_iforward_start":{"num":2,"min":0.008166790,"max":0.017490625,"avg":0.012828708,"var":0.000043467,"sum":0.025657415}},"iforward_wait":{"duration":{"num":2,"min":0.008155107,"max":0.017451286,"avg":0.012803197,"var":0.000043209,"sum":0.025606394},"relative_timestamp_from_iforward_end":{"num":2,"min":0.000000000,"max":0.000001669,"avg":0.000000834,"var":0.000000000,"sum":0.000001669}},"set_input":{"duration":{"num":2,"min":0.000000238,"max":0.000000238,"avg":0.000000238,"var":0.000000000,"sum":0.000000477},"relative_timestamp_from_iforward_start":{"num":2,"min":0.000001669,"max":0.000010967,"avg":0.000006318,"var":0.000000000,"sum":0.000012636}},"get_output":{"duration":{"num":2,"min":0.000000477,"max":0.000039816,"avg":0.000020146,"var":0.000000001,"sum":0.000040293},"relative_timestamp_from_wait_end":{"num":2,"min":0.000000238,"max":0.000001192,"avg":0.000000715,"var":0.000000000,"sum":0.000001431}}}}},"65535:65535:3669993900245843967:1":{"rpc_id":3669993900245843967,"provider_id":1,"parent_rpc_id":65535,"parent_provider_id":65535,"name":"qtn_work_rpc","origin":{"sent to ofi+cxi://0x06f52610":{"iforward":{"duration":{"num":1512,"min":0.000001431,"max":0.000032902,"avg":0.000001871,"var":0.000000004,"sum":0.002829313},"relative_timestamp_from_create":{"num":1512,"min":0.000002384,"max":0.001486778,"avg":0.000003832,"var":0.000002201,"sum":0.005794287}},"forward_cb":{"duration":{"num":1512,"min":0.000000000,"max":0.000001192,"avg":0.000000135,"var":0.000000000,"sum":0.000204325},"relative_timestamp_from_iforward_start":{"num":1512,"min":0.000214338,"max":0.033655167,"avg":0.008893766,"var":0.155193754,"sum":13.447374821}},"iforward_wait":{"duration":{"num":1512,"min":0.000212908,"max":0.033653736,"avg":0.008892261,"var":0.155192860,"sum":13.445099354},"relative_timestamp_from_iforward_end":{"num":1512,"min":0.000000000,"max":0.000000715,"avg":0.000000255,"var":0.000000000,"sum":0.000386000}},"set_input":{"duration":{"num":1512,"min":0.000000000,"max":0.000004530,"avg":0.000000135,"var":0.000000000,"sum":0.000203609},"relative_timestamp_from_iforward_start":{"num":1512,"min":0.000000477,"max":0.000007868,"avg":0.000000758,"var":0.000000000,"sum":0.001145363}},"get_output":{"duration":{"num":1512,"min":0.000000000,"max":0.000000477,"avg":0.000000092,"var":0.000000000,"sum":0.000139713},"relative_timestamp_from_wait_end":{"num":1512,"min":0.000000000,"max":0.000002861,"avg":0.000000144,"var":0.000000000,"sum":0.000217199}}}}},"65535:65535:65535:65535":{"rpc_id":65535,"provider_id":65535,"parent_rpc_id":65535,"parent_provider_id":65535,"name":"","target":{"received from <unknown>":{"bulk":{"create":{"duration":{"num":1512,"min":0.000002384,"max":0.001482487,"avg":0.000003626,"var":0.000002189,"sum":0.005482674},"size":{"num":1512,"min":4194304.000000000,"max":4194304.000000000,"avg":4194304.000000000,"var":0.000000000,"sum":6341787648.000000000}}}}}}},"hostname":"x4418c0s6b0n0","pid":3190,"cmdline":["/home/carns/working/src/spack/var/spack/environments/quintain-2025-07/.spack-env/view/bin/quintain-benchmark","-g","quintain.flock.json","-j","/home/carns/working/dbg/john-quintain-profile-example-2025-07/quintain-benchmark-bw.json","-o","/flare/radix-io/carns/quintain/6710290.aurora-pbs-0001.hostmgmt.cm.aurora.alcf.anl.gov/bw-sweep-servers408-clis816"]}