{"address":"ofi+cxi://0x02636416","progress_loop":{"progress_with_timeout":{"num":32455,"min":0.000001431,"max":0.102323294,"avg":0.000159178,"var":0.012114777,"sum":5.166116476},"progress_timeout_value_msec":{"num":32455,"min":100.000000000,"max":100.000000000,"avg":100.000000000,"var":0.000000000,"sum":3245500.000000000},"progress_without_timeout":{"num":0,"min":0.000000000,"max":0.000000000,"avg":0.000000000,"var":0.000000000,"sum":0.000000000},"trigger":{"num":32433,"min":0.000000238,"max":0.000007391,"avg":0.000000321,"var":0.000000001,"sum":0.010426998}},"rpcs":{"65535:65535:7940397281847607295:2":{"rpc_id":7940397281847607295,"provider_id":2,"parent_rpc_id":65535,"parent_provider_id":65535,"name":"__identity__","origin":{"sent to ofi+cxi://0x0262200d":{"iforward":{"duration":{"num":1,"min":0.000119209,"max":0.000119209,"avg":0.000119209,"var":0.000000000,"sum":0.000119209},"relative_timestamp_from_create":{"num":1,"min":0.000004292,"max":0.000004292,"avg":0.000004292,"var":0.000000000,"sum":0.000004292}},"forward_cb":{"duration":{"num":1,"min":0.000005007,"max":0.000005007,"avg":0.000005007,"var":0.000000000,"sum":0.000005007},"relative_timestamp_from_iforward_start":{"num":1,"min":0.005591869,"max":0.005591869,"avg":0.005591869,"var":0.000000000,"sum":0.005591869}},"iforward_wait":{"duration":{"num":1,"min":0.005482912,"max":0.005482912,"avg":0.005482912,"var":0.000000000,"sum":0.005482912},"relative_timestamp_from_iforward_end":{"num":1,"min":0.000000238,"max":0.000000238,"avg":0.000000238,"var":0.000000000,"sum":0.000000238}},"set_input":{"duration":{"num":0,"min":0.000000000,"max":0.000000000,"avg":0.000000000,"var":0.000000000,"sum":0.000000000},"relative_timestamp_from_iforward_start":{"num":0,"min":0.000000000,"max":0.000000000,"avg":0.000000000,"var":0.000000000,"sum":0.000000000}},"get_output":{"duration":{"num":1,"min":0.000006914,"max":0.000006914,"avg":0.000006914,"var":0.000000000,"sum":0.000006914},"relative_timestamp_from_wait_end":{"num":1,"min":0.000001431,"max":0.000001431,"avg":0.000001431,"var":0.000000000,"sum":0.000001431}}}}},"65535:65535:9722976651498815487:2":{"rpc_id":9722976651498815487,"provider_id":2,"parent_rpc_id":65535,"parent_provider_id":65535,"name":"flock_get_view","origin":{"sent to ofi+cxi://0x0262200d":{"iforward":{"duration":{"num":2,"min":0.000011683,"max":0.000040293,"avg":0.000025988,"var":0.000000000,"sum":0.000051975},"relative_timestamp_from_create":{"num":2,"min":0.000000238,"max":0.000001192,"avg":0.000000715,"var":0.000000000,"sum":0.000001431}},"forward_cb":{"duration":{"num":2,"min":0.000000238,"max":0.000000477,"avg":0.000000358,"var":0.000000000,"sum":0.000000715},"relative_timestamp_from_iforward_start":{"num":2,"min":0.024682760,"max":0.027332067,"avg":0.026007414,"var":0.000003509,"sum":0.052014828}},"iforward_wait":{"duration":{"num":2,"min":0.024642229,"max":0.027321100,"avg":0.025981665,"var":0.000003588,"sum":0.051963329},"relative_timestamp_from_iforward_end":{"num":2,"min":0.000000238,"max":0.000001431,"avg":0.000000834,"var":0.000000000,"sum":0.000001669}},"set_input":{"duration":{"num":2,"min":0.000000238,"max":0.000000238,"avg":0.000000238,"var":0.000000000,"sum":0.000000477},"relative_timestamp_from_iforward_start":{"num":2,"min":0.000002146,"max":0.000012398,"avg":0.000007272,"var":0.000000000,"sum":0.000014544}},"get_output":{"duration":{"num":2,"min":0.000000477,"max":0.000022888,"avg":0.000011683,"var":0.000000000,"sum":0.000023365},"relative_timestamp_from_wait_end":{"num":2,"min":0.000000238,"max":0.000001192,"avg":0.000000715,"var":0.000000000,"sum":0.000001431}}}}},"65535:65535:3669993900245843967:1":{"rpc_id":3669993900245843967,"provider_id":1,"parent_rpc_id":65535,"parent_provider_id":65535,"name":"qtn_work_rpc","origin":{"sent to ofi+cxi://0x0263c216":{"iforward":{"duration":{"num":32429,"min":0.000001669,"max":0.000036001,"avg":0.000002115,"var":0.000000006,"sum":0.068602085},"relative_timestamp_from_create":{"num":32429,"min":0.000000000,"max":0.000001669,"avg":0.000000088,"var":0.000000000,"sum":0.002851009}},"forward_cb":{"duration":{"num":32429,"min":0.000000000,"max":0.000005722,"avg":0.000000140,"var":0.000000001,"sum":0.004525185},"relative_timestamp_from_iforward_start":{"num":32429,"min":0.000010014,"max":0.000644445,"avg":0.000157083,"var":0.000323338,"sum":5.094054461}},"iforward_wait":{"duration":{"num":32429,"min":0.000008345,"max":0.000643730,"avg":0.000155446,"var":0.000323393,"sum":5.040961981},"relative_timestamp_from_iforward_end":{"num":32429,"min":0.000000000,"max":0.000001192,"avg":0.000000167,"var":0.000000000,"sum":0.005399942}},"set_input":{"duration":{"num":32429,"min":0.000000000,"max":0.000006437,"avg":0.000000113,"var":0.000000001,"sum":0.003655195},"relative_timestamp_from_iforward_start":{"num":32429,"min":0.000000715,"max":0.000008583,"avg":0.000000905,"var":0.000000001,"sum":0.029355526}},"get_output":{"duration":{"num":32429,"min":0.000000000,"max":0.000000477,"avg":0.000000107,"var":0.000000000,"sum":0.003462076},"relative_timestamp_from_wait_end":{"num":32429,"min":0.000000000,"max":0.000007391,"avg":0.000000160,"var":0.000000000,"sum":0.005198717}}}}}},"hostname":"x4108c1s0b0n0","pid":36392,"cmdline":["/home/carns/working/src/spack/var/spack/environments/quintain-2025-07/.spack-env/view/bin/quintain-benchmark","-g","quintain.flock.json","-j","/home/carns/working/dbg/john-quintain-profile-example-2025-07/quintain-benchmark-rpc.json","-o","/flare/radix-io/carns/quintain/6767526.aurora-pbs-0001.hostmgmt.cm.aurora.alcf.anl.gov/rpc-sweep-servers408-clis816"]}