{"address":"ofi+cxi://0x02636213","progress_loop":{"progress_with_timeout":{"num":1433,"min":0.000001669,"max":0.108600140,"avg":0.068141321,"var":3.481951228,"sum":97.646512508},"progress_timeout_value_msec":{"num":1433,"min":100.000000000,"max":100.000000000,"avg":100.000000000,"var":0.000000000,"sum":143300.000000000},"progress_without_timeout":{"num":14975224,"min":0.000000000,"max":0.000552893,"avg":0.000000156,"var":0.000000964,"sum":2.337808847},"trigger":{"num":109494,"min":0.000000238,"max":0.000056982,"avg":0.000000623,"var":0.000000055,"sum":0.068236351}},"rpcs":{"65535:65535:3669993900245843967:1":{"rpc_id":3669993900245843967,"provider_id":1,"parent_rpc_id":65535,"parent_provider_id":65535,"name":"qtn_work_rpc","target":{"received from ofi+cxi://0x02608610":{"handler":{"duration":{"num":28044,"min":0.000000477,"max":0.000020266,"avg":0.000000603,"var":0.000000007,"sum":0.016917944}},"ult":{"duration":{"num":28044,"min":0.000004292,"max":0.000478029,"avg":0.000004851,"var":0.000000253,"sum":0.136029482},"relative_timestamp_from_handler_start":{"num":28044,"min":0.000000715,"max":0.000025272,"avg":0.000000957,"var":0.000000015,"sum":0.026844025}},"irespond":{"duration":{"num":28044,"min":0.000000238,"max":0.000034809,"avg":0.000000486,"var":0.000000003,"sum":0.013621330},"relative_timestamp_from_ult_start":{"num":28044,"min":0.000000238,"max":0.000033140,"avg":0.000000297,"var":0.000000002,"sum":0.008321524}},"respond_cb":{"duration":{"num":28044,"min":0.000000000,"max":0.000028372,"avg":0.000000110,"var":0.000000001,"sum":0.003072262},"relative_timestamp_from_irespond_start":{"num":28044,"min":0.000003576,"max":0.000475883,"avg":0.000003935,"var":0.000000244,"sum":0.110364437}},"irespond_wait":{"duration":{"num":28044,"min":0.000001192,"max":0.000476599,"avg":0.000003671,"var":0.000000243,"sum":0.102952719},"relative_timestamp_from_irespond_end":{"num":28044,"min":0.000000000,"max":0.000028133,"avg":0.000000185,"var":0.000000001,"sum":0.005180359}},"set_output":{"duration":{"num":28044,"min":0.000000000,"max":0.000034332,"avg":0.000000068,"var":0.000000002,"sum":0.001918316},"relative_timestamp_from_irespond_start":{"num":28044,"min":0.000000000,"max":0.000025034,"avg":0.000000083,"var":0.000000001,"sum":0.002321720}},"get_input":{"duration":{"num":28044,"min":0.000000000,"max":0.000033140,"avg":0.000000101,"var":0.000000002,"sum":0.002819300},"relative_timestamp_from_ult_start":{"num":28044,"min":0.000000000,"max":0.000005245,"avg":0.000000125,"var":0.000000000,"sum":0.003513098}}},"received from ofi+cxi://0x0260e00f":{"handler":{"duration":{"num":22139,"min":0.000000477,"max":0.000011444,"avg":0.000000620,"var":0.000000005,"sum":0.013719559}},"ult":{"duration":{"num":22139,"min":0.000004292,"max":0.000053406,"avg":0.000004844,"var":0.000000019,"sum":0.107250929},"relative_timestamp_from_handler_start":{"num":22139,"min":0.000000715,"max":0.000024319,"avg":0.000000985,"var":0.000000014,"sum":0.021805763}},"irespond":{"duration":{"num":22139,"min":0.000000238,"max":0.000004768,"avg":0.000000485,"var":0.000000001,"sum":0.010747433},"relative_timestamp_from_ult_start":{"num":22139,"min":0.000000238,"max":0.000048637,"avg":0.000000298,"var":0.000000004,"sum":0.006599426}},"respond_cb":{"duration":{"num":22139,"min":0.000000000,"max":0.000010014,"avg":0.000000109,"var":0.000000000,"sum":0.002419233},"relative_timestamp_from_irespond_start":{"num":22139,"min":0.000003576,"max":0.000041962,"avg":0.000003928,"var":0.000000011,"sum":0.086957455}},"irespond_wait":{"duration":{"num":22139,"min":0.000003338,"max":0.000032425,"avg":0.000003665,"var":0.000000008,"sum":0.081141472},"relative_timestamp_from_irespond_end":{"num":22139,"min":0.000000000,"max":0.000038147,"avg":0.000000183,"var":0.000000002,"sum":0.004052877}},"set_output":{"duration":{"num":22139,"min":0.000000000,"max":0.000001431,"avg":0.000000068,"var":0.000000000,"sum":0.001506329},"relative_timestamp_from_irespond_start":{"num":22139,"min":0.000000000,"max":0.000000715,"avg":0.000000080,"var":0.000000000,"sum":0.001775265}},"get_input":{"duration":{"num":22139,"min":0.000000000,"max":0.000028372,"avg":0.000000102,"var":0.000000001,"sum":0.002249718},"relative_timestamp_from_ult_start":{"num":22139,"min":0.000000000,"max":0.000025511,"avg":0.000000125,"var":0.000000001,"sum":0.002761126}}},"received from ofi+cxi://0x0260e212":{"handler":{"duration":{"num":1563,"min":0.000000477,"max":0.000016689,"avg":0.000001114,"var":0.000000001,"sum":0.001741409}},"ult":{"duration":{"num":1563,"min":0.000212431,"max":0.033567190,"avg":0.006120778,"var":0.125546010,"sum":9.566775560},"relative_timestamp_from_handler_start":{"num":1563,"min":0.000000715,"max":0.030365229,"avg":0.001382326,"var":0.040609080,"sum":2.160576105}},"irespond":{"duration":{"num":1563,"min":0.000000238,"max":0.000009537,"avg":0.000000955,"var":0.000000001,"sum":0.001492500},"relative_timestamp_from_ult_start":{"num":1563,"min":0.000194550,"max":0.033552170,"avg":0.005918360,"var":0.124483196,"sum":9.250397205}},"respond_cb":{"duration":{"num":1563,"min":0.000000000,"max":0.000003815,"avg":0.000000172,"var":0.000000000,"sum":0.000269413},"relative_timestamp_from_irespond_start":{"num":1563,"min":0.000003815,"max":0.021013975,"avg":0.000136996,"var":0.000620827,"sum":0.214124918}},"irespond_wait":{"duration":{"num":1563,"min":0.000003338,"max":0.027156353,"avg":0.000164560,"var":0.001504981,"sum":0.257207870},"relative_timestamp_from_irespond_end":{"num":1563,"min":0.000000000,"max":0.000002384,"avg":0.000000286,"var":0.000000000,"sum":0.000446320}},"set_output":{"duration":{"num":1563,"min":0.000000000,"max":0.000005245,"avg":0.000000150,"var":0.000000000,"sum":0.000235081},"relative_timestamp_from_irespond_start":{"num":1563,"min":0.000000000,"max":0.000003099,"avg":0.000000208,"var":0.000000000,"sum":0.000325203}},"get_input":{"duration":{"num":1563,"min":0.000000000,"max":0.000025034,"avg":0.000000613,"var":0.000000002,"sum":0.000958681},"relative_timestamp_from_ult_start":{"num":1563,"min":0.000000000,"max":0.000005007,"avg":0.000000234,"var":0.000000000,"sum":0.000365734}},"bulk":{"create":{"duration":{"num":1563,"min":0.000002384,"max":0.031093121,"avg":0.004709786,"var":0.108220615,"sum":7.361395359},"size":{"num":1563,"min":4194304.000000000,"max":4194304.000000000,"avg":4194304.000000000,"var":0.000000000,"sum":6555697152.000000000}},"pull from ofi+cxi://0x0260e212":{"itransfer":{"duration":{"num":1563,"min":0.000000715,"max":0.000022888,"avg":0.000002244,"var":0.000000007,"sum":0.003507614},"size":{"num":1563,"min":4194304.000000000,"max":4194304.000000000,"avg":4194304.000000000,"var":0.000000000,"sum":6555697152.000000000}},"transfer_cb":{"duration":{"num":1563,"min":0.000000000,"max":0.000006437,"avg":0.000000186,"var":0.000000000,"sum":0.000290394},"relative_timestamp_from_itransfer_start":{"num":1563,"min":0.000180960,"max":0.028352737,"avg":0.001165326,"var":0.004046312,"sum":1.821404219}},"itransfer_wait":{"duration":{"num":1563,"min":0.000179529,"max":0.028352022,"avg":0.001201367,"var":0.005209384,"sum":1.877736807},"relative_timestamp_from_itransfer_end":{"num":1563,"min":0.000000000,"max":0.000005245,"avg":0.000000329,"var":0.000000000,"sum":0.000514030}}}}},"received from ofi+cxi://0x02608418":{"handler":{"duration":{"num":1479,"min":0.000000477,"max":0.000009537,"avg":0.000000999,"var":0.000000001,"sum":0.001477718}},"ult":{"duration":{"num":1479,"min":0.000190735,"max":0.032716990,"avg":0.004352690,"var":0.078351489,"sum":6.437628269},"relative_timestamp_from_handler_start":{"num":1479,"min":0.000000715,"max":0.025244236,"avg":0.001328565,"var":0.036431377,"sum":1.964947939}},"irespond":{"duration":{"num":1479,"min":0.000000238,"max":0.000019312,"avg":0.000000895,"var":0.000000001,"sum":0.001324177},"relative_timestamp_from_ult_start":{"num":1479,"min":0.000182867,"max":0.032455206,"avg":0.004204231,"var":0.077174716,"sum":6.218057632}},"respond_cb":{"duration":{"num":1479,"min":0.000000000,