{"address":"","rpcs":{},"pools":{"__primary__":{"timestamps":[1753558083.761497259,1753558084.761573315,1753558085.761759043,1753558086.761918306,1753558087.762265921,1753558088.762360811,1753558094.585173845,1753558094.710049868],"size":[0,0,0,0,0,0,0,0],"total_size":[1,1,1,1,1,1,1,0]}}}