{"address":"ofi+cxi://0x0260a219","progress_loop":{"progress_with_timeout":{"num":1493,"min":0.000001669,"max":0.101196051,"avg":0.008945315,"var":0.153645026,"sum":13.355355978},"progress_timeout_value_msec":{"num":1493,"min":100.000000000,"max":100.000000000,"avg":100.000000000,"var":0.000000000,"sum":149300.000000000},"progress_without_timeout":{"num":0,"min":0.000000000,"max":0.000000000,"avg":0.000000000,"var":0.000000000,"sum":0.000000000},"trigger":{"num":1490,"min":0.000000238,"max":0.000006676,"avg":0.000000293,"var":0.000000000,"sum":0.000436544}},"rpcs":{"65535:65535:7940397281847607295:2":{"rpc_id":7940397281847607295,"provider_id":2,"parent_rpc_id":65535,"parent_provider_id":65535,"name":"__identity__","origin":{"sent to ofi+cxi://0x0262200d":{"iforward":{"duration":{"num":1,"min":0.000188828,"max":0.000188828,"avg":0.000188828,"var":0.000000000,"sum":0.000188828},"relative_timestamp_from_create":{"num":1,"min":0.000003815,"max":0.000003815,"avg":0.000003815,"var":0.000000000,"sum":0.000003815}},"forward_cb":{"duration":{"num":1,"min":0.000003099,"max":0.000003099,"avg":0.000003099,"var":0.000000000,"sum":0.000003099},"relative_timestamp_from_iforward_start":{"num":1,"min":0.008419275,"max":0.008419275,"avg":0.008419275,"var":0.000000000,"sum":0.008419275}},"iforward_wait":{"duration":{"num":1,"min":0.008237123,"max":0.008237123,"avg":0.008237123,"var":0.000000000,"sum":0.008237123},"relative_timestamp_from_iforward_end":{"num":1,"min":0.000000238,"max":0.000000238,"avg":0.000000238,"var":0.000000000,"sum":0.000000238}},"set_input":{"duration":{"num":0,"min":0.000000000,"max":0.000000000,"avg":0.000000000,"var":0.000000000,"sum":0.000000000},"relative_timestamp_from_iforward_start":{"num":0,"min":0.000000000,"max":0.000000000,"avg":0.000000000,"var":0.000000000,"sum":0.000000000}},"get_output":{"duration":{"num":1,"min":0.000005960,"max":0.000005960,"avg":0.000005960,"var":0.000000000,"sum":0.000005960},"relative_timestamp_from_wait_end":{"num":1,"min":0.000001192,"max":0.000001192,"avg":0.000001192,"var":0.000000000,"sum":0.000001192}}}}},"65535:65535:9722976651498815487:2":{"rpc_id":9722976651498815487,"provider_id":2,"parent_rpc_id":65535,"parent_provider_id":65535,"name":"flock_get_view","origin":{"sent to ofi+cxi://0x0262200d":{"iforward":{"duration":{"num":2,"min":0.000011921,"max":0.000020027,"avg":0.000015974,"var":0.000000000,"sum":0.000031948},"relative_timestamp_from_create":{"num":2,"min":0.000000238,"max":0.000000715,"avg":0.000000477,"var":0.000000000,"sum":0.000000954}},"forward_cb":{"duration":{"num":2,"min":0.000000000,"max":0.000000238,"avg":0.000000119,"var":0.000000000,"sum":0.000000238},"relative_timestamp_from_iforward_start":{"num":2,"min":0.006292820,"max":0.020515442,"avg":0.013404131,"var":0.000101141,"sum":0.026808262}},"iforward_wait":{"duration":{"num":2,"min":0.006281376,"max":0.020494938,"avg":0.013388157,"var":0.000101013,"sum":0.026776314},"relative_timestamp_from_iforward_end":{"num":2,"min":0.000000238,"max":0.000001431,"avg":0.000000834,"var":0.000000000,"sum":0.000001669}},"set_input":{"duration":{"num":2,"min":0.000000238,"max":0.000000238,"avg":0.000000238,"var":0.000000000,"sum":0.000000477},"relative_timestamp_from_iforward_start":{"num":2,"min":0.000000954,"max":0.000006914,"avg":0.000003934,"var":0.000000000,"sum":0.000007868}},"get_output":{"duration":{"num":2,"min":0.000000477,"max":0.000033855,"avg":0.000017166,"var":0.000000001,"sum":0.000034332},"relative_timestamp_from_wait_end":{"num":2,"min":0.000000000,"max":0.000000954,"avg":0.000000477,"var":0.000000000,"sum":0.000000954}}}}},"65535:65535:3669993900245843967:1":{"rpc_id":3669993900245843967,"provider_id":1,"parent_rpc_id":65535,"parent_provider_id":65535,"name":"qtn_work_rpc","origin":{"sent to ofi+cxi://0x02624417":{"iforward":{"duration":{"num":1486,"min":0.000001431,"max":0.000033379,"avg":0.000001904,"var":0.000000004,"sum":0.002829552},"relative_timestamp_from_create":{"num":1486,"min":0.000002623,"max":0.001893759,"avg":0.000004256,"var":0.000003573,"sum":0.006324768}},"forward_cb":{"duration":{"num":1486,"min":0.000000000,"max":0.000001192,"avg":0.000000129,"var":0.000000000,"sum":0.000191927},"relative_timestamp_from_iforward_start":{"num":1486,"min":0.000206709,"max":0.031878471,"avg":0.008898371,"var":0.144751377,"sum":13.222979069}},"iforward_wait":{"duration":{"num":1486,"min":0.000205040,"max":0.031877518,"avg":0.008896797,"var":0.144752618,"sum":13.220640421},"relative_timestamp_from_iforward_end":{"num":1486,"min":0.000000000,"max":0.000000715,"avg":0.000000237,"var":0.000000000,"sum":0.000352621}},"set_input":{"duration":{"num":1486,"min":0.000000000,"max":0.000006914,"avg":0.000000130,"var":0.000000000,"sum":0.000192642},"relative_timestamp_from_iforward_start":{"num":1486,"min":0.000000477,"max":0.000008345,"avg":0.000000731,"var":0.000000000,"sum":0.001086950}},"get_output":{"duration":{"num":1486,"min":0.000000000,"max":0.000000238,"avg":0.000000085,"var":0.000000000,"sum":0.000126839},"relative_timestamp_from_wait_end":{"num":1486,"min":0.000000000,"max":0.000002861,"avg":0.000000154,"var":0.000000000,"sum":0.000228643}}}}},"65535:65535:65535:65535":{"rpc_id":65535,"provider_id":65535,"parent_rpc_id":65535,"parent_provider_id":65535,"name":"","target":{"received from <unknown>":{"bulk":{"create":{"duration":{"num":1486,"min":0.000002384,"max":0.001889467,"avg":0.000004006,"var":0.000003558,"sum":0.005952835},"size":{"num":1486,"min":4194304.000000000,"max":4194304.000000000,"avg":4194304.000000000,"var":0.000000000,"sum":6232735744.000000000}}}}}}},"hostname":"x4108c0s4b0n0","pid":194912,"cmdline":["/home/carns/working/src/spack/var/spack/environments/quintain-2025-07/.spack-env/view/bin/quintain-benchmark","-g","quintain.flock.json","-j","/home/carns/working/dbg/john-quintain-profile-example-2025-07/quintain-benchmark-bw.json","-o","/flare/radix-io/carns/quintain/6767526.aurora-pbs-0001.hostmgmt.cm.aurora.alcf.anl.gov/bw-sweep-servers408-clis816"]}