{"address":"","rpcs":{},"pools":{"__primary__":{"timestamps":[1753366941.850459814,1753366942.850679398,1753366943.850788116,1753366944.850806713,1753366945.850863695,1753366946.851119518,1753366956.002387285,1753366956.112377167],"size":[0,0,0,0,0,0,0,0],"total_size":[1,1,1,1,1,1,1,0]}}}