{"address":"ofi+cxi://0x0263c010","progress_loop":{"progress_with_timeout":{"num":1433,"min":0.000001669,"max":0.108422041,"avg":0.069449793,"var":3.422301536,"sum":99.521553040},"progress_timeout_value_msec":{"num":1433,"min":100.000000000,"max":100.000000000,"avg":100.000000000,"var":0.000000000,"sum":143300.000000000},"progress_without_timeout":{"num":15397301,"min":0.000000000,"max":0.000476837,"avg":0.000000155,"var":0.000000888,"sum":2.393223763},"trigger":{"num":140654,"min":0.000000000,"max":0.000046730,"avg":0.000000567,"var":0.000000056,"sum":0.079812288}},"rpcs":{"65535:65535:3669993900245843967:1":{"rpc_id":3669993900245843967,"provider_id":1,"parent_rpc_id":65535,"parent_provider_id":65535,"name":"qtn_work_rpc","target":{"received from ofi+cxi://0x02636616":{"handler":{"duration":{"num":31697,"min":0.000000477,"max":0.000020027,"avg":0.000000540,"var":0.000000005,"sum":0.017132044}},"ult":{"duration":{"num":31697,"min":0.000004530,"max":0.000045300,"avg":0.000004899,"var":0.000000029,"sum":0.155287981},"relative_timestamp_from_handler_start":{"num":31697,"min":0.000000715,"max":0.000029087,"avg":0.000000907,"var":0.000000016,"sum":0.028738260}},"irespond":{"duration":{"num":31697,"min":0.000000238,"max":0.000028610,"avg":0.000000475,"var":0.000000002,"sum":0.015058994},"relative_timestamp_from_ult_start":{"num":31697,"min":0.000000238,"max":0.000005245,"avg":0.000000299,"var":0.000000000,"sum":0.009469509}},"respond_cb":{"duration":{"num":31697,"min":0.000000000,"max":0.000028849,"avg":0.000000112,"var":0.000000002,"sum":0.003543139},"relative_timestamp_from_irespond_start":{"num":31697,"min":0.000003576,"max":0.000042200,"avg":0.000003971,"var":0.000000018,"sum":0.125862122}},"irespond_wait":{"duration":{"num":31697,"min":0.000000954,"max":0.000043631,"avg":0.000003725,"var":0.000000019,"sum":0.118065834},"relative_timestamp_from_irespond_end":{"num":31697,"min":0.000000000,"max":0.000031710,"avg":0.000000188,"var":0.000000001,"sum":0.005972147}},"set_output":{"duration":{"num":31697,"min":0.000000000,"max":0.000000477,"avg":0.000000066,"var":0.000000000,"sum":0.002104044},"relative_timestamp_from_irespond_start":{"num":31697,"min":0.000000000,"max":0.000001431,"avg":0.000000079,"var":0.000000000,"sum":0.002519846}},"get_input":{"duration":{"num":31697,"min":0.000000000,"max":0.000003576,"avg":0.000000107,"var":0.000000000,"sum":0.003395081},"relative_timestamp_from_ult_start":{"num":31697,"min":0.000000000,"max":0.000002384,"avg":0.000000124,"var":0.000000000,"sum":0.003928900}}},"received from ofi+cxi://0x0261c213":{"handler":{"duration":{"num":33397,"min":0.000000477,"max":0.000037670,"avg":0.000000536,"var":0.000000006,"sum":0.017908335}},"ult":{"duration":{"num":33397,"min":0.000004292,"max":0.000482082,"avg":0.000004893,"var":0.000000465,"sum":0.163407087},"relative_timestamp_from_handler_start":{"num":33397,"min":0.000000715,"max":0.000038147,"avg":0.000000890,"var":0.000000016,"sum":0.029737234}},"irespond":{"duration":{"num":33397,"min":0.000000238,"max":0.000029802,"avg":0.000000470,"var":0.000000003,"sum":0.015692949},"relative_timestamp_from_ult_start":{"num":33397,"min":0.000000238,"max":0.000001431,"avg":0.000000295,"var":0.000000000,"sum":0.009859562}},"respond_cb":{"duration":{"num":33397,"min":0.000000000,"max":0.000046492,"avg":0.000000106,"var":0.000000003,"sum":0.003537655},"relative_timestamp_from_irespond_start":{"num":33397,"min":0.000003576,"max":0.000480413,"avg":0.000003983,"var":0.000000457,"sum":0.133008003}},"irespond_wait":{"duration":{"num":33397,"min":0.000001192,"max":0.000480652,"avg":0.000003733,"var":0.000000458,"sum":0.124679804},"relative_timestamp_from_irespond_end":{"num":33397,"min":0.000000000,"max":0.000008106,"avg":0.000000188,"var":0.000000001,"sum":0.006271362}},"set_output":{"duration":{"num":33397,"min":0.000000000,"max":0.000029325,"avg":0.000000065,"var":0.000000001,"sum":0.002169609},"relative_timestamp_from_irespond_start":{"num":33397,"min":0.000000000,"max":0.000005484,"avg":0.000000079,"var":0.000000000,"sum":0.002645254}},"get_input":{"duration":{"num":33397,"min":0.000000000,"max":0.000000715,"avg":0.000000106,"var":0.000000000,"sum":0.003533602},"relative_timestamp_from_ult_start":{"num":33397,"min":0.000000000,"max":0.000000715,"avg":0.000000122,"var":0.000000000,"sum":0.004069328}}},"received from ofi+cxi://0x0261c00f":{"handler":{"duration":{"num":1775,"min":0.000000477,"max":0.000020504,"avg":0.000000946,"var":0.000000001,"sum":0.001679897}},"ult":{"duration":{"num":1775,"min":0.000217676,"max":0.028095007,"avg":0.004057176,"var":0.082292093,"sum":7.201487780},"relative_timestamp_from_handler_start":{"num":1775,"min":0.000000715,"max":0.028391361,"avg":0.001811414,"var":0.052821640,"sum":3.215259314}},"irespond":{"duration":{"num":1775,"min":0.000000238,"max":0.000011921,"avg":0.000000845,"var":0.000000001,"sum":0.001500368},"relative_timestamp_from_ult_start":{"num":1775,"min":0.000183582,"max":0.028074503,"avg":0.003884556,"var":0.081345052,"sum":6.895087004}},"respond_cb":{"duration":{"num":1775,"min":0.000000000,"max":0.000001907,"avg":0.000000152,"var":0.000000000,"sum":0.000270128},"relative_timestamp_from_irespond_start":{"num":1775,"min":0.000003815,"max":0.018694878,"avg":0.000123800,"var":0.000789001,"sum":0.219745159}},"irespond_wait":{"duration":{"num":1775,"min":0.000001431,"max":0.020991802,"avg":0.000142273,"var":0.001293549,"sum":0.252534866},"relative_timestamp_from_irespond_end":{"num":1775,"min":0.000000000,"max":0.000004053,"avg":0.000000284,"var":0.000000000,"sum":0.000504732}},"set_output":{"duration":{"num":1775,"min":0.000000000,"max":0.000002384,"avg":0.000000118,"var":0.000000000,"sum":0.000209332},"relative_timestamp_from_irespond_start":{"num":1775,"min":0.000000000,"max":0.000001907,"avg":0.000000175,"var":0.000000000,"sum":0.000311136}},"get_input":{"duration":{"num":1775,"min":0.000000000,"max":0.000021935,"avg":0.000000554,"var":0.000000002,"sum":0.000983953},"relative_timestamp_from_ult_start":{"num":1775,"min":0.000000000,"max":0.000004530,"avg":0.000000223,"var":0.000000000,"sum":0.000396013}},"bulk":{"create":{"duration":{"num":1775,"min":0.000002384,"max":0.027863264,"avg":0.002787322,"var":0.069170078,"sum":4.947496176},"size":{"num":1775,"min":4194304.000000000,"max":4194304.000000000,"avg":4194304.000000000,"var":0.000000000,"sum":7444889600.000000000}},"pull from ofi+cxi://0x0261c00f":{"itransfer":{"duration":{"num":1775,"min":0.000000715,"max":0.000022650,"avg":0.000001908,"var":0.000000005,"sum":0.003386497},"size":{"num":1775,"min":4194304.000000000,"max":4194304.000000000,"avg":4194304.000000000,"var":0.000000000,"sum":7444889600.000000000}},"transfer_cb":{"duration":{"num":1775,"min":0.000000000,"max":0.000004530,"avg":0.000000169,"var":0.000000000,"sum":0.000300646},"relative_timestamp_from_itransfer_start":{"num":1775,"min":0.000179529,"max":0.027345657,"avg":0.001043163,"var":0.003782681,"sum":1.851613998}},"itransfer_wait":{"duration":{"num":1775,"min":0.000179052,"max":0.027345181,"avg":0.001090093,"var":0.005210808,"sum":1.934914827},"relative_timestamp_from_itransfer_end":{"num":1775,"min":0.000000000,"max":0.000003815,"avg":0.000000325,"var":0.000000000,"sum":0.000576735}}}}},"received from ofi+cxi://0x02636415":{"handler":{"duration":{"num":1713,"min":0.000000477,"max":0.000010967,"avg":0.000000958,"var":0.000000001,"sum":0.001640797}},"ult":{"duration":{"num":1713,"min":0.000189781,"max":0.030287266,"avg":0.004058798,"var":0.078242197,"sum":6.952721596},"relative_timestamp_from_handler_start":{"num":1713,"min":0.000000715,"max":0.021083593,"avg":0.001567199,"var":0.044763689,"sum":2.684612513}},"irespond":{"duration":{"num":1713,"min":0.000000238,"max":0.000007153,"avg":0.000000825,"var":0.000000001,"sum":0.001413345},"relative_timestamp_from_ult_start":{"num":1713,"min":0.000182390,"max":0.030272722,"avg":0.003873291,"var":0.077806837,"sum":6.634947062}},"respond_cb":{"duration":{"num":1713,"min":0.000000000,