{"address":"","progress_loop":{"progress_with_timeout":{"num":2310,"min":0.000001907,"max":0.107391357,"avg":0.082662799,"var":4.053233225,"sum":190.951066494},"progress_timeout_value_msec":{"num":2310,"min":100.000000000,"max":100.000000000,"avg":100.000000000,"var":0.000000000,"sum":231000.000000000},"progress_without_timeout":{"num":15252927,"min":0.000000000,"max":0.000474930,"avg":0.000000155,"var":0.000000908,"sum":2.363684177},"trigger":{"num":126253,"min":0.000000000,"max":0.000038862,"avg":0.000000579,"var":0.000000053,"sum":0.073123455}},"rpcs":{"65535:65535:3669993900245843967:1":{"rpc_id":3669993900245843967,"provider_id":1,"parent_rpc_id":65535,"parent_provider_id":65535,"name":"qtn_work_rpc","target":{"received from ofi+cxi://0x06f1e417":{"handler":{"duration":{"num":28122,"min":0.000000238,"max":0.000021935,"avg":0.000000567,"var":0.000000006,"sum":0.015932083}},"ult":{"duration":{"num":28122,"min":0.000004530,"max":0.000480890,"avg":0.000004897,"var":0.000000475,"sum":0.137706518},"relative_timestamp_from_handler_start":{"num":28122,"min":0.000000477,"max":0.000042439,"avg":0.000000920,"var":0.000000018,"sum":0.025860310}},"irespond":{"duration":{"num":28122,"min":0.000000238,"max":0.000033855,"avg":0.000000474,"var":0.000000004,"sum":0.013324261},"relative_timestamp_from_ult_start":{"num":28122,"min":0.000000238,"max":0.000035048,"avg":0.000000298,"var":0.000000002,"sum":0.008393526}},"respond_cb":{"duration":{"num":28122,"min":0.000000000,"max":0.000021935,"avg":0.000000109,"var":0.000000001,"sum":0.003051519},"relative_timestamp_from_irespond_start":{"num":28122,"min":0.000003576,"max":0.000478983,"avg":0.000003987,"var":0.000000465,"sum":0.112122059}},"irespond_wait":{"duration":{"num":28122,"min":0.000001192,"max":0.000479221,"avg":0.000003734,"var":0.000000463,"sum":0.105016232},"relative_timestamp_from_irespond_end":{"num":28122,"min":0.000000000,"max":0.000006914,"avg":0.000000184,"var":0.000000000,"sum":0.005170584}},"set_output":{"duration":{"num":28122,"min":0.000000000,"max":0.000000238,"avg":0.000000063,"var":0.000000000,"sum":0.001758337},"relative_timestamp_from_irespond_start":{"num":28122,"min":0.000000000,"max":0.000030279,"avg":0.000000078,"var":0.000000001,"sum":0.002205372}},"get_input":{"duration":{"num":28122,"min":0.000000000,"max":0.000004768,"avg":0.000000107,"var":0.000000000,"sum":0.003005743},"relative_timestamp_from_ult_start":{"num":28122,"min":0.000000000,"max":0.000020504,"avg":0.000000123,"var":0.000000001,"sum":0.003451347}}},"received from ofi+cxi://0x06f12210":{"handler":{"duration":{"num":29359,"min":0.000000477,"max":0.000030041,"avg":0.000000568,"var":0.000000008,"sum":0.016670704}},"ult":{"duration":{"num":29359,"min":0.000004292,"max":0.000065804,"avg":0.000004870,"var":0.000000027,"sum":0.142975807},"relative_timestamp_from_handler_start":{"num":29359,"min":0.000000715,"max":0.000036955,"avg":0.000000925,"var":0.000000019,"sum":0.027152061}},"irespond":{"duration":{"num":29359,"min":0.000000238,"max":0.000008821,"avg":0.000000474,"var":0.000000001,"sum":0.013910532},"relative_timestamp_from_ult_start":{"num":29359,"min":0.000000238,"max":0.000005245,"avg":0.000000298,"var":0.000000000,"sum":0.008744717}},"respond_cb":{"duration":{"num":29359,"min":0.000000000,"max":0.000000477,"avg":0.000000107,"var":0.000000000,"sum":0.003136158},"relative_timestamp_from_irespond_start":{"num":29359,"min":0.000003576,"max":0.000060081,"avg":0.000003963,"var":0.000000023,"sum":0.116348982}},"irespond_wait":{"duration":{"num":29359,"min":0.000000954,"max":0.000064373,"avg":0.000003706,"var":0.000000022,"sum":0.108796120},"relative_timestamp_from_irespond_end":{"num":29359,"min":0.000000000,"max":0.000019789,"avg":0.000000186,"var":0.000000001,"sum":0.005454063}},"set_output":{"duration":{"num":29359,"min":0.000000000,"max":0.000000238,"avg":0.000000063,"var":0.000000000,"sum":0.001843452},"relative_timestamp_from_irespond_start":{"num":29359,"min":0.000000000,"max":0.000008345,"avg":0.000000081,"var":0.000000000,"sum":0.002377748}},"get_input":{"duration":{"num":29359,"min":0.000000000,"max":0.000000715,"avg":0.000000106,"var":0.000000000,"sum":0.003117561},"relative_timestamp_from_ult_start":{"num":29359,"min":0.000000000,"max":0.000005007,"avg":0.000000123,"var":0.000000000,"sum":0.003623724}}},"received from ofi+cxi://0x06f1e60e":{"handler":{"duration":{"num":1890,"min":0.000000477,"max":0.000012159,"avg":0.000000877,"var":0.000000001,"sum":0.001657248}},"ult":{"duration":{"num":1890,"min":0.000190735,"max":0.029769659,"avg":0.003789556,"var":0.091953359,"sum":7.162260294},"relative_timestamp_from_handler_start":{"num":1890,"min":0.000000715,"max":0.026763916,"avg":0.001566756,"var":0.053746154,"sum":2.961168766}},"irespond":{"duration":{"num":1890,"min":0.000000238,"max":0.000014544,"avg":0.000000853,"var":0.000000001,"sum":0.001612902},"relative_timestamp_from_ult_start":{"num":1890,"min":0.000183344,"max":0.029756308,"avg":0.003640869,"var":0.091709819,"sum":6.881242752}},"respond_cb":{"duration":{"num":1890,"min":0.000000000,"max":0.000004292,"avg":0.000000172,"var":0.000000000,"sum":0.000325918},"relative_timestamp_from_irespond_start":{"num":1890,"min":0.000003815,"max":0.002950430,"avg":0.000120886,"var":0.000207060,"sum":0.228473902}},"irespond_wait":{"duration":{"num":1890,"min":0.000003338,"max":0.005552292,"avg":0.000127413,"var":0.000282415,"sum":0.240811110},"relative_timestamp_from_irespond_end":{"num":1890,"min":0.000000000,"max":0.000003576,"avg":0.000000302,"var":0.000000000,"sum":0.000571012}},"set_output":{"duration":{"num":1890,"min":0.000000000,"max":0.000001431,"avg":0.000000111,"var":0.000000000,"sum":0.000209332},"relative_timestamp_from_irespond_start":{"num":1890,"min":0.000000000,"max":0.000013113,"avg":0.000000187,"var":0.000000000,"sum":0.000354290}},"get_input":{"duration":{"num":1890,"min":0.000000000,"max":0.000022888,"avg":0.000000552,"var":0.000000002,"sum":0.001043797},"relative_timestamp_from_ult_start":{"num":1890,"min":0.000000000,"max":0.000022173,"avg":0.000000219,"var":0.000000001,"sum":0.000414133}},"bulk":{"create":{"duration":{"num":1890,"min":0.000002384,"max":0.027095795,"avg":0.002621405,"var":0.076550632,"sum":4.954455853},"size":{"num":1890,"min":4194304.000000000,"max":4194304.000000000,"avg":4194304.000000000,"var":0.000000000,"sum":7927234560.000000000}},"pull from ofi+cxi://0x06f1e60e":{"itransfer":{"duration":{"num":1890,"min":0.000000715,"max":0.000031471,"avg":0.000001866,"var":0.000000009,"sum":0.003527641},"size":{"num":1890,"min":4194304.000000000,"max":4194304.000000000,"avg":4194304.000000000,"var":0.000000000,"sum":7927234560.000000000}},"transfer_cb":{"duration":{"num":1890,"min":0.000000000,"max":0.000004292,"avg":0.000000171,"var":0.000000000,"sum":0.000323296},"relative_timestamp_from_itransfer_start":{"num":1890,"min":0.000179768,"max":0.027626753,"avg":0.000943794,"var":0.003633084,"sum":1.783771276}},"itransfer_wait":{"duration":{"num":1890,"min":0.000178814,"max":0.029748440,"avg":0.001013399,"var":0.006640938,"sum":1.915323257},"relative_timestamp_from_itransfer_end":{"num":1890,"min":0.000000000,"max":0.000006199,"avg":0.000000347,"var":0.000000000,"sum":0.000655651}}}}},"received from ofi+cxi://0x06f1a20d":{"handler":{"duration":{"num":1873,"min":0.000000477,"max":0.000008583,"avg":0.000000844,"var":0.000000001,"sum":0.001581192}},"ult":{"duration":{"num":1873,"min":0.000189304,"max":0.029880285,"avg":0.003649697,"var":0.086751469,"sum":6.835882664},"relative_timestamp_from_handler_start":{"num":1873,"min":0.000000715,"max":0.021673441,"avg":0.001651768,"var":0.055881324,"sum":3.093762159}},"irespond":{"duration":{"num":1873,"min":0.000000238,"max":0.000011444,"avg":0.000000830,"var":0.000000001,"sum":0.001554728},"relative_timestamp_from_ult_start":{"num":1873,"min":0.000182152,"max":0.029863834,"avg":0.003511760,"var":0.086158234,"sum":6.577526808}},"respond_cb":{"duration":{"num":1873,"min":0.000000000,"max":0.000005484,