{"address":"","rpcs":{},"pools":{"__primary__":{"timestamps":[1753367037.313089609,1753367038.331567049,1753367039.346063137,1753367040.360564232,1753367041.371692181,1753367042.375016451,1753367043.375213146,1753367044.379814148,1753367047.153933287,1753367048.162327290,1753367049.177820921,1753367050.178324223,1753367051.178503752,1753367052.522716045,1753367052.642293453],"size":[0,0,0,0,0,0,0,0,0,0,0,0,0,0,0],"total_size":[1,1,1,1,1,1,1,1,1,1,1,1,1,1,0]}}}