{"address":"","progress_loop":{"progress_with_timeout":{"num":2298,"min":0.000001669,"max":0.108556271,"avg":0.081960193,"var":4.127895438,"sum":188.344524622},"progress_timeout_value_msec":{"num":2298,"min":100.000000000,"max":100.000000000,"avg":100.000000000,"var":0.000000000,"sum":229800.000000000},"progress_without_timeout":{"num":15033955,"min":0.000000000,"max":0.000530958,"avg":0.000000155,"var":0.000001182,"sum":2.335013866},"trigger":{"num":96454,"min":0.000000000,"max":0.000037670,"avg":0.000000645,"var":0.000000061,"sum":0.062200069}},"rpcs":{"65535:65535:3669993900245843967:1":{"rpc_id":3669993900245843967,"provider_id":1,"parent_rpc_id":65535,"parent_provider_id":65535,"name":"qtn_work_rpc","target":{"received from ofi+cxi://0x06f0a411":{"handler":{"duration":{"num":22201,"min":0.000000477,"max":0.000031710,"avg":0.000000626,"var":0.000000008,"sum":0.013894796}},"ult":{"duration":{"num":22201,"min":0.000004530,"max":0.000536919,"avg":0.000004933,"var":0.000000311,"sum":0.109508038},"relative_timestamp_from_handler_start":{"num":22201,"min":0.000000715,"max":0.000034571,"avg":0.000001001,"var":0.000000019,"sum":0.022214174}},"irespond":{"duration":{"num":22201,"min":0.000000238,"max":0.000016689,"avg":0.000000507,"var":0.000000002,"sum":0.011259794},"relative_timestamp_from_ult_start":{"num":22201,"min":0.000000238,"max":0.000031710,"avg":0.000000299,"var":0.000000001,"sum":0.006641865}},"respond_cb":{"duration":{"num":22201,"min":0.000000000,"max":0.000003338,"avg":0.000000113,"var":0.000000000,"sum":0.002502441},"relative_timestamp_from_irespond_start":{"num":22201,"min":0.000003576,"max":0.000535011,"avg":0.000004005,"var":0.000000303,"sum":0.088923454}},"irespond_wait":{"duration":{"num":22201,"min":0.000001669,"max":0.000535488,"avg":0.000003730,"var":0.000000302,"sum":0.082819939},"relative_timestamp_from_irespond_end":{"num":22201,"min":0.000000000,"max":0.000026464,"avg":0.000000180,"var":0.000000001,"sum":0.004005194}},"set_output":{"duration":{"num":22201,"min":0.000000000,"max":0.000000477,"avg":0.000000079,"var":0.000000000,"sum":0.001762390},"relative_timestamp_from_irespond_start":{"num":22201,"min":0.000000000,"max":0.000002146,"avg":0.000000083,"var":0.000000000,"sum":0.001851320}},"get_input":{"duration":{"num":22201,"min":0.000000000,"max":0.000005722,"avg":0.000000103,"var":0.000000000,"sum":0.002290487},"relative_timestamp_from_ult_start":{"num":22201,"min":0.000000000,"max":0.000031471,"avg":0.000000127,"var":0.000000001,"sum":0.002823591}}},"received from ofi+cxi://0x06f06013":{"handler":{"duration":{"num":21771,"min":0.000000477,"max":0.000033140,"avg":0.000000660,"var":0.000000010,"sum":0.014364004}},"ult":{"duration":{"num":21771,"min":0.000004530,"max":0.000486612,"avg":0.000004927,"var":0.000000249,"sum":0.107257128},"relative_timestamp_from_handler_start":{"num":21771,"min":0.000000715,"max":0.000035763,"avg":0.000001032,"var":0.000000022,"sum":0.022471905}},"irespond":{"duration":{"num":21771,"min":0.000000238,"max":0.000022888,"avg":0.000000512,"var":0.000000002,"sum":0.011155844},"relative_timestamp_from_ult_start":{"num":21771,"min":0.000000238,"max":0.000021458,"avg":0.000000299,"var":0.000000001,"sum":0.006505251}},"respond_cb":{"duration":{"num":21771,"min":0.000000000,"max":0.000000477,"avg":0.000000114,"var":0.000000000,"sum":0.002491474},"relative_timestamp_from_irespond_start":{"num":21771,"min":0.000003576,"max":0.000484943,"avg":0.000004000,"var":0.000000242,"sum":0.087082624}},"irespond_wait":{"duration":{"num":21771,"min":0.000003338,"max":0.000485182,"avg":0.000003720,"var":0.000000240,"sum":0.080986500},"relative_timestamp_from_irespond_end":{"num":21771,"min":0.000000000,"max":0.000000477,"avg":0.000000179,"var":0.000000000,"sum":0.003903151}},"set_output":{"duration":{"num":21771,"min":0.000000000,"max":0.000000477,"avg":0.000000079,"var":0.000000000,"sum":0.001715899},"relative_timestamp_from_irespond_start":{"num":21771,"min":0.000000000,"max":0.000005245,"avg":0.000000085,"var":0.000000000,"sum":0.001848221}},"get_input":{"duration":{"num":21771,"min":0.000000000,"max":0.000000954,"avg":0.000000101,"var":0.000000000,"sum":0.002188206},"relative_timestamp_from_ult_start":{"num":21771,"min":0.000000000,"max":0.000001669,"avg":0.000000127,"var":0.000000000,"sum":0.002762556}}},"received from ofi+cxi://0x06f0e217":{"handler":{"duration":{"num":1400,"min":0.000000238,"max":0.000010729,"avg":0.000001075,"var":0.000000001,"sum":0.001504421}},"ult":{"duration":{"num":1400,"min":0.000188828,"max":0.032197237,"avg":0.005233358,"var":0.087658001,"sum":7.326701403},"relative_timestamp_from_handler_start":{"num":1400,"min":0.000000477,"max":0.022555590,"avg":0.001206938,"var":0.030725489,"sum":1.689713717}},"irespond":{"duration":{"num":1400,"min":0.000000238,"max":0.000013590,"avg":0.000001039,"var":0.000000001,"sum":0.001454353},"relative_timestamp_from_ult_start":{"num":1400,"min":0.000182152,"max":0.032183170,"avg":0.005076565,"var":0.087437234,"sum":7.107191324}},"respond_cb":{"duration":{"num":1400,"min":0.000000000,"max":0.000002623,"avg":0.000000175,"var":0.000000000,"sum":0.000245333},"relative_timestamp_from_irespond_start":{"num":1400,"min":0.000003576,"max":0.012212038,"avg":0.000126198,"var":0.000272795,"sum":0.176677227}},"irespond_wait":{"duration":{"num":1400,"min":0.000003338,"max":0.013950825,"avg":0.000128767,"var":0.000327058,"sum":0.180273294},"relative_timestamp_from_irespond_end":{"num":1400,"min":0.000000000,"max":0.000005007,"avg":0.000000315,"var":0.000000000,"sum":0.000440836}},"set_output":{"duration":{"num":1400,"min":0.000000000,"max":0.000002861,"avg":0.000000139,"var":0.000000000,"sum":0.000195026},"relative_timestamp_from_irespond_start":{"num":1400,"min":0.000000000,"max":0.000005245,"avg":0.000000259,"var":0.000000000,"sum":0.000363111}},"get_input":{"duration":{"num":1400,"min":0.000000000,"max":0.000020266,"avg":0.000000651,"var":0.000000001,"sum":0.000911474},"relative_timestamp_from_ult_start":{"num":1400,"min":0.000000000,"max":0.000005960,"avg":0.000000234,"var":0.000000000,"sum":0.000327349}},"bulk":{"create":{"duration":{"num":1400,"min":0.000002146,"max":0.029991150,"avg":0.003919495,"var":0.076636295,"sum":5.487293482},"size":{"num":1400,"min":4194304.000000000,"max":4194304.000000000,"avg":4194304.000000000,"var":0.000000000,"sum":5872025600.000000000}},"pull from ofi+cxi://0x06f0e217":{"itransfer":{"duration":{"num":1400,"min":0.000000477,"max":0.000021696,"avg":0.000002308,"var":0.000000005,"sum":0.003231287},"size":{"num":1400,"min":4194304.000000000,"max":4194304.000000000,"avg":4194304.000000000,"var":0.000000000,"sum":5872025600.000000000}},"transfer_cb":{"duration":{"num":1400,"min":0.000000000,"max":0.000004053,"avg":0.000000203,"var":0.000000000,"sum":0.000283718},"relative_timestamp_from_itransfer_start":{"num":1400,"min":0.000178576,"max":0.021901608,"avg":0.001130572,"var":0.002366945,"sum":1.582801342}},"itransfer_wait":{"duration":{"num":1400,"min":0.000178099,"max":0.021901131,"avg":0.001146574,"var":0.002785798,"sum":1.605203629},"relative_timestamp_from_itransfer_end":{"num":1400,"min":0.000000000,"max":0.000005484,"avg":0.000000333,"var":0.000000000,"sum":0.000466824}}}}},"received from ofi+cxi://0x06f0a614":{"handler":{"duration":{"num":1436,"min":0.000000238,"max":0.000009775,"avg":0.000001160,"var":0.000000001,"sum":0.001665354}},"ult":{"duration":{"num":1436,"min":0.000200748,"max":0.024906874,"avg":0.006122027,"var":0.107438448,"sum":8.791231394},"relative_timestamp_from_handler_start":{"num":1436,"min":0.000000477,"max":0.030004263,"avg":0.001087971,"var":0.027795993,"sum":1.562326670}},"irespond":{"duration":{"num":1436,"min":0.000000238,"max":0.000015259,"avg":0.000001006,"var":0.000000001,"sum":0.001444101},"relative_timestamp_from_ult_start":{"num":1436,"min":0.000187874,"max":0.024885893,"avg":0.005993829,"var":0.108221390,"sum":8.607139111}},"respond_cb":{"duration":{"num":1436,"min":0.000000000,"max":0.000002623,