{"address":"","rpcs":{},"pools":{"__primary__":{"timestamps":[1753558083.757889032,1753558084.758453846,1753558085.758458138,1753558086.758536577,1753558087.758730888,1753558088.758927107,1753558094.584419727,1753558094.715438128],"size":[0,0,0,0,0,0,0,0],"total_size":[1,1,1,1,1,1,1,0]}}}