{"address":"","progress_loop":{"progress_with_timeout":{"num":35898,"min":0.000001192,"max":0.102255583,"avg":0.000143369,"var":0.012593448,"sum":5.146648645},"progress_timeout_value_msec":{"num":35898,"min":100.000000000,"max":100.000000000,"avg":100.000000000,"var":0.000000000,"sum":3589800.000000000},"progress_without_timeout":{"num":0,"min":0.000000000,"max":0.000000000,"avg":0.000000000,"var":0.000000000,"sum":0.000000000},"trigger":{"num":35866,"min":0.000000238,"max":0.000007868,"avg":0.000000317,"var":0.000000001,"sum":0.011373281}},"rpcs":{"65535:65535:7940397281847607295:2":{"rpc_id":7940397281847607295,"provider_id":2,"parent_rpc_id":65535,"parent_provider_id":65535,"name":"__identity__","origin":{"sent to ofi+cxi://0x06f2600c":{"iforward":{"duration":{"num":1,"min":0.003013849,"max":0.003013849,"avg":0.003013849,"var":0.000000000,"sum":0.003013849},"relative_timestamp_from_create":{"num":1,"min":0.000018597,"max":0.000018597,"avg":0.000018597,"var":0.000000000,"sum":0.000018597}},"forward_cb":{"duration":{"num":1,"min":0.000003815,"max":0.000003815,"avg":0.000003815,"var":0.000000000,"sum":0.000003815},"relative_timestamp_from_iforward_start":{"num":1,"min":0.026582479,"max":0.026582479,"avg":0.026582479,"var":0.000000000,"sum":0.026582479}},"iforward_wait":{"duration":{"num":1,"min":0.023576021,"max":0.023576021,"avg":0.023576021,"var":0.000000000,"sum":0.023576021},"relative_timestamp_from_iforward_end":{"num":1,"min":0.000001192,"max":0.000001192,"avg":0.000001192,"var":0.000000000,"sum":0.000001192}},"set_input":{"duration":{"num":0,"min":0.000000000,"max":0.000000000,"avg":0.000000000,"var":0.000000000,"sum":0.000000000},"relative_timestamp_from_iforward_start":{"num":0,"min":0.000000000,"max":0.000000000,"avg":0.000000000,"var":0.000000000,"sum":0.000000000}},"get_output":{"duration":{"num":1,"min":0.000006676,"max":0.000006676,"avg":0.000006676,"var":0.000000000,"sum":0.000006676},"relative_timestamp_from_wait_end":{"num":1,"min":0.000001431,"max":0.000001431,"avg":0.000001431,"var":0.000000000,"sum":0.000001431}}}}},"65535:65535:9722976651498815487:2":{"rpc_id":9722976651498815487,"provider_id":2,"parent_rpc_id":65535,"parent_provider_id":65535,"name":"flock_get_view","origin":{"sent to ofi+cxi://0x06f2600c":{"iforward":{"duration":{"num":2,"min":0.000014544,"max":0.000029802,"avg":0.000022173,"var":0.000000000,"sum":0.000044346},"relative_timestamp_from_create":{"num":2,"min":0.000000238,"max":0.000001192,"avg":0.000000715,"var":0.000000000,"sum":0.000001431}},"forward_cb":{"duration":{"num":2,"min":0.000000238,"max":0.000000715,"avg":0.000000477,"var":0.000000000,"sum":0.000000954},"relative_timestamp_from_iforward_start":{"num":2,"min":0.004239798,"max":0.027859926,"avg":0.016049862,"var":0.000278955,"sum":0.032099724}},"iforward_wait":{"duration":{"num":2,"min":0.004225731,"max":0.027830839,"avg":0.016028285,"var":0.000278601,"sum":0.032056570},"relative_timestamp_from_iforward_end":{"num":2,"min":0.000000238,"max":0.000001431,"avg":0.000000834,"var":0.000000000,"sum":0.000001669}},"set_input":{"duration":{"num":2,"min":0.000000238,"max":0.000000238,"avg":0.000000238,"var":0.000000000,"sum":0.000000477},"relative_timestamp_from_iforward_start":{"num":2,"min":0.000003338,"max":0.000013828,"avg":0.000008583,"var":0.000000000,"sum":0.000017166}},"get_output":{"duration":{"num":2,"min":0.000000477,"max":0.000034809,"avg":0.000017643,"var":0.000000001,"sum":0.000035286},"relative_timestamp_from_wait_end":{"num":2,"min":0.000000238,"max":0.000001431,"avg":0.000000834,"var":0.000000000,"sum":0.000001669}}}}},"65535:65535:3669993900245843967:1":{"rpc_id":3669993900245843967,"provider_id":1,"parent_rpc_id":65535,"parent_provider_id":65535,"name":"qtn_work_rpc","origin":{"sent to ofi+cxi://0x06f58410":{"iforward":{"duration":{"num":35862,"min":0.000001669,"max":0.000037432,"avg":0.000002043,"var":0.000000006,"sum":0.073267221},"relative_timestamp_from_create":{"num":35862,"min":0.000000000,"max":0.000001431,"avg":0.000000086,"var":0.000000000,"sum":0.003092051}},"forward_cb":{"duration":{"num":35862,"min":0.000000000,"max":0.000003576,"avg":0.000000143,"var":0.000000001,"sum":0.005112648},"relative_timestamp_from_iforward_start":{"num":35862,"min":0.000009060,"max":0.000964642,"avg":0.000141750,"var":0.000847889,"sum":5.083424091}},"iforward_wait":{"duration":{"num":35862,"min":0.000005960,"max":0.000963688,"avg":0.000140181,"var":0.000847972,"sum":5.027176619},"relative_timestamp_from_iforward_end":{"num":35862,"min":0.000000000,"max":0.000003576,"avg":0.000000163,"var":0.000000000,"sum":0.005860329}},"set_input":{"duration":{"num":35862,"min":0.000000000,"max":0.000003338,"avg":0.000000096,"var":0.000000001,"sum":0.003450155},"relative_timestamp_from_iforward_start":{"num":35862,"min":0.000000715,"max":0.000008583,"avg":0.000000852,"var":0.000000001,"sum":0.030548811}},"get_output":{"duration":{"num":35862,"min":0.000000000,"max":0.000002623,"avg":0.000000100,"var":0.000000001,"sum":0.003578663},"relative_timestamp_from_wait_end":{"num":35862,"min":0.000000000,"max":0.000002623,"avg":0.000000162,"var":0.000000000,"sum":0.005793333}}}}}},"hostname":"x4418c0s7b0n0","pid":8255,"cmdline":["/home/carns/working/src/spack/var/spack/environments/quintain-2025-07/.spack-env/view/bin/quintain-benchmark","-g","quintain.flock.json","-j","/home/carns/working/dbg/john-quintain-profile-example-2025-07/quintain-benchmark-rpc.json","-o","/flare/radix-io/carns/quintain/6710290.aurora-pbs-0001.hostmgmt.cm.aurora.alcf.anl.gov/rpc-sweep-servers408-clis816"]}