{"address":"ofi+cxi://0x02606014","progress_loop":{"progress_with_timeout":{"num":1614,"min":0.000001431,"max":0.102364302,"avg":0.007928191,"var":0.157594660,"sum":12.796100378},"progress_timeout_value_msec":{"num":1614,"min":100.000000000,"max":100.000000000,"avg":100.000000000,"var":0.000000000,"sum":161400.000000000},"progress_without_timeout":{"num":0,"min":0.000000000,"max":0.000000000,"avg":0.000000000,"var":0.000000000,"sum":0.000000000},"trigger":{"num":1610,"min":0.000000238,"max":0.000006914,"avg":0.000000291,"var":0.000000000,"sum":0.000468254}},"rpcs":{"65535:65535:7940397281847607295:2":{"rpc_id":7940397281847607295,"provider_id":2,"parent_rpc_id":65535,"parent_provider_id":65535,"name":"__identity__","origin":{"sent to ofi+cxi://0x0262200d":{"iforward":{"duration":{"num":1,"min":0.000099421,"max":0.000099421,"avg":0.000099421,"var":0.000000000,"sum":0.000099421},"relative_timestamp_from_create":{"num":1,"min":0.000005245,"max":0.000005245,"avg":0.000005245,"var":0.000000000,"sum":0.000005245}},"forward_cb":{"duration":{"num":1,"min":0.000003099,"max":0.000003099,"avg":0.000003099,"var":0.000000000,"sum":0.000003099},"relative_timestamp_from_iforward_start":{"num":1,"min":0.004612684,"max":0.004612684,"avg":0.004612684,"var":0.000000000,"sum":0.004612684}},"iforward_wait":{"duration":{"num":1,"min":0.004519939,"max":0.004519939,"avg":0.004519939,"var":0.000000000,"sum":0.004519939},"relative_timestamp_from_iforward_end":{"num":1,"min":0.000000477,"max":0.000000477,"avg":0.000000477,"var":0.000000000,"sum":0.000000477}},"set_input":{"duration":{"num":0,"min":0.000000000,"max":0.000000000,"avg":0.000000000,"var":0.000000000,"sum":0.000000000},"relative_timestamp_from_iforward_start":{"num":0,"min":0.000000000,"max":0.000000000,"avg":0.000000000,"var":0.000000000,"sum":0.000000000}},"get_output":{"duration":{"num":1,"min":0.000005722,"max":0.000005722,"avg":0.000005722,"var":0.000000000,"sum":0.000005722},"relative_timestamp_from_wait_end":{"num":1,"min":0.000001192,"max":0.000001192,"avg":0.000001192,"var":0.000000000,"sum":0.000001192}}}}},"65535:65535:9722976651498815487:2":{"rpc_id":9722976651498815487,"provider_id":2,"parent_rpc_id":65535,"parent_provider_id":65535,"name":"flock_get_view","origin":{"sent to ofi+cxi://0x0262200d":{"iforward":{"duration":{"num":2,"min":0.000010490,"max":0.000017881,"avg":0.000014186,"var":0.000000000,"sum":0.000028372},"relative_timestamp_from_create":{"num":2,"min":0.000000238,"max":0.000000954,"avg":0.000000596,"var":0.000000000,"sum":0.000001192}},"forward_cb":{"duration":{"num":2,"min":0.000000238,"max":0.000000238,"avg":0.000000238,"var":0.000000000,"sum":0.000000477},"relative_timestamp_from_iforward_start":{"num":2,"min":0.012201786,"max":0.017945051,"avg":0.015073419,"var":0.000016493,"sum":0.030146837}},"iforward_wait":{"duration":{"num":2,"min":0.012191772,"max":0.017926931,"avg":0.015059352,"var":0.000016446,"sum":0.030118704},"relative_timestamp_from_iforward_end":{"num":2,"min":0.000000238,"max":0.000001192,"avg":0.000000715,"var":0.000000000,"sum":0.000001431}},"set_input":{"duration":{"num":2,"min":0.000000238,"max":0.000000238,"avg":0.000000238,"var":0.000000000,"sum":0.000000477},"relative_timestamp_from_iforward_start":{"num":2,"min":0.000000954,"max":0.000005245,"avg":0.000003099,"var":0.000000000,"sum":0.000006199}},"get_output":{"duration":{"num":2,"min":0.000000238,"max":0.000032902,"avg":0.000016570,"var":0.000000001,"sum":0.000033140},"relative_timestamp_from_wait_end":{"num":2,"min":0.000000238,"max":0.000000954,"avg":0.000000596,"var":0.000000000,"sum":0.000001192}}}}},"65535:65535:3669993900245843967:1":{"rpc_id":3669993900245843967,"provider_id":1,"parent_rpc_id":65535,"parent_provider_id":65535,"name":"qtn_work_rpc","origin":{"sent to ofi+cxi://0x02634617":{"iforward":{"duration":{"num":1606,"min":0.000001431,"max":0.000033855,"avg":0.000001822,"var":0.000000004,"sum":0.002926350},"relative_timestamp_from_create":{"num":1606,"min":0.000002384,"max":0.001471281,"avg":0.000003786,"var":0.000002156,"sum":0.006080866}},"forward_cb":{"duration":{"num":1606,"min":0.000000000,"max":0.000005722,"avg":0.000000134,"var":0.000000000,"sum":0.000215054},"relative_timestamp_from_iforward_start":{"num":1606,"min":0.000194311,"max":0.031316042,"avg":0.007884852,"var":0.148294192,"sum":12.663071632}},"iforward_wait":{"duration":{"num":1606,"min":0.000193119,"max":0.031314850,"avg":0.007883375,"var":0.148293136,"sum":12.660699844},"relative_timestamp_from_iforward_end":{"num":1606,"min":0.000000000,"max":0.000000715,"avg":0.000000229,"var":0.000000000,"sum":0.000367880}},"set_input":{"duration":{"num":1606,"min":0.000000000,"max":0.000004292,"avg":0.000000125,"var":0.000000000,"sum":0.000201464},"relative_timestamp_from_iforward_start":{"num":1606,"min":0.000000477,"max":0.000006676,"avg":0.000000725,"var":0.000000000,"sum":0.001163721}},"get_output":{"duration":{"num":1606,"min":0.000000000,"max":0.000000238,"avg":0.000000083,"var":0.000000000,"sum":0.000133753},"relative_timestamp_from_wait_end":{"num":1606,"min":0.000000000,"max":0.000003099,"avg":0.000000159,"var":0.000000000,"sum":0.000255823}}}}},"65535:65535:65535:65535":{"rpc_id":65535,"provider_id":65535,"parent_rpc_id":65535,"parent_provider_id":65535,"name":"","target":{"received from <unknown>":{"bulk":{"create":{"duration":{"num":1606,"min":0.000002146,"max":0.001466751,"avg":0.000003595,"var":0.000002143,"sum":0.005772829},"size":{"num":1606,"min":4194304.000000000,"max":4194304.000000000,"avg":4194304.000000000,"var":0.000000000,"sum":6736052224.000000000}}}}}}},"hostname":"x4108c0s2b0n0","pid":33404,"cmdline":["/home/carns/working/src/spack/var/spack/environments/quintain-2025-07/.spack-env/view/bin/quintain-benchmark","-g","quintain.flock.json","-j","/home/carns/working/dbg/john-quintain-profile-example-2025-07/quintain-benchmark-bw.json","-o","/flare/radix-io/carns/quintain/6767526.aurora-pbs-0001.hostmgmt.cm.aurora.alcf.anl.gov/bw-sweep-servers408-clis816"]}