{"address":"","progress_loop":{"progress_with_timeout":{"num":1708,"min":0.000001192,"max":0.103304863,"avg":0.006965290,"var":0.167462384,"sum":11.896714926},"progress_timeout_value_msec":{"num":1708,"min":100.000000000,"max":100.000000000,"avg":100.000000000,"var":0.000000000,"sum":170800.000000000},"progress_without_timeout":{"num":0,"min":0.000000000,"max":0.000000000,"avg":0.000000000,"var":0.000000000,"sum":0.000000000},"trigger":{"num":1698,"min":0.000000238,"max":0.000012636,"avg":0.000000296,"var":0.000000000,"sum":0.000503302}},"rpcs":{"65535:65535:7940397281847607295:2":{"rpc_id":7940397281847607295,"provider_id":2,"parent_rpc_id":65535,"parent_provider_id":65535,"name":"__identity__","origin":{"sent to ofi+cxi://0x06f2600c":{"iforward":{"duration":{"num":1,"min":0.000092030,"max":0.000092030,"avg":0.000092030,"var":0.000000000,"sum":0.000092030},"relative_timestamp_from_create":{"num":1,"min":0.000003099,"max":0.000003099,"avg":0.000003099,"var":0.000000000,"sum":0.000003099}},"forward_cb":{"duration":{"num":1,"min":0.000011206,"max":0.000011206,"avg":0.000011206,"var":0.000000000,"sum":0.000011206},"relative_timestamp_from_iforward_start":{"num":1,"min":0.017068386,"max":0.017068386,"avg":0.017068386,"var":0.000000000,"sum":0.017068386}},"iforward_wait":{"duration":{"num":1,"min":0.016994238,"max":0.016994238,"avg":0.016994238,"var":0.000000000,"sum":0.016994238},"relative_timestamp_from_iforward_end":{"num":1,"min":0.000000238,"max":0.000000238,"avg":0.000000238,"var":0.000000000,"sum":0.000000238}},"set_input":{"duration":{"num":0,"min":0.000000000,"max":0.000000000,"avg":0.000000000,"var":0.000000000,"sum":0.000000000},"relative_timestamp_from_iforward_start":{"num":0,"min":0.000000000,"max":0.000000000,"avg":0.000000000,"var":0.000000000,"sum":0.000000000}},"get_output":{"duration":{"num":1,"min":0.000008345,"max":0.000008345,"avg":0.000008345,"var":0.000000000,"sum":0.000008345},"relative_timestamp_from_wait_end":{"num":1,"min":0.000001669,"max":0.000001669,"avg":0.000001669,"var":0.000000000,"sum":0.000001669}}}}},"65535:65535:9722976651498815487:2":{"rpc_id":9722976651498815487,"provider_id":2,"parent_rpc_id":65535,"parent_provider_id":65535,"name":"flock_get_view","origin":{"sent to ofi+cxi://0x06f2600c":{"iforward":{"duration":{"num":2,"min":0.000012159,"max":0.000040770,"avg":0.000026464,"var":0.000000000,"sum":0.000052929},"relative_timestamp_from_create":{"num":2,"min":0.000000238,"max":0.000001907,"avg":0.000001073,"var":0.000000000,"sum":0.000002146}},"forward_cb":{"duration":{"num":2,"min":0.000000238,"max":0.000000238,"avg":0.000000238,"var":0.000000000,"sum":0.000000477},"relative_timestamp_from_iforward_start":{"num":2,"min":0.003040075,"max":0.011223316,"avg":0.007131696,"var":0.000033483,"sum":0.014263391}},"iforward_wait":{"duration":{"num":2,"min":0.003028393,"max":0.011182308,"avg":0.007105350,"var":0.000033243,"sum":0.014210701},"relative_timestamp_from_iforward_end":{"num":2,"min":0.000000238,"max":0.000001192,"avg":0.000000715,"var":0.000000000,"sum":0.000001431}},"set_input":{"duration":{"num":2,"min":0.000000238,"max":0.000000238,"avg":0.000000238,"var":0.000000000,"sum":0.000000477},"relative_timestamp_from_iforward_start":{"num":2,"min":0.000001669,"max":0.000012875,"avg":0.000007272,"var":0.000000000,"sum":0.000014544}},"get_output":{"duration":{"num":2,"min":0.000000238,"max":0.000036955,"avg":0.000018597,"var":0.000000001,"sum":0.000037193},"relative_timestamp_from_wait_end":{"num":2,"min":0.000000238,"max":0.000001192,"avg":0.000000715,"var":0.000000000,"sum":0.000001431}}}}},"65535:65535:3669993900245843967:1":{"rpc_id":3669993900245843967,"provider_id":1,"parent_rpc_id":65535,"parent_provider_id":65535,"name":"qtn_work_rpc","origin":{"sent to ofi+cxi://0x06f2620e":{"iforward":{"duration":{"num":1694,"min":0.000001431,"max":0.000032187,"avg":0.000001805,"var":0.000000004,"sum":0.003057480},"relative_timestamp_from_create":{"num":1694,"min":0.000002384,"max":0.001512289,"avg":0.000003789,"var":0.000002277,"sum":0.006417751}},"forward_cb":{"duration":{"num":1694,"min":0.000000000,"max":0.000001192,"avg":0.000000132,"var":0.000000000,"sum":0.000223160},"relative_timestamp_from_iforward_start":{"num":1694,"min":0.000214815,"max":0.033283472,"avg":0.006945950,"var":0.157576351,"sum":11.766438723}},"iforward_wait":{"duration":{"num":1694,"min":0.000213623,"max":0.033282280,"avg":0.006944502,"var":0.157575616,"sum":11.763986111},"relative_timestamp_from_iforward_end":{"num":1694,"min":0.000000000,"max":0.000000715,"avg":0.000000216,"var":0.000000000,"sum":0.000366211}},"set_input":{"duration":{"num":1694,"min":0.000000000,"max":0.000004530,"avg":0.000000126,"var":0.000000000,"sum":0.000213146},"relative_timestamp_from_iforward_start":{"num":1694,"min":0.000000477,"max":0.000006914,"avg":0.000000711,"var":0.000000000,"sum":0.001203775}},"get_output":{"duration":{"num":1694,"min":0.000000000,"max":0.000000238,"avg":0.000000087,"var":0.000000000,"sum":0.000146627},"relative_timestamp_from_wait_end":{"num":1694,"min":0.000000000,"max":0.000002861,"avg":0.000000156,"var":0.000000000,"sum":0.000264168}}}}},"65535:65535:65535:65535":{"rpc_id":65535,"provider_id":65535,"parent_rpc_id":65535,"parent_provider_id":65535,"name":"","target":{"received from <unknown>":{"bulk":{"create":{"duration":{"num":1694,"min":0.000002384,"max":0.001508474,"avg":0.000003591,"var":0.000002266,"sum":0.006082773},"size":{"num":1694,"min":4194304.000000000,"max":4194304.000000000,"avg":4194304.000000000,"var":0.000000000,"sum":7105150976.000000000}}}}}}},"hostname":"x4418c0s4b0n0","pid":3593,"cmdline":["/home/carns/working/src/spack/var/spack/environments/quintain-2025-07/.spack-env/view/bin/quintain-benchmark","-g","quintain.flock.json","-j","/home/carns/working/dbg/john-quintain-profile-example-2025-07/quintain-benchmark-bw.json","-o","/flare/radix-io/carns/quintain/6710290.aurora-pbs-0001.hostmgmt.cm.aurora.alcf.anl.gov/bw-sweep-servers408-clis816"]}