{"address":"","progress_loop":{"progress_with_timeout":{"num":23438,"min":0.000001192,"max":0.102244616,"avg":0.000224825,"var":0.012327464,"sum":5.269447565},"progress_timeout_value_msec":{"num":23438,"min":100.000000000,"max":100.000000000,"avg":100.000000000,"var":0.000000000,"sum":2343800.000000000},"progress_without_timeout":{"num":0,"min":0.000000000,"max":0.000000000,"avg":0.000000000,"var":0.000000000,"sum":0.000000000},"trigger":{"num":23393,"min":0.000000238,"max":0.000009775,"avg":0.000000276,"var":0.000000000,"sum":0.006461382}},"rpcs":{"65535:65535:7940397281847607295:2":{"rpc_id":7940397281847607295,"provider_id":2,"parent_rpc_id":65535,"parent_provider_id":65535,"name":"__identity__","origin":{"sent to ofi+cxi://0x06f2600c":{"iforward":{"duration":{"num":1,"min":0.000169754,"max":0.000169754,"avg":0.000169754,"var":0.000000000,"sum":0.000169754},"relative_timestamp_from_create":{"num":1,"min":0.000003815,"max":0.000003815,"avg":0.000003815,"var":0.000000000,"sum":0.000003815}},"forward_cb":{"duration":{"num":1,"min":0.000003338,"max":0.000003338,"avg":0.000003338,"var":0.000000000,"sum":0.000003338},"relative_timestamp_from_iforward_start":{"num":1,"min":0.014348030,"max":0.014348030,"avg":0.014348030,"var":0.000000000,"sum":0.014348030}},"iforward_wait":{"duration":{"num":1,"min":0.014185429,"max":0.014185429,"avg":0.014185429,"var":0.000000000,"sum":0.014185429},"relative_timestamp_from_iforward_end":{"num":1,"min":0.000000715,"max":0.000000715,"avg":0.000000715,"var":0.000000000,"sum":0.000000715}},"set_input":{"duration":{"num":0,"min":0.000000000,"max":0.000000000,"avg":0.000000000,"var":0.000000000,"sum":0.000000000},"relative_timestamp_from_iforward_start":{"num":0,"min":0.000000000,"max":0.000000000,"avg":0.000000000,"var":0.000000000,"sum":0.000000000}},"get_output":{"duration":{"num":1,"min":0.000006437,"max":0.000006437,"avg":0.000006437,"var":0.000000000,"sum":0.000006437},"relative_timestamp_from_wait_end":{"num":1,"min":0.000001192,"max":0.000001192,"avg":0.000001192,"var":0.000000000,"sum":0.000001192}}}}},"65535:65535:9722976651498815487:2":{"rpc_id":9722976651498815487,"provider_id":2,"parent_rpc_id":65535,"parent_provider_id":65535,"name":"flock_get_view","origin":{"sent to ofi+cxi://0x06f2600c":{"iforward":{"duration":{"num":2,"min":0.000021935,"max":0.000022411,"avg":0.000022173,"var":0.000000000,"sum":0.000044346},"relative_timestamp_from_create":{"num":2,"min":0.000000477,"max":0.000000954,"avg":0.000000715,"var":0.000000000,"sum":0.000001431}},"forward_cb":{"duration":{"num":2,"min":0.000000238,"max":0.000001431,"avg":0.000000834,"var":0.000000000,"sum":0.000001669},"relative_timestamp_from_iforward_start":{"num":2,"min":0.008567572,"max":0.033818245,"avg":0.021192908,"var":0.000318798,"sum":0.042385817}},"iforward_wait":{"duration":{"num":2,"min":0.008546114,"max":0.033798695,"avg":0.021172404,"var":0.000318846,"sum":0.042344809},"relative_timestamp_from_iforward_end":{"num":2,"min":0.000000477,"max":0.000001431,"avg":0.000000954,"var":0.000000000,"sum":0.000001907}},"set_input":{"duration":{"num":2,"min":0.000000238,"max":0.000000238,"avg":0.000000238,"var":0.000000000,"sum":0.000000477},"relative_timestamp_from_iforward_start":{"num":2,"min":0.000007153,"max":0.000007629,"avg":0.000007391,"var":0.000000000,"sum":0.000014782}},"get_output":{"duration":{"num":2,"min":0.000000477,"max":0.000041008,"avg":0.000020742,"var":0.000000001,"sum":0.000041485},"relative_timestamp_from_wait_end":{"num":2,"min":0.000000238,"max":0.000002384,"avg":0.000001311,"var":0.000000000,"sum":0.000002623}}}}},"65535:65535:3669993900245843967:1":{"rpc_id":3669993900245843967,"provider_id":1,"parent_rpc_id":65535,"parent_provider_id":65535,"name":"qtn_work_rpc","origin":{"sent to ofi+cxi://0x06f5a40e":{"iforward":{"duration":{"num":23389,"min":0.000001431,"max":0.000026941,"avg":0.000001555,"var":0.000000004,"sum":0.036364317},"relative_timestamp_from_create":{"num":23389,"min":0.000000000,"max":0.000004768,"avg":0.000000073,"var":0.000000000,"sum":0.001710415}},"forward_cb":{"duration":{"num":23389,"min":0.000000000,"max":0.000007391,"avg":0.000000123,"var":0.000000000,"sum":0.002884626},"relative_timestamp_from_iforward_start":{"num":23389,"min":0.000008821,"max":0.000909567,"avg":0.000220632,"var":0.000620266,"sum":5.160350800}},"iforward_wait":{"duration":{"num":23389,"min":0.000007391,"max":0.000908613,"avg":0.000219444,"var":0.000620208,"sum":5.132583857},"relative_timestamp_from_iforward_end":{"num":23389,"min":0.000000000,"max":0.000006199,"avg":0.000000185,"var":0.000000000,"sum":0.004319668}},"set_input":{"duration":{"num":23389,"min":0.000000000,"max":0.000002861,"avg":0.000000077,"var":0.000000000,"sum":0.001790285},"relative_timestamp_from_iforward_start":{"num":23389,"min":0.000000477,"max":0.000006676,"avg":0.000000692,"var":0.000000000,"sum":0.016175985}},"get_output":{"duration":{"num":23389,"min":0.000000000,"max":0.000001192,"avg":0.000000087,"var":0.000000000,"sum":0.002044916},"relative_timestamp_from_wait_end":{"num":23389,"min":0.000000000,"max":0.000004292,"avg":0.000000145,"var":0.000000000,"sum":0.003380537}}}}}},"hostname":"x4418c0s7b0n0","pid":8278,"cmdline":["/home/carns/working/src/spack/var/spack/environments/quintain-2025-07/.spack-env/view/bin/quintain-benchmark","-g","quintain.flock.json","-j","/home/carns/working/dbg/john-quintain-profile-example-2025-07/quintain-benchmark-rpc.json","-o","/flare/radix-io/carns/quintain/6710290.aurora-pbs-0001.hostmgmt.cm.aurora.alcf.anl.gov/rpc-sweep-servers408-clis816"]}