{"address":"","progress_loop":{"progress_with_timeout":{"num":30356,"min":0.000001192,"max":0.102274418,"avg":0.000170939,"var":0.012104226,"sum":5.189038754},"progress_timeout_value_msec":{"num":30356,"min":100.000000000,"max":100.000000000,"avg":100.000000000,"var":0.000000000,"sum":3035600.000000000},"progress_without_timeout":{"num":0,"min":0.000000000,"max":0.000000000,"avg":0.000000000,"var":0.000000000,"sum":0.000000000},"trigger":{"num":30241,"min":0.000000238,"max":0.000008345,"avg":0.000000277,"var":0.000000000,"sum":0.008375168}},"rpcs":{"65535:65535:7940397281847607295:2":{"rpc_id":7940397281847607295,"provider_id":2,"parent_rpc_id":65535,"parent_provider_id":65535,"name":"__identity__","origin":{"sent to ofi+cxi://0x06f2600c":{"iforward":{"duration":{"num":1,"min":0.000081062,"max":0.000081062,"avg":0.000081062,"var":0.000000000,"sum":0.000081062},"relative_timestamp_from_create":{"num":1,"min":0.000004530,"max":0.000004530,"avg":0.000004530,"var":0.000000000,"sum":0.000004530}},"forward_cb":{"duration":{"num":1,"min":0.000002623,"max":0.000002623,"avg":0.000002623,"var":0.000000000,"sum":0.000002623},"relative_timestamp_from_iforward_start":{"num":1,"min":0.003245592,"max":0.003245592,"avg":0.003245592,"var":0.000000000,"sum":0.003245592}},"iforward_wait":{"duration":{"num":1,"min":0.003170252,"max":0.003170252,"avg":0.003170252,"var":0.000000000,"sum":0.003170252},"relative_timestamp_from_iforward_end":{"num":1,"min":0.000000238,"max":0.000000238,"avg":0.000000238,"var":0.000000000,"sum":0.000000238}},"set_input":{"duration":{"num":0,"min":0.000000000,"max":0.000000000,"avg":0.000000000,"var":0.000000000,"sum":0.000000000},"relative_timestamp_from_iforward_start":{"num":0,"min":0.000000000,"max":0.000000000,"avg":0.000000000,"var":0.000000000,"sum":0.000000000}},"get_output":{"duration":{"num":1,"min":0.000005007,"max":0.000005007,"avg":0.000005007,"var":0.000000000,"sum":0.000005007},"relative_timestamp_from_wait_end":{"num":1,"min":0.000000954,"max":0.000000954,"avg":0.000000954,"var":0.000000000,"sum":0.000000954}}}}},"65535:65535:9722976651498815487:2":{"rpc_id":9722976651498815487,"provider_id":2,"parent_rpc_id":65535,"parent_provider_id":65535,"name":"flock_get_view","origin":{"sent to ofi+cxi://0x06f2600c":{"iforward":{"duration":{"num":2,"min":0.000015020,"max":0.000017643,"avg":0.000016332,"var":0.000000000,"sum":0.000032663},"relative_timestamp_from_create":{"num":2,"min":0.000000477,"max":0.000000477,"avg":0.000000477,"var":0.000000000,"sum":0.000000954}},"forward_cb":{"duration":{"num":2,"min":0.000000238,"max":0.000000954,"avg":0.000000596,"var":0.000000000,"sum":0.000001192},"relative_timestamp_from_iforward_start":{"num":2,"min":0.011059046,"max":0.034037828,"avg":0.022548437,"var":0.000264012,"sum":0.045096874}},"iforward_wait":{"duration":{"num":2,"min":0.011046648,"max":0.034020901,"avg":0.022533774,"var":0.000263908,"sum":0.045067549},"relative_timestamp_from_iforward_end":{"num":2,"min":0.000000477,"max":0.000000954,"avg":0.000000715,"var":0.000000000,"sum":0.000001431}},"set_input":{"duration":{"num":2,"min":0.000000238,"max":0.000000238,"avg":0.000000238,"var":0.000000000,"sum":0.000000477},"relative_timestamp_from_iforward_start":{"num":2,"min":0.000004053,"max":0.000005960,"avg":0.000005007,"var":0.000000000,"sum":0.000010014}},"get_output":{"duration":{"num":2,"min":0.000000477,"max":0.000023842,"avg":0.000012159,"var":0.000000000,"sum":0.000024319},"relative_timestamp_from_wait_end":{"num":2,"min":0.000000238,"max":0.000002384,"avg":0.000001311,"var":0.000000000,"sum":0.000002623}}}}},"65535:65535:3669993900245843967:1":{"rpc_id":3669993900245843967,"provider_id":1,"parent_rpc_id":65535,"parent_provider_id":65535,"name":"qtn_work_rpc","origin":{"sent to ofi+cxi://0x06f4a40e":{"iforward":{"duration":{"num":30237,"min":0.000001431,"max":0.000029564,"avg":0.000001598,"var":0.000000005,"sum":0.048321962},"relative_timestamp_from_create":{"num":30237,"min":0.000000000,"max":0.000001192,"avg":0.000000071,"var":0.000000000,"sum":0.002153873}},"forward_cb":{"duration":{"num":30237,"min":0.000000000,"max":0.000001431,"avg":0.000000125,"var":0.000000000,"sum":0.003788233},"relative_timestamp_from_iforward_start":{"num":30237,"min":0.000008583,"max":0.001857996,"avg":0.000168824,"var":0.000407475,"sum":5.104719162}},"iforward_wait":{"duration":{"num":30237,"min":0.000007391,"max":0.001858711,"avg":0.000167604,"var":0.000407479,"sum":5.067840338},"relative_timestamp_from_iforward_end":{"num":30237,"min":0.000000000,"max":0.000000477,"avg":0.000000179,"var":0.000000000,"sum":0.005416393}},"set_input":{"duration":{"num":30237,"min":0.000000000,"max":0.000001431,"avg":0.000000073,"var":0.000000000,"sum":0.002221584},"relative_timestamp_from_iforward_start":{"num":30237,"min":0.000000477,"max":0.000008345,"avg":0.000000718,"var":0.000000000,"sum":0.021700859}},"get_output":{"duration":{"num":30237,"min":0.000000000,"max":0.000003338,"avg":0.000000088,"var":0.000000000,"sum":0.002670765},"relative_timestamp_from_wait_end":{"num":30237,"min":0.000000000,"max":0.000001431,"avg":0.000000153,"var":0.000000000,"sum":0.004630089}}}}}},"hostname":"x4418c0s6b0n0","pid":211956,"cmdline":["/home/carns/working/src/spack/var/spack/environments/quintain-2025-07/.spack-env/view/bin/quintain-benchmark","-g","quintain.flock.json","-j","/home/carns/working/dbg/john-quintain-profile-example-2025-07/quintain-benchmark-rpc.json","-o","/flare/radix-io/carns/quintain/6710290.aurora-pbs-0001.hostmgmt.cm.aurora.alcf.anl.gov/rpc-sweep-servers408-clis816"]}