{"address":"","rpcs":{},"pools":{"__primary__":{"timestamps":[1753366941.853088379,1753366942.853103399,1753366943.853251219,1753366944.853265524,1753366945.853303194,1753366946.853487253,1753366955.999632120,1753366956.153808594],"size":[0,0,0,0,0,0,0,0],"total_size":[1,1,1,1,1,1,1,0]}}}