{"address":"","rpcs":{},"pools":{"__primary__":{"timestamps":[1753558083.760240793,1753558084.760642052,1753558085.760915041,1753558086.761124611,1753558089.214984179,1753558094.585333824,1753558094.708464861],"size":[0,0,0,0,0,0,0],"total_size":[1,1,1,1,1,1,0]}}}