{"address":"","rpcs":{},"pools":{"__primary__":{"timestamps":[1753558083.758896589,1753558084.758934975,1753558085.759604692,1753558086.760034800,1753558087.760157108,1753558088.760558605,1753558094.582597256,1753558094.686190844],"size":[0,0,0,0,0,0,0,0],"total_size":[1,1,1,1,1,1,1,0]}}}