{"address":"","rpcs":{},"pools":{"__primary__":{"timestamps":[1753367037.314165354,1753367038.315306664,1753367039.332211018,1753367040.341416121,1753367041.351112127,1753367042.365799189,1753367043.377840519,1753367047.153053761,1753367048.154114723,1753367049.157063007,1753367050.160230637,1753367051.168978453,1753367052.519731998,1753367052.639601946],"size":[0,0,0,0,0,0,0,0,0,0,0,0,0,0],"total_size":[1,1,1,1,1,1,1,1,1,1,1,1,1,0]}}}