{"address":"","progress_loop":{"progress_with_timeout":{"num":1479,"min":0.000001669,"max":0.103289843,"avg":0.008886981,"var":0.152853158,"sum":13.143845320},"progress_timeout_value_msec":{"num":1479,"min":100.000000000,"max":100.000000000,"avg":100.000000000,"var":0.000000000,"sum":147900.000000000},"progress_without_timeout":{"num":0,"min":0.000000000,"max":0.000000000,"avg":0.000000000,"var":0.000000000,"sum":0.000000000},"trigger":{"num":1471,"min":0.000000238,"max":0.000012398,"avg":0.000000310,"var":0.000000000,"sum":0.000455379}},"rpcs":{"65535:65535:7940397281847607295:2":{"rpc_id":7940397281847607295,"provider_id":2,"parent_rpc_id":65535,"parent_provider_id":65535,"name":"__identity__","origin":{"sent to ofi+cxi://0x06f2600c":{"iforward":{"duration":{"num":1,"min":0.000110388,"max":0.000110388,"avg":0.000110388,"var":0.000000000,"sum":0.000110388},"relative_timestamp_from_create":{"num":1,"min":0.000002623,"max":0.000002623,"avg":0.000002623,"var":0.000000000,"sum":0.000002623}},"forward_cb":{"duration":{"num":1,"min":0.000011206,"max":0.000011206,"avg":0.000011206,"var":0.000000000,"sum":0.000011206},"relative_timestamp_from_iforward_start":{"num":1,"min":0.006344080,"max":0.006344080,"avg":0.006344080,"var":0.000000000,"sum":0.006344080}},"iforward_wait":{"duration":{"num":1,"min":0.006251335,"max":0.006251335,"avg":0.006251335,"var":0.000000000,"sum":0.006251335},"relative_timestamp_from_iforward_end":{"num":1,"min":0.000000238,"max":0.000000238,"avg":0.000000238,"var":0.000000000,"sum":0.000000238}},"set_input":{"duration":{"num":0,"min":0.000000000,"max":0.000000000,"avg":0.000000000,"var":0.000000000,"sum":0.000000000},"relative_timestamp_from_iforward_start":{"num":0,"min":0.000000000,"max":0.000000000,"avg":0.000000000,"var":0.000000000,"sum":0.000000000}},"get_output":{"duration":{"num":1,"min":0.000008583,"max":0.000008583,"avg":0.000008583,"var":0.000000000,"sum":0.000008583},"relative_timestamp_from_wait_end":{"num":1,"min":0.000001669,"max":0.000001669,"avg":0.000001669,"var":0.000000000,"sum":0.000001669}}}}},"65535:65535:9722976651498815487:2":{"rpc_id":9722976651498815487,"provider_id":2,"parent_rpc_id":65535,"parent_provider_id":65535,"name":"flock_get_view","origin":{"sent to ofi+cxi://0x06f2600c":{"iforward":{"duration":{"num":2,"min":0.000012636,"max":0.000041962,"avg":0.000027299,"var":0.000000000,"sum":0.000054598},"relative_timestamp_from_create":{"num":2,"min":0.000000238,"max":0.000001192,"avg":0.000000715,"var":0.000000000,"sum":0.000001431}},"forward_cb":{"duration":{"num":2,"min":0.000000238,"max":0.000000238,"avg":0.000000238,"var":0.000000000,"sum":0.000000477},"relative_timestamp_from_iforward_start":{"num":2,"min":0.008759499,"max":0.017443895,"avg":0.013101697,"var":0.000037709,"sum":0.026203394}},"iforward_wait":{"duration":{"num":2,"min":0.008747578,"max":0.017401695,"avg":0.013074636,"var":0.000037447,"sum":0.026149273},"relative_timestamp_from_iforward_end":{"num":2,"min":0.000000238,"max":0.000001431,"avg":0.000000834,"var":0.000000000,"sum":0.000001669}},"set_input":{"duration":{"num":2,"min":0.000000000,"max":0.000000477,"avg":0.000000238,"var":0.000000000,"sum":0.000000477},"relative_timestamp_from_iforward_start":{"num":2,"min":0.000001907,"max":0.000012875,"avg":0.000007391,"var":0.000000000,"sum":0.000014782}},"get_output":{"duration":{"num":2,"min":0.000000238,"max":0.000034332,"avg":0.000017285,"var":0.000000001,"sum":0.000034571},"relative_timestamp_from_wait_end":{"num":2,"min":0.000000238,"max":0.000000954,"avg":0.000000596,"var":0.000000000,"sum":0.000001192}}}}},"65535:65535:3669993900245843967:1":{"rpc_id":3669993900245843967,"provider_id":1,"parent_rpc_id":65535,"parent_provider_id":65535,"name":"qtn_work_rpc","origin":{"sent to ofi+cxi://0x06f4840f":{"iforward":{"duration":{"num":1467,"min":0.000001431,"max":0.000031948,"avg":0.000001858,"var":0.000000004,"sum":0.002726078},"relative_timestamp_from_create":{"num":1467,"min":0.000002623,"max":0.001546860,"avg":0.000003931,"var":0.000002382,"sum":0.005766392}},"forward_cb":{"duration":{"num":1467,"min":0.000000000,"max":0.000001431,"avg":0.000000144,"var":0.000000000,"sum":0.000211239},"relative_timestamp_from_iforward_start":{"num":1467,"min":0.000214338,"max":0.033353329,"avg":0.008869717,"var":0.143233883,"sum":13.011874199}},"iforward_wait":{"duration":{"num":1467,"min":0.000212908,"max":0.033352137,"avg":0.008868216,"var":0.143231486,"sum":13.009673119},"relative_timestamp_from_iforward_end":{"num":1467,"min":0.000000000,"max":0.000000715,"avg":0.000000244,"var":0.000000000,"sum":0.000357628}},"set_input":{"duration":{"num":1467,"min":0.000000000,"max":0.000004292,"avg":0.000000123,"var":0.000000000,"sum":0.000180244},"relative_timestamp_from_iforward_start":{"num":1467,"min":0.000000477,"max":0.000006914,"avg":0.000000711,"var":0.000000000,"sum":0.001042604}},"get_output":{"duration":{"num":1467,"min":0.000000000,"max":0.000000477,"avg":0.000000089,"var":0.000000000,"sum":0.000131130},"relative_timestamp_from_wait_end":{"num":1467,"min":0.000000000,"max":0.000003099,"avg":0.000000155,"var":0.000000000,"sum":0.000227451}}}}},"65535:65535:65535:65535":{"rpc_id":65535,"provider_id":65535,"parent_rpc_id":65535,"parent_provider_id":65535,"name":"","target":{"received from <unknown>":{"bulk":{"create":{"duration":{"num":1467,"min":0.000002384,"max":0.001542568,"avg":0.000003721,"var":0.000002370,"sum":0.005458593},"size":{"num":1467,"min":4194304.000000000,"max":4194304.000000000,"avg":4194304.000000000,"var":0.000000000,"sum":6153043968.000000000}}}}}}},"hostname":"x4418c0s1b0n0","pid":206631,"cmdline":["/home/carns/working/src/spack/var/spack/environments/quintain-2025-07/.spack-env/view/bin/quintain-benchmark","-g","quintain.flock.json","-j","/home/carns/working/dbg/john-quintain-profile-example-2025-07/quintain-benchmark-bw.json","-o","/flare/radix-io/carns/quintain/6710290.aurora-pbs-0001.hostmgmt.cm.aurora.alcf.anl.gov/bw-sweep-servers408-clis816"]}