{"address":"","progress_loop":{"progress_with_timeout":{"num":2302,"min":0.000001431,"max":0.108370304,"avg":0.082615185,"var":4.042425725,"sum":190.180155754},"progress_timeout_value_msec":{"num":2302,"min":100.000000000,"max":100.000000000,"avg":100.000000000,"var":0.000000000,"sum":230200.000000000},"progress_without_timeout":{"num":14975088,"min":0.000000000,"max":0.000484467,"avg":0.000000156,"var":0.000000910,"sum":2.334212065},"trigger":{"num":150813,"min":0.000000000,"max":0.000036240,"avg":0.000000571,"var":0.000000052,"sum":0.086132765}},"rpcs":{"65535:65535:3669993900245843967:1":{"rpc_id":3669993900245843967,"provider_id":1,"parent_rpc_id":65535,"parent_provider_id":65535,"name":"qtn_work_rpc","target":{"received from ofi+cxi://0x06f1a20f":{"handler":{"duration":{"num":35986,"min":0.000000477,"max":0.000027418,"avg":0.000000558,"var":0.000000007,"sum":0.020063162}},"ult":{"duration":{"num":35986,"min":0.000004530,"max":0.000050068,"avg":0.000004852,"var":0.000000036,"sum":0.174588919},"relative_timestamp_from_handler_start":{"num":35986,"min":0.000000715,"max":0.000031948,"avg":0.000000902,"var":0.000000017,"sum":0.032450676}},"irespond":{"duration":{"num":35986,"min":0.000000238,"max":0.000043869,"avg":0.000000476,"var":0.000000005,"sum":0.017134190},"relative_timestamp_from_ult_start":{"num":35986,"min":0.000000238,"max":0.000007153,"avg":0.000000296,"var":0.000000001,"sum":0.010648012}},"respond_cb":{"duration":{"num":35986,"min":0.000000000,"max":0.000010014,"avg":0.000000106,"var":0.000000001,"sum":0.003826141},"relative_timestamp_from_irespond_start":{"num":35986,"min":0.000003576,"max":0.000049353,"avg":0.000003948,"var":0.000000030,"sum":0.142055035}},"irespond_wait":{"duration":{"num":35986,"min":0.000001192,"max":0.000049114,"avg":0.000003696,"var":0.000000026,"sum":0.132994652},"relative_timestamp_from_irespond_end":{"num":35986,"min":0.000000000,"max":0.000011206,"avg":0.000000178,"var":0.000000001,"sum":0.006412745}},"set_output":{"duration":{"num":35986,"min":0.000000000,"max":0.000000477,"avg":0.000000062,"var":0.000000000,"sum":0.002221823},"relative_timestamp_from_irespond_start":{"num":35986,"min":0.000000000,"max":0.000027657,"avg":0.000000080,"var":0.000000002,"sum":0.002880812}},"get_input":{"duration":{"num":35986,"min":0.000000000,"max":0.000003576,"avg":0.000000105,"var":0.000000001,"sum":0.003771305},"relative_timestamp_from_ult_start":{"num":35986,"min":0.000000000,"max":0.000002384,"avg":0.000000123,"var":0.000000001,"sum":0.004426003}}},"received from ofi+cxi://0x06f16612":{"handler":{"duration":{"num":34282,"min":0.000000238,"max":0.000019789,"avg":0.000000554,"var":0.000000005,"sum":0.018989801}},"ult":{"duration":{"num":34282,"min":0.000004053,"max":0.000490665,"avg":0.000004867,"var":0.000000271,"sum":0.166858435},"relative_timestamp_from_handler_start":{"num":34282,"min":0.000000477,"max":0.000033379,"avg":0.000000900,"var":0.000000016,"sum":0.030859470}},"irespond":{"duration":{"num":34282,"min":0.000000238,"max":0.000042200,"avg":0.000000477,"var":0.000000005,"sum":0.016337395},"relative_timestamp_from_ult_start":{"num":34282,"min":0.000000000,"max":0.000024796,"avg":0.000000295,"var":0.000000001,"sum":0.010121584}},"respond_cb":{"duration":{"num":34282,"min":0.000000000,"max":0.000028372,"avg":0.000000106,"var":0.000000001,"sum":0.003649712},"relative_timestamp_from_irespond_start":{"num":34282,"min":0.000003338,"max":0.000489235,"avg":0.000003963,"var":0.000000261,"sum":0.135864496}},"irespond_wait":{"duration":{"num":34282,"min":0.000000954,"max":0.000489235,"avg":0.000003706,"var":0.000000257,"sum":0.127048969},"relative_timestamp_from_irespond_end":{"num":34282,"min":0.000000000,"max":0.000027180,"avg":0.000000183,"var":0.000000003,"sum":0.006283283}},"set_output":{"duration":{"num":34282,"min":0.000000000,"max":0.000000715,"avg":0.000000063,"var":0.000000000,"sum":0.002146006},"relative_timestamp_from_irespond_start":{"num":34282,"min":0.000000000,"max":0.000002146,"avg":0.000000079,"var":0.000000000,"sum":0.002698183}},"get_input":{"duration":{"num":34282,"min":0.000000000,"max":0.000005960,"avg":0.000000105,"var":0.000000001,"sum":0.003586292},"relative_timestamp_from_ult_start":{"num":34282,"min":0.000000000,"max":0.000008106,"avg":0.000000122,"var":0.000000001,"sum":0.004188299}}},"received from ofi+cxi://0x06f1660f":{"handler":{"duration":{"num":1731,"min":0.000000477,"max":0.000013351,"avg":0.000000985,"var":0.000000002,"sum":0.001705408}},"ult":{"duration":{"num":1731,"min":0.000195026,"max":0.031345367,"avg":0.004328797,"var":0.096053877,"sum":7.493147850},"relative_timestamp_from_handler_start":{"num":1731,"min":0.000000715,"max":0.030899763,"avg":0.001789701,"var":0.056433952,"sum":3.097973108}},"irespond":{"duration":{"num":1731,"min":0.000000238,"max":0.000017643,"avg":0.000000960,"var":0.000000002,"sum":0.001661301},"relative_timestamp_from_ult_start":{"num":1731,"min":0.000184774,"max":0.031324863,"avg":0.004191206,"var":0.095165709,"sum":7.254977226}},"respond_cb":{"duration":{"num":1731,"min":0.000000000,"max":0.000007629,"avg":0.000000172,"var":0.000000000,"sum":0.000298023},"relative_timestamp_from_irespond_start":{"num":1731,"min":0.000003576,"max":0.019024611,"avg":0.000075744,"var":0.000484036,"sum":0.131112099}},"irespond_wait":{"duration":{"num":1731,"min":0.000003338,"max":0.021082878,"avg":0.000108703,"var":0.001437420,"sum":0.188164949},"relative_timestamp_from_irespond_end":{"num":1731,"min":0.000000000,"max":0.000005960,"avg":0.000000291,"var":0.000000000,"sum":0.000503778}},"set_output":{"duration":{"num":1731,"min":0.000000000,"max":0.000004053,"avg":0.000000129,"var":0.000000000,"sum":0.000223398},"relative_timestamp_from_irespond_start":{"num":1731,"min":0.000000000,"max":0.000006676,"avg":0.000000209,"var":0.000000000,"sum":0.000362158}},"get_input":{"duration":{"num":1731,"min":0.000000000,"max":0.000023842,"avg":0.000000538,"var":0.000000001,"sum":0.000931740},"relative_timestamp_from_ult_start":{"num":1731,"min":0.000000000,"max":0.000015020,"avg":0.000000227,"var":0.000000000,"sum":0.000392914}},"bulk":{"create":{"duration":{"num":1731,"min":0.000002384,"max":0.029525757,"avg":0.003117022,"var":0.081588727,"sum":5.395565033},"size":{"num":1731,"min":4194304.000000000,"max":4194304.000000000,"avg":4194304.000000000,"var":0.000000000,"sum":7260340224.000000000}},"pull from ofi+cxi://0x06f1660f":{"itransfer":{"duration":{"num":1731,"min":0.000000715,"max":0.000029325,"avg":0.000002130,"var":0.000000011,"sum":0.003686666},"size":{"num":1731,"min":4194304.000000000,"max":4194304.000000000,"avg":4194304.000000000,"var":0.000000000,"sum":7260340224.000000000}},"transfer_cb":{"duration":{"num":1731,"min":0.000000000,"max":0.000003815,"avg":0.000000172,"var":0.000000000,"sum":0.000298500},"relative_timestamp_from_itransfer_start":{"num":1731,"min":0.000180483,"max":0.022301912,"avg":0.000999117,"var":0.003143972,"sum":1.729470968}},"itransfer_wait":{"duration":{"num":1731,"min":0.000179768,"max":0.022300720,"avg":0.001066295,"var":0.005407914,"sum":1.845756769},"relative_timestamp_from_itransfer_end":{"num":1731,"min":0.000000000,"max":0.000004768,"avg":0.000000333,"var":0.000000000,"sum":0.000576973}}}}},"received from ofi+cxi://0x06f12211":{"handler":{"duration":{"num":1694,"min":0.000000477,"max":0.000010252,"avg":0.000000955,"var":0.000000001,"sum":0.001617193}},"ult":{"duration":{"num":1694,"min":0.000190258,"max":0.032954216,"avg":0.004299440,"var":0.093460345,"sum":7.283251762},"relative_timestamp_from_handler_start":{"num":1694,"min":0.000000715,"max":0.029540539,"avg":0.001735371,"var":0.053268661,"sum":2.939718246}},"irespond":{"duration":{"num":1694,"min":0.000000238,"max":0.000013828,"avg":0.000000915,"var":0.000000002,"sum":0.001550674},"relative_timestamp_from_ult_start":{"num":1694,"min":0.000182867,"max":0.032940865,"avg":0.004179586,"var":0.093051064,"sum":7.080219507}},"respond_cb":{"duration":{"num":1694,"min":0.000000000,"max":0.000004053,