{"address":"","rpcs":{},"pools":{"__primary__":{"timestamps":[1753367037.313760996,1753367038.326031685,1753367039.342333317,1753367040.357445240,1753367041.361559868,1753367042.381140232,1753367043.398482561,1753367047.150843143,1753367048.173631907,1753367049.189120054,1753367050.199355602,1753367051.208016396,1753367052.522749186,1753367052.643328428],"size":[0,0,0,0,0,0,0,0,0,0,0,0,0,0],"total_size":[1,1,1,1,1,1,1,1,1,1,1,1,1,0]}}}