{"address":"ofi+cxi://0x02632018","progress_loop":{"progress_with_timeout":{"num":1427,"min":0.000001431,"max":0.108348846,"avg":0.069067091,"var":3.424437581,"sum":98.558739185},"progress_timeout_value_msec":{"num":1427,"min":100.000000000,"max":100.000000000,"avg":100.000000000,"var":0.000000000,"sum":142700.000000000},"progress_without_timeout":{"num":14696150,"min":0.000000000,"max":0.000466824,"avg":0.000000155,"var":0.000000861,"sum":2.274695396},"trigger":{"num":115237,"min":0.000000000,"max":0.000037670,"avg":0.000000575,"var":0.000000045,"sum":0.066207409}},"rpcs":{"65535:65535:3669993900245843967:1":{"rpc_id":3669993900245843967,"provider_id":1,"parent_rpc_id":65535,"parent_provider_id":65535,"name":"qtn_work_rpc","target":{"received from ofi+cxi://0x02618415":{"handler":{"duration":{"num":19654,"min":0.000000477,"max":0.000027657,"avg":0.000000576,"var":0.000000005,"sum":0.011317015}},"ult":{"duration":{"num":19654,"min":0.000004292,"max":0.031602621,"avg":0.000418753,"var":0.142995237,"sum":8.230179548},"relative_timestamp_from_handler_start":{"num":19654,"min":0.000000715,"max":0.022306204,"avg":0.000117169,"var":0.045037625,"sum":2.302837610}},"irespond":{"duration":{"num":19654,"min":0.000000238,"max":0.000036240,"avg":0.000000515,"var":0.000000004,"sum":0.010117054},"relative_timestamp_from_ult_start":{"num":19654,"min":0.000000238,"max":0.031459093,"avg":0.000407106,"var":0.141725797,"sum":8.001271009}},"respond_cb":{"duration":{"num":19654,"min":0.000000000,"max":0.000005960,"avg":0.000000111,"var":0.000000000,"sum":0.002186060},"relative_timestamp_from_irespond_start":{"num":19654,"min":0.000003576,"max":0.002201796,"avg":0.000008450,"var":0.000083990,"sum":0.166070223}},"irespond_wait":{"duration":{"num":19654,"min":0.000003338,"max":0.002246380,"avg":0.000008276,"var":0.000088972,"sum":0.162654161},"relative_timestamp_from_irespond_end":{"num":19654,"min":0.000000000,"max":0.000005245,"avg":0.000000183,"var":0.000000000,"sum":0.003594398}},"set_output":{"duration":{"num":19654,"min":0.000000000,"max":0.000003815,"avg":0.000000065,"var":0.000000000,"sum":0.001280785},"relative_timestamp_from_irespond_start":{"num":19654,"min":0.000000000,"max":0.000010014,"avg":0.000000091,"var":0.000000000,"sum":0.001796246}},"get_input":{"duration":{"num":19654,"min":0.000000000,"max":0.000012875,"avg":0.000000135,"var":0.000000001,"sum":0.002659321},"relative_timestamp_from_ult_start":{"num":19654,"min":0.000000000,"max":0.000024080,"avg":0.000000136,"var":0.000000001,"sum":0.002666235}},"bulk":{"create":{"duration":{"num":1605,"min":0.000002384,"max":0.029585600,"avg":0.003889160,"var":0.092006924,"sum":6.242101431},"size":{"num":1605,"min":4194304.000000000,"max":4194304.000000000,"avg":4194304.000000000,"var":0.000000000,"sum":6731857920.000000000}},"pull from ofi+cxi://0x02618415":{"itransfer":{"duration":{"num":1605,"min":0.000000715,"max":0.000019312,"avg":0.000002145,"var":0.000000006,"sum":0.003443241},"size":{"num":1605,"min":4194304.000000000,"max":4194304.000000000,"avg":4194304.000000000,"var":0.000000000,"sum":6731857920.000000000}},"transfer_cb":{"duration":{"num":1605,"min":0.000000000,"max":0.000001669,"avg":0.000000167,"var":0.000000000,"sum":0.000267982},"relative_timestamp_from_itransfer_start":{"num":1605,"min":0.000180006,"max":0.021776438,"avg":0.001062427,"var":0.002597556,"sum":1.705195665}},"itransfer_wait":{"duration":{"num":1605,"min":0.000179529,"max":0.021776676,"avg":0.001085791,"var":0.003377782,"sum":1.742695332},"relative_timestamp_from_itransfer_end":{"num":1605,"min":0.000000000,"max":0.000005007,"avg":0.000000310,"var":0.000000000,"sum":0.000497580}}}}},"received from ofi+cxi://0x02616016":{"handler":{"duration":{"num":34812,"min":0.000000477,"max":0.000025034,"avg":0.000000550,"var":0.000000008,"sum":0.019157887}},"ult":{"duration":{"num":34812,"min":0.000004292,"max":0.000062227,"avg":0.000004856,"var":0.000000029,"sum":0.169036150},"relative_timestamp_from_handler_start":{"num":34812,"min":0.000000715,"max":0.000025272,"avg":0.000000893,"var":0.000000015,"sum":0.031103373}},"irespond":{"duration":{"num":34812,"min":0.000000238,"max":0.000026941,"avg":0.000000488,"var":0.000000004,"sum":0.016976357},"relative_timestamp_from_ult_start":{"num":34812,"min":0.000000238,"max":0.000001669,"avg":0.000000296,"var":0.000000001,"sum":0.010315418}},"respond_cb":{"duration":{"num":34812,"min":0.000000000,"max":0.000006199,"avg":0.000000109,"var":0.000000001,"sum":0.003781080},"relative_timestamp_from_irespond_start":{"num":34812,"min":0.000003576,"max":0.000061035,"avg":0.000003942,"var":0.000000021,"sum":0.137227535}},"irespond_wait":{"duration":{"num":34812,"min":0.000001192,"max":0.000061035,"avg":0.000003690,"var":0.000000019,"sum":0.128466129},"relative_timestamp_from_irespond_end":{"num":34812,"min":0.000000000,"max":0.000008583,"avg":0.000000174,"var":0.000000001,"sum":0.006058216}},"set_output":{"duration":{"num":34812,"min":0.000000000,"max":0.000025749,"avg":0.000000062,"var":0.000000001,"sum":0.002166748},"relative_timestamp_from_irespond_start":{"num":34812,"min":0.000000000,"max":0.000026464,"avg":0.000000080,"var":0.000000002,"sum":0.002797365}},"get_input":{"duration":{"num":34812,"min":0.000000000,"max":0.000000715,"avg":0.000000103,"var":0.000000001,"sum":0.003576517},"relative_timestamp_from_ult_start":{"num":34812,"min":0.000000000,"max":0.000000715,"avg":0.000000125,"var":0.000000001,"sum":0.004350424}}},"received from ofi+cxi://0x02616217":{"handler":{"duration":{"num":1566,"min":0.000000238,"max":0.000013351,"avg":0.000000964,"var":0.000000001,"sum":0.001509905}},"ult":{"duration":{"num":1566,"min":0.000188589,"max":0.025568485,"avg":0.004153080,"var":0.079288833,"sum":6.503722668},"relative_timestamp_from_handler_start":{"num":1566,"min":0.000000477,"max":0.029618263,"avg":0.001684350,"var":0.049320073,"sum":2.637692213}},"irespond":{"duration":{"num":1566,"min":0.000000238,"max":0.000009298,"avg":0.000000963,"var":0.000000001,"sum":0.001507998},"relative_timestamp_from_ult_start":{"num":1566,"min":0.000181913,"max":0.024352074,"avg":0.004018565,"var":0.078355781,"sum":6.293072939}},"respond_cb":{"duration":{"num":1566,"min":0.000000000,"max":0.000003099,"avg":0.000000166,"var":0.000000000,"sum":0.000260353},"relative_timestamp_from_irespond_start":{"num":1566,"min":0.000003576,"max":0.020044565,"avg":0.000097552,"var":0.000869210,"sum":0.152766943}},"irespond_wait":{"duration":{"num":1566,"min":0.000003338,"max":0.022111177,"avg":0.000114019,"var":0.001485324,"sum":0.178553820},"relative_timestamp_from_irespond_end":{"num":1566,"min":0.000000000,"max":0.000005722,"avg":0.000000278,"var":0.000000000,"sum":0.000436068}},"set_output":{"duration":{"num":1566,"min":0.000000000,"max":0.000001907,"avg":0.000000135,"var":0.000000000,"sum":0.000211000},"relative_timestamp_from_irespond_start":{"num":1566,"min":0.000000000,"max":0.000004530,"avg":0.000000232,"var":0.000000000,"sum":0.000363588}},"get_input":{"duration":{"num":1566,"min":0.000000000,"max":0.000021219,"avg":0.000000561,"var":0.000000001,"sum":0.000878096},"relative_timestamp_from_ult_start":{"num":1566,"min":0.000000000,"max":0.000004768,"avg":0.000000216,"var":0.000000000,"sum":0.000337601}},"bulk":{"create":{"duration":{"num":1566,"min":0.000002384,"max":0.022333622,"avg":0.002994914,"var":0.067614376,"sum":4.690034866},"size":{"num":1566,"min":4194304.000000000,"max":4194304.000000000,"avg":4194304.000000000,"var":0.000000000,"sum":6568280064.000000000}},"pull from ofi+cxi://0x02616217":{"itransfer":{"duration":{"num":1566,"min":0.000000715,"max":0.000022173,"avg":0.000002055,"var":0.000000006,"sum":0.003218889},"size":{"num":1566,"min":4194304.000000000,"max":4194304.000000000,"avg":4194304.000000000,"var":0.000000000,"sum":6568280064.000000000}},"transfer_cb":{"duration":{"num":1566,"min":0.000000000,"max":0.000005960,"avg":0.000000186,"var":0.000000000,"sum":0.000291586},"relative_timestamp_from_itransfer_start":{"num":1566,