{"address":"","rpcs":{},"pools":{"__primary__":{"timestamps":[1753558122.223385096,1753558123.225574732,1753558124.236944914,1753558125.250429153,1753558126.250669003,1753558127.267749071,1753558128.270143032,1753558131.681902170,1753558132.682351828,1753558133.695874214,1753558134.700782776,1753558135.715448856,1753558136.972492933,1753558137.098366022],"size":[0,0,0,0,0,0,0,0,0,0,0,0,0,0],"total_size":[1,1,1,1,1,1,1,1,1,1,1,1,1,0]}}}