{"address":"","rpcs":{},"pools":{"__primary__":{"timestamps":[1753558122.225363255,1753558123.243971586,1753558124.251598597,1753558125.258353949,1753558126.264924765,1753558127.281931877,1753558128.282819748,1753558129.283958435,1753558130.290540695,1753558131.687205553,1753558132.709150553,1753558133.731773853,1753558134.732991934,1753558135.744010448,1753558136.973346233,1753558137.125948429],"size":[0,0,0,0,0,0,0,0,0,0,0,0,0,0,0,0],"total_size":[1,1,1,1,1,1,1,1,1,1,1,1,1,1,1,0]}}}