{"address":"ofi+cxi://0x0261800f","progress_loop":{"progress_with_timeout":{"num":1735,"min":0.000001431,"max":0.102228165,"avg":0.006751663,"var":0.144338379,"sum":11.714135170},"progress_timeout_value_msec":{"num":1735,"min":100.000000000,"max":100.000000000,"avg":100.000000000,"var":0.000000000,"sum":173500.000000000},"progress_without_timeout":{"num":0,"min":0.000000000,"max":0.000000000,"avg":0.000000000,"var":0.000000000,"sum":0.000000000},"trigger":{"num":1731,"min":0.000000238,"max":0.000005722,"avg":0.000000309,"var":0.000000000,"sum":0.000534534}},"rpcs":{"65535:65535:7940397281847607295:2":{"rpc_id":7940397281847607295,"provider_id":2,"parent_rpc_id":65535,"parent_provider_id":65535,"name":"__identity__","origin":{"sent to ofi+cxi://0x0262200d":{"iforward":{"duration":{"num":1,"min":0.000067472,"max":0.000067472,"avg":0.000067472,"var":0.000000000,"sum":0.000067472},"relative_timestamp_from_create":{"num":1,"min":0.000002384,"max":0.000002384,"avg":0.000002384,"var":0.000000000,"sum":0.000002384}},"forward_cb":{"duration":{"num":1,"min":0.000002623,"max":0.000002623,"avg":0.000002623,"var":0.000000000,"sum":0.000002623},"relative_timestamp_from_iforward_start":{"num":1,"min":0.000569105,"max":0.000569105,"avg":0.000569105,"var":0.000000000,"sum":0.000569105}},"iforward_wait":{"duration":{"num":1,"min":0.000507116,"max":0.000507116,"avg":0.000507116,"var":0.000000000,"sum":0.000507116},"relative_timestamp_from_iforward_end":{"num":1,"min":0.000000238,"max":0.000000238,"avg":0.000000238,"var":0.000000000,"sum":0.000000238}},"set_input":{"duration":{"num":0,"min":0.000000000,"max":0.000000000,"avg":0.000000000,"var":0.000000000,"sum":0.000000000},"relative_timestamp_from_iforward_start":{"num":0,"min":0.000000000,"max":0.000000000,"avg":0.000000000,"var":0.000000000,"sum":0.000000000}},"get_output":{"duration":{"num":1,"min":0.000004292,"max":0.000004292,"avg":0.000004292,"var":0.000000000,"sum":0.000004292},"relative_timestamp_from_wait_end":{"num":1,"min":0.000000715,"max":0.000000715,"avg":0.000000715,"var":0.000000000,"sum":0.000000715}}}}},"65535:65535:9722976651498815487:2":{"rpc_id":9722976651498815487,"provider_id":2,"parent_rpc_id":65535,"parent_provider_id":65535,"name":"flock_get_view","origin":{"sent to ofi+cxi://0x0262200d":{"iforward":{"duration":{"num":2,"min":0.000012636,"max":0.000015259,"avg":0.000013947,"var":0.000000000,"sum":0.000027895},"relative_timestamp_from_create":{"num":2,"min":0.000000238,"max":0.000000715,"avg":0.000000477,"var":0.000000000,"sum":0.000000954}},"forward_cb":{"duration":{"num":2,"min":0.000000238,"max":0.000000238,"avg":0.000000238,"var":0.000000000,"sum":0.000000477},"relative_timestamp_from_iforward_start":{"num":2,"min":0.002400637,"max":0.005005598,"avg":0.003703117,"var":0.000003393,"sum":0.007406235}},"iforward_wait":{"duration":{"num":2,"min":0.002384901,"max":0.004993439,"avg":0.003689170,"var":0.000003402,"sum":0.007378340},"relative_timestamp_from_iforward_end":{"num":2,"min":0.000000238,"max":0.000001192,"avg":0.000000715,"var":0.000000000,"sum":0.000001431}},"set_input":{"duration":{"num":2,"min":0.000000238,"max":0.000000238,"avg":0.000000238,"var":0.000000000,"sum":0.000000477},"relative_timestamp_from_iforward_start":{"num":2,"min":0.000000954,"max":0.000004053,"avg":0.000002503,"var":0.000000000,"sum":0.000005007}},"get_output":{"duration":{"num":2,"min":0.000000477,"max":0.000032902,"avg":0.000016689,"var":0.000000001,"sum":0.000033379},"relative_timestamp_from_wait_end":{"num":2,"min":0.000000238,"max":0.000001192,"avg":0.000000715,"var":0.000000000,"sum":0.000001431}}}}},"65535:65535:3669993900245843967:1":{"rpc_id":3669993900245843967,"provider_id":1,"parent_rpc_id":65535,"parent_provider_id":65535,"name":"qtn_work_rpc","origin":{"sent to ofi+cxi://0x0262a215":{"iforward":{"duration":{"num":1727,"min":0.000001431,"max":0.000037432,"avg":0.000002017,"var":0.000000007,"sum":0.003483295},"relative_timestamp_from_create":{"num":1727,"min":0.000002623,"max":0.001898050,"avg":0.000004154,"var":0.000003591,"sum":0.007173538}},"forward_cb":{"duration":{"num":1727,"min":0.000000000,"max":0.000001192,"avg":0.000000142,"var":0.000000000,"sum":0.000245810},"relative_timestamp_from_iforward_start":{"num":1727,"min":0.000213385,"max":0.030684471,"avg":0.006721887,"var":0.134972805,"sum":11.608698845}},"iforward_wait":{"duration":{"num":1727,"min":0.000211954,"max":0.030683279,"avg":0.006720209,"var":0.134978448,"sum":11.605800867},"relative_timestamp_from_iforward_end":{"num":1727,"min":0.000000000,"max":0.000000954,"avg":0.000000265,"var":0.000000000,"sum":0.000456810}},"set_input":{"duration":{"num":1727,"min":0.000000000,"max":0.000006199,"avg":0.000000135,"var":0.000000000,"sum":0.000232458},"relative_timestamp_from_iforward_start":{"num":1727,"min":0.000000477,"max":0.000012398,"avg":0.000000755,"var":0.000000000,"sum":0.001303673}},"get_output":{"duration":{"num":1727,"min":0.000000000,"max":0.000000477,"avg":0.000000095,"var":0.000000000,"sum":0.000163555},"relative_timestamp_from_wait_end":{"num":1727,"min":0.000000000,"max":0.000002146,"avg":0.000000147,"var":0.000000000,"sum":0.000254393}}}}},"65535:65535:65535:65535":{"rpc_id":65535,"provider_id":65535,"parent_rpc_id":65535,"parent_provider_id":65535,"name":"","target":{"received from <unknown>":{"bulk":{"create":{"duration":{"num":1727,"min":0.000002384,"max":0.001892328,"avg":0.000003947,"var":0.000003570,"sum":0.006815910},"size":{"num":1727,"min":4194304.000000000,"max":4194304.000000000,"avg":4194304.000000000,"var":0.000000000,"sum":7243563008.000000000}}}}}}},"hostname":"x4108c0s5b0n0","pid":37853,"cmdline":["/home/carns/working/src/spack/var/spack/environments/quintain-2025-07/.spack-env/view/bin/quintain-benchmark","-g","quintain.flock.json","-j","/home/carns/working/dbg/john-quintain-profile-example-2025-07/quintain-benchmark-bw.json","-o","/flare/radix-io/carns/quintain/6767526.aurora-pbs-0001.hostmgmt.cm.aurora.alcf.anl.gov/bw-sweep-servers408-clis816"]}