{"address":"","rpcs":{},"pools":{"__primary__":{"timestamps":[1753558122.223412275,1753558123.232797623,1753558124.249502659,1753558125.250718594,1753558126.270476580,1753558127.276747942,1753558128.284865379,1753558129.284912109,1753558130.287619829,1753558131.688100338,1753558132.701424599,1753558133.711806059,1753558134.712747574,1753558135.713017225,1753558136.972506046,1753558137.138284445],"size":[0,0,0,0,0,0,0,0,0,0,0,0,0,0,0,0],"total_size":[1,1,1,1,1,1,1,1,1,1,1,1,1,1,1,0]}}}