{"address":"","rpcs":{},"pools":{"__primary__":{"timestamps":[1753366941.850831032,1753366942.851185799,1753366943.851489305,1753366944.851501465,1753366945.851577520,1753366946.852287292,1753366956.002832651,1753366956.145315170],"size":[0,0,0,0,0,0,0,0],"total_size":[1,1,1,1,1,1,1,0]}}}