{"address":"","progress_loop":{"progress_with_timeout":{"num":24384,"min":0.000000954,"max":0.102429628,"avg":0.000215404,"var":0.013173718,"sum":5.252415180},"progress_timeout_value_msec":{"num":24384,"min":100.000000000,"max":100.000000000,"avg":100.000000000,"var":0.000000000,"sum":2438400.000000000},"progress_without_timeout":{"num":0,"min":0.000000000,"max":0.000000000,"avg":0.000000000,"var":0.000000000,"sum":0.000000000},"trigger":{"num":24328,"min":0.000000238,"max":0.000009060,"avg":0.000000278,"var":0.000000000,"sum":0.006765127}},"rpcs":{"65535:65535:7940397281847607295:2":{"rpc_id":7940397281847607295,"provider_id":2,"parent_rpc_id":65535,"parent_provider_id":65535,"name":"__identity__","origin":{"sent to ofi+cxi://0x06f2600c":{"iforward":{"duration":{"num":1,"min":0.000126123,"max":0.000126123,"avg":0.000126123,"var":0.000000000,"sum":0.000126123},"relative_timestamp_from_create":{"num":1,"min":0.000015259,"max":0.000015259,"avg":0.000015259,"var":0.000000000,"sum":0.000015259}},"forward_cb":{"duration":{"num":1,"min":0.000003099,"max":0.000003099,"avg":0.000003099,"var":0.000000000,"sum":0.000003099},"relative_timestamp_from_iforward_start":{"num":1,"min":0.001995087,"max":0.001995087,"avg":0.001995087,"var":0.000000000,"sum":0.001995087}},"iforward_wait":{"duration":{"num":1,"min":0.001874685,"max":0.001874685,"avg":0.001874685,"var":0.000000000,"sum":0.001874685},"relative_timestamp_from_iforward_end":{"num":1,"min":0.000000238,"max":0.000000238,"avg":0.000000238,"var":0.000000000,"sum":0.000000238}},"set_input":{"duration":{"num":0,"min":0.000000000,"max":0.000000000,"avg":0.000000000,"var":0.000000000,"sum":0.000000000},"relative_timestamp_from_iforward_start":{"num":0,"min":0.000000000,"max":0.000000000,"avg":0.000000000,"var":0.000000000,"sum":0.000000000}},"get_output":{"duration":{"num":1,"min":0.000004768,"max":0.000004768,"avg":0.000004768,"var":0.000000000,"sum":0.000004768},"relative_timestamp_from_wait_end":{"num":1,"min":0.000000954,"max":0.000000954,"avg":0.000000954,"var":0.000000000,"sum":0.000000954}}}}},"65535:65535:9722976651498815487:2":{"rpc_id":9722976651498815487,"provider_id":2,"parent_rpc_id":65535,"parent_provider_id":65535,"name":"flock_get_view","origin":{"sent to ofi+cxi://0x06f2600c":{"iforward":{"duration":{"num":2,"min":0.000014544,"max":0.000017881,"avg":0.000016212,"var":0.000000000,"sum":0.000032425},"relative_timestamp_from_create":{"num":2,"min":0.000000477,"max":0.000000715,"avg":0.000000596,"var":0.000000000,"sum":0.000001192}},"forward_cb":{"duration":{"num":2,"min":0.000000238,"max":0.000000954,"avg":0.000000596,"var":0.000000000,"sum":0.000001192},"relative_timestamp_from_iforward_start":{"num":2,"min":0.010549784,"max":0.034368515,"avg":0.022459149,"var":0.000283666,"sum":0.044918299}},"iforward_wait":{"duration":{"num":2,"min":0.010537624,"max":0.034351110,"avg":0.022444367,"var":0.000283541,"sum":0.044888735},"relative_timestamp_from_iforward_end":{"num":2,"min":0.000000238,"max":0.000001192,"avg":0.000000715,"var":0.000000000,"sum":0.000001431}},"set_input":{"duration":{"num":2,"min":0.000000000,"max":0.000000238,"avg":0.000000119,"var":0.000000000,"sum":0.000000238},"relative_timestamp_from_iforward_start":{"num":2,"min":0.000003815,"max":0.000006199,"avg":0.000005007,"var":0.000000000,"sum":0.000010014}},"get_output":{"duration":{"num":2,"min":0.000000477,"max":0.000023842,"avg":0.000012159,"var":0.000000000,"sum":0.000024319},"relative_timestamp_from_wait_end":{"num":2,"min":0.000000477,"max":0.000002146,"avg":0.000001311,"var":0.000000000,"sum":0.000002623}}}}},"65535:65535:3669993900245843967:1":{"rpc_id":3669993900245843967,"provider_id":1,"parent_rpc_id":65535,"parent_provider_id":65535,"name":"qtn_work_rpc","origin":{"sent to ofi+cxi://0x06f52415":{"iforward":{"duration":{"num":24324,"min":0.000001431,"max":0.000035048,"avg":0.000001546,"var":0.000000006,"sum":0.037598610},"relative_timestamp_from_create":{"num":24324,"min":0.000000000,"max":0.000001669,"avg":0.000000070,"var":0.000000000,"sum":0.001705408}},"forward_cb":{"duration":{"num":24324,"min":0.000000000,"max":0.000005484,"avg":0.000000126,"var":0.000000000,"sum":0.003056288},"relative_timestamp_from_iforward_start":{"num":24324,"min":0.000008583,"max":0.000911236,"avg":0.000211898,"var":0.001448776,"sum":5.154199600}},"iforward_wait":{"duration":{"num":24324,"min":0.000002861,"max":0.000909805,"avg":0.000210746,"var":0.001448675,"sum":5.126177549},"relative_timestamp_from_iforward_end":{"num":24324,"min":0.000000000,"max":0.000002384,"avg":0.000000176,"var":0.000000000,"sum":0.004280567}},"set_input":{"duration":{"num":24324,"min":0.000000000,"max":0.000002146,"avg":0.000000069,"var":0.000000000,"sum":0.001678705},"relative_timestamp_from_iforward_start":{"num":24324,"min":0.000000477,"max":0.000009298,"avg":0.000000706,"var":0.000000000,"sum":0.017171860}},"get_output":{"duration":{"num":24324,"min":0.000000000,"max":0.000002146,"avg":0.000000088,"var":0.000000000,"sum":0.002146006},"relative_timestamp_from_wait_end":{"num":24324,"min":0.000000000,"max":0.000003099,"avg":0.000000150,"var":0.000000000,"sum":0.003649712}}}}}},"hostname":"x4418c0s6b0n0","pid":212041,"cmdline":["/home/carns/working/src/spack/var/spack/environments/quintain-2025-07/.spack-env/view/bin/quintain-benchmark","-g","quintain.flock.json","-j","/home/carns/working/dbg/john-quintain-profile-example-2025-07/quintain-benchmark-rpc.json","-o","/flare/radix-io/carns/quintain/6710290.aurora-pbs-0001.hostmgmt.cm.aurora.alcf.anl.gov/rpc-sweep-servers408-clis816"]}