{"address":"ofi+cxi://0x0263e415","progress_loop":{"progress_with_timeout":{"num":1632,"min":0.000002384,"max":0.101695776,"avg":0.007477480,"var":0.153799611,"sum":12.203247547},"progress_timeout_value_msec":{"num":1632,"min":100.000000000,"max":100.000000000,"avg":100.000000000,"var":0.000000000,"sum":163200.000000000},"progress_without_timeout":{"num":0,"min":0.000000000,"max":0.000000000,"avg":0.000000000,"var":0.000000000,"sum":0.000000000},"trigger":{"num":1622,"min":0.000000238,"max":0.000009060,"avg":0.000000308,"var":0.000000000,"sum":0.000499725}},"rpcs":{"65535:65535:7940397281847607295:2":{"rpc_id":7940397281847607295,"provider_id":2,"parent_rpc_id":65535,"parent_provider_id":65535,"name":"__identity__","origin":{"sent to ofi+cxi://0x0262200d":{"iforward":{"duration":{"num":1,"min":0.000266314,"max":0.000266314,"avg":0.000266314,"var":0.000000000,"sum":0.000266314},"relative_timestamp_from_create":{"num":1,"min":0.000025511,"max":0.000025511,"avg":0.000025511,"var":0.000000000,"sum":0.000025511}},"forward_cb":{"duration":{"num":1,"min":0.000006676,"max":0.000006676,"avg":0.000006676,"var":0.000000000,"sum":0.000006676},"relative_timestamp_from_iforward_start":{"num":1,"min":0.003777981,"max":0.003777981,"avg":0.003777981,"var":0.000000000,"sum":0.003777981}},"iforward_wait":{"duration":{"num":1,"min":0.003523827,"max":0.003523827,"avg":0.003523827,"var":0.000000000,"sum":0.003523827},"relative_timestamp_from_iforward_end":{"num":1,"min":0.000000238,"max":0.000000238,"avg":0.000000238,"var":0.000000000,"sum":0.000000238}},"set_input":{"duration":{"num":0,"min":0.000000000,"max":0.000000000,"avg":0.000000000,"var":0.000000000,"sum":0.000000000},"relative_timestamp_from_iforward_start":{"num":0,"min":0.000000000,"max":0.000000000,"avg":0.000000000,"var":0.000000000,"sum":0.000000000}},"get_output":{"duration":{"num":1,"min":0.000007391,"max":0.000007391,"avg":0.000007391,"var":0.000000000,"sum":0.000007391},"relative_timestamp_from_wait_end":{"num":1,"min":0.000001669,"max":0.000001669,"avg":0.000001669,"var":0.000000000,"sum":0.000001669}}}}},"65535:65535:9722976651498815487:2":{"rpc_id":9722976651498815487,"provider_id":2,"parent_rpc_id":65535,"parent_provider_id":65535,"name":"flock_get_view","origin":{"sent to ofi+cxi://0x0262200d":{"iforward":{"duration":{"num":2,"min":0.000018597,"max":0.000029802,"avg":0.000024199,"var":0.000000000,"sum":0.000048399},"relative_timestamp_from_create":{"num":2,"min":0.000000477,"max":0.000001192,"avg":0.000000834,"var":0.000000000,"sum":0.000001669}},"forward_cb":{"duration":{"num":2,"min":0.000000238,"max":0.000000954,"avg":0.000000596,"var":0.000000000,"sum":0.000001192},"relative_timestamp_from_iforward_start":{"num":2,"min":0.011782885,"max":0.017999649,"avg":0.014891267,"var":0.000019324,"sum":0.029782534}},"iforward_wait":{"duration":{"num":2,"min":0.011755228,"max":0.017981291,"avg":0.014868259,"var":0.000019382,"sum":0.029736519},"relative_timestamp_from_iforward_end":{"num":2,"min":0.000000477,"max":0.000001192,"avg":0.000000834,"var":0.000000000,"sum":0.000001669}},"set_input":{"duration":{"num":2,"min":0.000000238,"max":0.000000477,"avg":0.000000358,"var":0.000000000,"sum":0.000000715},"relative_timestamp_from_iforward_start":{"num":2,"min":0.000006199,"max":0.000009060,"avg":0.000007629,"var":0.000000000,"sum":0.000015259}},"get_output":{"duration":{"num":2,"min":0.000000477,"max":0.000033140,"avg":0.000016809,"var":0.000000001,"sum":0.000033617},"relative_timestamp_from_wait_end":{"num":2,"min":0.000000238,"max":0.000002146,"avg":0.000001192,"var":0.000000000,"sum":0.000002384}}}}},"65535:65535:3669993900245843967:1":{"rpc_id":3669993900245843967,"provider_id":1,"parent_rpc_id":65535,"parent_provider_id":65535,"name":"qtn_work_rpc","origin":{"sent to ofi+cxi://0x0263c013":{"iforward":{"duration":{"num":1618,"min":0.000001431,"max":0.000037909,"avg":0.000001871,"var":0.000000005,"sum":0.003026724},"relative_timestamp_from_create":{"num":1618,"min":0.000002623,"max":0.001602650,"avg":0.000003942,"var":0.000002558,"sum":0.006378174}},"forward_cb":{"duration":{"num":1618,"min":0.000000000,"max":0.000001192,"avg":0.000000134,"var":0.000000000,"sum":0.000217199},"relative_timestamp_from_iforward_start":{"num":1618,"min":0.000190735,"max":0.038623095,"avg":0.007461409,"var":0.144224457,"sum":12.072559118}},"iforward_wait":{"duration":{"num":1618,"min":0.000189781,"max":0.038621902,"avg":0.007459896,"var":0.144224125,"sum":12.070111275},"relative_timestamp_from_iforward_end":{"num":1618,"min":0.000000000,"max":0.000000954,"avg":0.000000237,"var":0.000000000,"sum":0.000382900}},"set_input":{"duration":{"num":1618,"min":0.000000000,"max":0.000004292,"avg":0.000000127,"var":0.000000000,"sum":0.000205517},"relative_timestamp_from_iforward_start":{"num":1618,"min":0.000000477,"max":0.000007153,"avg":0.000000726,"var":0.000000000,"sum":0.001173973}},"get_output":{"duration":{"num":1618,"min":0.000000000,"max":0.000000238,"avg":0.000000085,"var":0.000000000,"sum":0.000137806},"relative_timestamp_from_wait_end":{"num":1618,"min":0.000000000,"max":0.000003099,"avg":0.000000160,"var":0.000000000,"sum":0.000258446}}}}},"65535:65535:65535:65535":{"rpc_id":65535,"provider_id":65535,"parent_rpc_id":65535,"parent_provider_id":65535,"name":"","target":{"received from <unknown>":{"bulk":{"create":{"duration":{"num":1618,"min":0.000002384,"max":0.001598120,"avg":0.000003736,"var":0.000002544,"sum":0.006045103},"size":{"num":1618,"min":4194304.000000000,"max":4194304.000000000,"avg":4194304.000000000,"var":0.000000000,"sum":6786383872.000000000}}}}}}},"hostname":"x4108c1s0b0n0","pid":38558,"cmdline":["/home/carns/working/src/spack/var/spack/environments/quintain-2025-07/.spack-env/view/bin/quintain-benchmark","-g","quintain.flock.json","-j","/home/carns/working/dbg/john-quintain-profile-example-2025-07/quintain-benchmark-bw.json","-o","/flare/radix-io/carns/quintain/6767526.aurora-pbs-0001.hostmgmt.cm.aurora.alcf.anl.gov/bw-sweep-servers408-clis816"]}