{"address":"","rpcs":{},"pools":{"__primary__":{"timestamps":[1753366941.848869801,1753366942.849352598,1753366943.849577188,1753366944.849797010,1753366945.849998474,1753366946.850523710,1753366956.003212690,1753366956.134161234],"size":[0,0,0,0,0,0,0,0],"total_size":[1,1,1,1,1,1,1,0]}}}