{"address":"ofi+cxi://0x02602015","progress_loop":{"progress_with_timeout":{"num":1603,"min":0.000001431,"max":0.100294828,"avg":0.008096842,"var":0.175612684,"sum":12.979237556},"progress_timeout_value_msec":{"num":1603,"min":100.000000000,"max":100.000000000,"avg":100.000000000,"var":0.000000000,"sum":160300.000000000},"progress_without_timeout":{"num":0,"min":0.000000000,"max":0.000000000,"avg":0.000000000,"var":0.000000000,"sum":0.000000000},"trigger":{"num":1600,"min":0.000000238,"max":0.000006676,"avg":0.000000295,"var":0.000000000,"sum":0.000471592}},"rpcs":{"65535:65535:7940397281847607295:2":{"rpc_id":7940397281847607295,"provider_id":2,"parent_rpc_id":65535,"parent_provider_id":65535,"name":"__identity__","origin":{"sent to ofi+cxi://0x0262200d":{"iforward":{"duration":{"num":1,"min":0.000261784,"max":0.000261784,"avg":0.000261784,"var":0.000000000,"sum":0.000261784},"relative_timestamp_from_create":{"num":1,"min":0.000004292,"max":0.000004292,"avg":0.000004292,"var":0.000000000,"sum":0.000004292}},"forward_cb":{"duration":{"num":1,"min":0.000003099,"max":0.000003099,"avg":0.000003099,"var":0.000000000,"sum":0.000003099},"relative_timestamp_from_iforward_start":{"num":1,"min":0.008779049,"max":0.008779049,"avg":0.008779049,"var":0.000000000,"sum":0.008779049}},"iforward_wait":{"duration":{"num":1,"min":0.008523941,"max":0.008523941,"avg":0.008523941,"var":0.000000000,"sum":0.008523941},"relative_timestamp_from_iforward_end":{"num":1,"min":0.000000477,"max":0.000000477,"avg":0.000000477,"var":0.000000000,"sum":0.000000477}},"set_input":{"duration":{"num":0,"min":0.000000000,"max":0.000000000,"avg":0.000000000,"var":0.000000000,"sum":0.000000000},"relative_timestamp_from_iforward_start":{"num":0,"min":0.000000000,"max":0.000000000,"avg":0.000000000,"var":0.000000000,"sum":0.000000000}},"get_output":{"duration":{"num":1,"min":0.000005722,"max":0.000005722,"avg":0.000005722,"var":0.000000000,"sum":0.000005722},"relative_timestamp_from_wait_end":{"num":1,"min":0.000001192,"max":0.000001192,"avg":0.000001192,"var":0.000000000,"sum":0.000001192}}}}},"65535:65535:9722976651498815487:2":{"rpc_id":9722976651498815487,"provider_id":2,"parent_rpc_id":65535,"parent_provider_id":65535,"name":"flock_get_view","origin":{"sent to ofi+cxi://0x0262200d":{"iforward":{"duration":{"num":2,"min":0.000013828,"max":0.000017881,"avg":0.000015855,"var":0.000000000,"sum":0.000031710},"relative_timestamp_from_create":{"num":2,"min":0.000000238,"max":0.000003338,"avg":0.000001788,"var":0.000000000,"sum":0.000003576}},"forward_cb":{"duration":{"num":2,"min":0.000000238,"max":0.000000238,"avg":0.000000238,"var":0.000000000,"sum":0.000000477},"relative_timestamp_from_iforward_start":{"num":2,"min":0.005757570,"max":0.020642757,"avg":0.013200164,"var":0.000110784,"sum":0.026400328}},"iforward_wait":{"duration":{"num":2,"min":0.005744219,"max":0.020624399,"avg":0.013184309,"var":0.000110710,"sum":0.026368618},"relative_timestamp_from_iforward_end":{"num":2,"min":0.000000238,"max":0.000001431,"avg":0.000000834,"var":0.000000000,"sum":0.000001669}},"set_input":{"duration":{"num":2,"min":0.000000000,"max":0.000000238,"avg":0.000000119,"var":0.000000000,"sum":0.000000238},"relative_timestamp_from_iforward_start":{"num":2,"min":0.000001192,"max":0.000005007,"avg":0.000003099,"var":0.000000000,"sum":0.000006199}},"get_output":{"duration":{"num":2,"min":0.000000238,"max":0.000033379,"avg":0.000016809,"var":0.000000001,"sum":0.000033617},"relative_timestamp_from_wait_end":{"num":2,"min":0.000000238,"max":0.000000954,"avg":0.000000596,"var":0.000000000,"sum":0.000001192}}}}},"65535:65535:3669993900245843967:1":{"rpc_id":3669993900245843967,"provider_id":1,"parent_rpc_id":65535,"parent_provider_id":65535,"name":"qtn_work_rpc","origin":{"sent to ofi+cxi://0x02624613":{"iforward":{"duration":{"num":1596,"min":0.000001431,"max":0.000035286,"avg":0.000001874,"var":0.000000006,"sum":0.002990961},"relative_timestamp_from_create":{"num":1596,"min":0.000002384,"max":0.001889229,"avg":0.000004080,"var":0.000003557,"sum":0.006511927}},"forward_cb":{"duration":{"num":1596,"min":0.000000000,"max":0.000001192,"avg":0.000000134,"var":0.000000000,"sum":0.000214100},"relative_timestamp_from_iforward_start":{"num":1596,"min":0.000209332,"max":0.034295797,"avg":0.008050136,"var":0.166750957,"sum":12.848017693}},"iforward_wait":{"duration":{"num":1596,"min":0.000208139,"max":0.034294605,"avg":0.008048693,"var":0.166750727,"sum":12.845714569},"relative_timestamp_from_iforward_end":{"num":1596,"min":0.000000000,"max":0.000000715,"avg":0.000000184,"var":0.000000000,"sum":0.000293255}},"set_input":{"duration":{"num":1596,"min":0.000000000,"max":0.000004530,"avg":0.000000121,"var":0.000000000,"sum":0.000192404},"relative_timestamp_from_iforward_start":{"num":1596,"min":0.000000477,"max":0.000007391,"avg":0.000000765,"var":0.000000000,"sum":0.001220465}},"get_output":{"duration":{"num":1596,"min":0.000000000,"max":0.000000477,"avg":0.000000092,"var":0.000000000,"sum":0.000146866},"relative_timestamp_from_wait_end":{"num":1596,"min":0.000000000,"max":0.000002623,"avg":0.000000147,"var":0.000000000,"sum":0.000234842}}}}},"65535:65535:65535:65535":{"rpc_id":65535,"provider_id":65535,"parent_rpc_id":65535,"parent_provider_id":65535,"name":"","target":{"received from <unknown>":{"bulk":{"create":{"duration":{"num":1596,"min":0.000002146,"max":0.001885176,"avg":0.000003875,"var":0.000003543,"sum":0.006184816},"size":{"num":1596,"min":4194304.000000000,"max":4194304.000000000,"avg":4194304.000000000,"var":0.000000000,"sum":6694109184.000000000}}}}}}},"hostname":"x4108c0s4b0n0","pid":194920,"cmdline":["/home/carns/working/src/spack/var/spack/environments/quintain-2025-07/.spack-env/view/bin/quintain-benchmark","-g","quintain.flock.json","-j","/home/carns/working/dbg/john-quintain-profile-example-2025-07/quintain-benchmark-bw.json","-o","/flare/radix-io/carns/quintain/6767526.aurora-pbs-0001.hostmgmt.cm.aurora.alcf.anl.gov/bw-sweep-servers408-clis816"]}