{"address":"","rpcs":{},"pools":{"__primary__":{"timestamps":[1753558122.224260330,1753558123.231518030,1753558124.245110035,1753558125.249123573,1753558126.259107113,1753558127.265305758,1753558128.266746044,1753558129.278901577,1753558131.682124376,1753558132.692572117,1753558133.698309898,1753558134.716070414,1753558135.721503019,1753558136.970129728,1753558137.084932327],"size":[0,0,0,0,0,0,0,0,0,0,0,0,0,0,0],"total_size":[1,1,1,1,1,1,1,1,1,1,1,1,1,1,0]}}}