{"address":"","progress_loop":{"progress_with_timeout":{"num":22237,"min":0.000001431,"max":0.103316069,"avg":0.000236296,"var":0.013519909,"sum":5.254509449},"progress_timeout_value_msec":{"num":22237,"min":100.000000000,"max":100.000000000,"avg":100.000000000,"var":0.000000000,"sum":2223700.000000000},"progress_without_timeout":{"num":0,"min":0.000000000,"max":0.000000000,"avg":0.000000000,"var":0.000000000,"sum":0.000000000},"trigger":{"num":22218,"min":0.000000238,"max":0.000007391,"avg":0.000000323,"var":0.000000000,"sum":0.007182837}},"rpcs":{"65535:65535:7940397281847607295:2":{"rpc_id":7940397281847607295,"provider_id":2,"parent_rpc_id":65535,"parent_provider_id":65535,"name":"__identity__","origin":{"sent to ofi+cxi://0x06f2600c":{"iforward":{"duration":{"num":1,"min":0.000118256,"max":0.000118256,"avg":0.000118256,"var":0.000000000,"sum":0.000118256},"relative_timestamp_from_create":{"num":1,"min":0.000003099,"max":0.000003099,"avg":0.000003099,"var":0.000000000,"sum":0.000003099}},"forward_cb":{"duration":{"num":1,"min":0.000003576,"max":0.000003576,"avg":0.000003576,"var":0.000000000,"sum":0.000003576},"relative_timestamp_from_iforward_start":{"num":1,"min":0.006788731,"max":0.006788731,"avg":0.006788731,"var":0.000000000,"sum":0.006788731}},"iforward_wait":{"duration":{"num":1,"min":0.006677866,"max":0.006677866,"avg":0.006677866,"var":0.000000000,"sum":0.006677866},"relative_timestamp_from_iforward_end":{"num":1,"min":0.000000238,"max":0.000000238,"avg":0.000000238,"var":0.000000000,"sum":0.000000238}},"set_input":{"duration":{"num":0,"min":0.000000000,"max":0.000000000,"avg":0.000000000,"var":0.000000000,"sum":0.000000000},"relative_timestamp_from_iforward_start":{"num":0,"min":0.000000000,"max":0.000000000,"avg":0.000000000,"var":0.000000000,"sum":0.000000000}},"get_output":{"duration":{"num":1,"min":0.000006199,"max":0.000006199,"avg":0.000006199,"var":0.000000000,"sum":0.000006199},"relative_timestamp_from_wait_end":{"num":1,"min":0.000000954,"max":0.000000954,"avg":0.000000954,"var":0.000000000,"sum":0.000000954}}}}},"65535:65535:9722976651498815487:2":{"rpc_id":9722976651498815487,"provider_id":2,"parent_rpc_id":65535,"parent_provider_id":65535,"name":"flock_get_view","origin":{"sent to ofi+cxi://0x06f2600c":{"iforward":{"duration":{"num":2,"min":0.000011206,"max":0.000021696,"avg":0.000016451,"var":0.000000000,"sum":0.000032902},"relative_timestamp_from_create":{"num":2,"min":0.000000238,"max":0.000000954,"avg":0.000000596,"var":0.000000000,"sum":0.000001192}},"forward_cb":{"duration":{"num":2,"min":0.000000000,"max":0.000000238,"avg":0.000000119,"var":0.000000000,"sum":0.000000238},"relative_timestamp_from_iforward_start":{"num":2,"min":0.018887043,"max":0.030577421,"avg":0.024732232,"var":0.000068332,"sum":0.049464464}},"iforward_wait":{"duration":{"num":2,"min":0.018876314,"max":0.030555248,"avg":0.024715781,"var":0.000068199,"sum":0.049431562},"relative_timestamp_from_iforward_end":{"num":2,"min":0.000000238,"max":0.000001431,"avg":0.000000834,"var":0.000000000,"sum":0.000001669}},"set_input":{"duration":{"num":2,"min":0.000000000,"max":0.000000238,"avg":0.000000119,"var":0.000000000,"sum":0.000000238},"relative_timestamp_from_iforward_start":{"num":2,"min":0.000001431,"max":0.000007629,"avg":0.000004530,"var":0.000000000,"sum":0.000009060}},"get_output":{"duration":{"num":2,"min":0.000000477,"max":0.000022411,"avg":0.000011444,"var":0.000000000,"sum":0.000022888},"relative_timestamp_from_wait_end":{"num":2,"min":0.000000238,"max":0.000000715,"avg":0.000000477,"var":0.000000000,"sum":0.000000954}}}}},"65535:65535:3669993900245843967:1":{"rpc_id":3669993900245843967,"provider_id":1,"parent_rpc_id":65535,"parent_provider_id":65535,"name":"qtn_work_rpc","origin":{"sent to ofi+cxi://0x06f52615":{"iforward":{"duration":{"num":22214,"min":0.000001669,"max":0.000030756,"avg":0.000002110,"var":0.000000005,"sum":0.046868563},"relative_timestamp_from_create":{"num":22214,"min":0.000000000,"max":0.000001192,"avg":0.000000086,"var":0.000000000,"sum":0.001915216}},"forward_cb":{"duration":{"num":22214,"min":0.000000000,"max":0.000004292,"avg":0.000000142,"var":0.000000000,"sum":0.003151655},"relative_timestamp_from_iforward_start":{"num":22214,"min":0.000009537,"max":0.000958204,"avg":0.000232074,"var":0.001606940,"sum":5.155285597}},"iforward_wait":{"duration":{"num":22214,"min":0.000003099,"max":0.000956535,"avg":0.000230438,"var":0.001607227,"sum":5.118942976},"relative_timestamp_from_iforward_end":{"num":22214,"min":0.000000000,"max":0.000006199,"avg":0.000000171,"var":0.000000000,"sum":0.003792048}},"set_input":{"duration":{"num":22214,"min":0.000000000,"max":0.000004053,"avg":0.000000102,"var":0.000000000,"sum":0.002275229},"relative_timestamp_from_iforward_start":{"num":22214,"min":0.000000715,"max":0.000012636,"avg":0.000000881,"var":0.000000001,"sum":0.019565821}},"get_output":{"duration":{"num":22214,"min":0.000000000,"max":0.000006199,"avg":0.000000103,"var":0.000000000,"sum":0.002294064},"relative_timestamp_from_wait_end":{"num":22214,"min":0.000000000,"max":0.000001192,"avg":0.000000161,"var":0.000000000,"sum":0.003576040}}}}}},"hostname":"x4418c0s6b0n0","pid":212054,"cmdline":["/home/carns/working/src/spack/var/spack/environments/quintain-2025-07/.spack-env/view/bin/quintain-benchmark","-g","quintain.flock.json","-j","/home/carns/working/dbg/john-quintain-profile-example-2025-07/quintain-benchmark-rpc.json","-o","/flare/radix-io/carns/quintain/6710290.aurora-pbs-0001.hostmgmt.cm.aurora.alcf.anl.gov/rpc-sweep-servers408-clis816"]}