{"address":"","progress_loop":{"progress_with_timeout":{"num":3815,"min":0.000001669,"max":0.103296518,"avg":0.001813936,"var":0.015016072,"sum":6.920164347},"progress_timeout_value_msec":{"num":3815,"min":100.000000000,"max":100.000000000,"avg":100.000000000,"var":0.000000000,"sum":381500.000000000},"progress_without_timeout":{"num":0,"min":0.000000000,"max":0.000000000,"avg":0.000000000,"var":0.000000000,"sum":0.000000000},"trigger":{"num":3797,"min":0.000000238,"max":0.000010729,"avg":0.000000286,"var":0.000000000,"sum":0.001086473}},"rpcs":{"65535:65535:7940397281847607295:2":{"rpc_id":7940397281847607295,"provider_id":2,"parent_rpc_id":65535,"parent_provider_id":65535,"name":"__identity__","origin":{"sent to ofi+cxi://0x06f2600c":{"iforward":{"duration":{"num":1,"min":0.000087976,"max":0.000087976,"avg":0.000087976,"var":0.000000000,"sum":0.000087976},"relative_timestamp_from_create":{"num":1,"min":0.000005007,"max":0.000005007,"avg":0.000005007,"var":0.000000000,"sum":0.000005007}},"forward_cb":{"duration":{"num":1,"min":0.000009775,"max":0.000009775,"avg":0.000009775,"var":0.000000000,"sum":0.000009775},"relative_timestamp_from_iforward_start":{"num":1,"min":0.002364635,"max":0.002364635,"avg":0.002364635,"var":0.000000000,"sum":0.002364635}},"iforward_wait":{"duration":{"num":1,"min":0.002291918,"max":0.002291918,"avg":0.002291918,"var":0.000000000,"sum":0.002291918},"relative_timestamp_from_iforward_end":{"num":1,"min":0.000000238,"max":0.000000238,"avg":0.000000238,"var":0.000000000,"sum":0.000000238}},"set_input":{"duration":{"num":0,"min":0.000000000,"max":0.000000000,"avg":0.000000000,"var":0.000000000,"sum":0.000000000},"relative_timestamp_from_iforward_start":{"num":0,"min":0.000000000,"max":0.000000000,"avg":0.000000000,"var":0.000000000,"sum":0.000000000}},"get_output":{"duration":{"num":1,"min":0.000007153,"max":0.000007153,"avg":0.000007153,"var":0.000000000,"sum":0.000007153},"relative_timestamp_from_wait_end":{"num":1,"min":0.000001431,"max":0.000001431,"avg":0.000001431,"var":0.000000000,"sum":0.000001431}}}}},"65535:65535:9722976651498815487:2":{"rpc_id":9722976651498815487,"provider_id":2,"parent_rpc_id":65535,"parent_provider_id":65535,"name":"flock_get_view","origin":{"sent to ofi+cxi://0x06f2600c":{"iforward":{"duration":{"num":2,"min":0.000011444,"max":0.000038385,"avg":0.000024915,"var":0.000000000,"sum":0.000049829},"relative_timestamp_from_create":{"num":2,"min":0.000000477,"max":0.000001192,"avg":0.000000834,"var":0.000000000,"sum":0.000001669}},"forward_cb":{"duration":{"num":2,"min":0.000000000,"max":0.000000477,"avg":0.000000238,"var":0.000000000,"sum":0.000000477},"relative_timestamp_from_iforward_start":{"num":2,"min":0.005105972,"max":0.017637491,"avg":0.011371732,"var":0.000078519,"sum":0.022743464}},"iforward_wait":{"duration":{"num":2,"min":0.005067110,"max":0.017626524,"avg":0.011346817,"var":0.000078869,"sum":0.022693634},"relative_timestamp_from_iforward_end":{"num":2,"min":0.000000238,"max":0.000001669,"avg":0.000000954,"var":0.000000000,"sum":0.000001907}},"set_input":{"duration":{"num":2,"min":0.000000000,"max":0.000000238,"avg":0.000000119,"var":0.000000000,"sum":0.000000238},"relative_timestamp_from_iforward_start":{"num":2,"min":0.000001669,"max":0.000011206,"avg":0.000006437,"var":0.000000000,"sum":0.000012875}},"get_output":{"duration":{"num":2,"min":0.000000477,"max":0.000032425,"avg":0.000016451,"var":0.000000001,"sum":0.000032902},"relative_timestamp_from_wait_end":{"num":2,"min":0.000000238,"max":0.000001192,"avg":0.000000715,"var":0.000000000,"sum":0.000001431}}}}},"65535:65535:3669993900245843967:1":{"rpc_id":3669993900245843967,"provider_id":1,"parent_rpc_id":65535,"parent_provider_id":65535,"name":"qtn_work_rpc","origin":{"sent to ofi+cxi://0x06f5060f":{"iforward":{"duration":{"num":3793,"min":0.000001431,"max":0.000032187,"avg":0.000001716,"var":0.000000005,"sum":0.006508589},"relative_timestamp_from_create":{"num":3793,"min":0.000002384,"max":0.001810074,"avg":0.000003337,"var":0.000003266,"sum":0.012658119}},"forward_cb":{"duration":{"num":3793,"min":0.000000000,"max":0.000001431,"avg":0.000000126,"var":0.000000000,"sum":0.000477314},"relative_timestamp_from_iforward_start":{"num":3793,"min":0.000198841,"max":0.006385803,"avg":0.001792987,"var":0.004396007,"sum":6.800800085}},"iforward_wait":{"duration":{"num":3793,"min":0.000197649,"max":0.006384373,"avg":0.001791633,"var":0.004395958,"sum":6.795664787},"relative_timestamp_from_iforward_end":{"num":3793,"min":0.000000000,"max":0.000004053,"avg":0.000000226,"var":0.000000000,"sum":0.000856161}},"set_input":{"duration":{"num":3793,"min":0.000000000,"max":0.000005484,"avg":0.000000115,"var":0.000000000,"sum":0.000435352},"relative_timestamp_from_iforward_start":{"num":3793,"min":0.000000477,"max":0.000009537,"avg":0.000000726,"var":0.000000000,"sum":0.002754211}},"get_output":{"duration":{"num":3793,"min":0.000000000,"max":0.000000477,"avg":0.000000083,"var":0.000000000,"sum":0.000316620},"relative_timestamp_from_wait_end":{"num":3793,"min":0.000000000,"max":0.000003099,"avg":0.000000153,"var":0.000000000,"sum":0.000580549}}}}},"65535:65535:65535:65535":{"rpc_id":65535,"provider_id":65535,"parent_rpc_id":65535,"parent_provider_id":65535,"name":"","target":{"received from <unknown>":{"bulk":{"create":{"duration":{"num":3793,"min":0.000002384,"max":0.001804829,"avg":0.000003140,"var":0.000003248,"sum":0.011909485},"size":{"num":3793,"min":4194304.000000000,"max":4194304.000000000,"avg":4194304.000000000,"var":0.000000000,"sum":15908995072.000000000}}}}}}},"hostname":"x4418c0s6b0n0","pid":3163,"cmdline":["/home/carns/working/src/spack/var/spack/environments/quintain-2025-07/.spack-env/view/bin/quintain-benchmark","-g","quintain.flock.json","-j","/home/carns/working/dbg/john-quintain-profile-example-2025-07/quintain-benchmark-bw.json","-o","/flare/radix-io/carns/quintain/6710290.aurora-pbs-0001.hostmgmt.cm.aurora.alcf.anl.gov/bw-sweep-servers408-clis816"]}