{"address":"","progress_loop":{"progress_with_timeout":{"num":27935,"min":0.000000954,"max":0.102237463,"avg":0.000186738,"var":0.012262918,"sum":5.216519594},"progress_timeout_value_msec":{"num":27935,"min":100.000000000,"max":100.000000000,"avg":100.000000000,"var":0.000000000,"sum":2793500.000000000},"progress_without_timeout":{"num":0,"min":0.000000000,"max":0.000000000,"avg":0.000000000,"var":0.000000000,"sum":0.000000000},"trigger":{"num":27582,"min":0.000000238,"max":0.000018358,"avg":0.000000285,"var":0.000000001,"sum":0.007871866}},"rpcs":{"65535:65535:7940397281847607295:2":{"rpc_id":7940397281847607295,"provider_id":2,"parent_rpc_id":65535,"parent_provider_id":65535,"name":"__identity__","origin":{"sent to ofi+cxi://0x06f2600c":{"iforward":{"duration":{"num":1,"min":0.000309229,"max":0.000309229,"avg":0.000309229,"var":0.000000000,"sum":0.000309229},"relative_timestamp_from_create":{"num":1,"min":0.000003576,"max":0.000003576,"avg":0.000003576,"var":0.000000000,"sum":0.000003576}},"forward_cb":{"duration":{"num":1,"min":0.000002384,"max":0.000002384,"avg":0.000002384,"var":0.000000000,"sum":0.000002384},"relative_timestamp_from_iforward_start":{"num":1,"min":0.004945278,"max":0.004945278,"avg":0.004945278,"var":0.000000000,"sum":0.004945278}},"iforward_wait":{"duration":{"num":1,"min":0.004641533,"max":0.004641533,"avg":0.004641533,"var":0.000000000,"sum":0.004641533},"relative_timestamp_from_iforward_end":{"num":1,"min":0.000000477,"max":0.000000477,"avg":0.000000477,"var":0.000000000,"sum":0.000000477}},"set_input":{"duration":{"num":0,"min":0.000000000,"max":0.000000000,"avg":0.000000000,"var":0.000000000,"sum":0.000000000},"relative_timestamp_from_iforward_start":{"num":0,"min":0.000000000,"max":0.000000000,"avg":0.000000000,"var":0.000000000,"sum":0.000000000}},"get_output":{"duration":{"num":1,"min":0.000007391,"max":0.000007391,"avg":0.000007391,"var":0.000000000,"sum":0.000007391},"relative_timestamp_from_wait_end":{"num":1,"min":0.000000954,"max":0.000000954,"avg":0.000000954,"var":0.000000000,"sum":0.000000954}}}}},"65535:65535:9722976651498815487:2":{"rpc_id":9722976651498815487,"provider_id":2,"parent_rpc_id":65535,"parent_provider_id":65535,"name":"flock_get_view","origin":{"sent to ofi+cxi://0x06f2600c":{"iforward":{"duration":{"num":2,"min":0.000015736,"max":0.000036955,"avg":0.000026345,"var":0.000000000,"sum":0.000052691},"relative_timestamp_from_create":{"num":2,"min":0.000000715,"max":0.000000715,"avg":0.000000715,"var":0.000000000,"sum":0.000001431}},"forward_cb":{"duration":{"num":2,"min":0.000000238,"max":0.000001431,"avg":0.000000834,"var":0.000000000,"sum":0.000001669},"relative_timestamp_from_iforward_start":{"num":2,"min":0.023271799,"max":0.027039766,"avg":0.025155783,"var":0.000007099,"sum":0.050311565}},"iforward_wait":{"duration":{"num":2,"min":0.023235559,"max":0.027027130,"avg":0.025131345,"var":0.000007188,"sum":0.050262690},"relative_timestamp_from_iforward_end":{"num":2,"min":0.000000477,"max":0.000001192,"avg":0.000000834,"var":0.000000000,"sum":0.000001669}},"set_input":{"duration":{"num":2,"min":0.000000238,"max":0.000000238,"avg":0.000000238,"var":0.000000000,"sum":0.000000477},"relative_timestamp_from_iforward_start":{"num":2,"min":0.000004292,"max":0.000007629,"avg":0.000005960,"var":0.000000000,"sum":0.000011921}},"get_output":{"duration":{"num":2,"min":0.000000715,"max":0.000038624,"avg":0.000019670,"var":0.000000001,"sum":0.000039339},"relative_timestamp_from_wait_end":{"num":2,"min":0.000000238,"max":0.000002623,"avg":0.000001431,"var":0.000000000,"sum":0.000002861}}}}},"65535:65535:3669993900245843967:1":{"rpc_id":3669993900245843967,"provider_id":1,"parent_rpc_id":65535,"parent_provider_id":65535,"name":"qtn_work_rpc","origin":{"sent to ofi+cxi://0x06f42610":{"iforward":{"duration":{"num":27578,"min":0.000001192,"max":0.000038862,"avg":0.000001508,"var":0.000000006,"sum":0.041584015},"relative_timestamp_from_create":{"num":27578,"min":0.000000000,"max":0.000000954,"avg":0.000000072,"var":0.000000000,"sum":0.001987696}},"forward_cb":{"duration":{"num":27578,"min":0.000000000,"max":0.000001669,"avg":0.000000124,"var":0.000000000,"sum":0.003427982},"relative_timestamp_from_iforward_start":{"num":27578,"min":0.000008345,"max":0.000721693,"avg":0.000185533,"var":0.000567729,"sum":5.116641998}},"iforward_wait":{"duration":{"num":27578,"min":0.000005484,"max":0.000719070,"avg":0.000184423,"var":0.000567331,"sum":5.086014986},"relative_timestamp_from_iforward_end":{"num":27578,"min":0.000000000,"max":0.000002146,"avg":0.000000179,"var":0.000000000,"sum":0.004944324}},"set_input":{"duration":{"num":27578,"min":0.000000000,"max":0.000001431,"avg":0.000000076,"var":0.000000000,"sum":0.002086878},"relative_timestamp_from_iforward_start":{"num":27578,"min":0.000000477,"max":0.000008821,"avg":0.000000685,"var":0.000000000,"sum":0.018885374}},"get_output":{"duration":{"num":27578,"min":0.000000000,"max":0.000001431,"avg":0.000000095,"var":0.000000000,"sum":0.002619267},"relative_timestamp_from_wait_end":{"num":27578,"min":0.000000000,"max":0.000003576,"avg":0.000000155,"var":0.000000001,"sum":0.004262924}}}}}},"hostname":"x4418c0s1b0n0","pid":203986,"cmdline":["/home/carns/working/src/spack/var/spack/environments/quintain-2025-07/.spack-env/view/bin/quintain-benchmark","-g","quintain.flock.json","-j","/home/carns/working/dbg/john-quintain-profile-example-2025-07/quintain-benchmark-rpc.json","-o","/flare/radix-io/carns/quintain/6710290.aurora-pbs-0001.hostmgmt.cm.aurora.alcf.anl.gov/rpc-sweep-servers408-clis816"]}