{"address":"","rpcs":{},"pools":{"__primary__":{"timestamps":[1753558083.759755135,1753558084.759857893,1753558085.759869576,1753558086.760017395,1753558087.760036230,1753558088.760194302,1753558094.583295345,1753558094.705706596],"size":[0,0,0,0,0,0,0,0],"total_size":[1,1,1,1,1,1,1,0]}}}