{"address":"","rpcs":{"qtn_work_rpc:1":{"timestamps":[1753558083.970778227,1753558084.970778465,1753558085.970778942,1753558086.970779181,1753558087.970779419,1753558088.970779657,1753558090.054896116,1753558091.094810486,1753558092.135776758,1753558093.175636768,1753558094.215164661,1753558095.255816460,1753558096.295601368,1753558097.335033894,1753558098.375592470,1753558099.415036201,1753558100.455694914,1753558101.495206118,1753558102.535634518,1753558103.574986219,1753558104.615481138,1753558105.654973984,1753558106.695574760,1753558107.735014200,1753558108.775533676,1753558109.815014839,1753558110.855473518,1753558111.895341873,1753558112.934764147,1753558113.975422859,1753558115.014915466,1753558116.055526018,1753558117.094975710,1753558118.135455608,1753558119.175048828,1753558120.215577602,1753558121.255233288,1753558122.295763254,1753558123.296754837,1753558124.308831215,1753558125.322741508,1753558126.323446035,1753558127.343406677,1753558128.343407154,1753558129.350435972,1753558130.423554182,1753558131.462825298,1753558132.481503725,1753558133.493322372,1753558134.499190092,1753558135.502032042,1753558136.502032280,1753558137.527099133,1753558138.567793131,1753558139.607569218,1753558140.647286415,1753558141.687073231,1753558142.727674484,1753558143.767714024,1753558144.807498217,1753558145.847276926,1753558146.886982679,1753558147.927571774,1753558148.967277288,1753558150.006830454,1753558151.047361135,1753558152.087015152,1753558153.127604485,1753558154.167197704,1753558155.288198233],"count":[842,10978,13326,13414,13465,13333,3241,0,0,0,0,0,0,0,0,0,0,0,0,0,0,0,0,0,0,0,0,0,0,0,0,0,0,0,0,0,0,0,277,251,251,237,305,329,301,49,0,228,280,262,235,285,62,0,0,0,0,0,0,0,0,0,0,0,0,0,0,0,0,0],"bulk_size":[0,0,0,0,0,0,0,0,0,0,0,0,0,0,0,0,0,0,0,0,0,0,0,0,0,0,0,0,0,0,0,0,0,0,0,0,0,0,1161822208,1052770304,1052770304,994050048,1279262720,1379926016,1262485504,205520896,0,956301312,1174405120,1098907648,985661440,1195376640,260046848,0,0,0,0,0,0,0,0,0,0,0,0,0,0,0,0,0]},"__shutdown__:65535":{"timestamps":[1753558155.288198233],"count":[1],"bulk_size":[0]}},"pools":{"__primary__":{"timestamps":[1753558039.290943861,1753558040.330887794,1753558041.370960236,1753558042.411244869,1753558043.451746702,1753558044.491103411,1753558045.531258821,1753558046.571554422,1753558047.611694574,1753558048.651779175,1753558049.690839052,1753558050.731307983,1753558051.771704674,1753558052.810862064,1753558053.851687193,1753558054.891231060,1753558055.931623697,1753558056.971719265,1753558058.011261702,1753558059.051616192,1753558060.091718435,1753558061.131241798,1753558062.171802282,1753558063.211712837,1753558064.251751423,1753558065.291098595,1753558066.331335068,1753558067.371700764,1753558068.411182165,1753558069.450986862,1753558070.487591982,1753558071.531538725,1753558072.567797184,1753558073.611102104,1753558074.651504993,1753558075.691734791,1753558076.731571436,1753558077.771680832,1753558078.811284065,1753558079.851089716,1753558080.891220808,1753558081.931386709,1753558082.970762730,1753558083.970778227,1753558084.970778465,1753558085.970778942,1753558086.970779181,1753558087.970779419,1753558088.970779657,1753558090.054896116,1753558091.094810486,1753558092.135776758,1753558093.175636768,1753558094.215164661,1753558095.255816460,1753558096.295601368,1753558097.335033894,1753558098.375592470,1753558099.415036201,1753558100.455694914,1753558101.495206118,1753558102.535634518,1753558103.574986219,1753558104.615481138,1753558105.654973984,1753558106.695574760,1753558107.735014200,1753558108.775533676,1753558109.815014839,1753558110.855473518,1753558111.895341873,1753558112.934764147,1753558113.975422859,1753558115.014915466,1753558116.055526018,1753558117.094975710,1753558118.135455608,1753558119.175048828,1753558120.215577602,1753558121.255233288,1753558122.295763254,1753558123.296754837,1753558124.308831215,1753558125.322741508,1753558126.323446035,1753558127.343406677,1753558128.343407154,1753558129.350435972,1753558130.423554182,1753558131.462825298,1753558132.481503725,1753558133.493322372,1753558134.499190092,1753558135.502032042,1753558136.502032280,1753558137.527099133,1753558138.567793131,1753558139.607569218,1753558140.647286415,1753558141.687073231,1753558142.727674484,1753558143.767714024,1753558144.807498217,1753558145.847276926,1753558146.886982679,1753558147.927571774,1753558148.967277288,1753558150.006830454,1753558151.047361135,1753558152.087015152,1753558153.127604485,1753558154.167197704,1753558155.288198233],"size":[0,0,0,0,0,0,0,0,0,0,0,0,0,0,0,0,0,0,0,0,0,0,0,0,0,0,0,0,0,0,0,0,0,0,0,0,0,0,0,0,0,0,0,0,0,0,0,0,0,0,0,0,0,0,0,0,0,0,0,0,0,0,0,0,0,0,0,0,0,0,0,0,0,0,0,0,0,0,0,0,0,0,0,0,0,0,0,0,0,0,0,0,0,0,0,0,0,0,0,0,0,0,0,0,0,0,0,0,0,0,0,0,0],"total_size":[1,1,1,1,1,1,1,1,1,1,1,1,1,1,1,1,1,1,1,1,1,1,1,1,1,1,1,1,1,1,1,1,1,1,1,1,1,1,1,1,1,1,1,1,1,1,1,1,1,1,1,1,1,1,1,1,1,1,1,1,1,1,1,1,1,1,1,1,1,1,1,1,1,1,1,1,1,1,1,1,1,3,3,3,2,3,3,3,1,1,3,2,2,3,2,1,1,1,1,1,1,1,1,1,1,1,1,1,1,1,1,1,0]}}}