{"address":"ofi+cxi://0x0260c217","progress_loop":{"progress_with_timeout":{"num":1422,"min":0.000001431,"max":0.102310658,"avg":0.009661137,"var":0.156088975,"sum":13.738136530},"progress_timeout_value_msec":{"num":1422,"min":100.000000000,"max":100.000000000,"avg":100.000000000,"var":0.000000000,"sum":142200.000000000},"progress_without_timeout":{"num":0,"min":0.000000000,"max":0.000000000,"avg":0.000000000,"var":0.000000000,"sum":0.000000000},"trigger":{"num":1409,"min":0.000000238,"max":0.000011683,"avg":0.000000307,"var":0.000000000,"sum":0.000432968}},"rpcs":{"65535:65535:7940397281847607295:2":{"rpc_id":7940397281847607295,"provider_id":2,"parent_rpc_id":65535,"parent_provider_id":65535,"name":"__identity__","origin":{"sent to ofi+cxi://0x0262200d":{"iforward":{"duration":{"num":1,"min":0.001345634,"max":0.001345634,"avg":0.001345634,"var":0.000000000,"sum":0.001345634},"relative_timestamp_from_create":{"num":1,"min":0.000002861,"max":0.000002861,"avg":0.000002861,"var":0.000000000,"sum":0.000002861}},"forward_cb":{"duration":{"num":1,"min":0.000010490,"max":0.000010490,"avg":0.000010490,"var":0.000000000,"sum":0.000010490},"relative_timestamp_from_iforward_start":{"num":1,"min":0.004999638,"max":0.004999638,"avg":0.004999638,"var":0.000000000,"sum":0.004999638}},"iforward_wait":{"duration":{"num":1,"min":0.003670216,"max":0.003670216,"avg":0.003670216,"var":0.000000000,"sum":0.003670216},"relative_timestamp_from_iforward_end":{"num":1,"min":0.000000238,"max":0.000000238,"avg":0.000000238,"var":0.000000000,"sum":0.000000238}},"set_input":{"duration":{"num":0,"min":0.000000000,"max":0.000000000,"avg":0.000000000,"var":0.000000000,"sum":0.000000000},"relative_timestamp_from_iforward_start":{"num":0,"min":0.000000000,"max":0.000000000,"avg":0.000000000,"var":0.000000000,"sum":0.000000000}},"get_output":{"duration":{"num":1,"min":0.000007629,"max":0.000007629,"avg":0.000007629,"var":0.000000000,"sum":0.000007629},"relative_timestamp_from_wait_end":{"num":1,"min":0.000001431,"max":0.000001431,"avg":0.000001431,"var":0.000000000,"sum":0.000001431}}}}},"65535:65535:9722976651498815487:2":{"rpc_id":9722976651498815487,"provider_id":2,"parent_rpc_id":65535,"parent_provider_id":65535,"name":"flock_get_view","origin":{"sent to ofi+cxi://0x0262200d":{"iforward":{"duration":{"num":2,"min":0.000011683,"max":0.000039816,"avg":0.000025749,"var":0.000000000,"sum":0.000051498},"relative_timestamp_from_create":{"num":2,"min":0.000000238,"max":0.000001192,"avg":0.000000715,"var":0.000000000,"sum":0.000001431}},"forward_cb":{"duration":{"num":2,"min":0.000000000,"max":0.000000238,"avg":0.000000119,"var":0.000000000,"sum":0.000000238},"relative_timestamp_from_iforward_start":{"num":2,"min":0.012482405,"max":0.017247915,"avg":0.014865160,"var":0.000011355,"sum":0.029730320}},"iforward_wait":{"duration":{"num":2,"min":0.012441874,"max":0.017236710,"avg":0.014839292,"var":0.000011495,"sum":0.029678583},"relative_timestamp_from_iforward_end":{"num":2,"min":0.000000238,"max":0.000001669,"avg":0.000000954,"var":0.000000000,"sum":0.000001907}},"set_input":{"duration":{"num":2,"min":0.000000238,"max":0.000000238,"avg":0.000000238,"var":0.000000000,"sum":0.000000477},"relative_timestamp_from_iforward_start":{"num":2,"min":0.000001669,"max":0.000010967,"avg":0.000006318,"var":0.000000000,"sum":0.000012636}},"get_output":{"duration":{"num":2,"min":0.000000477,"max":0.000039101,"avg":0.000019789,"var":0.000000001,"sum":0.000039577},"relative_timestamp_from_wait_end":{"num":2,"min":0.000000238,"max":0.000001431,"avg":0.000000834,"var":0.000000000,"sum":0.000001669}}}}},"65535:65535:3669993900245843967:1":{"rpc_id":3669993900245843967,"provider_id":1,"parent_rpc_id":65535,"parent_provider_id":65535,"name":"qtn_work_rpc","origin":{"sent to ofi+cxi://0x0263e20e":{"iforward":{"duration":{"num":1405,"min":0.000001431,"max":0.000032425,"avg":0.000001894,"var":0.000000004,"sum":0.002660751},"relative_timestamp_from_create":{"num":1405,"min":0.000002384,"max":0.001516581,"avg":0.000003973,"var":0.000002290,"sum":0.005582571}},"forward_cb":{"duration":{"num":1405,"min":0.000000000,"max":0.000001431,"avg":0.000000137,"var":0.000000000,"sum":0.000193119},"relative_timestamp_from_iforward_start":{"num":1405,"min":0.000235319,"max":0.024987698,"avg":0.009684048,"var":0.146194970,"sum":13.606087923}},"iforward_wait":{"duration":{"num":1405,"min":0.000233889,"max":0.024986267,"avg":0.009682518,"var":0.146192225,"sum":13.603937149},"relative_timestamp_from_iforward_end":{"num":1405,"min":0.000000000,"max":0.000000715,"avg":0.000000227,"var":0.000000000,"sum":0.000319242}},"set_input":{"duration":{"num":1405,"min":0.000000000,"max":0.000005007,"avg":0.000000129,"var":0.000000000,"sum":0.000180721},"relative_timestamp_from_iforward_start":{"num":1405,"min":0.000000477,"max":0.000008345,"avg":0.000000727,"var":0.000000000,"sum":0.001022100}},"get_output":{"duration":{"num":1405,"min":0.000000000,"max":0.000000477,"avg":0.000000086,"var":0.000000000,"sum":0.000121117},"relative_timestamp_from_wait_end":{"num":1405,"min":0.000000000,"max":0.000005960,"avg":0.000000161,"var":0.000000000,"sum":0.000225782}}}}},"65535:65535:65535:65535":{"rpc_id":65535,"provider_id":65535,"parent_rpc_id":65535,"parent_provider_id":65535,"name":"","target":{"received from <unknown>":{"bulk":{"create":{"duration":{"num":1405,"min":0.000002384,"max":0.001512289,"avg":0.000003767,"var":0.000002278,"sum":0.005292892},"size":{"num":1405,"min":4194304.000000000,"max":4194304.000000000,"avg":4194304.000000000,"var":0.000000000,"sum":5892997120.000000000}}}}}}},"hostname":"x4108c0s3b0n0","pid":88061,"cmdline":["/home/carns/working/src/spack/var/spack/environments/quintain-2025-07/.spack-env/view/bin/quintain-benchmark","-g","quintain.flock.json","-j","/home/carns/working/dbg/john-quintain-profile-example-2025-07/quintain-benchmark-bw.json","-o","/flare/radix-io/carns/quintain/6767526.aurora-pbs-0001.hostmgmt.cm.aurora.alcf.anl.gov/bw-sweep-servers408-clis816"]}