{"address":"","rpcs":{},"pools":{"__primary__":{"timestamps":[1753366941.851687431,1753366942.851756096,1753366943.851789474,1753366944.851936340,1753366945.851951361,1753366946.851973057,1753366956.002111912,1753366956.118676901],"size":[0,0,0,0,0,0,0,0],"total_size":[1,1,1,1,1,1,1,0]}}}