{"address":"","rpcs":{},"pools":{"__primary__":{"timestamps":[1753366941.849791288,1753366942.849904299,1753366943.850212574,1753366944.850296736,1753366945.850870371,1753366946.851385117,1753366956.004323721,1753366956.179442406],"size":[0,0,0,0,0,0,0,0],"total_size":[1,1,1,1,1,1,1,0]}}}