{"address":"","rpcs":{},"pools":{"__primary__":{"timestamps":[1753558122.228544712,1753558123.238531828,1753558124.247818232,1753558125.247883558,1753558126.259492397,1753558131.681856155,1753558132.690415859,1753558133.701580286,1753558134.708743572,1753558135.709621668,1753558136.971622229,1753558137.075889826],"size":[0,0,0,0,0,0,0,0,0,0,0,0],"total_size":[1,1,1,1,1,1,1,1,1,1,1,0]}}}