{"address":"","rpcs":{},"pools":{"__primary__":{"timestamps":[1753558122.225467443,1753558123.226335764,1753558124.238754988,1753558125.242401123,1753558126.246352434,1753558127.247490406,1753558128.261748075,1753558129.265386581,1753558131.685573578,1753558132.689196825,1753558133.707113743,1753558134.724295616,1753558135.739814043,1753558136.972284794,1753558137.135195017],"size":[0,0,0,0,0,0,0,0,0,0,0,0,0,0,0],"total_size":[1,1,1,1,1,1,1,1,1,1,1,1,1,1,0]}}}