{"address":"ofi+cxi://0x02602017","progress_loop":{"progress_with_timeout":{"num":6363,"min":0.000001192,"max":3.793739796,"avg":0.000837243,"var":14.399995917,"sum":5.327375650},"progress_timeout_value_msec":{"num":6363,"min":100.000000000,"max":100.000000000,"avg":100.000000000,"var":0.000000000,"sum":636300.000000000},"progress_without_timeout":{"num":0,"min":0.000000000,"max":0.000000000,"avg":0.000000000,"var":0.000000000,"sum":0.000000000},"trigger":{"num":6344,"min":0.000000238,"max":0.000006437,"avg":0.000000276,"var":0.000000000,"sum":0.001753092}},"rpcs":{"65535:65535:7940397281847607295:2":{"rpc_id":7940397281847607295,"provider_id":2,"parent_rpc_id":65535,"parent_provider_id":65535,"name":"__identity__","origin":{"sent to ofi+cxi://0x0262200d":{"iforward":{"duration":{"num":1,"min":0.000158310,"max":0.000158310,"avg":0.000158310,"var":0.000000000,"sum":0.000158310},"relative_timestamp_from_create":{"num":1,"min":0.000003338,"max":0.000003338,"avg":0.000003338,"var":0.000000000,"sum":0.000003338}},"forward_cb":{"duration":{"num":1,"min":0.000003099,"max":0.000003099,"avg":0.000003099,"var":0.000000000,"sum":0.000003099},"relative_timestamp_from_iforward_start":{"num":1,"min":0.007045031,"max":0.007045031,"avg":0.007045031,"var":0.000000000,"sum":0.007045031}},"iforward_wait":{"duration":{"num":1,"min":0.006893158,"max":0.006893158,"avg":0.006893158,"var":0.000000000,"sum":0.006893158},"relative_timestamp_from_iforward_end":{"num":1,"min":0.000000715,"max":0.000000715,"avg":0.000000715,"var":0.000000000,"sum":0.000000715}},"set_input":{"duration":{"num":0,"min":0.000000000,"max":0.000000000,"avg":0.000000000,"var":0.000000000,"sum":0.000000000},"relative_timestamp_from_iforward_start":{"num":0,"min":0.000000000,"max":0.000000000,"avg":0.000000000,"var":0.000000000,"sum":0.000000000}},"get_output":{"duration":{"num":1,"min":0.000005722,"max":0.000005722,"avg":0.000005722,"var":0.000000000,"sum":0.000005722},"relative_timestamp_from_wait_end":{"num":1,"min":0.000001192,"max":0.000001192,"avg":0.000001192,"var":0.000000000,"sum":0.000001192}}}}},"65535:65535:9722976651498815487:2":{"rpc_id":9722976651498815487,"provider_id":2,"parent_rpc_id":65535,"parent_provider_id":65535,"name":"flock_get_view","origin":{"sent to ofi+cxi://0x0262200d":{"iforward":{"duration":{"num":2,"min":0.000010490,"max":0.000018358,"avg":0.000014424,"var":0.000000000,"sum":0.000028849},"relative_timestamp_from_create":{"num":2,"min":0.000000238,"max":0.000000954,"avg":0.000000596,"var":0.000000000,"sum":0.000001192}},"forward_cb":{"duration":{"num":2,"min":0.000000238,"max":0.000000238,"avg":0.000000238,"var":0.000000000,"sum":0.000000477},"relative_timestamp_from_iforward_start":{"num":2,"min":0.024287939,"max":0.026780844,"avg":0.025534391,"var":0.000003107,"sum":0.051068783}},"iforward_wait":{"duration":{"num":2,"min":0.024278164,"max":0.026762009,"avg":0.025520086,"var":0.000003085,"sum":0.051040173},"relative_timestamp_from_iforward_end":{"num":2,"min":0.000000238,"max":0.000001431,"avg":0.000000834,"var":0.000000000,"sum":0.000001669}},"set_input":{"duration":{"num":2,"min":0.000000238,"max":0.000000238,"avg":0.000000238,"var":0.000000000,"sum":0.000000477},"relative_timestamp_from_iforward_start":{"num":2,"min":0.000001192,"max":0.000004768,"avg":0.000002980,"var":0.000000000,"sum":0.000005960}},"get_output":{"duration":{"num":2,"min":0.000000238,"max":0.000033379,"avg":0.000016809,"var":0.000000001,"sum":0.000033617},"relative_timestamp_from_wait_end":{"num":2,"min":0.000000238,"max":0.000000954,"avg":0.000000596,"var":0.000000000,"sum":0.000001192}}}}},"65535:65535:3669993900245843967:1":{"rpc_id":3669993900245843967,"provider_id":1,"parent_rpc_id":65535,"parent_provider_id":65535,"name":"qtn_work_rpc","origin":{"sent to ofi+cxi://0x02624416":{"iforward":{"duration":{"num":6340,"min":0.000001431,"max":0.000027180,"avg":0.000001633,"var":0.000000003,"sum":0.010352373},"relative_timestamp_from_create":{"num":6340,"min":0.000000000,"max":0.000000954,"avg":0.000000072,"var":0.000000000,"sum":0.000456333}},"forward_cb":{"duration":{"num":6340,"min":0.000000000,"max":0.000001431,"avg":0.000000124,"var":0.000000000,"sum":0.000788689},"relative_timestamp_from_iforward_start":{"num":6340,"min":0.000008583,"max":3.793744802,"avg":0.000817382,"var":14.388687500,"sum":5.182200909}},"iforward_wait":{"duration":{"num":6340,"min":0.000007629,"max":3.793746233,"avg":0.000816113,"var":14.388707996,"sum":5.174154997},"relative_timestamp_from_iforward_end":{"num":6340,"min":0.000000000,"max":0.000000477,"avg":0.000000188,"var":0.000000000,"sum":0.001190662}},"set_input":{"duration":{"num":6340,"min":0.000000000,"max":0.000001192,"avg":0.000000078,"var":0.000000000,"sum":0.000494719},"relative_timestamp_from_iforward_start":{"num":6340,"min":0.000000477,"max":0.000007153,"avg":0.000000690,"var":0.000000000,"sum":0.004372120}},"get_output":{"duration":{"num":6340,"min":0.000000000,"max":0.000000477,"avg":0.000000091,"var":0.000000000,"sum":0.000580072},"relative_timestamp_from_wait_end":{"num":6340,"min":0.000000000,"max":0.000001192,"avg":0.000000143,"var":0.000000000,"sum":0.000908613}}}}}},"hostname":"x4108c0s4b0n0","pid":192766,"cmdline":["/home/carns/working/src/spack/var/spack/environments/quintain-2025-07/.spack-env/view/bin/quintain-benchmark","-g","quintain.flock.json","-j","/home/carns/working/dbg/john-quintain-profile-example-2025-07/quintain-benchmark-rpc.json","-o","/flare/radix-io/carns/quintain/6767526.aurora-pbs-0001.hostmgmt.cm.aurora.alcf.anl.gov/rpc-sweep-servers408-clis816"]}