{"address":"ofi+cxi://0x0260c20f","progress_loop":{"progress_with_timeout":{"num":23037,"min":0.000000954,"max":0.103290796,"avg":0.000228974,"var":0.013466232,"sum":5.274882793},"progress_timeout_value_msec":{"num":23037,"min":100.000000000,"max":100.000000000,"avg":100.000000000,"var":0.000000000,"sum":2303700.000000000},"progress_without_timeout":{"num":0,"min":0.000000000,"max":0.000000000,"avg":0.000000000,"var":0.000000000,"sum":0.000000000},"trigger":{"num":22993,"min":0.000000238,"max":0.000006914,"avg":0.000000284,"var":0.000000000,"sum":0.006519556}},"rpcs":{"65535:65535:7940397281847607295:2":{"rpc_id":7940397281847607295,"provider_id":2,"parent_rpc_id":65535,"parent_provider_id":65535,"name":"__identity__","origin":{"sent to ofi+cxi://0x0262200d":{"iforward":{"duration":{"num":1,"min":0.000167131,"max":0.000167131,"avg":0.000167131,"var":0.000000000,"sum":0.000167131},"relative_timestamp_from_create":{"num":1,"min":0.000012875,"max":0.000012875,"avg":0.000012875,"var":0.000000000,"sum":0.000012875}},"forward_cb":{"duration":{"num":1,"min":0.000002861,"max":0.000002861,"avg":0.000002861,"var":0.000000000,"sum":0.000002861},"relative_timestamp_from_iforward_start":{"num":1,"min":0.006065369,"max":0.006065369,"avg":0.006065369,"var":0.000000000,"sum":0.006065369}},"iforward_wait":{"duration":{"num":1,"min":0.005904913,"max":0.005904913,"avg":0.005904913,"var":0.000000000,"sum":0.005904913},"relative_timestamp_from_iforward_end":{"num":1,"min":0.000000238,"max":0.000000238,"avg":0.000000238,"var":0.000000000,"sum":0.000000238}},"set_input":{"duration":{"num":0,"min":0.000000000,"max":0.000000000,"avg":0.000000000,"var":0.000000000,"sum":0.000000000},"relative_timestamp_from_iforward_start":{"num":0,"min":0.000000000,"max":0.000000000,"avg":0.000000000,"var":0.000000000,"sum":0.000000000}},"get_output":{"duration":{"num":1,"min":0.000005960,"max":0.000005960,"avg":0.000005960,"var":0.000000000,"sum":0.000005960},"relative_timestamp_from_wait_end":{"num":1,"min":0.000000954,"max":0.000000954,"avg":0.000000954,"var":0.000000000,"sum":0.000000954}}}}},"65535:65535:9722976651498815487:2":{"rpc_id":9722976651498815487,"provider_id":2,"parent_rpc_id":65535,"parent_provider_id":65535,"name":"flock_get_view","origin":{"sent to ofi+cxi://0x0262200d":{"iforward":{"duration":{"num":2,"min":0.000011444,"max":0.000017166,"avg":0.000014305,"var":0.000000000,"sum":0.000028610},"relative_timestamp_from_create":{"num":2,"min":0.000000238,"max":0.000000954,"avg":0.000000596,"var":0.000000000,"sum":0.000001192}},"forward_cb":{"duration":{"num":2,"min":0.000000238,"max":0.000000238,"avg":0.000000238,"var":0.000000000,"sum":0.000000477},"relative_timestamp_from_iforward_start":{"num":2,"min":0.024853230,"max":0.026730537,"avg":0.025791883,"var":0.000001762,"sum":0.051583767}},"iforward_wait":{"duration":{"num":2,"min":0.024835825,"max":0.026719809,"avg":0.025777817,"var":0.000001775,"sum":0.051555634},"relative_timestamp_from_iforward_end":{"num":2,"min":0.000000238,"max":0.000001192,"avg":0.000000715,"var":0.000000000,"sum":0.000001431}},"set_input":{"duration":{"num":2,"min":0.000000000,"max":0.000000238,"avg":0.000000119,"var":0.000000000,"sum":0.000000238},"relative_timestamp_from_iforward_start":{"num":2,"min":0.000001192,"max":0.000004292,"avg":0.000002742,"var":0.000000000,"sum":0.000005484}},"get_output":{"duration":{"num":2,"min":0.000000477,"max":0.000036240,"avg":0.000018358,"var":0.000000001,"sum":0.000036716},"relative_timestamp_from_wait_end":{"num":2,"min":0.000000238,"max":0.000001192,"avg":0.000000715,"var":0.000000000,"sum":0.000001431}}}}},"65535:65535:3669993900245843967:1":{"rpc_id":3669993900245843967,"provider_id":1,"parent_rpc_id":65535,"parent_provider_id":65535,"name":"qtn_work_rpc","origin":{"sent to ofi+cxi://0x0263e00f":{"iforward":{"duration":{"num":22989,"min":0.000001192,"max":0.000034809,"avg":0.000001555,"var":0.000000005,"sum":0.035743237},"relative_timestamp_from_create":{"num":22989,"min":0.000000000,"max":0.000000954,"avg":0.000000072,"var":0.000000000,"sum":0.001647234}},"forward_cb":{"duration":{"num":22989,"min":0.000000000,"max":0.000003815,"avg":0.000000130,"var":0.000000000,"sum":0.002981186},"relative_timestamp_from_iforward_start":{"num":22989,"min":0.000008345,"max":0.000931501,"avg":0.000224573,"var":0.001516374,"sum":5.162700891}},"iforward_wait":{"duration":{"num":22989,"min":0.000003338,"max":0.000930071,"avg":0.000223415,"var":0.001516225,"sum":5.136080742},"relative_timestamp_from_iforward_end":{"num":22989,"min":0.000000000,"max":0.000004292,"avg":0.000000181,"var":0.000000000,"sum":0.004157066}},"set_input":{"duration":{"num":22989,"min":0.000000000,"max":0.000001431,"avg":0.000000074,"var":0.000000000,"sum":0.001705885},"relative_timestamp_from_iforward_start":{"num":22989,"min":0.000000477,"max":0.000008583,"avg":0.000000699,"var":0.000000000,"sum":0.016066790}},"get_output":{"duration":{"num":22989,"min":0.000000000,"max":0.000002623,"avg":0.000000090,"var":0.000000000,"sum":0.002077579},"relative_timestamp_from_wait_end":{"num":22989,"min":0.000000000,"max":0.000001669,"avg":0.000000147,"var":0.000000000,"sum":0.003371239}}}}}},"hostname":"x4108c0s3b0n0","pid":85899,"cmdline":["/home/carns/working/src/spack/var/spack/environments/quintain-2025-07/.spack-env/view/bin/quintain-benchmark","-g","quintain.flock.json","-j","/home/carns/working/dbg/john-quintain-profile-example-2025-07/quintain-benchmark-rpc.json","-o","/flare/radix-io/carns/quintain/6767526.aurora-pbs-0001.hostmgmt.cm.aurora.alcf.anl.gov/rpc-sweep-servers408-clis816"]}