{"address":"","rpcs":{},"pools":{"__primary__":{"timestamps":[1753367037.310501099,1753367038.324213505,1753367039.342915535,1753367040.363784313,1753367041.375730038,1753367042.379986048,1753367043.392401457,1753367044.399786472,1753367045.406933546,1753367047.147936344,1753367048.149243116,1753367049.163917065,1753367050.174191713,1753367051.180102587,1753367052.524627447,1753367052.653660536],"size":[0,0,0,0,0,0,0,0,0,0,0,0,0,0,0,0],"total_size":[1,1,1,1,1,1,1,1,1,1,1,1,1,1,1,0]}}}