{"address":"ofi+cxi://0x02608214","progress_loop":{"progress_with_timeout":{"num":1510,"min":0.000001431,"max":0.102250099,"avg":0.009031752,"var":0.169316504,"sum":13.637945652},"progress_timeout_value_msec":{"num":1510,"min":100.000000000,"max":100.000000000,"avg":100.000000000,"var":0.000000000,"sum":151000.000000000},"progress_without_timeout":{"num":0,"min":0.000000000,"max":0.000000000,"avg":0.000000000,"var":0.000000000,"sum":0.000000000},"trigger":{"num":1495,"min":0.000000238,"max":0.000140905,"avg":0.000000499,"var":0.000000020,"sum":0.000746727}},"rpcs":{"65535:65535:7940397281847607295:2":{"rpc_id":7940397281847607295,"provider_id":2,"parent_rpc_id":65535,"parent_provider_id":65535,"name":"__identity__","origin":{"sent to ofi+cxi://0x0262200d":{"iforward":{"duration":{"num":1,"min":0.000811815,"max":0.000811815,"avg":0.000811815,"var":0.000000000,"sum":0.000811815},"relative_timestamp_from_create":{"num":1,"min":0.000002861,"max":0.000002861,"avg":0.000002861,"var":0.000000000,"sum":0.000002861}},"forward_cb":{"duration":{"num":1,"min":0.000009775,"max":0.000009775,"avg":0.000009775,"var":0.000000000,"sum":0.000009775},"relative_timestamp_from_iforward_start":{"num":1,"min":0.004271984,"max":0.004271984,"avg":0.004271984,"var":0.000000000,"sum":0.004271984}},"iforward_wait":{"duration":{"num":1,"min":0.003475428,"max":0.003475428,"avg":0.003475428,"var":0.000000000,"sum":0.003475428},"relative_timestamp_from_iforward_end":{"num":1,"min":0.000000238,"max":0.000000238,"avg":0.000000238,"var":0.000000000,"sum":0.000000238}},"set_input":{"duration":{"num":0,"min":0.000000000,"max":0.000000000,"avg":0.000000000,"var":0.000000000,"sum":0.000000000},"relative_timestamp_from_iforward_start":{"num":0,"min":0.000000000,"max":0.000000000,"avg":0.000000000,"var":0.000000000,"sum":0.000000000}},"get_output":{"duration":{"num":1,"min":0.000024796,"max":0.000024796,"avg":0.000024796,"var":0.000000000,"sum":0.000024796},"relative_timestamp_from_wait_end":{"num":1,"min":0.000001669,"max":0.000001669,"avg":0.000001669,"var":0.000000000,"sum":0.000001669}}}}},"65535:65535:9722976651498815487:2":{"rpc_id":9722976651498815487,"provider_id":2,"parent_rpc_id":65535,"parent_provider_id":65535,"name":"flock_get_view","origin":{"sent to ofi+cxi://0x0262200d":{"iforward":{"duration":{"num":2,"min":0.000013351,"max":0.000038862,"avg":0.000026107,"var":0.000000000,"sum":0.000052214},"relative_timestamp_from_create":{"num":2,"min":0.000000238,"max":0.000001192,"avg":0.000000715,"var":0.000000000,"sum":0.000001431}},"forward_cb":{"duration":{"num":2,"min":0.000000477,"max":0.000000954,"avg":0.000000715,"var":0.000000000,"sum":0.000001431},"relative_timestamp_from_iforward_start":{"num":2,"min":0.010608673,"max":0.018971443,"avg":0.014790058,"var":0.000034968,"sum":0.029580116}},"iforward_wait":{"duration":{"num":2,"min":0.010569334,"max":0.018960714,"avg":0.014765024,"var":0.000035208,"sum":0.029530048},"relative_timestamp_from_iforward_end":{"num":2,"min":0.000000238,"max":0.000001669,"avg":0.000000954,"var":0.000000000,"sum":0.000001907}},"set_input":{"duration":{"num":2,"min":0.000000238,"max":0.000000238,"avg":0.000000238,"var":0.000000000,"sum":0.000000477},"relative_timestamp_from_iforward_start":{"num":2,"min":0.000001669,"max":0.000011683,"avg":0.000006676,"var":0.000000000,"sum":0.000013351}},"get_output":{"duration":{"num":2,"min":0.000000954,"max":0.000030041,"avg":0.000015497,"var":0.000000000,"sum":0.000030994},"relative_timestamp_from_wait_end":{"num":2,"min":0.000000715,"max":0.000001431,"avg":0.000001073,"var":0.000000000,"sum":0.000002146}}}}},"65535:65535:3669993900245843967:1":{"rpc_id":3669993900245843967,"provider_id":1,"parent_rpc_id":65535,"parent_provider_id":65535,"name":"qtn_work_rpc","origin":{"sent to ofi+cxi://0x0262e212":{"iforward":{"duration":{"num":1491,"min":0.000001431,"max":0.000037432,"avg":0.000002660,"var":0.000000010,"sum":0.003966331},"relative_timestamp_from_create":{"num":1491,"min":0.000002623,"max":0.001683950,"avg":0.000004372,"var":0.000002825,"sum":0.006519318}},"forward_cb":{"duration":{"num":1491,"min":0.000000000,"max":0.000001431,"avg":0.000000187,"var":0.000000000,"sum":0.000278473},"relative_timestamp_from_iforward_start":{"num":1491,"min":0.000195026,"max":0.033896685,"avg":0.009059815,"var":0.159322117,"sum":13.508183479}},"iforward_wait":{"duration":{"num":1491,"min":0.000193119,"max":0.033894539,"avg":0.009057641,"var":0.159320956,"sum":13.504942894},"relative_timestamp_from_iforward_end":{"num":1491,"min":0.000000000,"max":0.000000715,"avg":0.000000300,"var":0.000000000,"sum":0.000447035}},"set_input":{"duration":{"num":1491,"min":0.000000000,"max":0.000007629,"avg":0.000000208,"var":0.000000000,"sum":0.000309706},"relative_timestamp_from_iforward_start":{"num":1491,"min":0.000000477,"max":0.000014305,"avg":0.000001047,"var":0.000000001,"sum":0.001560926}},"get_output":{"duration":{"num":1491,"min":0.000000000,"max":0.000000477,"avg":0.000000118,"var":0.000000000,"sum":0.000175476},"relative_timestamp_from_wait_end":{"num":1491,"min":0.000000000,"max":0.000002146,"avg":0.000000170,"var":0.000000000,"sum":0.000254154}}}}},"65535:65535:65535:65535":{"rpc_id":65535,"provider_id":65535,"parent_rpc_id":65535,"parent_provider_id":65535,"name":"","target":{"received from <unknown>":{"bulk":{"create":{"duration":{"num":1491,"min":0.000002384,"max":0.001678467,"avg":0.000004138,"var":0.000002807,"sum":0.006170273},"size":{"num":1491,"min":4194304.000000000,"max":4194304.000000000,"avg":4194304.000000000,"var":0.000000000,"sum":6253707264.000000000}}}}}}},"hostname":"x4108c0s5b0n0","pid":37928,"cmdline":["/home/carns/working/src/spack/var/spack/environments/quintain-2025-07/.spack-env/view/bin/quintain-benchmark","-g","quintain.flock.json","-j","/home/carns/working/dbg/john-quintain-profile-example-2025-07/quintain-benchmark-bw.json","-o","/flare/radix-io/carns/quintain/6767526.aurora-pbs-0001.hostmgmt.cm.aurora.alcf.anl.gov/bw-sweep-servers408-clis816"]}