{"address":"","rpcs":{},"pools":{"__primary__":{"timestamps":[1753366941.849835157,1753366942.850140095,1753366943.850300550,1753366944.850347281,1753366945.850355625,1753366946.850464344,1753366956.001814842,1753366956.112454414],"size":[0,0,0,0,0,0,0,0],"total_size":[1,1,1,1,1,1,1,0]}}}