{"address":"ofi+cxi://0x0261c40c","progress_loop":{"progress_with_timeout":{"num":143969,"min":0.000000954,"max":0.102850199,"avg":0.000032766,"var":0.011978207,"sum":4.717242956},"progress_timeout_value_msec":{"num":143969,"min":100.000000000,"max":100.000000000,"avg":100.000000000,"var":0.000000000,"sum":14396900.000000000},"progress_without_timeout":{"num":0,"min":0.000000000,"max":0.000000000,"avg":0.000000000,"var":0.000000000,"sum":0.000000000},"trigger":{"num":143832,"min":0.000000238,"max":0.001523018,"avg":0.000000296,"var":0.000002335,"sum":0.042551279}},"rpcs":{"65535:65535:7940397281847607295:2":{"rpc_id":7940397281847607295,"provider_id":2,"parent_rpc_id":65535,"parent_provider_id":65535,"name":"__identity__","origin":{"sent to ofi+cxi://0x0262200d":{"iforward":{"duration":{"num":1,"min":0.000102758,"max":0.000102758,"avg":0.000102758,"var":0.000000000,"sum":0.000102758},"relative_timestamp_from_create":{"num":1,"min":0.000004292,"max":0.000004292,"avg":0.000004292,"var":0.000000000,"sum":0.000004292}},"forward_cb":{"duration":{"num":1,"min":0.000003576,"max":0.000003576,"avg":0.000003576,"var":0.000000000,"sum":0.000003576},"relative_timestamp_from_iforward_start":{"num":1,"min":0.006630659,"max":0.006630659,"avg":0.006630659,"var":0.000000000,"sum":0.006630659}},"iforward_wait":{"duration":{"num":1,"min":0.006535053,"max":0.006535053,"avg":0.006535053,"var":0.000000000,"sum":0.006535053},"relative_timestamp_from_iforward_end":{"num":1,"min":0.000000477,"max":0.000000477,"avg":0.000000477,"var":0.000000000,"sum":0.000000477}},"set_input":{"duration":{"num":0,"min":0.000000000,"max":0.000000000,"avg":0.000000000,"var":0.000000000,"sum":0.000000000},"relative_timestamp_from_iforward_start":{"num":0,"min":0.000000000,"max":0.000000000,"avg":0.000000000,"var":0.000000000,"sum":0.000000000}},"get_output":{"duration":{"num":1,"min":0.000006199,"max":0.000006199,"avg":0.000006199,"var":0.000000000,"sum":0.000006199},"relative_timestamp_from_wait_end":{"num":1,"min":0.000001192,"max":0.000001192,"avg":0.000001192,"var":0.000000000,"sum":0.000001192}}}}},"65535:65535:9722976651498815487:2":{"rpc_id":9722976651498815487,"provider_id":2,"parent_rpc_id":65535,"parent_provider_id":65535,"name":"flock_get_view","origin":{"sent to ofi+cxi://0x0262200d":{"iforward":{"duration":{"num":2,"min":0.000010252,"max":0.000021458,"avg":0.000015855,"var":0.000000000,"sum":0.000031710},"relative_timestamp_from_create":{"num":2,"min":0.000000238,"max":0.000001669,"avg":0.000000954,"var":0.000000000,"sum":0.000001907}},"forward_cb":{"duration":{"num":2,"min":0.000000238,"max":0.000000238,"avg":0.000000238,"var":0.000000000,"sum":0.000000477},"relative_timestamp_from_iforward_start":{"num":2,"min":0.025566101,"max":0.025612354,"avg":0.025589228,"var":0.000000001,"sum":0.051178455}},"iforward_wait":{"duration":{"num":2,"min":0.025544405,"max":0.025602818,"avg":0.025573611,"var":0.000000002,"sum":0.051147223},"relative_timestamp_from_iforward_end":{"num":2,"min":0.000000238,"max":0.000001192,"avg":0.000000715,"var":0.000000000,"sum":0.000001431}},"set_input":{"duration":{"num":2,"min":0.000000000,"max":0.000000238,"avg":0.000000119,"var":0.000000000,"sum":0.000000238},"relative_timestamp_from_iforward_start":{"num":2,"min":0.000001192,"max":0.000005960,"avg":0.000003576,"var":0.000000000,"sum":0.000007153}},"get_output":{"duration":{"num":2,"min":0.000000238,"max":0.000033617,"avg":0.000016928,"var":0.000000001,"sum":0.000033855},"relative_timestamp_from_wait_end":{"num":2,"min":0.000000238,"max":0.000000954,"avg":0.000000596,"var":0.000000000,"sum":0.000001192}}}}},"65535:65535:3669993900245843967:1":{"rpc_id":3669993900245843967,"provider_id":1,"parent_rpc_id":65535,"parent_provider_id":65535,"name":"qtn_work_rpc","origin":{"sent to ofi+cxi://0x0262a215":{"iforward":{"duration":{"num":143828,"min":0.000001192,"max":0.010303736,"avg":0.000001636,"var":0.000143036,"sum":0.235347271},"relative_timestamp_from_create":{"num":143828,"min":0.000000000,"max":0.000009775,"avg":0.000000072,"var":0.000000002,"sum":0.010408163}},"forward_cb":{"duration":{"num":143828,"min":0.000000000,"max":0.000072479,"avg":0.000000130,"var":0.000000008,"sum":0.018684387},"relative_timestamp_from_iforward_start":{"num":143828,"min":0.000007629,"max":0.015915155,"avg":0.000033912,"var":0.000367169,"sum":4.877479076}},"iforward_wait":{"duration":{"num":143828,"min":0.000002146,"max":0.005611658,"avg":0.000032698,"var":0.000113815,"sum":4.702931166},"relative_timestamp_from_iforward_end":{"num":143828,"min":0.000000000,"max":0.000104904,"avg":0.000000183,"var":0.000000019,"sum":0.026338100}},"set_input":{"duration":{"num":143828,"min":0.000000000,"max":0.000083208,"avg":0.000000075,"var":0.000000009,"sum":0.010803699},"relative_timestamp_from_iforward_start":{"num":143828,"min":0.000000477,"max":0.010137320,"avg":0.000000817,"var":0.000137273,"sum":0.117553473}},"get_output":{"duration":{"num":143828,"min":0.000000000,"max":0.000007868,"avg":0.000000094,"var":0.000000002,"sum":0.013482571},"relative_timestamp_from_wait_end":{"num":143828,"min":0.000000000,"max":0.000007153,"avg":0.000000157,"var":0.000000003,"sum":0.022514343}}}}}},"hostname":"x4108c0s1b0n0","pid":195870,"cmdline":["/home/carns/working/src/spack/var/spack/environments/quintain-2025-07/.spack-env/view/bin/quintain-benchmark","-g","quintain.flock.json","-j","/home/carns/working/dbg/john-quintain-profile-example-2025-07/quintain-benchmark-rpc.json","-o","/flare/radix-io/carns/quintain/6767526.aurora-pbs-0001.hostmgmt.cm.aurora.alcf.anl.gov/rpc-sweep-servers408-clis816"]}