{"address":"","progress_loop":{"progress_with_timeout":{"num":22074,"min":0.000001192,"max":0.102267265,"avg":0.000238645,"var":0.012917770,"sum":5.267858744},"progress_timeout_value_msec":{"num":22074,"min":100.000000000,"max":100.000000000,"avg":100.000000000,"var":0.000000000,"sum":2207400.000000000},"progress_without_timeout":{"num":0,"min":0.000000000,"max":0.000000000,"avg":0.000000000,"var":0.000000000,"sum":0.000000000},"trigger":{"num":22041,"min":0.000000238,"max":0.000006676,"avg":0.000000292,"var":0.000000000,"sum":0.006444931}},"rpcs":{"65535:65535:7940397281847607295:2":{"rpc_id":7940397281847607295,"provider_id":2,"parent_rpc_id":65535,"parent_provider_id":65535,"name":"__identity__","origin":{"sent to ofi+cxi://0x06f2600c":{"iforward":{"duration":{"num":1,"min":0.000163317,"max":0.000163317,"avg":0.000163317,"var":0.000000000,"sum":0.000163317},"relative_timestamp_from_create":{"num":1,"min":0.000244856,"max":0.000244856,"avg":0.000244856,"var":0.000000000,"sum":0.000244856}},"forward_cb":{"duration":{"num":1,"min":0.000003576,"max":0.000003576,"avg":0.000003576,"var":0.000000000,"sum":0.000003576},"relative_timestamp_from_iforward_start":{"num":1,"min":0.007527828,"max":0.007527828,"avg":0.007527828,"var":0.000000000,"sum":0.007527828}},"iforward_wait":{"duration":{"num":1,"min":0.007371902,"max":0.007371902,"avg":0.007371902,"var":0.000000000,"sum":0.007371902},"relative_timestamp_from_iforward_end":{"num":1,"min":0.000000715,"max":0.000000715,"avg":0.000000715,"var":0.000000000,"sum":0.000000715}},"set_input":{"duration":{"num":0,"min":0.000000000,"max":0.000000000,"avg":0.000000000,"var":0.000000000,"sum":0.000000000},"relative_timestamp_from_iforward_start":{"num":0,"min":0.000000000,"max":0.000000000,"avg":0.000000000,"var":0.000000000,"sum":0.000000000}},"get_output":{"duration":{"num":1,"min":0.000006676,"max":0.000006676,"avg":0.000006676,"var":0.000000000,"sum":0.000006676},"relative_timestamp_from_wait_end":{"num":1,"min":0.000001192,"max":0.000001192,"avg":0.000001192,"var":0.000000000,"sum":0.000001192}}}}},"65535:65535:9722976651498815487:2":{"rpc_id":9722976651498815487,"provider_id":2,"parent_rpc_id":65535,"parent_provider_id":65535,"name":"flock_get_view","origin":{"sent to ofi+cxi://0x06f2600c":{"iforward":{"duration":{"num":2,"min":0.000011444,"max":0.000019789,"avg":0.000015616,"var":0.000000000,"sum":0.000031233},"relative_timestamp_from_create":{"num":2,"min":0.000000238,"max":0.000000954,"avg":0.000000596,"var":0.000000000,"sum":0.000001192}},"forward_cb":{"duration":{"num":2,"min":0.000000238,"max":0.000000477,"avg":0.000000358,"var":0.000000000,"sum":0.000000715},"relative_timestamp_from_iforward_start":{"num":2,"min":0.016648054,"max":0.032209158,"avg":0.024428606,"var":0.000121074,"sum":0.048857212}},"iforward_wait":{"duration":{"num":2,"min":0.016637325,"max":0.032189131,"avg":0.024413228,"var":0.000120929,"sum":0.048826456},"relative_timestamp_from_iforward_end":{"num":2,"min":0.000000477,"max":0.000001192,"avg":0.000000834,"var":0.000000000,"sum":0.000001669}},"set_input":{"duration":{"num":2,"min":0.000000238,"max":0.000000238,"avg":0.000000238,"var":0.000000000,"sum":0.000000477},"relative_timestamp_from_iforward_start":{"num":2,"min":0.000001192,"max":0.000005484,"avg":0.000003338,"var":0.000000000,"sum":0.000006676}},"get_output":{"duration":{"num":2,"min":0.000005484,"max":0.000033855,"avg":0.000019670,"var":0.000000000,"sum":0.000039339},"relative_timestamp_from_wait_end":{"num":2,"min":0.000000477,"max":0.000001192,"avg":0.000000834,"var":0.000000000,"sum":0.000001669}}}}},"65535:65535:3669993900245843967:1":{"rpc_id":3669993900245843967,"provider_id":1,"parent_rpc_id":65535,"parent_provider_id":65535,"name":"qtn_work_rpc","origin":{"sent to ofi+cxi://0x06f5e618":{"iforward":{"duration":{"num":22037,"min":0.000001431,"max":0.000035524,"avg":0.000001703,"var":0.000000005,"sum":0.037535191},"relative_timestamp_from_create":{"num":22037,"min":0.000000000,"max":0.000002623,"avg":0.000000075,"var":0.000000000,"sum":0.001659632}},"forward_cb":{"duration":{"num":22037,"min":0.000000000,"max":0.000003815,"avg":0.000000133,"var":0.000000000,"sum":0.002928495},"relative_timestamp_from_iforward_start":{"num":22037,"min":0.000008821,"max":0.000974178,"avg":0.000234138,"var":0.001166079,"sum":5.159705639}},"iforward_wait":{"duration":{"num":22037,"min":0.000007391,"max":0.000972986,"avg":0.000232833,"var":0.001166180,"sum":5.130942583},"relative_timestamp_from_iforward_end":{"num":22037,"min":0.000000000,"max":0.000000954,"avg":0.000000182,"var":0.000000000,"sum":0.004002094}},"set_input":{"duration":{"num":22037,"min":0.000000000,"max":0.000001192,"avg":0.000000087,"var":0.000000000,"sum":0.001920462},"relative_timestamp_from_iforward_start":{"num":22037,"min":0.000000477,"max":0.000007629,"avg":0.000000761,"var":0.000000001,"sum":0.016762257}},"get_output":{"duration":{"num":22037,"min":0.000000000,"max":0.000002623,"avg":0.000000091,"var":0.000000000,"sum":0.001998186},"relative_timestamp_from_wait_end":{"num":22037,"min":0.000000000,"max":0.000003099,"avg":0.000000152,"var":0.000000000,"sum":0.003359556}}}}}},"hostname":"x4418c0s3b0n0","pid":6954,"cmdline":["/home/carns/working/src/spack/var/spack/environments/quintain-2025-07/.spack-env/view/bin/quintain-benchmark","-g","quintain.flock.json","-j","/home/carns/working/dbg/john-quintain-profile-example-2025-07/quintain-benchmark-rpc.json","-o","/flare/radix-io/carns/quintain/6710290.aurora-pbs-0001.hostmgmt.cm.aurora.alcf.anl.gov/rpc-sweep-servers408-clis816"]}