{"address":"","progress_loop":{"progress_with_timeout":{"num":1609,"min":0.000001431,"max":0.104341030,"avg":0.008297927,"var":0.164474716,"sum":13.351365089},"progress_timeout_value_msec":{"num":1609,"min":100.000000000,"max":100.000000000,"avg":100.000000000,"var":0.000000000,"sum":160900.000000000},"progress_without_timeout":{"num":0,"min":0.000000000,"max":0.000000000,"avg":0.000000000,"var":0.000000000,"sum":0.000000000},"trigger":{"num":1600,"min":0.000000238,"max":0.000013590,"avg":0.000000313,"var":0.000000000,"sum":0.000500441}},"rpcs":{"65535:65535:7940397281847607295:2":{"rpc_id":7940397281847607295,"provider_id":2,"parent_rpc_id":65535,"parent_provider_id":65535,"name":"__identity__","origin":{"sent to ofi+cxi://0x06f2600c":{"iforward":{"duration":{"num":1,"min":0.000080347,"max":0.000080347,"avg":0.000080347,"var":0.000000000,"sum":0.000080347},"relative_timestamp_from_create":{"num":1,"min":0.000003099,"max":0.000003099,"avg":0.000003099,"var":0.000000000,"sum":0.000003099}},"forward_cb":{"duration":{"num":1,"min":0.000012159,"max":0.000012159,"avg":0.000012159,"var":0.000000000,"sum":0.000012159},"relative_timestamp_from_iforward_start":{"num":1,"min":0.001798630,"max":0.001798630,"avg":0.001798630,"var":0.000000000,"sum":0.001798630}},"iforward_wait":{"duration":{"num":1,"min":0.001736879,"max":0.001736879,"avg":0.001736879,"var":0.000000000,"sum":0.001736879},"relative_timestamp_from_iforward_end":{"num":1,"min":0.000000238,"max":0.000000238,"avg":0.000000238,"var":0.000000000,"sum":0.000000238}},"set_input":{"duration":{"num":0,"min":0.000000000,"max":0.000000000,"avg":0.000000000,"var":0.000000000,"sum":0.000000000},"relative_timestamp_from_iforward_start":{"num":0,"min":0.000000000,"max":0.000000000,"avg":0.000000000,"var":0.000000000,"sum":0.000000000}},"get_output":{"duration":{"num":1,"min":0.000008821,"max":0.000008821,"avg":0.000008821,"var":0.000000000,"sum":0.000008821},"relative_timestamp_from_wait_end":{"num":1,"min":0.000001907,"max":0.000001907,"avg":0.000001907,"var":0.000000000,"sum":0.000001907}}}}},"65535:65535:9722976651498815487:2":{"rpc_id":9722976651498815487,"provider_id":2,"parent_rpc_id":65535,"parent_provider_id":65535,"name":"flock_get_view","origin":{"sent to ofi+cxi://0x06f2600c":{"iforward":{"duration":{"num":2,"min":0.000013351,"max":0.000042677,"avg":0.000028014,"var":0.000000000,"sum":0.000056028},"relative_timestamp_from_create":{"num":2,"min":0.000000477,"max":0.000000954,"avg":0.000000715,"var":0.000000000,"sum":0.000001431}},"forward_cb":{"duration":{"num":2,"min":0.000000238,"max":0.000000238,"avg":0.000000238,"var":0.000000000,"sum":0.000000477},"relative_timestamp_from_iforward_start":{"num":2,"min":0.004004955,"max":0.016490936,"avg":0.010247946,"var":0.000077950,"sum":0.020495892}},"iforward_wait":{"duration":{"num":2,"min":0.003961802,"max":0.016478062,"avg":0.010219932,"var":0.000078328,"sum":0.020439863},"relative_timestamp_from_iforward_end":{"num":2,"min":0.000000238,"max":0.000001431,"avg":0.000000834,"var":0.000000000,"sum":0.000001669}},"set_input":{"duration":{"num":2,"min":0.000000000,"max":0.000000477,"avg":0.000000238,"var":0.000000000,"sum":0.000000477},"relative_timestamp_from_iforward_start":{"num":2,"min":0.000001669,"max":0.000013351,"avg":0.000007510,"var":0.000000000,"sum":0.000015020}},"get_output":{"duration":{"num":2,"min":0.000000238,"max":0.000040054,"avg":0.000020146,"var":0.000000001,"sum":0.000040293},"relative_timestamp_from_wait_end":{"num":2,"min":0.000000238,"max":0.000001431,"avg":0.000000834,"var":0.000000000,"sum":0.000001669}}}}},"65535:65535:3669993900245843967:1":{"rpc_id":3669993900245843967,"provider_id":1,"parent_rpc_id":65535,"parent_provider_id":65535,"name":"qtn_work_rpc","origin":{"sent to ofi+cxi://0x06f3e20d":{"iforward":{"duration":{"num":1596,"min":0.000001431,"max":0.000035763,"avg":0.000001869,"var":0.000000005,"sum":0.002982855},"relative_timestamp_from_create":{"num":1596,"min":0.000002384,"max":0.001753330,"avg":0.000003978,"var":0.000003063,"sum":0.006348610}},"forward_cb":{"duration":{"num":1596,"min":0.000000000,"max":0.000002146,"avg":0.000000136,"var":0.000000000,"sum":0.000216484},"relative_timestamp_from_iforward_start":{"num":1596,"min":0.000206470,"max":0.032489777,"avg":0.008288788,"var":0.154498559,"sum":13.228905201}},"iforward_wait":{"duration":{"num":1596,"min":0.000205278,"max":0.032488346,"avg":0.008287310,"var":0.154501663,"sum":13.226547480},"relative_timestamp_from_iforward_end":{"num":1596,"min":0.000000000,"max":0.000000715,"avg":0.000000216,"var":0.000000000,"sum":0.000344515}},"set_input":{"duration":{"num":1596,"min":0.000000000,"max":0.000005245,"avg":0.000000128,"var":0.000000000,"sum":0.000204563},"relative_timestamp_from_iforward_start":{"num":1596,"min":0.000000477,"max":0.000010014,"avg":0.000000778,"var":0.000000000,"sum":0.001242161}},"get_output":{"duration":{"num":1596,"min":0.000000000,"max":0.000000477,"avg":0.000000084,"var":0.000000000,"sum":0.000134468},"relative_timestamp_from_wait_end":{"num":1596,"min":0.000000000,"max":0.000003099,"avg":0.000000158,"var":0.000000000,"sum":0.000251532}}}}},"65535:65535:65535:65535":{"rpc_id":65535,"provider_id":65535,"parent_rpc_id":65535,"parent_provider_id":65535,"name":"","target":{"received from <unknown>":{"bulk":{"create":{"duration":{"num":1596,"min":0.000002146,"max":0.001747847,"avg":0.000003768,"var":0.000003045,"sum":0.006013155},"size":{"num":1596,"min":4194304.000000000,"max":4194304.000000000,"avg":4194304.000000000,"var":0.000000000,"sum":6694109184.000000000}}}}}}},"hostname":"x4418c0s4b0n0","pid":3668,"cmdline":["/home/carns/working/src/spack/var/spack/environments/quintain-2025-07/.spack-env/view/bin/quintain-benchmark","-g","quintain.flock.json","-j","/home/carns/working/dbg/john-quintain-profile-example-2025-07/quintain-benchmark-bw.json","-o","/flare/radix-io/carns/quintain/6710290.aurora-pbs-0001.hostmgmt.cm.aurora.alcf.anl.gov/bw-sweep-servers408-clis816"]}