{"address":"","rpcs":{},"pools":{"__primary__":{"timestamps":[1753366941.853341579,1753366942.853480101,1753366943.853589058,1753366944.853992224,1753366945.854006767,1753366946.854039907,1753366956.002994537,1753366956.143332958],"size":[0,0,0,0,0,0,0,0],"total_size":[1,1,1,1,1,1,1,0]}}}