{"address":"","rpcs":{},"pools":{"__primary__":{"timestamps":[1753558083.757346153,1753558084.757477522,1753558085.757779598,1753558086.757837772,1753558087.758333683,1753558088.758495331,1753558094.583823919,1753558094.707543850],"size":[0,0,0,0,0,0,0,0],"total_size":[1,1,1,1,1,1,1,0]}}}