{"address":"","progress_loop":{"progress_with_timeout":{"num":37063,"min":0.000001192,"max":0.102263927,"avg":0.000139232,"var":0.012431942,"sum":5.160349369},"progress_timeout_value_msec":{"num":37063,"min":100.000000000,"max":100.000000000,"avg":100.000000000,"var":0.000000000,"sum":3706300.000000000},"progress_without_timeout":{"num":0,"min":0.000000000,"max":0.000000000,"avg":0.000000000,"var":0.000000000,"sum":0.000000000},"trigger":{"num":36955,"min":0.000000238,"max":0.000006914,"avg":0.000000278,"var":0.000000001,"sum":0.010261774}},"rpcs":{"65535:65535:7940397281847607295:2":{"rpc_id":7940397281847607295,"provider_id":2,"parent_rpc_id":65535,"parent_provider_id":65535,"name":"__identity__","origin":{"sent to ofi+cxi://0x06f2600c":{"iforward":{"duration":{"num":1,"min":0.000777960,"max":0.000777960,"avg":0.000777960,"var":0.000000000,"sum":0.000777960},"relative_timestamp_from_create":{"num":1,"min":0.000005484,"max":0.000005484,"avg":0.000005484,"var":0.000000000,"sum":0.000005484}},"forward_cb":{"duration":{"num":1,"min":0.000003576,"max":0.000003576,"avg":0.000003576,"var":0.000000000,"sum":0.000003576},"relative_timestamp_from_iforward_start":{"num":1,"min":0.014445543,"max":0.014445543,"avg":0.014445543,"var":0.000000000,"sum":0.014445543}},"iforward_wait":{"duration":{"num":1,"min":0.013674736,"max":0.013674736,"avg":0.013674736,"var":0.000000000,"sum":0.013674736},"relative_timestamp_from_iforward_end":{"num":1,"min":0.000000477,"max":0.000000477,"avg":0.000000477,"var":0.000000000,"sum":0.000000477}},"set_input":{"duration":{"num":0,"min":0.000000000,"max":0.000000000,"avg":0.000000000,"var":0.000000000,"sum":0.000000000},"relative_timestamp_from_iforward_start":{"num":0,"min":0.000000000,"max":0.000000000,"avg":0.000000000,"var":0.000000000,"sum":0.000000000}},"get_output":{"duration":{"num":1,"min":0.000005960,"max":0.000005960,"avg":0.000005960,"var":0.000000000,"sum":0.000005960},"relative_timestamp_from_wait_end":{"num":1,"min":0.000001192,"max":0.000001192,"avg":0.000001192,"var":0.000000000,"sum":0.000001192}}}}},"65535:65535:9722976651498815487:2":{"rpc_id":9722976651498815487,"provider_id":2,"parent_rpc_id":65535,"parent_provider_id":65535,"name":"flock_get_view","origin":{"sent to ofi+cxi://0x06f2600c":{"iforward":{"duration":{"num":2,"min":0.000011206,"max":0.000019550,"avg":0.000015378,"var":0.000000000,"sum":0.000030756},"relative_timestamp_from_create":{"num":2,"min":0.000000238,"max":0.000000715,"avg":0.000000477,"var":0.000000000,"sum":0.000000954}},"forward_cb":{"duration":{"num":2,"min":0.000000000,"max":0.000000477,"avg":0.000000238,"var":0.000000000,"sum":0.000000477},"relative_timestamp_from_iforward_start":{"num":2,"min":0.009174109,"max":0.033641338,"avg":0.021407723,"var":0.000299323,"sum":0.042815447}},"iforward_wait":{"duration":{"num":2,"min":0.009163141,"max":0.033621311,"avg":0.021392226,"var":0.000299101,"sum":0.042784452},"relative_timestamp_from_iforward_end":{"num":2,"min":0.000000238,"max":0.000001431,"avg":0.000000834,"var":0.000000000,"sum":0.000001669}},"set_input":{"duration":{"num":2,"min":0.000000238,"max":0.000000238,"avg":0.000000238,"var":0.000000000,"sum":0.000000477},"relative_timestamp_from_iforward_start":{"num":2,"min":0.000001431,"max":0.000004768,"avg":0.000003099,"var":0.000000000,"sum":0.000006199}},"get_output":{"duration":{"num":2,"min":0.000000238,"max":0.000034571,"avg":0.000017405,"var":0.000000001,"sum":0.000034809},"relative_timestamp_from_wait_end":{"num":2,"min":0.000000477,"max":0.000001192,"avg":0.000000834,"var":0.000000000,"sum":0.000001669}}}}},"65535:65535:3669993900245843967:1":{"rpc_id":3669993900245843967,"provider_id":1,"parent_rpc_id":65535,"parent_provider_id":65535,"name":"qtn_work_rpc","origin":{"sent to ofi+cxi://0x06f5640d":{"iforward":{"duration":{"num":36951,"min":0.000001192,"max":0.000041962,"avg":0.000001527,"var":0.000000006,"sum":0.056413651},"relative_timestamp_from_create":{"num":36951,"min":0.000000000,"max":0.000001907,"avg":0.000000075,"var":0.000000000,"sum":0.002785206}},"forward_cb":{"duration":{"num":36951,"min":0.000000000,"max":0.000001907,"avg":0.000000127,"var":0.000000001,"sum":0.004694700},"relative_timestamp_from_iforward_start":{"num":36951,"min":0.000008345,"max":0.000928402,"avg":0.000137472,"var":0.000691186,"sum":5.079711199}},"iforward_wait":{"duration":{"num":36951,"min":0.000007391,"max":0.000927687,"avg":0.000136324,"var":0.000691114,"sum":5.037323475},"relative_timestamp_from_iforward_end":{"num":36951,"min":0.000000000,"max":0.000003815,"avg":0.000000181,"var":0.000000000,"sum":0.006699085}},"set_input":{"duration":{"num":36951,"min":0.000000000,"max":0.000002623,"avg":0.000000074,"var":0.000000000,"sum":0.002750874},"relative_timestamp_from_iforward_start":{"num":36951,"min":0.000000477,"max":0.000006676,"avg":0.000000685,"var":0.000000000,"sum":0.025322199}},"get_output":{"duration":{"num":36951,"min":0.000000000,"max":0.000002861,"avg":0.000000089,"var":0.000000001,"sum":0.003285170},"relative_timestamp_from_wait_end":{"num":36951,"min":0.000000000,"max":0.000003099,"avg":0.000000145,"var":0.000000001,"sum":0.005348444}}}}}},"hostname":"x4418c0s7b0n0","pid":8226,"cmdline":["/home/carns/working/src/spack/var/spack/environments/quintain-2025-07/.spack-env/view/bin/quintain-benchmark","-g","quintain.flock.json","-j","/home/carns/working/dbg/john-quintain-profile-example-2025-07/quintain-benchmark-rpc.json","-o","/flare/radix-io/carns/quintain/6710290.aurora-pbs-0001.hostmgmt.cm.aurora.alcf.anl.gov/rpc-sweep-servers408-clis816"]}