{"address":"","rpcs":{},"pools":{"__primary__":{"timestamps":[1753558122.228999615,1753558123.231460094,1753558124.247964382,1753558125.262947559,1753558126.274459600,1753558127.289104223,1753558128.303634644,1753558129.309988976,1753558131.686930656,1753558132.700167418,1753558133.716828346,1753558134.717936754,1753558135.724227428,1753558136.971190691,1753558137.096471786],"size":[0,0,0,0,0,0,0,0,0,0,0,0,0,0,0],"total_size":[1,1,1,1,1,1,1,1,1,1,1,1,1,1,0]}}}