{"address":"ofi+cxi://0x02626615","progress_loop":{"progress_with_timeout":{"num":1481,"min":0.000001907,"max":0.102346659,"avg":0.009310217,"var":0.164520539,"sum":13.788431883},"progress_timeout_value_msec":{"num":1481,"min":100.000000000,"max":100.000000000,"avg":100.000000000,"var":0.000000000,"sum":148100.000000000},"progress_without_timeout":{"num":0,"min":0.000000000,"max":0.000000000,"avg":0.000000000,"var":0.000000000,"sum":0.000000000},"trigger":{"num":1475,"min":0.000000238,"max":0.000016928,"avg":0.000000374,"var":0.000000000,"sum":0.000550985}},"rpcs":{"65535:65535:7940397281847607295:2":{"rpc_id":7940397281847607295,"provider_id":2,"parent_rpc_id":65535,"parent_provider_id":65535,"name":"__identity__","origin":{"sent to ofi+cxi://0x0262200d":{"iforward":{"duration":{"num":1,"min":0.000066280,"max":0.000066280,"avg":0.000066280,"var":0.000000000,"sum":0.000066280},"relative_timestamp_from_create":{"num":1,"min":0.000002623,"max":0.000002623,"avg":0.000002623,"var":0.000000000,"sum":0.000002623}},"forward_cb":{"duration":{"num":1,"min":0.000015497,"max":0.000015497,"avg":0.000015497,"var":0.000000000,"sum":0.000015497},"relative_timestamp_from_iforward_start":{"num":1,"min":0.002561331,"max":0.002561331,"avg":0.002561331,"var":0.000000000,"sum":0.002561331}},"iforward_wait":{"duration":{"num":1,"min":0.002516270,"max":0.002516270,"avg":0.002516270,"var":0.000000000,"sum":0.002516270},"relative_timestamp_from_iforward_end":{"num":1,"min":0.000000477,"max":0.000000477,"avg":0.000000477,"var":0.000000000,"sum":0.000000477}},"set_input":{"duration":{"num":0,"min":0.000000000,"max":0.000000000,"avg":0.000000000,"var":0.000000000,"sum":0.000000000},"relative_timestamp_from_iforward_start":{"num":0,"min":0.000000000,"max":0.000000000,"avg":0.000000000,"var":0.000000000,"sum":0.000000000}},"get_output":{"duration":{"num":1,"min":0.000007868,"max":0.000007868,"avg":0.000007868,"var":0.000000000,"sum":0.000007868},"relative_timestamp_from_wait_end":{"num":1,"min":0.000001431,"max":0.000001431,"avg":0.000001431,"var":0.000000000,"sum":0.000001431}}}}},"65535:65535:9722976651498815487:2":{"rpc_id":9722976651498815487,"provider_id":2,"parent_rpc_id":65535,"parent_provider_id":65535,"name":"flock_get_view","origin":{"sent to ofi+cxi://0x0262200d":{"iforward":{"duration":{"num":2,"min":0.000013351,"max":0.000037670,"avg":0.000025511,"var":0.000000000,"sum":0.000051022},"relative_timestamp_from_create":{"num":2,"min":0.000000477,"max":0.000001192,"avg":0.000000834,"var":0.000000000,"sum":0.000001669}},"forward_cb":{"duration":{"num":2,"min":0.000000238,"max":0.000000477,"avg":0.000000358,"var":0.000000000,"sum":0.000000715},"relative_timestamp_from_iforward_start":{"num":2,"min":0.005546093,"max":0.018967628,"avg":0.012256861,"var":0.000090069,"sum":0.024513721}},"iforward_wait":{"duration":{"num":2,"min":0.005508423,"max":0.018954992,"avg":0.012231708,"var":0.000090405,"sum":0.024463415},"relative_timestamp_from_iforward_end":{"num":2,"min":0.000000238,"max":0.000001431,"avg":0.000000834,"var":0.000000000,"sum":0.000001669}},"set_input":{"duration":{"num":2,"min":0.000000238,"max":0.000000238,"avg":0.000000238,"var":0.000000000,"sum":0.000000477},"relative_timestamp_from_iforward_start":{"num":2,"min":0.000002384,"max":0.000011683,"avg":0.000007033,"var":0.000000000,"sum":0.000014067}},"get_output":{"duration":{"num":2,"min":0.000000477,"max":0.000026703,"avg":0.000013590,"var":0.000000000,"sum":0.000027180},"relative_timestamp_from_wait_end":{"num":2,"min":0.000000238,"max":0.000001431,"avg":0.000000834,"var":0.000000000,"sum":0.000001669}}}}},"65535:65535:3669993900245843967:1":{"rpc_id":3669993900245843967,"provider_id":1,"parent_rpc_id":65535,"parent_provider_id":65535,"name":"qtn_work_rpc","origin":{"sent to ofi+cxi://0x0263e00f":{"iforward":{"duration":{"num":1471,"min":0.000001907,"max":0.000037909,"avg":0.000002628,"var":0.000000008,"sum":0.003865242},"relative_timestamp_from_create":{"num":1471,"min":0.000002861,"max":0.001964092,"avg":0.000004638,"var":0.000003843,"sum":0.006822824}},"forward_cb":{"duration":{"num":1471,"min":0.000000000,"max":0.000001669,"avg":0.000000162,"var":0.000000000,"sum":0.000237703},"relative_timestamp_from_iforward_start":{"num":1471,"min":0.000218868,"max":0.032777548,"avg":0.009288991,"var":0.155191578,"sum":13.664105415}},"iforward_wait":{"duration":{"num":1471,"min":0.000217199,"max":0.032775402,"avg":0.009286823,"var":0.155191963,"sum":13.660916805},"relative_timestamp_from_iforward_end":{"num":1471,"min":0.000000000,"max":0.000000954,"avg":0.000000255,"var":0.000000000,"sum":0.000374794}},"set_input":{"duration":{"num":1471,"min":0.000000000,"max":0.000005960,"avg":0.000000217,"var":0.000000000,"sum":0.000318766},"relative_timestamp_from_iforward_start":{"num":1471,"min":0.000000715,"max":0.000009060,"avg":0.000001026,"var":0.000000000,"sum":0.001508951}},"get_output":{"duration":{"num":1471,"min":0.000000000,"max":0.000000715,"avg":0.000000111,"var":0.000000000,"sum":0.000163317},"relative_timestamp_from_wait_end":{"num":1471,"min":0.000000000,"max":0.000002861,"avg":0.000000171,"var":0.000000000,"sum":0.000251532}}}}},"65535:65535:65535:65535":{"rpc_id":65535,"provider_id":65535,"parent_rpc_id":65535,"parent_provider_id":65535,"name":"","target":{"received from <unknown>":{"bulk":{"create":{"duration":{"num":1471,"min":0.000002384,"max":0.001956224,"avg":0.000004390,"var":0.000003813,"sum":0.006457806},"size":{"num":1471,"min":4194304.000000000,"max":4194304.000000000,"avg":4194304.000000000,"var":0.000000000,"sum":6169821184.000000000}}}}}}},"hostname":"x4108c1s0b0n0","pid":38604,"cmdline":["/home/carns/working/src/spack/var/spack/environments/quintain-2025-07/.spack-env/view/bin/quintain-benchmark","-g","quintain.flock.json","-j","/home/carns/working/dbg/john-quintain-profile-example-2025-07/quintain-benchmark-bw.json","-o","/flare/radix-io/carns/quintain/6767526.aurora-pbs-0001.hostmgmt.cm.aurora.alcf.anl.gov/bw-sweep-servers408-clis816"]}