{"address":"ofi+cxi://0x02606013","progress_loop":{"progress_with_timeout":{"num":1630,"min":0.000001192,"max":0.102391481,"avg":0.007699413,"var":0.158586036,"sum":12.550042868},"progress_timeout_value_msec":{"num":1630,"min":100.000000000,"max":100.000000000,"avg":100.000000000,"var":0.000000000,"sum":163000.000000000},"progress_without_timeout":{"num":0,"min":0.000000000,"max":0.000000000,"avg":0.000000000,"var":0.000000000,"sum":0.000000000},"trigger":{"num":1627,"min":0.000000238,"max":0.000011206,"avg":0.000000293,"var":0.000000000,"sum":0.000476360}},"rpcs":{"65535:65535:7940397281847607295:2":{"rpc_id":7940397281847607295,"provider_id":2,"parent_rpc_id":65535,"parent_provider_id":65535,"name":"__identity__","origin":{"sent to ofi+cxi://0x0262200d":{"iforward":{"duration":{"num":1,"min":0.000075817,"max":0.000075817,"avg":0.000075817,"var":0.000000000,"sum":0.000075817},"relative_timestamp_from_create":{"num":1,"min":0.000006437,"max":0.000006437,"avg":0.000006437,"var":0.000000000,"sum":0.000006437}},"forward_cb":{"duration":{"num":1,"min":0.000010014,"max":0.000010014,"avg":0.000010014,"var":0.000000000,"sum":0.000010014},"relative_timestamp_from_iforward_start":{"num":1,"min":0.003614187,"max":0.003614187,"avg":0.003614187,"var":0.000000000,"sum":0.003614187}},"iforward_wait":{"duration":{"num":1,"min":0.003554106,"max":0.003554106,"avg":0.003554106,"var":0.000000000,"sum":0.003554106},"relative_timestamp_from_iforward_end":{"num":1,"min":0.000000238,"max":0.000000238,"avg":0.000000238,"var":0.000000000,"sum":0.000000238}},"set_input":{"duration":{"num":0,"min":0.000000000,"max":0.000000000,"avg":0.000000000,"var":0.000000000,"sum":0.000000000},"relative_timestamp_from_iforward_start":{"num":0,"min":0.000000000,"max":0.000000000,"avg":0.000000000,"var":0.000000000,"sum":0.000000000}},"get_output":{"duration":{"num":1,"min":0.000007868,"max":0.000007868,"avg":0.000007868,"var":0.000000000,"sum":0.000007868},"relative_timestamp_from_wait_end":{"num":1,"min":0.000001669,"max":0.000001669,"avg":0.000001669,"var":0.000000000,"sum":0.000001669}}}}},"65535:65535:9722976651498815487:2":{"rpc_id":9722976651498815487,"provider_id":2,"parent_rpc_id":65535,"parent_provider_id":65535,"name":"flock_get_view","origin":{"sent to ofi+cxi://0x0262200d":{"iforward":{"duration":{"num":2,"min":0.000011683,"max":0.000037909,"avg":0.000024796,"var":0.000000000,"sum":0.000049591},"relative_timestamp_from_create":{"num":2,"min":0.000000238,"max":0.000001192,"avg":0.000000715,"var":0.000000000,"sum":0.000001431}},"forward_cb":{"duration":{"num":2,"min":0.000000238,"max":0.000000238,"avg":0.000000238,"var":0.000000000,"sum":0.000000477},"relative_timestamp_from_iforward_start":{"num":2,"min":0.012084246,"max":0.017690659,"avg":0.014887452,"var":0.000015716,"sum":0.029774904}},"iforward_wait":{"duration":{"num":2,"min":0.012045383,"max":0.017679691,"avg":0.014862537,"var":0.000015873,"sum":0.029725075},"relative_timestamp_from_iforward_end":{"num":2,"min":0.000000238,"max":0.000001907,"avg":0.000001073,"var":0.000000000,"sum":0.000002146}},"set_input":{"duration":{"num":2,"min":0.000000238,"max":0.000000238,"avg":0.000000238,"var":0.000000000,"sum":0.000000477},"relative_timestamp_from_iforward_start":{"num":2,"min":0.000001907,"max":0.000011683,"avg":0.000006795,"var":0.000000000,"sum":0.000013590}},"get_output":{"duration":{"num":2,"min":0.000000477,"max":0.000032663,"avg":0.000016570,"var":0.000000001,"sum":0.000033140},"relative_timestamp_from_wait_end":{"num":2,"min":0.000000238,"max":0.000001192,"avg":0.000000715,"var":0.000000000,"sum":0.000001431}}}}},"65535:65535:3669993900245843967:1":{"rpc_id":3669993900245843967,"provider_id":1,"parent_rpc_id":65535,"parent_provider_id":65535,"name":"qtn_work_rpc","origin":{"sent to ofi+cxi://0x02634411":{"iforward":{"duration":{"num":1623,"min":0.000001431,"max":0.000032425,"avg":0.000001801,"var":0.000000004,"sum":0.002922535},"relative_timestamp_from_create":{"num":1623,"min":0.000002384,"max":0.001563549,"avg":0.000003813,"var":0.000002435,"sum":0.006187916}},"forward_cb":{"duration":{"num":1623,"min":0.000000000,"max":0.000001192,"avg":0.000000123,"var":0.000000000,"sum":0.000198841},"relative_timestamp_from_iforward_start":{"num":1623,"min":0.000211954,"max":0.033008814,"avg":0.007651551,"var":0.149301304,"sum":12.418467283}},"iforward_wait":{"duration":{"num":1623,"min":0.000211000,"max":0.033007383,"avg":0.007650090,"var":0.149301856,"sum":12.416096449},"relative_timestamp_from_iforward_end":{"num":1623,"min":0.000000000,"max":0.000000477,"avg":0.000000230,"var":0.000000000,"sum":0.000372887}},"set_input":{"duration":{"num":1623,"min":0.000000000,"max":0.000005245,"avg":0.000000128,"var":0.000000000,"sum":0.000207424},"relative_timestamp_from_iforward_start":{"num":1623,"min":0.000000477,"max":0.000006199,"avg":0.000000718,"var":0.000000000,"sum":0.001164675}},"get_output":{"duration":{"num":1623,"min":0.000000000,"max":0.000000238,"avg":0.000000089,"var":0.000000000,"sum":0.000143766},"relative_timestamp_from_wait_end":{"num":1623,"min":0.000000000,"max":0.000002861,"avg":0.000000154,"var":0.000000000,"sum":0.000249386}}}}},"65535:65535:65535:65535":{"rpc_id":65535,"provider_id":65535,"parent_rpc_id":65535,"parent_provider_id":65535,"name":"","target":{"received from <unknown>":{"bulk":{"create":{"duration":{"num":1623,"min":0.000002384,"max":0.001559734,"avg":0.000003617,"var":0.000002423,"sum":0.005870581},"size":{"num":1623,"min":4194304.000000000,"max":4194304.000000000,"avg":4194304.000000000,"var":0.000000000,"sum":6807355392.000000000}}}}}}},"hostname":"x4108c0s2b0n0","pid":33385,"cmdline":["/home/carns/working/src/spack/var/spack/environments/quintain-2025-07/.spack-env/view/bin/quintain-benchmark","-g","quintain.flock.json","-j","/home/carns/working/dbg/john-quintain-profile-example-2025-07/quintain-benchmark-bw.json","-o","/flare/radix-io/carns/quintain/6767526.aurora-pbs-0001.hostmgmt.cm.aurora.alcf.anl.gov/bw-sweep-servers408-clis816"]}