{"address":"","progress_loop":{"progress_with_timeout":{"num":22173,"min":0.000001431,"max":0.102434397,"avg":0.000237770,"var":0.013174235,"sum":5.272080660},"progress_timeout_value_msec":{"num":22173,"min":100.000000000,"max":100.000000000,"avg":100.000000000,"var":0.000000000,"sum":2217300.000000000},"progress_without_timeout":{"num":0,"min":0.000000000,"max":0.000000000,"avg":0.000000000,"var":0.000000000,"sum":0.000000000},"trigger":{"num":22116,"min":0.000000238,"max":0.000010729,"avg":0.000000283,"var":0.000000000,"sum":0.006251574}},"rpcs":{"65535:65535:7940397281847607295:2":{"rpc_id":7940397281847607295,"provider_id":2,"parent_rpc_id":65535,"parent_provider_id":65535,"name":"__identity__","origin":{"sent to ofi+cxi://0x06f2600c":{"iforward":{"duration":{"num":1,"min":0.000187159,"max":0.000187159,"avg":0.000187159,"var":0.000000000,"sum":0.000187159},"relative_timestamp_from_create":{"num":1,"min":0.000002623,"max":0.000002623,"avg":0.000002623,"var":0.000000000,"sum":0.000002623}},"forward_cb":{"duration":{"num":1,"min":0.000009298,"max":0.000009298,"avg":0.000009298,"var":0.000000000,"sum":0.000009298},"relative_timestamp_from_iforward_start":{"num":1,"min":0.006231785,"max":0.006231785,"avg":0.006231785,"var":0.000000000,"sum":0.006231785}},"iforward_wait":{"duration":{"num":1,"min":0.006059408,"max":0.006059408,"avg":0.006059408,"var":0.000000000,"sum":0.006059408},"relative_timestamp_from_iforward_end":{"num":1,"min":0.000000238,"max":0.000000238,"avg":0.000000238,"var":0.000000000,"sum":0.000000238}},"set_input":{"duration":{"num":0,"min":0.000000000,"max":0.000000000,"avg":0.000000000,"var":0.000000000,"sum":0.000000000},"relative_timestamp_from_iforward_start":{"num":0,"min":0.000000000,"max":0.000000000,"avg":0.000000000,"var":0.000000000,"sum":0.000000000}},"get_output":{"duration":{"num":1,"min":0.000007391,"max":0.000007391,"avg":0.000007391,"var":0.000000000,"sum":0.000007391},"relative_timestamp_from_wait_end":{"num":1,"min":0.000001431,"max":0.000001431,"avg":0.000001431,"var":0.000000000,"sum":0.000001431}}}}},"65535:65535:9722976651498815487:2":{"rpc_id":9722976651498815487,"provider_id":2,"parent_rpc_id":65535,"parent_provider_id":65535,"name":"flock_get_view","origin":{"sent to ofi+cxi://0x06f2600c":{"iforward":{"duration":{"num":2,"min":0.000010490,"max":0.000037909,"avg":0.000024199,"var":0.000000000,"sum":0.000048399},"relative_timestamp_from_create":{"num":2,"min":0.000000238,"max":0.000000954,"avg":0.000000596,"var":0.000000000,"sum":0.000001192}},"forward_cb":{"duration":{"num":2,"min":0.000000000,"max":0.000000477,"avg":0.000000238,"var":0.000000000,"sum":0.000000477},"relative_timestamp_from_iforward_start":{"num":2,"min":0.020321608,"max":0.029455900,"avg":0.024888754,"var":0.000041718,"sum":0.049777508}},"iforward_wait":{"duration":{"num":2,"min":0.020311594,"max":0.029417753,"avg":0.024864674,"var":0.000041461,"sum":0.049729347},"relative_timestamp_from_iforward_end":{"num":2,"min":0.000000238,"max":0.000001431,"avg":0.000000834,"var":0.000000000,"sum":0.000001669}},"set_input":{"duration":{"num":2,"min":0.000000238,"max":0.000000477,"avg":0.000000358,"var":0.000000000,"sum":0.000000715},"relative_timestamp_from_iforward_start":{"num":2,"min":0.000001669,"max":0.000011683,"avg":0.000006676,"var":0.000000000,"sum":0.000013351}},"get_output":{"duration":{"num":2,"min":0.000000477,"max":0.000023603,"avg":0.000012040,"var":0.000000000,"sum":0.000024080},"relative_timestamp_from_wait_end":{"num":2,"min":0.000000238,"max":0.000001192,"avg":0.000000715,"var":0.000000000,"sum":0.000001431}}}}},"65535:65535:3669993900245843967:1":{"rpc_id":3669993900245843967,"provider_id":1,"parent_rpc_id":65535,"parent_provider_id":65535,"name":"qtn_work_rpc","origin":{"sent to ofi+cxi://0x06f50417":{"iforward":{"duration":{"num":22112,"min":0.000001431,"max":0.000022173,"avg":0.000001601,"var":0.000000003,"sum":0.035390854},"relative_timestamp_from_create":{"num":22112,"min":0.000000000,"max":0.000001907,"avg":0.000000073,"var":0.000000000,"sum":0.001603365}},"forward_cb":{"duration":{"num":22112,"min":0.000000000,"max":0.000004292,"avg":0.000000126,"var":0.000000000,"sum":0.002783775},"relative_timestamp_from_iforward_start":{"num":22112,"min":0.000008821,"max":0.001210690,"avg":0.000233428,"var":0.001456174,"sum":5.161561728}},"iforward_wait":{"duration":{"num":22112,"min":0.000005484,"max":0.001210213,"avg":0.000232219,"var":0.001456170,"sum":5.134820700},"relative_timestamp_from_iforward_end":{"num":22112,"min":0.000000000,"max":0.000000238,"avg":0.000000178,"var":0.000000000,"sum":0.003941298}},"set_input":{"duration":{"num":22112,"min":0.000000000,"max":0.000007391,"avg":0.000000071,"var":0.000000000,"sum":0.001580000},"relative_timestamp_from_iforward_start":{"num":22112,"min":0.000000477,"max":0.000007868,"avg":0.000000707,"var":0.000000000,"sum":0.015631437}},"get_output":{"duration":{"num":22112,"min":0.000000000,"max":0.000000954,"avg":0.000000087,"var":0.000000000,"sum":0.001931190},"relative_timestamp_from_wait_end":{"num":22112,"min":0.000000000,"max":0.000004053,"avg":0.000000151,"var":0.000000000,"sum":0.003346682}}}}}},"hostname":"x4418c0s6b0n0","pid":212017,"cmdline":["/home/carns/working/src/spack/var/spack/environments/quintain-2025-07/.spack-env/view/bin/quintain-benchmark","-g","quintain.flock.json","-j","/home/carns/working/dbg/john-quintain-profile-example-2025-07/quintain-benchmark-rpc.json","-o","/flare/radix-io/carns/quintain/6710290.aurora-pbs-0001.hostmgmt.cm.aurora.alcf.anl.gov/rpc-sweep-servers408-clis816"]}