{"address":"ofi+cxi://0x0260000e","progress_loop":{"progress_with_timeout":{"num":2980,"min":0.000001192,"max":4.566093206,"avg":0.001792664,"var":20.851708981,"sum":5.342138767},"progress_timeout_value_msec":{"num":2980,"min":100.000000000,"max":100.000000000,"avg":100.000000000,"var":0.000000000,"sum":298000.000000000},"progress_without_timeout":{"num":0,"min":0.000000000,"max":0.000000000,"avg":0.000000000,"var":0.000000000,"sum":0.000000000},"trigger":{"num":2972,"min":0.000000238,"max":0.000011206,"avg":0.000000296,"var":0.000000000,"sum":0.000880480}},"rpcs":{"65535:65535:7940397281847607295:2":{"rpc_id":7940397281847607295,"provider_id":2,"parent_rpc_id":65535,"parent_provider_id":65535,"name":"__identity__","origin":{"sent to ofi+cxi://0x0262200d":{"iforward":{"duration":{"num":1,"min":0.000072718,"max":0.000072718,"avg":0.000072718,"var":0.000000000,"sum":0.000072718},"relative_timestamp_from_create":{"num":1,"min":0.000002623,"max":0.000002623,"avg":0.000002623,"var":0.000000000,"sum":0.000002623}},"forward_cb":{"duration":{"num":1,"min":0.000010014,"max":0.000010014,"avg":0.000010014,"var":0.000000000,"sum":0.000010014},"relative_timestamp_from_iforward_start":{"num":1,"min":0.007521391,"max":0.007521391,"avg":0.007521391,"var":0.000000000,"sum":0.007521391}},"iforward_wait":{"duration":{"num":1,"min":0.007464170,"max":0.007464170,"avg":0.007464170,"var":0.000000000,"sum":0.007464170},"relative_timestamp_from_iforward_end":{"num":1,"min":0.000000238,"max":0.000000238,"avg":0.000000238,"var":0.000000000,"sum":0.000000238}},"set_input":{"duration":{"num":0,"min":0.000000000,"max":0.000000000,"avg":0.000000000,"var":0.000000000,"sum":0.000000000},"relative_timestamp_from_iforward_start":{"num":0,"min":0.000000000,"max":0.000000000,"avg":0.000000000,"var":0.000000000,"sum":0.000000000}},"get_output":{"duration":{"num":1,"min":0.000007153,"max":0.000007153,"avg":0.000007153,"var":0.000000000,"sum":0.000007153},"relative_timestamp_from_wait_end":{"num":1,"min":0.000001669,"max":0.000001669,"avg":0.000001669,"var":0.000000000,"sum":0.000001669}}}}},"65535:65535:9722976651498815487:2":{"rpc_id":9722976651498815487,"provider_id":2,"parent_rpc_id":65535,"parent_provider_id":65535,"name":"flock_get_view","origin":{"sent to ofi+cxi://0x0262200d":{"iforward":{"duration":{"num":2,"min":0.000010967,"max":0.000037432,"avg":0.000024199,"var":0.000000000,"sum":0.000048399},"relative_timestamp_from_create":{"num":2,"min":0.000000477,"max":0.000001192,"avg":0.000000834,"var":0.000000000,"sum":0.000001669}},"forward_cb":{"duration":{"num":2,"min":0.000000238,"max":0.000000238,"avg":0.000000238,"var":0.000000000,"sum":0.000000477},"relative_timestamp_from_iforward_start":{"num":2,"min":0.022721291,"max":0.027953386,"avg":0.025337338,"var":0.000013687,"sum":0.050674677}},"iforward_wait":{"duration":{"num":2,"min":0.022710800,"max":0.027915716,"avg":0.025313258,"var":0.000013546,"sum":0.050626516},"relative_timestamp_from_iforward_end":{"num":2,"min":0.000000238,"max":0.000001431,"avg":0.000000834,"var":0.000000000,"sum":0.000001669}},"set_input":{"duration":{"num":2,"min":0.000000238,"max":0.000000238,"avg":0.000000238,"var":0.000000000,"sum":0.000000477},"relative_timestamp_from_iforward_start":{"num":2,"min":0.000001431,"max":0.000011444,"avg":0.000006437,"var":0.000000000,"sum":0.000012875}},"get_output":{"duration":{"num":2,"min":0.000000477,"max":0.000035286,"avg":0.000017881,"var":0.000000001,"sum":0.000035763},"relative_timestamp_from_wait_end":{"num":2,"min":0.000000238,"max":0.000000954,"avg":0.000000596,"var":0.000000000,"sum":0.000001192}}}}},"65535:65535:3669993900245843967:1":{"rpc_id":3669993900245843967,"provider_id":1,"parent_rpc_id":65535,"parent_provider_id":65535,"name":"qtn_work_rpc","origin":{"sent to ofi+cxi://0x0262c613":{"iforward":{"duration":{"num":2968,"min":0.000001431,"max":0.000035048,"avg":0.000001741,"var":0.000000004,"sum":0.005167961},"relative_timestamp_from_create":{"num":2968,"min":0.000000000,"max":0.000000954,"avg":0.000000079,"var":0.000000000,"sum":0.000233650}},"forward_cb":{"duration":{"num":2968,"min":0.000000000,"max":0.000001431,"avg":0.000000124,"var":0.000000000,"sum":0.000366926},"relative_timestamp_from_iforward_start":{"num":2968,"min":0.000008583,"max":4.566098213,"avg":0.001748228,"var":20.840486881,"sum":5.188741207}},"iforward_wait":{"duration":{"num":2968,"min":0.000007629,"max":4.566096067,"avg":0.001746900,"var":20.840479385,"sum":5.184798002},"relative_timestamp_from_iforward_end":{"num":2968,"min":0.000000000,"max":0.000000477,"avg":0.000000183,"var":0.000000000,"sum":0.000541925}},"set_input":{"duration":{"num":2968,"min":0.000000000,"max":0.000001192,"avg":0.000000072,"var":0.000000000,"sum":0.000213623},"relative_timestamp_from_iforward_start":{"num":2968,"min":0.000000477,"max":0.000009298,"avg":0.000000713,"var":0.000000000,"sum":0.002117157}},"get_output":{"duration":{"num":2968,"min":0.000000000,"max":0.000000954,"avg":0.000000087,"var":0.000000000,"sum":0.000259161},"relative_timestamp_from_wait_end":{"num":2968,"min":0.000000000,"max":0.000003099,"avg":0.000000161,"var":0.000000000,"sum":0.000476837}}}}}},"hostname":"x4108c0s5b0n0","pid":35755,"cmdline":["/home/carns/working/src/spack/var/spack/environments/quintain-2025-07/.spack-env/view/bin/quintain-benchmark","-g","quintain.flock.json","-j","/home/carns/working/dbg/john-quintain-profile-example-2025-07/quintain-benchmark-rpc.json","-o","/flare/radix-io/carns/quintain/6767526.aurora-pbs-0001.hostmgmt.cm.aurora.alcf.anl.gov/rpc-sweep-servers408-clis816"]}