{"address":"","progress_loop":{"progress_with_timeout":{"num":2297,"min":0.000002146,"max":0.106623411,"avg":0.082186855,"var":4.096692533,"sum":188.783205509},"progress_timeout_value_msec":{"num":2297,"min":100.000000000,"max":100.000000000,"avg":100.000000000,"var":0.000000000,"sum":229700.000000000},"progress_without_timeout":{"num":14905083,"min":0.000000000,"max":0.000558615,"avg":0.000000154,"var":0.000000997,"sum":2.300521851},"trigger":{"num":99940,"min":0.000000238,"max":0.000031948,"avg":0.000000595,"var":0.000000050,"sum":0.059463739}},"rpcs":{"65535:65535:3669993900245843967:1":{"rpc_id":3669993900245843967,"provider_id":1,"parent_rpc_id":65535,"parent_provider_id":65535,"name":"qtn_work_rpc","target":{"received from ofi+cxi://0x06f0c60e":{"handler":{"duration":{"num":22041,"min":0.000000477,"max":0.000018597,"avg":0.000000552,"var":0.000000005,"sum":0.012174368}},"ult":{"duration":{"num":22041,"min":0.000004530,"max":0.000057697,"avg":0.000004894,"var":0.000000021,"sum":0.107879400},"relative_timestamp_from_handler_start":{"num":22041,"min":0.000000715,"max":0.000028849,"avg":0.000000910,"var":0.000000014,"sum":0.020050049}},"irespond":{"duration":{"num":22041,"min":0.000000238,"max":0.000019550,"avg":0.000000478,"var":0.000000002,"sum":0.010530949},"relative_timestamp_from_ult_start":{"num":22041,"min":0.000000238,"max":0.000028372,"avg":0.000000306,"var":0.000000002,"sum":0.006737232}},"respond_cb":{"duration":{"num":22041,"min":0.000000000,"max":0.000025749,"avg":0.000000109,"var":0.000000002,"sum":0.002408504},"relative_timestamp_from_irespond_start":{"num":22041,"min":0.000003576,"max":0.000047684,"avg":0.000003975,"var":0.000000013,"sum":0.087619305}},"irespond_wait":{"duration":{"num":22041,"min":0.000003338,"max":0.000056267,"avg":0.000003720,"var":0.000000014,"sum":0.082002401},"relative_timestamp_from_irespond_end":{"num":22041,"min":0.000000000,"max":0.000000477,"avg":0.000000183,"var":0.000000000,"sum":0.004040480}},"set_output":{"duration":{"num":22041,"min":0.000000000,"max":0.000000477,"avg":0.000000063,"var":0.000000000,"sum":0.001399279},"relative_timestamp_from_irespond_start":{"num":22041,"min":0.000000000,"max":0.000005722,"avg":0.000000077,"var":0.000000000,"sum":0.001705885}},"get_input":{"duration":{"num":22041,"min":0.000000000,"max":0.000020742,"avg":0.000000110,"var":0.000000001,"sum":0.002417326},"relative_timestamp_from_ult_start":{"num":22041,"min":0.000000000,"max":0.000028133,"avg":0.000000126,"var":0.000000001,"sum":0.002785921}}},"received from ofi+cxi://0x06f00011":{"handler":{"duration":{"num":23416,"min":0.000000477,"max":0.000011683,"avg":0.000000558,"var":0.000000006,"sum":0.013064861}},"ult":{"duration":{"num":23416,"min":0.000004530,"max":0.000563622,"avg":0.000004926,"var":0.000000330,"sum":0.115336895},"relative_timestamp_from_handler_start":{"num":23416,"min":0.000000715,"max":0.000020981,"avg":0.000000918,"var":0.000000016,"sum":0.021484613}},"irespond":{"duration":{"num":23416,"min":0.000000238,"max":0.000027895,"avg":0.000000488,"var":0.000000003,"sum":0.011436701},"relative_timestamp_from_ult_start":{"num":23416,"min":0.000000238,"max":0.000027418,"avg":0.000000305,"var":0.000000001,"sum":0.007141113}},"respond_cb":{"duration":{"num":23416,"min":0.000000000,"max":0.000000477,"avg":0.000000110,"var":0.000000000,"sum":0.002570868},"relative_timestamp_from_irespond_start":{"num":23416,"min":0.000003576,"max":0.000562191,"avg":0.000004007,"var":0.000000325,"sum":0.093823671}},"irespond_wait":{"duration":{"num":23416,"min":0.000003338,"max":0.000562191,"avg":0.000003739,"var":0.000000322,"sum":0.087540865},"relative_timestamp_from_irespond_end":{"num":23416,"min":0.000000000,"max":0.000005245,"avg":0.000000186,"var":0.000000000,"sum":0.004359961}},"set_output":{"duration":{"num":23416,"min":0.000000000,"max":0.000000477,"avg":0.000000064,"var":0.000000000,"sum":0.001502037},"relative_timestamp_from_irespond_start":{"num":23416,"min":0.000000000,"max":0.000027418,"avg":0.000000086,"var":0.000000002,"sum":0.002013445}},"get_input":{"duration":{"num":23416,"min":0.000000000,"max":0.000027180,"avg":0.000000110,"var":0.000000001,"sum":0.002574205},"relative_timestamp_from_ult_start":{"num":23416,"min":0.000000000,"max":0.000000715,"avg":0.000000126,"var":0.000000000,"sum":0.002960682}}},"received from ofi+cxi://0x06f04610":{"handler":{"duration":{"num":1493,"min":0.000000477,"max":0.000012636,"avg":0.000001104,"var":0.000000001,"sum":0.001648188}},"ult":{"duration":{"num":1493,"min":0.000203133,"max":0.031373978,"avg":0.004889547,"var":0.081444535,"sum":7.300093651},"relative_timestamp_from_handler_start":{"num":1493,"min":0.000000715,"max":0.026060581,"avg":0.001279474,"var":0.032871670,"sum":1.910254478}},"irespond":{"duration":{"num":1493,"min":0.000000238,"max":0.000007391,"avg":0.000000931,"var":0.000000001,"sum":0.001390696},"relative_timestamp_from_ult_start":{"num":1493,"min":0.000184059,"max":0.031358480,"avg":0.004766639,"var":0.081750685,"sum":7.116592646}},"respond_cb":{"duration":{"num":1493,"min":0.000000000,"max":0.000004053,"avg":0.000000182,"var":0.000000000,"sum":0.000271320},"relative_timestamp_from_irespond_start":{"num":1493,"min":0.000003815,"max":0.008707047,"avg":0.000092736,"var":0.000184841,"sum":0.138454676}},"irespond_wait":{"duration":{"num":1493,"min":0.000003338,"max":0.010062933,"avg":0.000093856,"var":0.000215556,"sum":0.140126467},"relative_timestamp_from_irespond_end":{"num":1493,"min":0.000000000,"max":0.000005007,"avg":0.000000298,"var":0.000000000,"sum":0.000444889}},"set_output":{"duration":{"num":1493,"min":0.000000000,"max":0.000001907,"avg":0.000000124,"var":0.000000000,"sum":0.000185013},"relative_timestamp_from_irespond_start":{"num":1493,"min":0.000000000,"max":0.000006199,"avg":0.000000234,"var":0.000000000,"sum":0.000349045}},"get_input":{"duration":{"num":1493,"min":0.000000000,"max":0.000020504,"avg":0.000000583,"var":0.000000001,"sum":0.000869989},"relative_timestamp_from_ult_start":{"num":1493,"min":0.000000000,"max":0.000006199,"avg":0.000000223,"var":0.000000000,"sum":0.000332594}},"bulk":{"create":{"duration":{"num":1493,"min":0.000002384,"max":0.029219866,"avg":0.003682310,"var":0.071793225,"sum":5.497689486},"size":{"num":1493,"min":4194304.000000000,"max":4194304.000000000,"avg":4194304.000000000,"var":0.000000000,"sum":6262095872.000000000}},"pull from ofi+cxi://0x06f04610":{"itransfer":{"duration":{"num":1493,"min":0.000000715,"max":0.000017643,"avg":0.000002201,"var":0.000000004,"sum":0.003286362},"size":{"num":1493,"min":4194304.000000000,"max":4194304.000000000,"avg":4194304.000000000,"var":0.000000000,"sum":6262095872.000000000}},"transfer_cb":{"duration":{"num":1493,"min":0.000000000,"max":0.000000715,"avg":0.000000173,"var":0.000000000,"sum":0.000258207},"relative_timestamp_from_itransfer_start":{"num":1493,"min":0.000180006,"max":0.019054174,"avg":0.001047601,"var":0.001412220,"sum":1.564068317}},"itransfer_wait":{"duration":{"num":1493,"min":0.000179052,"max":0.020559549,"avg":0.001076427,"var":0.002016864,"sum":1.607105970},"relative_timestamp_from_itransfer_end":{"num":1493,"min":0.000000000,"max":0.000003338,"avg":0.000000339,"var":0.000000000,"sum":0.000506163}}}}},"received from ofi+cxi://0x06f00014":{"handler":{"duration":{"num":1515,"min":0.000000477,"max":0.000013113,"avg":0.000001092,"var":0.000000001,"sum":0.001653671}},"ult":{"duration":{"num":1515,"min":0.000193834,"max":0.033149958,"avg":0.005504049,"var":0.097056701,"sum":8.338634014},"relative_timestamp_from_handler_start":{"num":1515,"min":0.000000715,"max":0.029250145,"avg":0.001134102,"var":0.029390375,"sum":1.718165159}},"irespond":{"duration":{"num":1515,"min":0.000000238,"max":0.000009537,"avg":0.000000999,"var":0.000000001,"sum":0.001513004},"relative_timestamp_from_ult_start":{"num":1515,"min":0.000183582,"max":0.033137321,"avg":0.005356871,"var":0.097527305,"sum":8.115659475}},"respond_cb":{"duration":{"num":1515,"min":0.000000000,"max":0.000004768,