{"address":"","progress_loop":{"progress_with_timeout":{"num":23648,"min":0.000001192,"max":0.101253986,"avg":0.000221741,"var":0.012941635,"sum":5.243723154},"progress_timeout_value_msec":{"num":23648,"min":100.000000000,"max":100.000000000,"avg":100.000000000,"var":0.000000000,"sum":2364800.000000000},"progress_without_timeout":{"num":0,"min":0.000000000,"max":0.000000000,"avg":0.000000000,"var":0.000000000,"sum":0.000000000},"trigger":{"num":23598,"min":0.000000238,"max":0.000011683,"avg":0.000000320,"var":0.000000001,"sum":0.007557154}},"rpcs":{"65535:65535:7940397281847607295:2":{"rpc_id":7940397281847607295,"provider_id":2,"parent_rpc_id":65535,"parent_provider_id":65535,"name":"__identity__","origin":{"sent to ofi+cxi://0x06f2600c":{"iforward":{"duration":{"num":1,"min":0.000929832,"max":0.000929832,"avg":0.000929832,"var":0.000000000,"sum":0.000929832},"relative_timestamp_from_create":{"num":1,"min":0.000002861,"max":0.000002861,"avg":0.000002861,"var":0.000000000,"sum":0.000002861}},"forward_cb":{"duration":{"num":1,"min":0.000010252,"max":0.000010252,"avg":0.000010252,"var":0.000000000,"sum":0.000010252},"relative_timestamp_from_iforward_start":{"num":1,"min":0.006352901,"max":0.006352901,"avg":0.006352901,"var":0.000000000,"sum":0.006352901}},"iforward_wait":{"duration":{"num":1,"min":0.005439520,"max":0.005439520,"avg":0.005439520,"var":0.000000000,"sum":0.005439520},"relative_timestamp_from_iforward_end":{"num":1,"min":0.000000238,"max":0.000000238,"avg":0.000000238,"var":0.000000000,"sum":0.000000238}},"set_input":{"duration":{"num":0,"min":0.000000000,"max":0.000000000,"avg":0.000000000,"var":0.000000000,"sum":0.000000000},"relative_timestamp_from_iforward_start":{"num":0,"min":0.000000000,"max":0.000000000,"avg":0.000000000,"var":0.000000000,"sum":0.000000000}},"get_output":{"duration":{"num":1,"min":0.000007629,"max":0.000007629,"avg":0.000007629,"var":0.000000000,"sum":0.000007629},"relative_timestamp_from_wait_end":{"num":1,"min":0.000001907,"max":0.000001907,"avg":0.000001907,"var":0.000000000,"sum":0.000001907}}}}},"65535:65535:9722976651498815487:2":{"rpc_id":9722976651498815487,"provider_id":2,"parent_rpc_id":65535,"parent_provider_id":65535,"name":"flock_get_view","origin":{"sent to ofi+cxi://0x06f2600c":{"iforward":{"duration":{"num":2,"min":0.000013351,"max":0.000044584,"avg":0.000028968,"var":0.000000000,"sum":0.000057936},"relative_timestamp_from_create":{"num":2,"min":0.000000477,"max":0.000001431,"avg":0.000000954,"var":0.000000000,"sum":0.000001907}},"forward_cb":{"duration":{"num":2,"min":0.000000477,"max":0.000000477,"avg":0.000000477,"var":0.000000000,"sum":0.000000954},"relative_timestamp_from_iforward_start":{"num":2,"min":0.021677017,"max":0.028584003,"avg":0.025130510,"var":0.000023853,"sum":0.050261021}},"iforward_wait":{"duration":{"num":2,"min":0.021664858,"max":0.028538704,"avg":0.025101781,"var":0.000023625,"sum":0.050203562},"relative_timestamp_from_iforward_end":{"num":2,"min":0.000000238,"max":0.000001907,"avg":0.000001073,"var":0.000000000,"sum":0.000002146}},"set_input":{"duration":{"num":2,"min":0.000000238,"max":0.000000238,"avg":0.000000238,"var":0.000000000,"sum":0.000000477},"relative_timestamp_from_iforward_start":{"num":2,"min":0.000002384,"max":0.000013351,"avg":0.000007868,"var":0.000000000,"sum":0.000015736}},"get_output":{"duration":{"num":2,"min":0.000000715,"max":0.000027418,"avg":0.000014067,"var":0.000000000,"sum":0.000028133},"relative_timestamp_from_wait_end":{"num":2,"min":0.000000238,"max":0.000001431,"avg":0.000000834,"var":0.000000000,"sum":0.000001669}}}}},"65535:65535:3669993900245843967:1":{"rpc_id":3669993900245843967,"provider_id":1,"parent_rpc_id":65535,"parent_provider_id":65535,"name":"qtn_work_rpc","origin":{"sent to ofi+cxi://0x06f5a612":{"iforward":{"duration":{"num":23594,"min":0.000001669,"max":0.000032663,"avg":0.000002047,"var":0.000000005,"sum":0.048293352},"relative_timestamp_from_create":{"num":23594,"min":0.000000000,"max":0.000001192,"avg":0.000000085,"var":0.000000000,"sum":0.002006769}},"forward_cb":{"duration":{"num":23594,"min":0.000000000,"max":0.000005722,"avg":0.000000136,"var":0.000000000,"sum":0.003213882},"relative_timestamp_from_iforward_start":{"num":23594,"min":0.000009060,"max":0.001201391,"avg":0.000218249,"var":0.001456408,"sum":5.149374962}},"iforward_wait":{"duration":{"num":23594,"min":0.000002623,"max":0.001201868,"avg":0.000216676,"var":0.001456543,"sum":5.112256050},"relative_timestamp_from_iforward_end":{"num":23594,"min":0.000000000,"max":0.000005722,"avg":0.000000163,"var":0.000000000,"sum":0.003849983}},"set_input":{"duration":{"num":23594,"min":0.000000000,"max":0.000004053,"avg":0.000000099,"var":0.000000000,"sum":0.002330065},"relative_timestamp_from_iforward_start":{"num":23594,"min":0.000000715,"max":0.000008583,"avg":0.000000866,"var":0.000000001,"sum":0.020425558}},"get_output":{"duration":{"num":23594,"min":0.000000000,"max":0.000000477,"avg":0.000000104,"var":0.000000000,"sum":0.002443075},"relative_timestamp_from_wait_end":{"num":23594,"min":0.000000000,"max":0.000004053,"avg":0.000000171,"var":0.000000000,"sum":0.004028797}}}}}},"hostname":"x4418c0s3b0n0","pid":6920,"cmdline":["/home/carns/working/src/spack/var/spack/environments/quintain-2025-07/.spack-env/view/bin/quintain-benchmark","-g","quintain.flock.json","-j","/home/carns/working/dbg/john-quintain-profile-example-2025-07/quintain-benchmark-rpc.json","-o","/flare/radix-io/carns/quintain/6710290.aurora-pbs-0001.hostmgmt.cm.aurora.alcf.anl.gov/rpc-sweep-servers408-clis816"]}