{"address":"ofi+cxi://0x02606213","progress_loop":{"progress_with_timeout":{"num":24468,"min":0.000001192,"max":0.103382349,"avg":0.000214791,"var":0.013103396,"sum":5.255516768},"progress_timeout_value_msec":{"num":24468,"min":100.000000000,"max":100.000000000,"avg":100.000000000,"var":0.000000000,"sum":2446800.000000000},"progress_without_timeout":{"num":0,"min":0.000000000,"max":0.000000000,"avg":0.000000000,"var":0.000000000,"sum":0.000000000},"trigger":{"num":24406,"min":0.000000238,"max":0.000011921,"avg":0.000000272,"var":0.000000000,"sum":0.006644964}},"rpcs":{"65535:65535:7940397281847607295:2":{"rpc_id":7940397281847607295,"provider_id":2,"parent_rpc_id":65535,"parent_provider_id":65535,"name":"__identity__","origin":{"sent to ofi+cxi://0x0262200d":{"iforward":{"duration":{"num":1,"min":0.000114202,"max":0.000114202,"avg":0.000114202,"var":0.000000000,"sum":0.000114202},"relative_timestamp_from_create":{"num":1,"min":0.000004053,"max":0.000004053,"avg":0.000004053,"var":0.000000000,"sum":0.000004053}},"forward_cb":{"duration":{"num":1,"min":0.000010729,"max":0.000010729,"avg":0.000010729,"var":0.000000000,"sum":0.000010729},"relative_timestamp_from_iforward_start":{"num":1,"min":0.006730080,"max":0.006730080,"avg":0.006730080,"var":0.000000000,"sum":0.006730080}},"iforward_wait":{"duration":{"num":1,"min":0.006632566,"max":0.006632566,"avg":0.006632566,"var":0.000000000,"sum":0.006632566},"relative_timestamp_from_iforward_end":{"num":1,"min":0.000000238,"max":0.000000238,"avg":0.000000238,"var":0.000000000,"sum":0.000000238}},"set_input":{"duration":{"num":0,"min":0.000000000,"max":0.000000000,"avg":0.000000000,"var":0.000000000,"sum":0.000000000},"relative_timestamp_from_iforward_start":{"num":0,"min":0.000000000,"max":0.000000000,"avg":0.000000000,"var":0.000000000,"sum":0.000000000}},"get_output":{"duration":{"num":1,"min":0.000007868,"max":0.000007868,"avg":0.000007868,"var":0.000000000,"sum":0.000007868},"relative_timestamp_from_wait_end":{"num":1,"min":0.000001907,"max":0.000001907,"avg":0.000001907,"var":0.000000000,"sum":0.000001907}}}}},"65535:65535:9722976651498815487:2":{"rpc_id":9722976651498815487,"provider_id":2,"parent_rpc_id":65535,"parent_provider_id":65535,"name":"flock_get_view","origin":{"sent to ofi+cxi://0x0262200d":{"iforward":{"duration":{"num":2,"min":0.000011683,"max":0.000041962,"avg":0.000026822,"var":0.000000000,"sum":0.000053644},"relative_timestamp_from_create":{"num":2,"min":0.000000238,"max":0.000001192,"avg":0.000000715,"var":0.000000000,"sum":0.000001431}},"forward_cb":{"duration":{"num":2,"min":0.000000238,"max":0.000000238,"avg":0.000000238,"var":0.000000000,"sum":0.000000477},"relative_timestamp_from_iforward_start":{"num":2,"min":0.025402069,"max":0.025707245,"avg":0.025554657,"var":0.000000047,"sum":0.051109314}},"iforward_wait":{"duration":{"num":2,"min":0.025391102,"max":0.025664806,"avg":0.025527954,"var":0.000000037,"sum":0.051055908},"relative_timestamp_from_iforward_end":{"num":2,"min":0.000000000,"max":0.000001431,"avg":0.000000715,"var":0.000000000,"sum":0.000001431}},"set_input":{"duration":{"num":2,"min":0.000000238,"max":0.000000238,"avg":0.000000238,"var":0.000000000,"sum":0.000000477},"relative_timestamp_from_iforward_start":{"num":2,"min":0.000001669,"max":0.000012636,"avg":0.000007153,"var":0.000000000,"sum":0.000014305}},"get_output":{"duration":{"num":2,"min":0.000000477,"max":0.000033379,"avg":0.000016928,"var":0.000000001,"sum":0.000033855},"relative_timestamp_from_wait_end":{"num":2,"min":0.000000238,"max":0.000001192,"avg":0.000000715,"var":0.000000000,"sum":0.000001431}}}}},"65535:65535:3669993900245843967:1":{"rpc_id":3669993900245843967,"provider_id":1,"parent_rpc_id":65535,"parent_provider_id":65535,"name":"qtn_work_rpc","origin":{"sent to ofi+cxi://0x0263620e":{"iforward":{"duration":{"num":24402,"min":0.000001431,"max":0.000029802,"avg":0.000001622,"var":0.000000004,"sum":0.039568901},"relative_timestamp_from_create":{"num":24402,"min":0.000000000,"max":0.000002384,"avg":0.000000073,"var":0.000000000,"sum":0.001786232}},"forward_cb":{"duration":{"num":24402,"min":0.000000000,"max":0.000002384,"avg":0.000000120,"var":0.000000000,"sum":0.002926826},"relative_timestamp_from_iforward_start":{"num":24402,"min":0.000008345,"max":0.000922203,"avg":0.000210950,"var":0.001149939,"sum":5.147608519}},"iforward_wait":{"duration":{"num":24402,"min":0.000007153,"max":0.000924826,"avg":0.000209697,"var":0.001149891,"sum":5.117029905},"relative_timestamp_from_iforward_end":{"num":24402,"min":0.000000000,"max":0.000002146,"avg":0.000000184,"var":0.000000000,"sum":0.004491806}},"set_input":{"duration":{"num":24402,"min":0.000000000,"max":0.000001907,"avg":0.000000078,"var":0.000000000,"sum":0.001912594},"relative_timestamp_from_iforward_start":{"num":24402,"min":0.000000477,"max":0.000007629,"avg":0.000000712,"var":0.000000000,"sum":0.017377377}},"get_output":{"duration":{"num":24402,"min":0.000000000,"max":0.000001431,"avg":0.000000090,"var":0.000000000,"sum":0.002205133},"relative_timestamp_from_wait_end":{"num":24402,"min":0.000000000,"max":0.000003338,"avg":0.000000149,"var":0.000000000,"sum":0.003633976}}}}}},"hostname":"x4108c0s2b0n0","pid":31247,"cmdline":["/home/carns/working/src/spack/var/spack/environments/quintain-2025-07/.spack-env/view/bin/quintain-benchmark","-g","quintain.flock.json","-j","/home/carns/working/dbg/john-quintain-profile-example-2025-07/quintain-benchmark-rpc.json","-o","/flare/radix-io/carns/quintain/6767526.aurora-pbs-0001.hostmgmt.cm.aurora.alcf.anl.gov/rpc-sweep-servers408-clis816"]}