{"address":"","progress_loop":{"progress_with_timeout":{"num":2302,"min":0.000001907,"max":0.107265234,"avg":0.082602104,"var":4.047014113,"sum":190.150042534},"progress_timeout_value_msec":{"num":2302,"min":100.000000000,"max":100.000000000,"avg":100.000000000,"var":0.000000000,"sum":230200.000000000},"progress_without_timeout":{"num":15639601,"min":0.000000000,"max":0.000472307,"avg":0.000000155,"var":0.000000901,"sum":2.428076744},"trigger":{"num":136233,"min":0.000000000,"max":0.000066519,"avg":0.000000570,"var":0.000000053,"sum":0.077710629}},"rpcs":{"65535:65535:3669993900245843967:1":{"rpc_id":3669993900245843967,"provider_id":1,"parent_rpc_id":65535,"parent_provider_id":65535,"name":"qtn_work_rpc","target":{"received from ofi+cxi://0x06f1460e":{"handler":{"duration":{"num":32514,"min":0.000000238,"max":0.000036478,"avg":0.000000543,"var":0.000000008,"sum":0.017653227}},"ult":{"duration":{"num":32514,"min":0.000004292,"max":0.000477791,"avg":0.000004882,"var":0.000000473,"sum":0.158746958},"relative_timestamp_from_handler_start":{"num":32514,"min":0.000000715,"max":0.000036955,"avg":0.000000897,"var":0.000000019,"sum":0.029149294}},"irespond":{"duration":{"num":32514,"min":0.000000238,"max":0.000034094,"avg":0.000000467,"var":0.000000004,"sum":0.015177965},"relative_timestamp_from_ult_start":{"num":32514,"min":0.000000238,"max":0.000005484,"avg":0.000000293,"var":0.000000000,"sum":0.009524107}},"respond_cb":{"duration":{"num":32514,"min":0.000000000,"max":0.000022411,"avg":0.000000109,"var":0.000000001,"sum":0.003537655},"relative_timestamp_from_irespond_start":{"num":32514,"min":0.000003576,"max":0.000476122,"avg":0.000003978,"var":0.000000465,"sum":0.129334688}},"irespond_wait":{"duration":{"num":32514,"min":0.000000954,"max":0.000476360,"avg":0.000003733,"var":0.000000463,"sum":0.121385813},"relative_timestamp_from_irespond_end":{"num":32514,"min":0.000000000,"max":0.000012636,"avg":0.000000183,"var":0.000000001,"sum":0.005960226}},"set_output":{"duration":{"num":32514,"min":0.000000000,"max":0.000024796,"avg":0.000000062,"var":0.000000001,"sum":0.002007961},"relative_timestamp_from_irespond_start":{"num":32514,"min":0.000000000,"max":0.000002146,"avg":0.000000078,"var":0.000000000,"sum":0.002538204}},"get_input":{"duration":{"num":32514,"min":0.000000000,"max":0.000005007,"avg":0.000000104,"var":0.000000000,"sum":0.003367901},"relative_timestamp_from_ult_start":{"num":32514,"min":0.000000000,"max":0.000001431,"avg":0.000000122,"var":0.000000000,"sum":0.003953934}}},"received from ofi+cxi://0x06f10219":{"handler":{"duration":{"num":30641,"min":0.000000477,"max":0.000025511,"avg":0.000000552,"var":0.000000007,"sum":0.016927481}},"ult":{"duration":{"num":30641,"min":0.000004292,"max":0.000036955,"avg":0.000004852,"var":0.000000020,"sum":0.148681402},"relative_timestamp_from_handler_start":{"num":30641,"min":0.000000715,"max":0.000026464,"avg":0.000000910,"var":0.000000017,"sum":0.027894020}},"irespond":{"duration":{"num":30641,"min":0.000000238,"max":0.000012875,"avg":0.000000473,"var":0.000000002,"sum":0.014481544},"relative_timestamp_from_ult_start":{"num":30641,"min":0.000000238,"max":0.000032663,"avg":0.000000295,"var":0.000000002,"sum":0.009050846}},"respond_cb":{"duration":{"num":30641,"min":0.000000000,"max":0.000007629,"avg":0.000000106,"var":0.000000000,"sum":0.003257751},"relative_timestamp_from_irespond_start":{"num":30641,"min":0.000003576,"max":0.000035763,"avg":0.000003948,"var":0.000000014,"sum":0.120981455}},"irespond_wait":{"duration":{"num":30641,"min":0.000000954,"max":0.000035524,"avg":0.000003696,"var":0.000000013,"sum":0.113240957},"relative_timestamp_from_irespond_end":{"num":30641,"min":0.000000000,"max":0.000009298,"avg":0.000000183,"var":0.000000001,"sum":0.005603075}},"set_output":{"duration":{"num":30641,"min":0.000000000,"max":0.000000477,"avg":0.000000063,"var":0.000000000,"sum":0.001934290},"relative_timestamp_from_irespond_start":{"num":30641,"min":0.000000000,"max":0.000012398,"avg":0.000000079,"var":0.000000001,"sum":0.002425671}},"get_input":{"duration":{"num":30641,"min":0.000000000,"max":0.000004292,"avg":0.000000105,"var":0.000000000,"sum":0.003224850},"relative_timestamp_from_ult_start":{"num":30641,"min":0.000000000,"max":0.000007153,"avg":0.000000122,"var":0.000000001,"sum":0.003748178}}},"received from ofi+cxi://0x06f10012":{"handler":{"duration":{"num":1624,"min":0.000000477,"max":0.000015259,"avg":0.000000863,"var":0.000000001,"sum":0.001400709}},"ult":{"duration":{"num":1624,"min":0.000190496,"max":0.030495167,"avg":0.003834360,"var":0.068713657,"sum":6.227000713},"relative_timestamp_from_handler_start":{"num":1624,"min":0.000000715,"max":0.027608633,"avg":0.002261414,"var":0.063108761,"sum":3.672535658}},"irespond":{"duration":{"num":1624,"min":0.000000238,"max":0.000008106,"avg":0.000000853,"var":0.000000001,"sum":0.001384497},"relative_timestamp_from_ult_start":{"num":1624,"min":0.000182867,"max":0.030452490,"avg":0.003704826,"var":0.068266296,"sum":6.016637087}},"respond_cb":{"duration":{"num":1624,"min":0.000000000,"max":0.000005245,"avg":0.000000147,"var":0.000000000,"sum":0.000238419},"relative_timestamp_from_irespond_start":{"num":1624,"min":0.000003815,"max":0.002735853,"avg":0.000105587,"var":0.000136887,"sum":0.171473980}},"irespond_wait":{"duration":{"num":1624,"min":0.000003338,"max":0.004781723,"avg":0.000111344,"var":0.000174684,"sum":0.180821896},"relative_timestamp_from_irespond_end":{"num":1624,"min":0.000000000,"max":0.000002623,"avg":0.000000262,"var":0.000000000,"sum":0.000425339}},"set_output":{"duration":{"num":1624,"min":0.000000000,"max":0.000000954,"avg":0.000000117,"var":0.000000000,"sum":0.000189781},"relative_timestamp_from_irespond_start":{"num":1624,"min":0.000000000,"max":0.000006914,"avg":0.000000227,"var":0.000000000,"sum":0.000368595}},"get_input":{"duration":{"num":1624,"min":0.000000000,"max":0.000020266,"avg":0.000000543,"var":0.000000001,"sum":0.000882387},"relative_timestamp_from_ult_start":{"num":1624,"min":0.000000000,"max":0.000006199,"avg":0.000000227,"var":0.000000000,"sum":0.000368118}},"bulk":{"create":{"duration":{"num":1624,"min":0.000002384,"max":0.021373510,"avg":0.002368873,"var":0.054681503,"sum":3.847050190},"size":{"num":1624,"min":4194304.000000000,"max":4194304.000000000,"avg":4194304.000000000,"var":0.000000000,"sum":6811549696.000000000}},"pull from ofi+cxi://0x06f10012":{"itransfer":{"duration":{"num":1624,"min":0.000000715,"max":0.000023365,"avg":0.000001875,"var":0.000000005,"sum":0.003045797},"size":{"num":1624,"min":4194304.000000000,"max":4194304.000000000,"avg":4194304.000000000,"var":0.000000000,"sum":6811549696.000000000}},"transfer_cb":{"duration":{"num":1624,"min":0.000000000,"max":0.000005245,"avg":0.000000165,"var":0.000000000,"sum":0.000268221},"relative_timestamp_from_itransfer_start":{"num":1624,"min":0.000179052,"max":0.021746397,"avg":0.001203400,"var":0.006029817,"sum":1.954321861}},"itransfer_wait":{"duration":{"num":1624,"min":0.000178337,"max":0.030443907,"avg":0.001329096,"var":0.010240842,"sum":2.158451557},"relative_timestamp_from_itransfer_end":{"num":1624,"min":0.000000000,"max":0.000005722,"avg":0.000000284,"var":0.000000000,"sum":0.000460625}}}}},"received from ofi+cxi://0x06f1460d":{"handler":{"duration":{"num":1683,"min":0.000000477,"max":0.000014067,"avg":0.000000954,"var":0.000000001,"sum":0.001606226}},"ult":{"duration":{"num":1683,"min":0.000200748,"max":0.030802488,"avg":0.005196874,"var":0.106743932,"sum":8.746339321},"relative_timestamp_from_handler_start":{"num":1683,"min":0.000000715,"max":0.021189690,"avg":0.001125446,"var":0.034546361,"sum":1.894125223}},"irespond":{"duration":{"num":1683,"min":0.000000238,"max":0.000021696,"avg":0.000000929,"var":0.000000002,"sum":0.001563549},"relative_timestamp_from_ult_start":{"num":1683,"min":0.000190973,"max":0.029794455,"avg":0.004995524,"var":0.105818363,"sum":8.407466412}},"respond_cb":{"duration":{"num":1683,"min":0.000000000,"max":0.000004053,