{"address":"","rpcs":{},"pools":{"__primary__":{"timestamps":[1753367037.312749147,1753367038.321814060,1753367039.333871841,1753367040.354250431,1753367041.366827011,1753367042.373322248,1753367043.383626223,1753367044.391826630,1753367045.391997337,1753367047.150802135,1753367048.154433012,1753367049.175706625,1753367050.192077160,1753367051.197406769,1753367052.522801161,1753367052.667255878],"size":[0,0,0,0,0,0,0,0,0,0,0,0,0,0,0,0],"total_size":[1,1,1,1,1,1,1,1,1,1,1,1,1,1,1,0]}}}