{"address":"","progress_loop":{"progress_with_timeout":{"num":1308,"min":0.000001669,"max":0.102258921,"avg":0.010639079,"var":0.150550057,"sum":13.915915012},"progress_timeout_value_msec":{"num":1308,"min":100.000000000,"max":100.000000000,"avg":100.000000000,"var":0.000000000,"sum":130800.000000000},"progress_without_timeout":{"num":0,"min":0.000000000,"max":0.000000000,"avg":0.000000000,"var":0.000000000,"sum":0.000000000},"trigger":{"num":1299,"min":0.000000238,"max":0.000013113,"avg":0.000000309,"var":0.000000000,"sum":0.000401020}},"rpcs":{"65535:65535:7940397281847607295:2":{"rpc_id":7940397281847607295,"provider_id":2,"parent_rpc_id":65535,"parent_provider_id":65535,"name":"__identity__","origin":{"sent to ofi+cxi://0x06f2600c":{"iforward":{"duration":{"num":1,"min":0.000152588,"max":0.000152588,"avg":0.000152588,"var":0.000000000,"sum":0.000152588},"relative_timestamp_from_create":{"num":1,"min":0.000005484,"max":0.000005484,"avg":0.000005484,"var":0.000000000,"sum":0.000005484}},"forward_cb":{"duration":{"num":1,"min":0.000011683,"max":0.000011683,"avg":0.000011683,"var":0.000000000,"sum":0.000011683},"relative_timestamp_from_iforward_start":{"num":1,"min":0.000684500,"max":0.000684500,"avg":0.000684500,"var":0.000000000,"sum":0.000684500}},"iforward_wait":{"duration":{"num":1,"min":0.000549793,"max":0.000549793,"avg":0.000549793,"var":0.000000000,"sum":0.000549793},"relative_timestamp_from_iforward_end":{"num":1,"min":0.000000238,"max":0.000000238,"avg":0.000000238,"var":0.000000000,"sum":0.000000238}},"set_input":{"duration":{"num":0,"min":0.000000000,"max":0.000000000,"avg":0.000000000,"var":0.000000000,"sum":0.000000000},"relative_timestamp_from_iforward_start":{"num":0,"min":0.000000000,"max":0.000000000,"avg":0.000000000,"var":0.000000000,"sum":0.000000000}},"get_output":{"duration":{"num":1,"min":0.000008821,"max":0.000008821,"avg":0.000008821,"var":0.000000000,"sum":0.000008821},"relative_timestamp_from_wait_end":{"num":1,"min":0.000001907,"max":0.000001907,"avg":0.000001907,"var":0.000000000,"sum":0.000001907}}}}},"65535:65535:9722976651498815487:2":{"rpc_id":9722976651498815487,"provider_id":2,"parent_rpc_id":65535,"parent_provider_id":65535,"name":"flock_get_view","origin":{"sent to ofi+cxi://0x06f2600c":{"iforward":{"duration":{"num":2,"min":0.000011683,"max":0.000049591,"avg":0.000030637,"var":0.000000001,"sum":0.000061274},"relative_timestamp_from_create":{"num":2,"min":0.000000238,"max":0.000000954,"avg":0.000000596,"var":0.000000000,"sum":0.000001192}},"forward_cb":{"duration":{"num":2,"min":0.000000000,"max":0.000000477,"avg":0.000000238,"var":0.000000000,"sum":0.000000477},"relative_timestamp_from_iforward_start":{"num":2,"min":0.001451015,"max":0.003176689,"avg":0.002313852,"var":0.000001489,"sum":0.004627705}},"iforward_wait":{"duration":{"num":2,"min":0.001400709,"max":0.003165483,"avg":0.002283096,"var":0.000001557,"sum":0.004566193},"relative_timestamp_from_iforward_end":{"num":2,"min":0.000000238,"max":0.000001907,"avg":0.000001073,"var":0.000000000,"sum":0.000002146}},"set_input":{"duration":{"num":2,"min":0.000000238,"max":0.000000238,"avg":0.000000238,"var":0.000000000,"sum":0.000000477},"relative_timestamp_from_iforward_start":{"num":2,"min":0.000001431,"max":0.000016928,"avg":0.000009179,"var":0.000000000,"sum":0.000018358}},"get_output":{"duration":{"num":2,"min":0.000000238,"max":0.000034809,"avg":0.000017524,"var":0.000000001,"sum":0.000035048},"relative_timestamp_from_wait_end":{"num":2,"min":0.000000238,"max":0.000001669,"avg":0.000000954,"var":0.000000000,"sum":0.000001907}}}}},"65535:65535:3669993900245843967:1":{"rpc_id":3669993900245843967,"provider_id":1,"parent_rpc_id":65535,"parent_provider_id":65535,"name":"qtn_work_rpc","origin":{"sent to ofi+cxi://0x06f56410":{"iforward":{"duration":{"num":1295,"min":0.000001431,"max":0.000039101,"avg":0.000001994,"var":0.000000006,"sum":0.002581596},"relative_timestamp_from_create":{"num":1295,"min":0.000002384,"max":0.001816511,"avg":0.000004316,"var":0.000003287,"sum":0.005588770}},"forward_cb":{"duration":{"num":1295,"min":0.000000000,"max":0.000001431,"avg":0.000000144,"var":0.000000000,"sum":0.000186443},"relative_timestamp_from_iforward_start":{"num":1295,"min":0.000200033,"max":0.043046713,"avg":0.010665626,"var":0.140884972,"sum":13.811986208}},"iforward_wait":{"duration":{"num":1295,"min":0.000198841,"max":0.043045759,"avg":0.010664052,"var":0.140892500,"sum":13.809946775},"relative_timestamp_from_iforward_end":{"num":1295,"min":0.000000000,"max":0.000001431,"avg":0.000000207,"var":0.000000000,"sum":0.000268698}},"set_input":{"duration":{"num":1295,"min":0.000000000,"max":0.000012398,"avg":0.000000141,"var":0.000000000,"sum":0.000183105},"relative_timestamp_from_iforward_start":{"num":1295,"min":0.000000477,"max":0.000011921,"avg":0.000000752,"var":0.000000000,"sum":0.000973225}},"get_output":{"duration":{"num":1295,"min":0.000000000,"max":0.000000477,"avg":0.000000097,"var":0.000000000,"sum":0.000125647},"relative_timestamp_from_wait_end":{"num":1295,"min":0.000000000,"max":0.000001669,"avg":0.000000145,"var":0.000000000,"sum":0.000187397}}}}},"65535:65535:65535:65535":{"rpc_id":65535,"provider_id":65535,"parent_rpc_id":65535,"parent_provider_id":65535,"name":"","target":{"received from <unknown>":{"bulk":{"create":{"duration":{"num":1295,"min":0.000002384,"max":0.001809120,"avg":0.000004114,"var":0.000003261,"sum":0.005326986},"size":{"num":1295,"min":4194304.000000000,"max":4194304.000000000,"avg":4194304.000000000,"var":0.000000000,"sum":5431623680.000000000}}}}}}},"hostname":"x4418c0s7b0n0","pid":10913,"cmdline":["/home/carns/working/src/spack/var/spack/environments/quintain-2025-07/.spack-env/view/bin/quintain-benchmark","-g","quintain.flock.json","-j","/home/carns/working/dbg/john-quintain-profile-example-2025-07/quintain-benchmark-bw.json","-o","/flare/radix-io/carns/quintain/6710290.aurora-pbs-0001.hostmgmt.cm.aurora.alcf.anl.gov/bw-sweep-servers408-clis816"]}