{"address":"ofi+cxi://0x0261a015","progress_loop":{"progress_with_timeout":{"num":33068,"min":0.000001192,"max":0.101346731,"avg":0.000156460,"var":0.012432356,"sum":5.173817396},"progress_timeout_value_msec":{"num":33068,"min":100.000000000,"max":100.000000000,"avg":100.000000000,"var":0.000000000,"sum":3306800.000000000},"progress_without_timeout":{"num":0,"min":0.000000000,"max":0.000000000,"avg":0.000000000,"var":0.000000000,"sum":0.000000000},"trigger":{"num":33037,"min":0.000000238,"max":0.000006914,"avg":0.000000321,"var":0.000000001,"sum":0.010612249}},"rpcs":{"65535:65535:7940397281847607295:2":{"rpc_id":7940397281847607295,"provider_id":2,"parent_rpc_id":65535,"parent_provider_id":65535,"name":"__identity__","origin":{"sent to ofi+cxi://0x0262200d":{"iforward":{"duration":{"num":1,"min":0.000375986,"max":0.000375986,"avg":0.000375986,"var":0.000000000,"sum":0.000375986},"relative_timestamp_from_create":{"num":1,"min":0.000003815,"max":0.000003815,"avg":0.000003815,"var":0.000000000,"sum":0.000003815}},"forward_cb":{"duration":{"num":1,"min":0.000003099,"max":0.000003099,"avg":0.000003099,"var":0.000000000,"sum":0.000003099},"relative_timestamp_from_iforward_start":{"num":1,"min":0.013557196,"max":0.013557196,"avg":0.013557196,"var":0.000000000,"sum":0.013557196}},"iforward_wait":{"duration":{"num":1,"min":0.013187647,"max":0.013187647,"avg":0.013187647,"var":0.000000000,"sum":0.013187647},"relative_timestamp_from_iforward_end":{"num":1,"min":0.000000477,"max":0.000000477,"avg":0.000000477,"var":0.000000000,"sum":0.000000477}},"set_input":{"duration":{"num":0,"min":0.000000000,"max":0.000000000,"avg":0.000000000,"var":0.000000000,"sum":0.000000000},"relative_timestamp_from_iforward_start":{"num":0,"min":0.000000000,"max":0.000000000,"avg":0.000000000,"var":0.000000000,"sum":0.000000000}},"get_output":{"duration":{"num":1,"min":0.000005484,"max":0.000005484,"avg":0.000005484,"var":0.000000000,"sum":0.000005484},"relative_timestamp_from_wait_end":{"num":1,"min":0.000000954,"max":0.000000954,"avg":0.000000954,"var":0.000000000,"sum":0.000000954}}}}},"65535:65535:9722976651498815487:2":{"rpc_id":9722976651498815487,"provider_id":2,"parent_rpc_id":65535,"parent_provider_id":65535,"name":"flock_get_view","origin":{"sent to ofi+cxi://0x0262200d":{"iforward":{"duration":{"num":2,"min":0.000011444,"max":0.000018597,"avg":0.000015020,"var":0.000000000,"sum":0.000030041},"relative_timestamp_from_create":{"num":2,"min":0.000000238,"max":0.000000954,"avg":0.000000596,"var":0.000000000,"sum":0.000001192}},"forward_cb":{"duration":{"num":2,"min":0.000000000,"max":0.000000238,"avg":0.000000119,"var":0.000000000,"sum":0.000000238},"relative_timestamp_from_iforward_start":{"num":2,"min":0.011157274,"max":0.034801722,"avg":0.022979498,"var":0.000279530,"sum":0.045958996}},"iforward_wait":{"duration":{"num":2,"min":0.011146307,"max":0.034782887,"avg":0.022964597,"var":0.000279344,"sum":0.045929193},"relative_timestamp_from_iforward_end":{"num":2,"min":0.000000238,"max":0.000001192,"avg":0.000000715,"var":0.000000000,"sum":0.000001431}},"set_input":{"duration":{"num":2,"min":0.000000238,"max":0.000000238,"avg":0.000000238,"var":0.000000000,"sum":0.000000477},"relative_timestamp_from_iforward_start":{"num":2,"min":0.000001669,"max":0.000005245,"avg":0.000003457,"var":0.000000000,"sum":0.000006914}},"get_output":{"duration":{"num":2,"min":0.000000238,"max":0.000032663,"avg":0.000016451,"var":0.000000001,"sum":0.000032902},"relative_timestamp_from_wait_end":{"num":2,"min":0.000000238,"max":0.000000954,"avg":0.000000596,"var":0.000000000,"sum":0.000001192}}}}},"65535:65535:3669993900245843967:1":{"rpc_id":3669993900245843967,"provider_id":1,"parent_rpc_id":65535,"parent_provider_id":65535,"name":"qtn_work_rpc","origin":{"sent to ofi+cxi://0x02622018":{"iforward":{"duration":{"num":33033,"min":0.000001669,"max":0.000031710,"avg":0.000002074,"var":0.000000006,"sum":0.068498373},"relative_timestamp_from_create":{"num":33033,"min":0.000000000,"max":0.000003815,"avg":0.000000087,"var":0.000000000,"sum":0.002857924}},"forward_cb":{"duration":{"num":33033,"min":0.000000000,"max":0.000003099,"avg":0.000000143,"var":0.000000000,"sum":0.004733324},"relative_timestamp_from_iforward_start":{"num":33033,"min":0.000009060,"max":0.001034737,"avg":0.000154441,"var":0.000733332,"sum":5.101657867}},"iforward_wait":{"duration":{"num":33033,"min":0.000007391,"max":0.001033783,"avg":0.000152840,"var":0.000733389,"sum":5.048750877},"relative_timestamp_from_iforward_end":{"num":33033,"min":0.000000000,"max":0.000003338,"avg":0.000000168,"var":0.000000000,"sum":0.005560637}},"set_input":{"duration":{"num":33033,"min":0.000000000,"max":0.000003099,"avg":0.000000098,"var":0.000000000,"sum":0.003250599},"relative_timestamp_from_iforward_start":{"num":33033,"min":0.000000715,"max":0.000008345,"avg":0.000000882,"var":0.000000001,"sum":0.029124975}},"get_output":{"duration":{"num":33033,"min":0.000000000,"max":0.000002146,"avg":0.000000105,"var":0.000000000,"sum":0.003461361},"relative_timestamp_from_wait_end":{"num":33033,"min":0.000000000,"max":0.000001907,"avg":0.000000163,"var":0.000000000,"sum":0.005371094}}}}}},"hostname":"x4108c0s4b0n0","pid":192717,"cmdline":["/home/carns/working/src/spack/var/spack/environments/quintain-2025-07/.spack-env/view/bin/quintain-benchmark","-g","quintain.flock.json","-j","/home/carns/working/dbg/john-quintain-profile-example-2025-07/quintain-benchmark-rpc.json","-o","/flare/radix-io/carns/quintain/6767526.aurora-pbs-0001.hostmgmt.cm.aurora.alcf.anl.gov/rpc-sweep-servers408-clis816"]}