{"address":"","rpcs":{},"pools":{"__primary__":{"timestamps":[1753558122.226255894,1753558123.244940996,1753558124.245686769,1753558125.267067194,1753558126.274826527,1753558127.276350498,1753558128.280379295,1753558129.282865524,1753558130.289649248,1753558131.684921265,1753558132.688560009,1753558133.700921297,1753558134.712964296,1753558135.733921766,1753558136.971387863,1753558137.086821318],"size":[0,0,0,0,0,0,0,0,0,0,0,0,0,0,0,0],"total_size":[1,1,1,1,1,1,1,1,1,1,1,1,1,1,1,0]}}}