{"address":"ofi+cxi://0x0260a018","progress_loop":{"progress_with_timeout":{"num":1530,"min":0.000001192,"max":0.101237535,"avg":0.008705938,"var":0.163108903,"sum":13.320085526},"progress_timeout_value_msec":{"num":1530,"min":100.000000000,"max":100.000000000,"avg":100.000000000,"var":0.000000000,"sum":153000.000000000},"progress_without_timeout":{"num":0,"min":0.000000000,"max":0.000000000,"avg":0.000000000,"var":0.000000000,"sum":0.000000000},"trigger":{"num":1521,"min":0.000000238,"max":0.000013351,"avg":0.000000303,"var":0.000000000,"sum":0.000460148}},"rpcs":{"65535:65535:7940397281847607295:2":{"rpc_id":7940397281847607295,"provider_id":2,"parent_rpc_id":65535,"parent_provider_id":65535,"name":"__identity__","origin":{"sent to ofi+cxi://0x0262200d":{"iforward":{"duration":{"num":1,"min":0.000122547,"max":0.000122547,"avg":0.000122547,"var":0.000000000,"sum":0.000122547},"relative_timestamp_from_create":{"num":1,"min":0.000002623,"max":0.000002623,"avg":0.000002623,"var":0.000000000,"sum":0.000002623}},"forward_cb":{"duration":{"num":1,"min":0.000011444,"max":0.000011444,"avg":0.000011444,"var":0.000000000,"sum":0.000011444},"relative_timestamp_from_iforward_start":{"num":1,"min":0.003549099,"max":0.003549099,"avg":0.003549099,"var":0.000000000,"sum":0.003549099}},"iforward_wait":{"duration":{"num":1,"min":0.003444672,"max":0.003444672,"avg":0.003444672,"var":0.000000000,"sum":0.003444672},"relative_timestamp_from_iforward_end":{"num":1,"min":0.000000477,"max":0.000000477,"avg":0.000000477,"var":0.000000000,"sum":0.000000477}},"set_input":{"duration":{"num":0,"min":0.000000000,"max":0.000000000,"avg":0.000000000,"var":0.000000000,"sum":0.000000000},"relative_timestamp_from_iforward_start":{"num":0,"min":0.000000000,"max":0.000000000,"avg":0.000000000,"var":0.000000000,"sum":0.000000000}},"get_output":{"duration":{"num":1,"min":0.000008583,"max":0.000008583,"avg":0.000008583,"var":0.000000000,"sum":0.000008583},"relative_timestamp_from_wait_end":{"num":1,"min":0.000001669,"max":0.000001669,"avg":0.000001669,"var":0.000000000,"sum":0.000001669}}}}},"65535:65535:9722976651498815487:2":{"rpc_id":9722976651498815487,"provider_id":2,"parent_rpc_id":65535,"parent_provider_id":65535,"name":"flock_get_view","origin":{"sent to ofi+cxi://0x0262200d":{"iforward":{"duration":{"num":2,"min":0.000013590,"max":0.000046730,"avg":0.000030160,"var":0.000000001,"sum":0.000060320},"relative_timestamp_from_create":{"num":2,"min":0.000000000,"max":0.000001431,"avg":0.000000715,"var":0.000000000,"sum":0.000001431}},"forward_cb":{"duration":{"num":2,"min":0.000000238,"max":0.000000238,"avg":0.000000238,"var":0.000000000,"sum":0.000000477},"relative_timestamp_from_iforward_start":{"num":2,"min":0.011287689,"max":0.018532038,"avg":0.014909863,"var":0.000026240,"sum":0.029819727}},"iforward_wait":{"duration":{"num":2,"min":0.011240482,"max":0.018519163,"avg":0.014879823,"var":0.000026490,"sum":0.029759645},"relative_timestamp_from_iforward_end":{"num":2,"min":0.000000238,"max":0.000001669,"avg":0.000000954,"var":0.000000000,"sum":0.000001907}},"set_input":{"duration":{"num":2,"min":0.000000238,"max":0.000000238,"avg":0.000000238,"var":0.000000000,"sum":0.000000477},"relative_timestamp_from_iforward_start":{"num":2,"min":0.000002146,"max":0.000017643,"avg":0.000009894,"var":0.000000000,"sum":0.000019789}},"get_output":{"duration":{"num":2,"min":0.000000238,"max":0.000034571,"avg":0.000017405,"var":0.000000001,"sum":0.000034809},"relative_timestamp_from_wait_end":{"num":2,"min":0.000000238,"max":0.000001192,"avg":0.000000715,"var":0.000000000,"sum":0.000001431}}}}},"65535:65535:3669993900245843967:1":{"rpc_id":3669993900245843967,"provider_id":1,"parent_rpc_id":65535,"parent_provider_id":65535,"name":"qtn_work_rpc","origin":{"sent to ofi+cxi://0x02626010":{"iforward":{"duration":{"num":1517,"min":0.000001431,"max":0.000035763,"avg":0.000001863,"var":0.000000005,"sum":0.002825737},"relative_timestamp_from_create":{"num":1517,"min":0.000002384,"max":0.001775503,"avg":0.000004079,"var":0.000003141,"sum":0.006188154}},"forward_cb":{"duration":{"num":1517,"min":0.000000000,"max":0.000001669,"avg":0.000000134,"var":0.000000000,"sum":0.000203371},"relative_timestamp_from_iforward_start":{"num":1517,"min":0.000210047,"max":0.030031443,"avg":0.008694427,"var":0.153737827,"sum":13.189446449}},"iforward_wait":{"duration":{"num":1517,"min":0.000208616,"max":0.030030251,"avg":0.008692953,"var":0.153735017,"sum":13.187210083},"relative_timestamp_from_iforward_end":{"num":1517,"min":0.000000000,"max":0.000000715,"avg":0.000000200,"var":0.000000000,"sum":0.000303984}},"set_input":{"duration":{"num":1517,"min":0.000000000,"max":0.000005007,"avg":0.000000126,"var":0.000000000,"sum":0.000190496},"relative_timestamp_from_iforward_start":{"num":1517,"min":0.000000477,"max":0.000006676,"avg":0.000000725,"var":0.000000000,"sum":0.001099110}},"get_output":{"duration":{"num":1517,"min":0.000000000,"max":0.000000477,"avg":0.000000090,"var":0.000000000,"sum":0.000137091},"relative_timestamp_from_wait_end":{"num":1517,"min":0.000000000,"max":0.000003099,"avg":0.000000150,"var":0.000000000,"sum":0.000227928}}}}},"65535:65535:65535:65535":{"rpc_id":65535,"provider_id":65535,"parent_rpc_id":65535,"parent_provider_id":65535,"name":"","target":{"received from <unknown>":{"bulk":{"create":{"duration":{"num":1517,"min":0.000002384,"max":0.001770258,"avg":0.000003876,"var":0.000003123,"sum":0.005879402},"size":{"num":1517,"min":4194304.000000000,"max":4194304.000000000,"avg":4194304.000000000,"var":0.000000000,"sum":6362759168.000000000}}}}}}},"hostname":"x4108c0s4b0n0","pid":194930,"cmdline":["/home/carns/working/src/spack/var/spack/environments/quintain-2025-07/.spack-env/view/bin/quintain-benchmark","-g","quintain.flock.json","-j","/home/carns/working/dbg/john-quintain-profile-example-2025-07/quintain-benchmark-bw.json","-o","/flare/radix-io/carns/quintain/6767526.aurora-pbs-0001.hostmgmt.cm.aurora.alcf.anl.gov/bw-sweep-servers408-clis816"]}