{"address":"","progress_loop":{"progress_with_timeout":{"num":1583,"min":0.000001669,"max":0.103340864,"avg":0.008410263,"var":0.157644307,"sum":13.313446045},"progress_timeout_value_msec":{"num":1583,"min":100.000000000,"max":100.000000000,"avg":100.000000000,"var":0.000000000,"sum":158300.000000000},"progress_without_timeout":{"num":0,"min":0.000000000,"max":0.000000000,"avg":0.000000000,"var":0.000000000,"sum":0.000000000},"trigger":{"num":1569,"min":0.000000238,"max":0.000012636,"avg":0.000000312,"var":0.000000000,"sum":0.000489950}},"rpcs":{"65535:65535:7940397281847607295:2":{"rpc_id":7940397281847607295,"provider_id":2,"parent_rpc_id":65535,"parent_provider_id":65535,"name":"__identity__","origin":{"sent to ofi+cxi://0x06f2600c":{"iforward":{"duration":{"num":1,"min":0.000113249,"max":0.000113249,"avg":0.000113249,"var":0.000000000,"sum":0.000113249},"relative_timestamp_from_create":{"num":1,"min":0.000012636,"max":0.000012636,"avg":0.000012636,"var":0.000000000,"sum":0.000012636}},"forward_cb":{"duration":{"num":1,"min":0.000011206,"max":0.000011206,"avg":0.000011206,"var":0.000000000,"sum":0.000011206},"relative_timestamp_from_iforward_start":{"num":1,"min":0.004072666,"max":0.004072666,"avg":0.004072666,"var":0.000000000,"sum":0.004072666}},"iforward_wait":{"duration":{"num":1,"min":0.003976822,"max":0.003976822,"avg":0.003976822,"var":0.000000000,"sum":0.003976822},"relative_timestamp_from_iforward_end":{"num":1,"min":0.000000238,"max":0.000000238,"avg":0.000000238,"var":0.000000000,"sum":0.000000238}},"set_input":{"duration":{"num":0,"min":0.000000000,"max":0.000000000,"avg":0.000000000,"var":0.000000000,"sum":0.000000000},"relative_timestamp_from_iforward_start":{"num":0,"min":0.000000000,"max":0.000000000,"avg":0.000000000,"var":0.000000000,"sum":0.000000000}},"get_output":{"duration":{"num":1,"min":0.000008583,"max":0.000008583,"avg":0.000008583,"var":0.000000000,"sum":0.000008583},"relative_timestamp_from_wait_end":{"num":1,"min":0.000001907,"max":0.000001907,"avg":0.000001907,"var":0.000000000,"sum":0.000001907}}}}},"65535:65535:9722976651498815487:2":{"rpc_id":9722976651498815487,"provider_id":2,"parent_rpc_id":65535,"parent_provider_id":65535,"name":"flock_get_view","origin":{"sent to ofi+cxi://0x06f2600c":{"iforward":{"duration":{"num":2,"min":0.000012159,"max":0.000042915,"avg":0.000027537,"var":0.000000000,"sum":0.000055075},"relative_timestamp_from_create":{"num":2,"min":0.000000477,"max":0.000001907,"avg":0.000001192,"var":0.000000000,"sum":0.000002384}},"forward_cb":{"duration":{"num":2,"min":0.000000238,"max":0.000000477,"avg":0.000000358,"var":0.000000000,"sum":0.000000715},"relative_timestamp_from_iforward_start":{"num":2,"min":0.011050224,"max":0.016976118,"avg":0.014013171,"var":0.000017558,"sum":0.028026342}},"iforward_wait":{"duration":{"num":2,"min":0.011038542,"max":0.016932964,"avg":0.013985753,"var":0.000017372,"sum":0.027971506},"relative_timestamp_from_iforward_end":{"num":2,"min":0.000000238,"max":0.000001669,"avg":0.000000954,"var":0.000000000,"sum":0.000001907}},"set_input":{"duration":{"num":2,"min":0.000000238,"max":0.000000477,"avg":0.000000358,"var":0.000000000,"sum":0.000000715},"relative_timestamp_from_iforward_start":{"num":2,"min":0.000001669,"max":0.000013113,"avg":0.000007391,"var":0.000000000,"sum":0.000014782}},"get_output":{"duration":{"num":2,"min":0.000000715,"max":0.000032187,"avg":0.000016451,"var":0.000000000,"sum":0.000032902},"relative_timestamp_from_wait_end":{"num":2,"min":0.000000238,"max":0.000001431,"avg":0.000000834,"var":0.000000000,"sum":0.000001669}}}}},"65535:65535:3669993900245843967:1":{"rpc_id":3669993900245843967,"provider_id":1,"parent_rpc_id":65535,"parent_provider_id":65535,"name":"qtn_work_rpc","origin":{"sent to ofi+cxi://0x06f50617":{"iforward":{"duration":{"num":1565,"min":0.000001431,"max":0.000037432,"avg":0.000001950,"var":0.000000005,"sum":0.003052473},"relative_timestamp_from_create":{"num":1565,"min":0.000002384,"max":0.001570225,"avg":0.000003865,"var":0.000002455,"sum":0.006048203}},"forward_cb":{"duration":{"num":1565,"min":0.000000000,"max":0.000005245,"avg":0.000000142,"var":0.000000000,"sum":0.000222445},"relative_timestamp_from_iforward_start":{"num":1565,"min":0.000255585,"max":0.031775713,"avg":0.008423216,"var":0.147544538,"sum":13.182333469}},"iforward_wait":{"duration":{"num":1565,"min":0.000254393,"max":0.031774282,"avg":0.008421639,"var":0.147545416,"sum":13.179864645},"relative_timestamp_from_iforward_end":{"num":1565,"min":0.000000000,"max":0.000000715,"avg":0.000000248,"var":0.000000000,"sum":0.000387430}},"set_input":{"duration":{"num":1565,"min":0.000000000,"max":0.000004530,"avg":0.000000129,"var":0.000000000,"sum":0.000201702},"relative_timestamp_from_iforward_start":{"num":1565,"min":0.000000477,"max":0.000007868,"avg":0.000000763,"var":0.000000000,"sum":0.001194477}},"get_output":{"duration":{"num":1565,"min":0.000000000,"max":0.000000477,"avg":0.000000090,"var":0.000000000,"sum":0.000141144},"relative_timestamp_from_wait_end":{"num":1565,"min":0.000000000,"max":0.000002861,"avg":0.000000148,"var":0.000000000,"sum":0.000231504}}}}},"65535:65535:65535:65535":{"rpc_id":65535,"provider_id":65535,"parent_rpc_id":65535,"parent_provider_id":65535,"name":"","target":{"received from <unknown>":{"bulk":{"create":{"duration":{"num":1565,"min":0.000002384,"max":0.001565933,"avg":0.000003652,"var":0.000002443,"sum":0.005714655},"size":{"num":1565,"min":4194304.000000000,"max":4194304.000000000,"avg":4194304.000000000,"var":0.000000000,"sum":6564085760.000000000}}}}}}},"hostname":"x4418c0s2b0n0","pid":72775,"cmdline":["/home/carns/working/src/spack/var/spack/environments/quintain-2025-07/.spack-env/view/bin/quintain-benchmark","-g","quintain.flock.json","-j","/home/carns/working/dbg/john-quintain-profile-example-2025-07/quintain-benchmark-bw.json","-o","/flare/radix-io/carns/quintain/6710290.aurora-pbs-0001.hostmgmt.cm.aurora.alcf.anl.gov/bw-sweep-servers408-clis816"]}