{"address":"","progress_loop":{"progress_with_timeout":{"num":1544,"min":0.000002146,"max":0.102510452,"avg":0.008609831,"var":0.147958734,"sum":13.293579817},"progress_timeout_value_msec":{"num":1544,"min":100.000000000,"max":100.000000000,"avg":100.000000000,"var":0.000000000,"sum":154400.000000000},"progress_without_timeout":{"num":0,"min":0.000000000,"max":0.000000000,"avg":0.000000000,"var":0.000000000,"sum":0.000000000},"trigger":{"num":1539,"min":0.000000238,"max":0.000010014,"avg":0.000000314,"var":0.000000000,"sum":0.000482798}},"rpcs":{"65535:65535:7940397281847607295:2":{"rpc_id":7940397281847607295,"provider_id":2,"parent_rpc_id":65535,"parent_provider_id":65535,"name":"__identity__","origin":{"sent to ofi+cxi://0x06f2600c":{"iforward":{"duration":{"num":1,"min":0.000178337,"max":0.000178337,"avg":0.000178337,"var":0.000000000,"sum":0.000178337},"relative_timestamp_from_create":{"num":1,"min":0.000003099,"max":0.000003099,"avg":0.000003099,"var":0.000000000,"sum":0.000003099}},"forward_cb":{"duration":{"num":1,"min":0.000007153,"max":0.000007153,"avg":0.000007153,"var":0.000000000,"sum":0.000007153},"relative_timestamp_from_iforward_start":{"num":1,"min":0.003448963,"max":0.003448963,"avg":0.003448963,"var":0.000000000,"sum":0.003448963}},"iforward_wait":{"duration":{"num":1,"min":0.003284454,"max":0.003284454,"avg":0.003284454,"var":0.000000000,"sum":0.003284454},"relative_timestamp_from_iforward_end":{"num":1,"min":0.000000238,"max":0.000000238,"avg":0.000000238,"var":0.000000000,"sum":0.000000238}},"set_input":{"duration":{"num":0,"min":0.000000000,"max":0.000000000,"avg":0.000000000,"var":0.000000000,"sum":0.000000000},"relative_timestamp_from_iforward_start":{"num":0,"min":0.000000000,"max":0.000000000,"avg":0.000000000,"var":0.000000000,"sum":0.000000000}},"get_output":{"duration":{"num":1,"min":0.000008106,"max":0.000008106,"avg":0.000008106,"var":0.000000000,"sum":0.000008106},"relative_timestamp_from_wait_end":{"num":1,"min":0.000001431,"max":0.000001431,"avg":0.000001431,"var":0.000000000,"sum":0.000001431}}}}},"65535:65535:9722976651498815487:2":{"rpc_id":9722976651498815487,"provider_id":2,"parent_rpc_id":65535,"parent_provider_id":65535,"name":"flock_get_view","origin":{"sent to ofi+cxi://0x06f2600c":{"iforward":{"duration":{"num":2,"min":0.000020266,"max":0.000032663,"avg":0.000026464,"var":0.000000000,"sum":0.000052929},"relative_timestamp_from_create":{"num":2,"min":0.000000477,"max":0.000001431,"avg":0.000000954,"var":0.000000000,"sum":0.000001907}},"forward_cb":{"duration":{"num":2,"min":0.000000238,"max":0.000001192,"avg":0.000000715,"var":0.000000000,"sum":0.000001431},"relative_timestamp_from_iforward_start":{"num":2,"min":0.012673378,"max":0.013929129,"avg":0.013301253,"var":0.000000788,"sum":0.026602507}},"iforward_wait":{"duration":{"num":2,"min":0.012643099,"max":0.013909101,"avg":0.013276100,"var":0.000000801,"sum":0.026552200},"relative_timestamp_from_iforward_end":{"num":2,"min":0.000000477,"max":0.000001431,"avg":0.000000954,"var":0.000000000,"sum":0.000001907}},"set_input":{"duration":{"num":2,"min":0.000000238,"max":0.000000238,"avg":0.000000238,"var":0.000000000,"sum":0.000000477},"relative_timestamp_from_iforward_start":{"num":2,"min":0.000007153,"max":0.000013351,"avg":0.000010252,"var":0.000000000,"sum":0.000020504}},"get_output":{"duration":{"num":2,"min":0.000000238,"max":0.000038862,"avg":0.000019550,"var":0.000000001,"sum":0.000039101},"relative_timestamp_from_wait_end":{"num":2,"min":0.000000477,"max":0.000002384,"avg":0.000001431,"var":0.000000000,"sum":0.000002861}}}}},"65535:65535:3669993900245843967:1":{"rpc_id":3669993900245843967,"provider_id":1,"parent_rpc_id":65535,"parent_provider_id":65535,"name":"qtn_work_rpc","origin":{"sent to ofi+cxi://0x06f5e412":{"iforward":{"duration":{"num":1535,"min":0.000001431,"max":0.000046968,"avg":0.000001917,"var":0.000000006,"sum":0.002942562},"relative_timestamp_from_create":{"num":1535,"min":0.000002623,"max":0.001590252,"avg":0.000003932,"var":0.000002518,"sum":0.006036043}},"forward_cb":{"duration":{"num":1535,"min":0.000000000,"max":0.000001431,"avg":0.000000140,"var":0.000000000,"sum":0.000215292},"relative_timestamp_from_iforward_start":{"num":1535,"min":0.000223160,"max":0.030189991,"avg":0.008576686,"var":0.138698905,"sum":13.165212393}},"iforward_wait":{"duration":{"num":1535,"min":0.000221491,"max":0.030188799,"avg":0.008575152,"var":0.138696104,"sum":13.162858248},"relative_timestamp_from_iforward_end":{"num":1535,"min":0.000000000,"max":0.000000715,"avg":0.000000225,"var":0.000000000,"sum":0.000344992}},"set_input":{"duration":{"num":1535,"min":0.000000000,"max":0.000004530,"avg":0.000000131,"var":0.000000000,"sum":0.000200510},"relative_timestamp_from_iforward_start":{"num":1535,"min":0.000000477,"max":0.000006914,"avg":0.000000736,"var":0.000000000,"sum":0.001129627}},"get_output":{"duration":{"num":1535,"min":0.000000000,"max":0.000005245,"avg":0.000000090,"var":0.000000000,"sum":0.000137568},"relative_timestamp_from_wait_end":{"num":1535,"min":0.000000000,"max":0.000003338,"avg":0.000000157,"var":0.000000000,"sum":0.000241280}}}}},"65535:65535:65535:65535":{"rpc_id":65535,"provider_id":65535,"parent_rpc_id":65535,"parent_provider_id":65535,"name":"","target":{"received from <unknown>":{"bulk":{"create":{"duration":{"num":1535,"min":0.000002384,"max":0.001586199,"avg":0.000003728,"var":0.000002506,"sum":0.005722046},"size":{"num":1535,"min":4194304.000000000,"max":4194304.000000000,"avg":4194304.000000000,"var":0.000000000,"sum":6438256640.000000000}}}}}}},"hostname":"x4418c0s7b0n0","pid":10992,"cmdline":["/home/carns/working/src/spack/var/spack/environments/quintain-2025-07/.spack-env/view/bin/quintain-benchmark","-g","quintain.flock.json","-j","/home/carns/working/dbg/john-quintain-profile-example-2025-07/quintain-benchmark-bw.json","-o","/flare/radix-io/carns/quintain/6710290.aurora-pbs-0001.hostmgmt.cm.aurora.alcf.anl.gov/bw-sweep-servers408-clis816"]}