{"address":"","progress_loop":{"progress_with_timeout":{"num":34715,"min":0.000001431,"max":0.101199389,"avg":0.000148944,"var":0.012118687,"sum":5.170593977},"progress_timeout_value_msec":{"num":34715,"min":100.000000000,"max":100.000000000,"avg":100.000000000,"var":0.000000000,"sum":3471500.000000000},"progress_without_timeout":{"num":0,"min":0.000000000,"max":0.000000000,"avg":0.000000000,"var":0.000000000,"sum":0.000000000},"trigger":{"num":34677,"min":0.000000238,"max":0.000007391,"avg":0.000000274,"var":0.000000000,"sum":0.009495020}},"rpcs":{"65535:65535:7940397281847607295:2":{"rpc_id":7940397281847607295,"provider_id":2,"parent_rpc_id":65535,"parent_provider_id":65535,"name":"__identity__","origin":{"sent to ofi+cxi://0x06f2600c":{"iforward":{"duration":{"num":1,"min":0.000096560,"max":0.000096560,"avg":0.000096560,"var":0.000000000,"sum":0.000096560},"relative_timestamp_from_create":{"num":1,"min":0.000003099,"max":0.000003099,"avg":0.000003099,"var":0.000000000,"sum":0.000003099}},"forward_cb":{"duration":{"num":1,"min":0.000003099,"max":0.000003099,"avg":0.000003099,"var":0.000000000,"sum":0.000003099},"relative_timestamp_from_iforward_start":{"num":1,"min":0.002308369,"max":0.002308369,"avg":0.002308369,"var":0.000000000,"sum":0.002308369}},"iforward_wait":{"duration":{"num":1,"min":0.002218962,"max":0.002218962,"avg":0.002218962,"var":0.000000000,"sum":0.002218962},"relative_timestamp_from_iforward_end":{"num":1,"min":0.000000477,"max":0.000000477,"avg":0.000000477,"var":0.000000000,"sum":0.000000477}},"set_input":{"duration":{"num":0,"min":0.000000000,"max":0.000000000,"avg":0.000000000,"var":0.000000000,"sum":0.000000000},"relative_timestamp_from_iforward_start":{"num":0,"min":0.000000000,"max":0.000000000,"avg":0.000000000,"var":0.000000000,"sum":0.000000000}},"get_output":{"duration":{"num":1,"min":0.000006676,"max":0.000006676,"avg":0.000006676,"var":0.000000000,"sum":0.000006676},"relative_timestamp_from_wait_end":{"num":1,"min":0.000000954,"max":0.000000954,"avg":0.000000954,"var":0.000000000,"sum":0.000000954}}}}},"65535:65535:9722976651498815487:2":{"rpc_id":9722976651498815487,"provider_id":2,"parent_rpc_id":65535,"parent_provider_id":65535,"name":"flock_get_view","origin":{"sent to ofi+cxi://0x06f2600c":{"iforward":{"duration":{"num":2,"min":0.000012636,"max":0.000021458,"avg":0.000017047,"var":0.000000000,"sum":0.000034094},"relative_timestamp_from_create":{"num":2,"min":0.000000238,"max":0.000000954,"avg":0.000000596,"var":0.000000000,"sum":0.000001192}},"forward_cb":{"duration":{"num":2,"min":0.000000238,"max":0.000000238,"avg":0.000000238,"var":0.000000000,"sum":0.000000477},"relative_timestamp_from_iforward_start":{"num":2,"min":0.013873339,"max":0.033601522,"avg":0.023737431,"var":0.000194601,"sum":0.047474861}},"iforward_wait":{"duration":{"num":2,"min":0.013851643,"max":0.033589363,"avg":0.023720503,"var":0.000194789,"sum":0.047441006},"relative_timestamp_from_iforward_end":{"num":2,"min":0.000000238,"max":0.000001192,"avg":0.000000715,"var":0.000000000,"sum":0.000001431}},"set_input":{"duration":{"num":2,"min":0.000000238,"max":0.000000238,"avg":0.000000238,"var":0.000000000,"sum":0.000000477},"relative_timestamp_from_iforward_start":{"num":2,"min":0.000001192,"max":0.000005245,"avg":0.000003219,"var":0.000000000,"sum":0.000006437}},"get_output":{"duration":{"num":2,"min":0.000000238,"max":0.000035048,"avg":0.000017643,"var":0.000000001,"sum":0.000035286},"relative_timestamp_from_wait_end":{"num":2,"min":0.000000238,"max":0.000000954,"avg":0.000000596,"var":0.000000000,"sum":0.000001192}}}}},"65535:65535:3669993900245843967:1":{"rpc_id":3669993900245843967,"provider_id":1,"parent_rpc_id":65535,"parent_provider_id":65535,"name":"qtn_work_rpc","origin":{"sent to ofi+cxi://0x06f4a616":{"iforward":{"duration":{"num":34673,"min":0.000001192,"max":0.000036001,"avg":0.000001524,"var":0.000000006,"sum":0.052833557},"relative_timestamp_from_create":{"num":34673,"min":0.000000000,"max":0.000002861,"avg":0.000000073,"var":0.000000000,"sum":0.002523899}},"forward_cb":{"duration":{"num":34673,"min":0.000000000,"max":0.000001669,"avg":0.000000123,"var":0.000000001,"sum":0.004279613},"relative_timestamp_from_iforward_start":{"num":34673,"min":0.000008345,"max":0.000610352,"avg":0.000146853,"var":0.000598240,"sum":5.091833830}},"iforward_wait":{"duration":{"num":34673,"min":0.000007153,"max":0.000609636,"avg":0.000145697,"var":0.000598200,"sum":5.051759005},"relative_timestamp_from_iforward_end":{"num":34673,"min":0.000000000,"max":0.000000954,"avg":0.000000183,"var":0.000000000,"sum":0.006359816}},"set_input":{"duration":{"num":34673,"min":0.000000000,"max":0.000002861,"avg":0.000000080,"var":0.000000000,"sum":0.002780676},"relative_timestamp_from_iforward_start":{"num":34673,"min":0.000000477,"max":0.000006676,"avg":0.000000697,"var":0.000000000,"sum":0.024167538}},"get_output":{"duration":{"num":34673,"min":0.000000000,"max":0.000000954,"avg":0.000000090,"var":0.000000000,"sum":0.003137589},"relative_timestamp_from_wait_end":{"num":34673,"min":0.000000000,"max":0.000002861,"avg":0.000000148,"var":0.000000001,"sum":0.005133867}}}}}},"hostname":"x4418c0s2b0n0","pid":70091,"cmdline":["/home/carns/working/src/spack/var/spack/environments/quintain-2025-07/.spack-env/view/bin/quintain-benchmark","-g","quintain.flock.json","-j","/home/carns/working/dbg/john-quintain-profile-example-2025-07/quintain-benchmark-rpc.json","-o","/flare/radix-io/carns/quintain/6710290.aurora-pbs-0001.hostmgmt.cm.aurora.alcf.anl.gov/rpc-sweep-servers408-clis816"]}