{"address":"ofi+cxi://0x0260040f","progress_loop":{"progress_with_timeout":{"num":30277,"min":0.000000954,"max":0.104369640,"avg":0.000172733,"var":0.013339325,"sum":5.229848623},"progress_timeout_value_msec":{"num":30277,"min":100.000000000,"max":100.000000000,"avg":100.000000000,"var":0.000000000,"sum":3027700.000000000},"progress_without_timeout":{"num":0,"min":0.000000000,"max":0.000000000,"avg":0.000000000,"var":0.000000000,"sum":0.000000000},"trigger":{"num":30246,"min":0.000000238,"max":0.000010014,"avg":0.000000268,"var":0.000000001,"sum":0.008117437}},"rpcs":{"65535:65535:7940397281847607295:2":{"rpc_id":7940397281847607295,"provider_id":2,"parent_rpc_id":65535,"parent_provider_id":65535,"name":"__identity__","origin":{"sent to ofi+cxi://0x0262200d":{"iforward":{"duration":{"num":1,"min":0.000077248,"max":0.000077248,"avg":0.000077248,"var":0.000000000,"sum":0.000077248},"relative_timestamp_from_create":{"num":1,"min":0.000002861,"max":0.000002861,"avg":0.000002861,"var":0.000000000,"sum":0.000002861}},"forward_cb":{"duration":{"num":1,"min":0.000002861,"max":0.000002861,"avg":0.000002861,"var":0.000000000,"sum":0.000002861},"relative_timestamp_from_iforward_start":{"num":1,"min":0.001911163,"max":0.001911163,"avg":0.001911163,"var":0.000000000,"sum":0.001911163}},"iforward_wait":{"duration":{"num":1,"min":0.001839876,"max":0.001839876,"avg":0.001839876,"var":0.000000000,"sum":0.001839876},"relative_timestamp_from_iforward_end":{"num":1,"min":0.000000238,"max":0.000000238,"avg":0.000000238,"var":0.000000000,"sum":0.000000238}},"set_input":{"duration":{"num":0,"min":0.000000000,"max":0.000000000,"avg":0.000000000,"var":0.000000000,"sum":0.000000000},"relative_timestamp_from_iforward_start":{"num":0,"min":0.000000000,"max":0.000000000,"avg":0.000000000,"var":0.000000000,"sum":0.000000000}},"get_output":{"duration":{"num":1,"min":0.000005245,"max":0.000005245,"avg":0.000005245,"var":0.000000000,"sum":0.000005245},"relative_timestamp_from_wait_end":{"num":1,"min":0.000000715,"max":0.000000715,"avg":0.000000715,"var":0.000000000,"sum":0.000000715}}}}},"65535:65535:9722976651498815487:2":{"rpc_id":9722976651498815487,"provider_id":2,"parent_rpc_id":65535,"parent_provider_id":65535,"name":"flock_get_view","origin":{"sent to ofi+cxi://0x0262200d":{"iforward":{"duration":{"num":2,"min":0.000015020,"max":0.000020027,"avg":0.000017524,"var":0.000000000,"sum":0.000035048},"relative_timestamp_from_create":{"num":2,"min":0.000000715,"max":0.000000715,"avg":0.000000715,"var":0.000000000,"sum":0.000001431}},"forward_cb":{"duration":{"num":2,"min":0.000000238,"max":0.000001192,"avg":0.000000715,"var":0.000000000,"sum":0.000001431},"relative_timestamp_from_iforward_start":{"num":2,"min":0.013158560,"max":0.034507036,"avg":0.023832798,"var":0.000227879,"sum":0.047665596}},"iforward_wait":{"duration":{"num":2,"min":0.013145924,"max":0.034487247,"avg":0.023816586,"var":0.000227726,"sum":0.047633171},"relative_timestamp_from_iforward_end":{"num":2,"min":0.000000477,"max":0.000001192,"avg":0.000000834,"var":0.000000000,"sum":0.000001669}},"set_input":{"duration":{"num":2,"min":0.000000238,"max":0.000000238,"avg":0.000000238,"var":0.000000000,"sum":0.000000477},"relative_timestamp_from_iforward_start":{"num":2,"min":0.000003815,"max":0.000006437,"avg":0.000005126,"var":0.000000000,"sum":0.000010252}},"get_output":{"duration":{"num":2,"min":0.000000477,"max":0.000034571,"avg":0.000017524,"var":0.000000001,"sum":0.000035048},"relative_timestamp_from_wait_end":{"num":2,"min":0.000000238,"max":0.000002623,"avg":0.000001431,"var":0.000000000,"sum":0.000002861}}}}},"65535:65535:3669993900245843967:1":{"rpc_id":3669993900245843967,"provider_id":1,"parent_rpc_id":65535,"parent_provider_id":65535,"name":"qtn_work_rpc","origin":{"sent to ofi+cxi://0x02634418":{"iforward":{"duration":{"num":30242,"min":0.000001431,"max":0.000042677,"avg":0.000001623,"var":0.000000006,"sum":0.049068928},"relative_timestamp_from_create":{"num":30242,"min":0.000000000,"max":0.000000954,"avg":0.000000071,"var":0.000000000,"sum":0.002157211}},"forward_cb":{"duration":{"num":30242,"min":0.000000000,"max":0.000007629,"avg":0.000000118,"var":0.000000001,"sum":0.003582954},"relative_timestamp_from_iforward_start":{"num":30242,"min":0.000008821,"max":0.000904799,"avg":0.000170035,"var":0.001132848,"sum":5.142187357}},"iforward_wait":{"duration":{"num":30242,"min":0.000002384,"max":0.000903606,"avg":0.000168789,"var":0.001132715,"sum":5.104514837},"relative_timestamp_from_iforward_end":{"num":30242,"min":0.000000000,"max":0.000005484,"avg":0.000000184,"var":0.000000000,"sum":0.005573273}},"set_input":{"duration":{"num":30242,"min":0.000000000,"max":0.000001669,"avg":0.000000082,"var":0.000000000,"sum":0.002481937},"relative_timestamp_from_iforward_start":{"num":30242,"min":0.000000477,"max":0.000008106,"avg":0.000000702,"var":0.000000000,"sum":0.021235704}},"get_output":{"duration":{"num":30242,"min":0.000000000,"max":0.000000954,"avg":0.000000088,"var":0.000000000,"sum":0.002666712},"relative_timestamp_from_wait_end":{"num":30242,"min":0.000000000,"max":0.000006437,"avg":0.000000152,"var":0.000000001,"sum":0.004593134}}}}}},"hostname":"x4108c0s7b0n0","pid":191681,"cmdline":["/home/carns/working/src/spack/var/spack/environments/quintain-2025-07/.spack-env/view/bin/quintain-benchmark","-g","quintain.flock.json","-j","/home/carns/working/dbg/john-quintain-profile-example-2025-07/quintain-benchmark-rpc.json","-o","/flare/radix-io/carns/quintain/6767526.aurora-pbs-0001.hostmgmt.cm.aurora.alcf.anl.gov/rpc-sweep-servers408-clis816"]}