{"address":"","rpcs":{},"pools":{"__primary__":{"timestamps":[1753366941.850656033,1753366942.850820065,1753366943.850827217,1753366944.851081848,1753366945.851121664,1753366946.851317167,1753366956.002036333,1753366956.128852606],"size":[0,0,0,0,0,0,0,0],"total_size":[1,1,1,1,1,1,1,0]}}}