{"address":"ofi+cxi://0x0260c614","progress_loop":{"progress_with_timeout":{"num":1552,"min":0.000001192,"max":0.102242231,"avg":0.008574348,"var":0.164026679,"sum":13.307387590},"progress_timeout_value_msec":{"num":1552,"min":100.000000000,"max":100.000000000,"avg":100.000000000,"var":0.000000000,"sum":155200.000000000},"progress_without_timeout":{"num":0,"min":0.000000000,"max":0.000000000,"avg":0.000000000,"var":0.000000000,"sum":0.000000000},"trigger":{"num":1546,"min":0.000000238,"max":0.000011921,"avg":0.000000305,"var":0.000000000,"sum":0.000471592}},"rpcs":{"65535:65535:7940397281847607295:2":{"rpc_id":7940397281847607295,"provider_id":2,"parent_rpc_id":65535,"parent_provider_id":65535,"name":"__identity__","origin":{"sent to ofi+cxi://0x0262200d":{"iforward":{"duration":{"num":1,"min":0.000065565,"max":0.000065565,"avg":0.000065565,"var":0.000000000,"sum":0.000065565},"relative_timestamp_from_create":{"num":1,"min":0.000002146,"max":0.000002146,"avg":0.000002146,"var":0.000000000,"sum":0.000002146}},"forward_cb":{"duration":{"num":1,"min":0.000010490,"max":0.000010490,"avg":0.000010490,"var":0.000000000,"sum":0.000010490},"relative_timestamp_from_iforward_start":{"num":1,"min":0.003780127,"max":0.003780127,"avg":0.003780127,"var":0.000000000,"sum":0.003780127}},"iforward_wait":{"duration":{"num":1,"min":0.003730297,"max":0.003730297,"avg":0.003730297,"var":0.000000000,"sum":0.003730297},"relative_timestamp_from_iforward_end":{"num":1,"min":0.000000477,"max":0.000000477,"avg":0.000000477,"var":0.000000000,"sum":0.000000477}},"set_input":{"duration":{"num":0,"min":0.000000000,"max":0.000000000,"avg":0.000000000,"var":0.000000000,"sum":0.000000000},"relative_timestamp_from_iforward_start":{"num":0,"min":0.000000000,"max":0.000000000,"avg":0.000000000,"var":0.000000000,"sum":0.000000000}},"get_output":{"duration":{"num":1,"min":0.000007391,"max":0.000007391,"avg":0.000007391,"var":0.000000000,"sum":0.000007391},"relative_timestamp_from_wait_end":{"num":1,"min":0.000001431,"max":0.000001431,"avg":0.000001431,"var":0.000000000,"sum":0.000001431}}}}},"65535:65535:9722976651498815487:2":{"rpc_id":9722976651498815487,"provider_id":2,"parent_rpc_id":65535,"parent_provider_id":65535,"name":"flock_get_view","origin":{"sent to ofi+cxi://0x0262200d":{"iforward":{"duration":{"num":2,"min":0.000012159,"max":0.000038624,"avg":0.000025392,"var":0.000000000,"sum":0.000050783},"relative_timestamp_from_create":{"num":2,"min":0.000000238,"max":0.000001192,"avg":0.000000715,"var":0.000000000,"sum":0.000001431}},"forward_cb":{"duration":{"num":2,"min":0.000000238,"max":0.000000477,"avg":0.000000358,"var":0.000000000,"sum":0.000000715},"relative_timestamp_from_iforward_start":{"num":2,"min":0.014194727,"max":0.015807867,"avg":0.015001297,"var":0.000001301,"sum":0.030002594}},"iforward_wait":{"duration":{"num":2,"min":0.014155626,"max":0.015796661,"avg":0.014976144,"var":0.000001346,"sum":0.029952288},"relative_timestamp_from_iforward_end":{"num":2,"min":0.000000000,"max":0.000001669,"avg":0.000000834,"var":0.000000000,"sum":0.000001669}},"set_input":{"duration":{"num":2,"min":0.000000238,"max":0.000000238,"avg":0.000000238,"var":0.000000000,"sum":0.000000477},"relative_timestamp_from_iforward_start":{"num":2,"min":0.000001907,"max":0.000011921,"avg":0.000006914,"var":0.000000000,"sum":0.000013828}},"get_output":{"duration":{"num":2,"min":0.000000715,"max":0.000032663,"avg":0.000016689,"var":0.000000001,"sum":0.000033379},"relative_timestamp_from_wait_end":{"num":2,"min":0.000000238,"max":0.000001192,"avg":0.000000715,"var":0.000000000,"sum":0.000001431}}}}},"65535:65535:3669993900245843967:1":{"rpc_id":3669993900245843967,"provider_id":1,"parent_rpc_id":65535,"parent_provider_id":65535,"name":"qtn_work_rpc","origin":{"sent to ofi+cxi://0x0262c413":{"iforward":{"duration":{"num":1542,"min":0.000001431,"max":0.000031710,"avg":0.000001860,"var":0.000000004,"sum":0.002867460},"relative_timestamp_from_create":{"num":1542,"min":0.000002623,"max":0.001496315,"avg":0.000003837,"var":0.000002229,"sum":0.005916119}},"forward_cb":{"duration":{"num":1542,"min":0.000000000,"max":0.000001192,"avg":0.000000133,"var":0.000000000,"sum":0.000204325},"relative_timestamp_from_iforward_start":{"num":1542,"min":0.000241280,"max":0.032372952,"avg":0.008544292,"var":0.154707214,"sum":13.175297499}},"iforward_wait":{"duration":{"num":1542,"min":0.000239849,"max":0.032371998,"avg":0.008542835,"var":0.154705395,"sum":13.173050880},"relative_timestamp_from_iforward_end":{"num":1542,"min":0.000000000,"max":0.000000954,"avg":0.000000203,"var":0.000000000,"sum":0.000312328}},"set_input":{"duration":{"num":1542,"min":0.000000000,"max":0.000004530,"avg":0.000000126,"var":0.000000000,"sum":0.000194311},"relative_timestamp_from_iforward_start":{"num":1542,"min":0.000000477,"max":0.000006914,"avg":0.000000749,"var":0.000000000,"sum":0.001155138}},"get_output":{"duration":{"num":1542,"min":0.000000000,"max":0.000000238,"avg":0.000000092,"var":0.000000000,"sum":0.000141382},"relative_timestamp_from_wait_end":{"num":1542,"min":0.000000000,"max":0.000001907,"avg":0.000000147,"var":0.000000000,"sum":0.000226259}}}}},"65535:65535:65535:65535":{"rpc_id":65535,"provider_id":65535,"parent_rpc_id":65535,"parent_provider_id":65535,"name":"","target":{"received from <unknown>":{"bulk":{"create":{"duration":{"num":1542,"min":0.000002384,"max":0.001492023,"avg":0.000003626,"var":0.000002217,"sum":0.005590677},"size":{"num":1542,"min":4194304.000000000,"max":4194304.000000000,"avg":4194304.000000000,"var":0.000000000,"sum":6467616768.000000000}}}}}}},"hostname":"x4108c0s1b0n0","pid":198095,"cmdline":["/home/carns/working/src/spack/var/spack/environments/quintain-2025-07/.spack-env/view/bin/quintain-benchmark","-g","quintain.flock.json","-j","/home/carns/working/dbg/john-quintain-profile-example-2025-07/quintain-benchmark-bw.json","-o","/flare/radix-io/carns/quintain/6767526.aurora-pbs-0001.hostmgmt.cm.aurora.alcf.anl.gov/bw-sweep-servers408-clis816"]}