{"address":"ofi+cxi://0x0260a016","progress_loop":{"progress_with_timeout":{"num":23788,"min":0.000001192,"max":0.101257801,"avg":0.000218936,"var":0.012039872,"sum":5.208043098},"progress_timeout_value_msec":{"num":23788,"min":100.000000000,"max":100.000000000,"avg":100.000000000,"var":0.000000000,"sum":2378800.000000000},"progress_without_timeout":{"num":0,"min":0.000000000,"max":0.000000000,"avg":0.000000000,"var":0.000000000,"sum":0.000000000},"trigger":{"num":23770,"min":0.000000238,"max":0.000008345,"avg":0.000000550,"var":0.000000002,"sum":0.013070822}},"rpcs":{"65535:65535:7940397281847607295:2":{"rpc_id":7940397281847607295,"provider_id":2,"parent_rpc_id":65535,"parent_provider_id":65535,"name":"__identity__","origin":{"sent to ofi+cxi://0x0262200d":{"iforward":{"duration":{"num":1,"min":0.000157356,"max":0.000157356,"avg":0.000157356,"var":0.000000000,"sum":0.000157356},"relative_timestamp_from_create":{"num":1,"min":0.000005484,"max":0.000005484,"avg":0.000005484,"var":0.000000000,"sum":0.000005484}},"forward_cb":{"duration":{"num":1,"min":0.000003099,"max":0.000003099,"avg":0.000003099,"var":0.000000000,"sum":0.000003099},"relative_timestamp_from_iforward_start":{"num":1,"min":0.009280443,"max":0.009280443,"avg":0.009280443,"var":0.000000000,"sum":0.009280443}},"iforward_wait":{"duration":{"num":1,"min":0.009130239,"max":0.009130239,"avg":0.009130239,"var":0.000000000,"sum":0.009130239},"relative_timestamp_from_iforward_end":{"num":1,"min":0.000000477,"max":0.000000477,"avg":0.000000477,"var":0.000000000,"sum":0.000000477}},"set_input":{"duration":{"num":0,"min":0.000000000,"max":0.000000000,"avg":0.000000000,"var":0.000000000,"sum":0.000000000},"relative_timestamp_from_iforward_start":{"num":0,"min":0.000000000,"max":0.000000000,"avg":0.000000000,"var":0.000000000,"sum":0.000000000}},"get_output":{"duration":{"num":1,"min":0.000005960,"max":0.000005960,"avg":0.000005960,"var":0.000000000,"sum":0.000005960},"relative_timestamp_from_wait_end":{"num":1,"min":0.000001192,"max":0.000001192,"avg":0.000001192,"var":0.000000000,"sum":0.000001192}}}}},"65535:65535:9722976651498815487:2":{"rpc_id":9722976651498815487,"provider_id":2,"parent_rpc_id":65535,"parent_provider_id":65535,"name":"flock_get_view","origin":{"sent to ofi+cxi://0x0262200d":{"iforward":{"duration":{"num":2,"min":0.000011206,"max":0.000020981,"avg":0.000016093,"var":0.000000000,"sum":0.000032187},"relative_timestamp_from_create":{"num":2,"min":0.000000238,"max":0.000000954,"avg":0.000000596,"var":0.000000000,"sum":0.000001192}},"forward_cb":{"duration":{"num":2,"min":0.000000238,"max":0.000000238,"avg":0.000000238,"var":0.000000000,"sum":0.000000477},"relative_timestamp_from_iforward_start":{"num":2,"min":0.018205881,"max":0.031262875,"avg":0.024734378,"var":0.000085243,"sum":0.049468756}},"iforward_wait":{"duration":{"num":2,"min":0.018195391,"max":0.031241417,"avg":0.024718404,"var":0.000085099,"sum":0.049436808},"relative_timestamp_from_iforward_end":{"num":2,"min":0.000000000,"max":0.000001431,"avg":0.000000715,"var":0.000000000,"sum":0.000001431}},"set_input":{"duration":{"num":2,"min":0.000000000,"max":0.000000238,"avg":0.000000119,"var":0.000000000,"sum":0.000000238},"relative_timestamp_from_iforward_start":{"num":2,"min":0.000001431,"max":0.000006914,"avg":0.000004172,"var":0.000000000,"sum":0.000008345}},"get_output":{"duration":{"num":2,"min":0.000000477,"max":0.000032902,"avg":0.000016689,"var":0.000000001,"sum":0.000033379},"relative_timestamp_from_wait_end":{"num":2,"min":0.000000238,"max":0.000001192,"avg":0.000000715,"var":0.000000000,"sum":0.000001431}}}}},"65535:65535:3669993900245843967:1":{"rpc_id":3669993900245843967,"provider_id":1,"parent_rpc_id":65535,"parent_provider_id":65535,"name":"qtn_work_rpc","origin":{"sent to ofi+cxi://0x0262a00e":{"iforward":{"duration":{"num":23766,"min":0.000001431,"max":0.000029325,"avg":0.000002623,"var":0.000000016,"sum":0.062345982},"relative_timestamp_from_create":{"num":23766,"min":0.000000000,"max":0.000001192,"avg":0.000000118,"var":0.000000000,"sum":0.002794743}},"forward_cb":{"duration":{"num":23766,"min":0.000000000,"max":0.000001669,"avg":0.000000283,"var":0.000000001,"sum":0.006734371},"relative_timestamp_from_iforward_start":{"num":23766,"min":0.000008583,"max":0.001282454,"avg":0.000215878,"var":0.000488939,"sum":5.130544901}},"iforward_wait":{"duration":{"num":23766,"min":0.000002861,"max":0.001280785,"avg":0.000214161,"var":0.000489116,"sum":5.089746237},"relative_timestamp_from_iforward_end":{"num":23766,"min":0.000000000,"max":0.000013828,"avg":0.000000168,"var":0.000000000,"sum":0.003982544}},"set_input":{"duration":{"num":23766,"min":0.000000000,"max":0.000002623,"avg":0.000000135,"var":0.000000000,"sum":0.003202915},"relative_timestamp_from_iforward_start":{"num":23766,"min":0.000000477,"max":0.000011206,"avg":0.000001300,"var":0.000000005,"sum":0.030898571}},"get_output":{"duration":{"num":23766,"min":0.000000000,"max":0.000000715,"avg":0.000000125,"var":0.000000000,"sum":0.002959013},"relative_timestamp_from_wait_end":{"num":23766,"min":0.000000000,"max":0.000007629,"avg":0.000000216,"var":0.000000000,"sum":0.005124092}}}}}},"hostname":"x4108c0s4b0n0","pid":192807,"cmdline":["/home/carns/working/src/spack/var/spack/environments/quintain-2025-07/.spack-env/view/bin/quintain-benchmark","-g","quintain.flock.json","-j","/home/carns/working/dbg/john-quintain-profile-example-2025-07/quintain-benchmark-rpc.json","-o","/flare/radix-io/carns/quintain/6767526.aurora-pbs-0001.hostmgmt.cm.aurora.alcf.anl.gov/rpc-sweep-servers408-clis816"]}