{"address":"","progress_loop":{"progress_with_timeout":{"num":1576,"min":0.000001431,"max":0.102337360,"avg":0.008072402,"var":0.160344316,"sum":12.722105980},"progress_timeout_value_msec":{"num":1576,"min":100.000000000,"max":100.000000000,"avg":100.000000000,"var":0.000000000,"sum":157600.000000000},"progress_without_timeout":{"num":0,"min":0.000000000,"max":0.000000000,"avg":0.000000000,"var":0.000000000,"sum":0.000000000},"trigger":{"num":1558,"min":0.000000238,"max":0.000011921,"avg":0.000000338,"var":0.000000000,"sum":0.000527382}},"rpcs":{"65535:65535:7940397281847607295:2":{"rpc_id":7940397281847607295,"provider_id":2,"parent_rpc_id":65535,"parent_provider_id":65535,"name":"__identity__","origin":{"sent to ofi+cxi://0x06f2600c":{"iforward":{"duration":{"num":1,"min":0.000147581,"max":0.000147581,"avg":0.000147581,"var":0.000000000,"sum":0.000147581},"relative_timestamp_from_create":{"num":1,"min":0.000003099,"max":0.000003099,"avg":0.000003099,"var":0.000000000,"sum":0.000003099}},"forward_cb":{"duration":{"num":1,"min":0.000010729,"max":0.000010729,"avg":0.000010729,"var":0.000000000,"sum":0.000010729},"relative_timestamp_from_iforward_start":{"num":1,"min":0.014726877,"max":0.014726877,"avg":0.014726877,"var":0.000000000,"sum":0.014726877}},"iforward_wait":{"duration":{"num":1,"min":0.014596701,"max":0.014596701,"avg":0.014596701,"var":0.000000000,"sum":0.014596701},"relative_timestamp_from_iforward_end":{"num":1,"min":0.000000238,"max":0.000000238,"avg":0.000000238,"var":0.000000000,"sum":0.000000238}},"set_input":{"duration":{"num":0,"min":0.000000000,"max":0.000000000,"avg":0.000000000,"var":0.000000000,"sum":0.000000000},"relative_timestamp_from_iforward_start":{"num":0,"min":0.000000000,"max":0.000000000,"avg":0.000000000,"var":0.000000000,"sum":0.000000000}},"get_output":{"duration":{"num":1,"min":0.000008821,"max":0.000008821,"avg":0.000008821,"var":0.000000000,"sum":0.000008821},"relative_timestamp_from_wait_end":{"num":1,"min":0.000001907,"max":0.000001907,"avg":0.000001907,"var":0.000000000,"sum":0.000001907}}}}},"65535:65535:9722976651498815487:2":{"rpc_id":9722976651498815487,"provider_id":2,"parent_rpc_id":65535,"parent_provider_id":65535,"name":"flock_get_view","origin":{"sent to ofi+cxi://0x06f2600c":{"iforward":{"duration":{"num":2,"min":0.000012159,"max":0.000047207,"avg":0.000029683,"var":0.000000001,"sum":0.000059366},"relative_timestamp_from_create":{"num":2,"min":0.000000238,"max":0.000000954,"avg":0.000000596,"var":0.000000000,"sum":0.000001192}},"forward_cb":{"duration":{"num":2,"min":0.000000238,"max":0.000000477,"avg":0.000000358,"var":0.000000000,"sum":0.000000715},"relative_timestamp_from_iforward_start":{"num":2,"min":0.004149675,"max":0.013330698,"avg":0.008740187,"var":0.000042146,"sum":0.017480373}},"iforward_wait":{"duration":{"num":2,"min":0.004137993,"max":0.013283491,"avg":0.008710742,"var":0.000041820,"sum":0.017421484},"relative_timestamp_from_iforward_end":{"num":2,"min":0.000000238,"max":0.000001192,"avg":0.000000715,"var":0.000000000,"sum":0.000001431}},"set_input":{"duration":{"num":2,"min":0.000000000,"max":0.000000238,"avg":0.000000119,"var":0.000000000,"sum":0.000000238},"relative_timestamp_from_iforward_start":{"num":2,"min":0.000001669,"max":0.000019550,"avg":0.000010610,"var":0.000000000,"sum":0.000021219}},"get_output":{"duration":{"num":2,"min":0.000000238,"max":0.000034809,"avg":0.000017524,"var":0.000000001,"sum":0.000035048},"relative_timestamp_from_wait_end":{"num":2,"min":0.000000238,"max":0.000000954,"avg":0.000000596,"var":0.000000000,"sum":0.000001192}}}}},"65535:65535:3669993900245843967:1":{"rpc_id":3669993900245843967,"provider_id":1,"parent_rpc_id":65535,"parent_provider_id":65535,"name":"qtn_work_rpc","origin":{"sent to ofi+cxi://0x06f58612":{"iforward":{"duration":{"num":1554,"min":0.000001431,"max":0.000037193,"avg":0.000002416,"var":0.000000008,"sum":0.003754854},"relative_timestamp_from_create":{"num":1554,"min":0.000002623,"max":0.001290083,"avg":0.000004012,"var":0.000001656,"sum":0.006235123}},"forward_cb":{"duration":{"num":1554,"min":0.000000000,"max":0.000001192,"avg":0.000000151,"var":0.000000000,"sum":0.000234127},"relative_timestamp_from_iforward_start":{"num":1554,"min":0.000192881,"max":0.032818794,"avg":0.008103687,"var":0.150214662,"sum":12.593129396}},"iforward_wait":{"duration":{"num":1554,"min":0.000191212,"max":0.032816648,"avg":0.008101750,"var":0.150210571,"sum":12.590119600},"relative_timestamp_from_iforward_end":{"num":1554,"min":0.000000000,"max":0.000000715,"avg":0.000000222,"var":0.000000000,"sum":0.000344276}},"set_input":{"duration":{"num":1554,"min":0.000000000,"max":0.000005245,"avg":0.000000188,"var":0.000000000,"sum":0.000291824},"relative_timestamp_from_iforward_start":{"num":1554,"min":0.000000477,"max":0.000010729,"avg":0.000000919,"var":0.000000000,"sum":0.001427412}},"get_output":{"duration":{"num":1554,"min":0.000000000,"max":0.000000477,"avg":0.000000097,"var":0.000000000,"sum":0.000151157},"relative_timestamp_from_wait_end":{"num":1554,"min":0.000000000,"max":0.000001192,"avg":0.000000169,"var":0.000000000,"sum":0.000262976}}}}},"65535:65535:65535:65535":{"rpc_id":65535,"provider_id":65535,"parent_rpc_id":65535,"parent_provider_id":65535,"name":"","target":{"received from <unknown>":{"bulk":{"create":{"duration":{"num":1554,"min":0.000002384,"max":0.001285791,"avg":0.000003785,"var":0.000001645,"sum":0.005882025},"size":{"num":1554,"min":4194304.000000000,"max":4194304.000000000,"avg":4194304.000000000,"var":0.000000000,"sum":6517948416.000000000}}}}}}},"hostname":"x4418c0s7b0n0","pid":10955,"cmdline":["/home/carns/working/src/spack/var/spack/environments/quintain-2025-07/.spack-env/view/bin/quintain-benchmark","-g","quintain.flock.json","-j","/home/carns/working/dbg/john-quintain-profile-example-2025-07/quintain-benchmark-bw.json","-o","/flare/radix-io/carns/quintain/6710290.aurora-pbs-0001.hostmgmt.cm.aurora.alcf.anl.gov/bw-sweep-servers408-clis816"]}