{"address":"","rpcs":{},"pools":{"__primary__":{"timestamps":[1753558122.224555016,1753558123.239418268,1753558124.257232666,1753558125.266587973,1753558126.277819872,1753558127.288109541,1753558128.293573141,1753558129.308443308,1753558131.687506914,1753558132.699070692,1753558133.707433462,1753558134.723119974,1753558135.730080605,1753558136.970272541,1753558137.077054977],"size":[0,0,0,0,0,0,0,0,0,0,0,0,0,0,0],"total_size":[1,1,1,1,1,1,1,1,1,1,1,1,1,1,0]}}}