{"address":"","rpcs":{},"pools":{"__primary__":{"timestamps":[1753367037.310142756,1753367038.323541641,1753367039.338237047,1753367040.345308542,1753367041.345805883,1753367042.352121115,1753367043.360975027,1753367044.369319916,1753367047.151583672,1753367048.152956963,1753367049.153737068,1753367050.170145035,1753367051.181139469,1753367052.523012638,1753367052.653384924],"size":[0,0,0,0,0,0,0,0,0,0,0,0,0,0,0],"total_size":[1,1,1,1,1,1,1,1,1,1,1,1,1,1,0]}}}