{"address":"","progress_loop":{"progress_with_timeout":{"num":1663,"min":0.000001669,"max":0.104407310,"avg":0.006741329,"var":0.143738360,"sum":11.210829735},"progress_timeout_value_msec":{"num":1663,"min":100.000000000,"max":100.000000000,"avg":100.000000000,"var":0.000000000,"sum":166300.000000000},"progress_without_timeout":{"num":0,"min":0.000000000,"max":0.000000000,"avg":0.000000000,"var":0.000000000,"sum":0.000000000},"trigger":{"num":1660,"min":0.000000238,"max":0.000006914,"avg":0.000000289,"var":0.000000000,"sum":0.000480413}},"rpcs":{"65535:65535:7940397281847607295:2":{"rpc_id":7940397281847607295,"provider_id":2,"parent_rpc_id":65535,"parent_provider_id":65535,"name":"__identity__","origin":{"sent to ofi+cxi://0x06f2600c":{"iforward":{"duration":{"num":1,"min":0.000266552,"max":0.000266552,"avg":0.000266552,"var":0.000000000,"sum":0.000266552},"relative_timestamp_from_create":{"num":1,"min":0.000003815,"max":0.000003815,"avg":0.000003815,"var":0.000000000,"sum":0.000003815}},"forward_cb":{"duration":{"num":1,"min":0.000005245,"max":0.000005245,"avg":0.000005245,"var":0.000000000,"sum":0.000005245},"relative_timestamp_from_iforward_start":{"num":1,"min":0.002703905,"max":0.002703905,"avg":0.002703905,"var":0.000000000,"sum":0.002703905}},"iforward_wait":{"duration":{"num":1,"min":0.002446413,"max":0.002446413,"avg":0.002446413,"var":0.000000000,"sum":0.002446413},"relative_timestamp_from_iforward_end":{"num":1,"min":0.000000477,"max":0.000000477,"avg":0.000000477,"var":0.000000000,"sum":0.000000477}},"set_input":{"duration":{"num":0,"min":0.000000000,"max":0.000000000,"avg":0.000000000,"var":0.000000000,"sum":0.000000000},"relative_timestamp_from_iforward_start":{"num":0,"min":0.000000000,"max":0.000000000,"avg":0.000000000,"var":0.000000000,"sum":0.000000000}},"get_output":{"duration":{"num":1,"min":0.000006437,"max":0.000006437,"avg":0.000006437,"var":0.000000000,"sum":0.000006437},"relative_timestamp_from_wait_end":{"num":1,"min":0.000000954,"max":0.000000954,"avg":0.000000954,"var":0.000000000,"sum":0.000000954}}}}},"65535:65535:9722976651498815487:2":{"rpc_id":9722976651498815487,"provider_id":2,"parent_rpc_id":65535,"parent_provider_id":65535,"name":"flock_get_view","origin":{"sent to ofi+cxi://0x06f2600c":{"iforward":{"duration":{"num":2,"min":0.000011921,"max":0.000019550,"avg":0.000015736,"var":0.000000000,"sum":0.000031471},"relative_timestamp_from_create":{"num":2,"min":0.000000238,"max":0.000000954,"avg":0.000000596,"var":0.000000000,"sum":0.000001192}},"forward_cb":{"duration":{"num":2,"min":0.000000000,"max":0.000000238,"avg":0.000000119,"var":0.000000000,"sum":0.000000238},"relative_timestamp_from_iforward_start":{"num":2,"min":0.006093025,"max":0.016995192,"avg":0.011544108,"var":0.000059429,"sum":0.023088217}},"iforward_wait":{"duration":{"num":2,"min":0.006072998,"max":0.016983986,"avg":0.011528492,"var":0.000059525,"sum":0.023056984},"relative_timestamp_from_iforward_end":{"num":2,"min":0.000000000,"max":0.000001431,"avg":0.000000715,"var":0.000000000,"sum":0.000001431}},"set_input":{"duration":{"num":2,"min":0.000000000,"max":0.000000238,"avg":0.000000119,"var":0.000000000,"sum":0.000000238},"relative_timestamp_from_iforward_start":{"num":2,"min":0.000001431,"max":0.000005722,"avg":0.000003576,"var":0.000000000,"sum":0.000007153}},"get_output":{"duration":{"num":2,"min":0.000000477,"max":0.000034571,"avg":0.000017524,"var":0.000000001,"sum":0.000035048},"relative_timestamp_from_wait_end":{"num":2,"min":0.000000238,"max":0.000000954,"avg":0.000000596,"var":0.000000000,"sum":0.000001192}}}}},"65535:65535:3669993900245843967:1":{"rpc_id":3669993900245843967,"provider_id":1,"parent_rpc_id":65535,"parent_provider_id":65535,"name":"qtn_work_rpc","origin":{"sent to ofi+cxi://0x06f4a613":{"iforward":{"duration":{"num":1656,"min":0.000001431,"max":0.000055552,"avg":0.000001878,"var":0.000000007,"sum":0.003109455},"relative_timestamp_from_create":{"num":1656,"min":0.000002384,"max":0.001671553,"avg":0.000003944,"var":0.000002784,"sum":0.006531477}},"forward_cb":{"duration":{"num":1656,"min":0.000000000,"max":0.000001192,"avg":0.000000133,"var":0.000000000,"sum":0.000220060},"relative_timestamp_from_iforward_start":{"num":1656,"min":0.000194073,"max":0.027747869,"avg":0.006693988,"var":0.133934540,"sum":11.085243464}},"iforward_wait":{"duration":{"num":1656,"min":0.000192881,"max":0.027746916,"avg":0.006692509,"var":0.133935127,"sum":11.082795382},"relative_timestamp_from_iforward_end":{"num":1656,"min":0.000000000,"max":0.000000715,"avg":0.000000208,"var":0.000000000,"sum":0.000345230}},"set_input":{"duration":{"num":1656,"min":0.000000000,"max":0.000005484,"avg":0.000000126,"var":0.000000000,"sum":0.000208139},"relative_timestamp_from_iforward_start":{"num":1656,"min":0.000000477,"max":0.000008583,"avg":0.000000730,"var":0.000000000,"sum":0.001209497}},"get_output":{"duration":{"num":1656,"min":0.000000000,"max":0.000004530,"avg":0.000000095,"var":0.000000000,"sum":0.000157118},"relative_timestamp_from_wait_end":{"num":1656,"min":0.000000000,"max":0.000003099,"avg":0.000000142,"var":0.000000000,"sum":0.000235558}}}}},"65535:65535:65535:65535":{"rpc_id":65535,"provider_id":65535,"parent_rpc_id":65535,"parent_provider_id":65535,"name":"","target":{"received from <unknown>":{"bulk":{"create":{"duration":{"num":1656,"min":0.000002384,"max":0.001667500,"avg":0.000003741,"var":0.000002771,"sum":0.006194353},"size":{"num":1656,"min":4194304.000000000,"max":4194304.000000000,"avg":4194304.000000000,"var":0.000000000,"sum":6945767424.000000000}}}}}}},"hostname":"x4418c0s2b0n0","pid":72719,"cmdline":["/home/carns/working/src/spack/var/spack/environments/quintain-2025-07/.spack-env/view/bin/quintain-benchmark","-g","quintain.flock.json","-j","/home/carns/working/dbg/john-quintain-profile-example-2025-07/quintain-benchmark-bw.json","-o","/flare/radix-io/carns/quintain/6710290.aurora-pbs-0001.hostmgmt.cm.aurora.alcf.anl.gov/bw-sweep-servers408-clis816"]}