{"address":"","progress_loop":{"progress_with_timeout":{"num":1943,"min":0.000001431,"max":0.102264166,"avg":0.005292560,"var":0.156393210,"sum":10.283443451},"progress_timeout_value_msec":{"num":1943,"min":100.000000000,"max":100.000000000,"avg":100.000000000,"var":0.000000000,"sum":194300.000000000},"progress_without_timeout":{"num":0,"min":0.000000000,"max":0.000000000,"avg":0.000000000,"var":0.000000000,"sum":0.000000000},"trigger":{"num":1929,"min":0.000000238,"max":0.000012398,"avg":0.000000300,"var":0.000000000,"sum":0.000578642}},"rpcs":{"65535:65535:7940397281847607295:2":{"rpc_id":7940397281847607295,"provider_id":2,"parent_rpc_id":65535,"parent_provider_id":65535,"name":"__identity__","origin":{"sent to ofi+cxi://0x06f2600c":{"iforward":{"duration":{"num":1,"min":0.000141382,"max":0.000141382,"avg":0.000141382,"var":0.000000000,"sum":0.000141382},"relative_timestamp_from_create":{"num":1,"min":0.000004768,"max":0.000004768,"avg":0.000004768,"var":0.000000000,"sum":0.000004768}},"forward_cb":{"duration":{"num":1,"min":0.000010967,"max":0.000010967,"avg":0.000010967,"var":0.000000000,"sum":0.000010967},"relative_timestamp_from_iforward_start":{"num":1,"min":0.001982689,"max":0.001982689,"avg":0.001982689,"var":0.000000000,"sum":0.001982689}},"iforward_wait":{"duration":{"num":1,"min":0.001858473,"max":0.001858473,"avg":0.001858473,"var":0.000000000,"sum":0.001858473},"relative_timestamp_from_iforward_end":{"num":1,"min":0.000000238,"max":0.000000238,"avg":0.000000238,"var":0.000000000,"sum":0.000000238}},"set_input":{"duration":{"num":0,"min":0.000000000,"max":0.000000000,"avg":0.000000000,"var":0.000000000,"sum":0.000000000},"relative_timestamp_from_iforward_start":{"num":0,"min":0.000000000,"max":0.000000000,"avg":0.000000000,"var":0.000000000,"sum":0.000000000}},"get_output":{"duration":{"num":1,"min":0.000021219,"max":0.000021219,"avg":0.000021219,"var":0.000000000,"sum":0.000021219},"relative_timestamp_from_wait_end":{"num":1,"min":0.000001431,"max":0.000001431,"avg":0.000001431,"var":0.000000000,"sum":0.000001431}}}}},"65535:65535:9722976651498815487:2":{"rpc_id":9722976651498815487,"provider_id":2,"parent_rpc_id":65535,"parent_provider_id":65535,"name":"flock_get_view","origin":{"sent to ofi+cxi://0x06f2600c":{"iforward":{"duration":{"num":2,"min":0.000012398,"max":0.000044107,"avg":0.000028253,"var":0.000000001,"sum":0.000056505},"relative_timestamp_from_create":{"num":2,"min":0.000000238,"max":0.000001431,"avg":0.000000834,"var":0.000000000,"sum":0.000001669}},"forward_cb":{"duration":{"num":2,"min":0.000000000,"max":0.000000477,"avg":0.000000238,"var":0.000000000,"sum":0.000000477},"relative_timestamp_from_iforward_start":{"num":2,"min":0.004029036,"max":0.016759634,"avg":0.010394335,"var":0.000081034,"sum":0.020788670}},"iforward_wait":{"duration":{"num":2,"min":0.003984690,"max":0.016747713,"avg":0.010366201,"var":0.000081447,"sum":0.020732403},"relative_timestamp_from_iforward_end":{"num":2,"min":0.000000238,"max":0.000001431,"avg":0.000000834,"var":0.000000000,"sum":0.000001669}},"set_input":{"duration":{"num":2,"min":0.000000238,"max":0.000000238,"avg":0.000000238,"var":0.000000000,"sum":0.000000477},"relative_timestamp_from_iforward_start":{"num":2,"min":0.000002146,"max":0.000012636,"avg":0.000007391,"var":0.000000000,"sum":0.000014782}},"get_output":{"duration":{"num":2,"min":0.000000238,"max":0.000033140,"avg":0.000016689,"var":0.000000001,"sum":0.000033379},"relative_timestamp_from_wait_end":{"num":2,"min":0.000000238,"max":0.000001192,"avg":0.000000715,"var":0.000000000,"sum":0.000001431}}}}},"65535:65535:3669993900245843967:1":{"rpc_id":3669993900245843967,"provider_id":1,"parent_rpc_id":65535,"parent_provider_id":65535,"name":"qtn_work_rpc","origin":{"sent to ofi+cxi://0x06f2600e":{"iforward":{"duration":{"num":1925,"min":0.000001431,"max":0.000036716,"avg":0.000001854,"var":0.000000006,"sum":0.003568888},"relative_timestamp_from_create":{"num":1925,"min":0.000002384,"max":0.001781225,"avg":0.000003798,"var":0.000003163,"sum":0.007311344}},"forward_cb":{"duration":{"num":1925,"min":0.000000000,"max":0.000001431,"avg":0.000000134,"var":0.000000000,"sum":0.000257730},"relative_timestamp_from_iforward_start":{"num":1925,"min":0.000193357,"max":0.033252954,"avg":0.005279634,"var":0.146451811,"sum":10.163294792}},"iforward_wait":{"duration":{"num":1925,"min":0.000191927,"max":0.033252001,"avg":0.005278199,"var":0.146454067,"sum":10.160533905},"relative_timestamp_from_iforward_end":{"num":1925,"min":0.000000000,"max":0.000001192,"avg":0.000000171,"var":0.000000000,"sum":0.000328541}},"set_input":{"duration":{"num":1925,"min":0.000000000,"max":0.000004530,"avg":0.000000131,"var":0.000000000,"sum":0.000252485},"relative_timestamp_from_iforward_start":{"num":1925,"min":0.000000477,"max":0.000012398,"avg":0.000000739,"var":0.000000000,"sum":0.001422882}},"get_output":{"duration":{"num":1925,"min":0.000000000,"max":0.000000238,"avg":0.000000093,"var":0.000000000,"sum":0.000178099},"relative_timestamp_from_wait_end":{"num":1925,"min":0.000000000,"max":0.000003576,"avg":0.000000148,"var":0.000000000,"sum":0.000284672}}}}},"65535:65535:65535:65535":{"rpc_id":65535,"provider_id":65535,"parent_rpc_id":65535,"parent_provider_id":65535,"name":"","target":{"received from <unknown>":{"bulk":{"create":{"duration":{"num":1925,"min":0.000002146,"max":0.001775265,"avg":0.000003600,"var":0.000003142,"sum":0.006930828},"size":{"num":1925,"min":4194304.000000000,"max":4194304.000000000,"avg":4194304.000000000,"var":0.000000000,"sum":8074035200.000000000}}}}}}},"hostname":"x4418c0s0b0n0","pid":33713,"cmdline":["/home/carns/working/src/spack/var/spack/environments/quintain-2025-07/.spack-env/view/bin/quintain-benchmark","-g","quintain.flock.json","-j","/home/carns/working/dbg/john-quintain-profile-example-2025-07/quintain-benchmark-bw.json","-o","/flare/radix-io/carns/quintain/6710290.aurora-pbs-0001.hostmgmt.cm.aurora.alcf.anl.gov/bw-sweep-servers408-clis816"]}