{"address":"","progress_loop":{"progress_with_timeout":{"num":1544,"min":0.000001431,"max":0.104811668,"avg":0.008476141,"var":0.165300451,"sum":13.087161779},"progress_timeout_value_msec":{"num":1544,"min":100.000000000,"max":100.000000000,"avg":100.000000000,"var":0.000000000,"sum":154400.000000000},"progress_without_timeout":{"num":0,"min":0.000000000,"max":0.000000000,"avg":0.000000000,"var":0.000000000,"sum":0.000000000},"trigger":{"num":1537,"min":0.000000238,"max":0.000012636,"avg":0.000000308,"var":0.000000000,"sum":0.000473022}},"rpcs":{"65535:65535:7940397281847607295:2":{"rpc_id":7940397281847607295,"provider_id":2,"parent_rpc_id":65535,"parent_provider_id":65535,"name":"__identity__","origin":{"sent to ofi+cxi://0x06f2600c":{"iforward":{"duration":{"num":1,"min":0.000092506,"max":0.000092506,"avg":0.000092506,"var":0.000000000,"sum":0.000092506},"relative_timestamp_from_create":{"num":1,"min":0.000005007,"max":0.000005007,"avg":0.000005007,"var":0.000000000,"sum":0.000005007}},"forward_cb":{"duration":{"num":1,"min":0.000011444,"max":0.000011444,"avg":0.000011444,"var":0.000000000,"sum":0.000011444},"relative_timestamp_from_iforward_start":{"num":1,"min":0.006125450,"max":0.006125450,"avg":0.006125450,"var":0.000000000,"sum":0.006125450}},"iforward_wait":{"duration":{"num":1,"min":0.006050348,"max":0.006050348,"avg":0.006050348,"var":0.000000000,"sum":0.006050348},"relative_timestamp_from_iforward_end":{"num":1,"min":0.000000477,"max":0.000000477,"avg":0.000000477,"var":0.000000000,"sum":0.000000477}},"set_input":{"duration":{"num":0,"min":0.000000000,"max":0.000000000,"avg":0.000000000,"var":0.000000000,"sum":0.000000000},"relative_timestamp_from_iforward_start":{"num":0,"min":0.000000000,"max":0.000000000,"avg":0.000000000,"var":0.000000000,"sum":0.000000000}},"get_output":{"duration":{"num":1,"min":0.000007868,"max":0.000007868,"avg":0.000007868,"var":0.000000000,"sum":0.000007868},"relative_timestamp_from_wait_end":{"num":1,"min":0.000001669,"max":0.000001669,"avg":0.000001669,"var":0.000000000,"sum":0.000001669}}}}},"65535:65535:9722976651498815487:2":{"rpc_id":9722976651498815487,"provider_id":2,"parent_rpc_id":65535,"parent_provider_id":65535,"name":"flock_get_view","origin":{"sent to ofi+cxi://0x06f2600c":{"iforward":{"duration":{"num":2,"min":0.000012159,"max":0.000042915,"avg":0.000027537,"var":0.000000000,"sum":0.000055075},"relative_timestamp_from_create":{"num":2,"min":0.000000238,"max":0.000001431,"avg":0.000000834,"var":0.000000000,"sum":0.000001669}},"forward_cb":{"duration":{"num":2,"min":0.000000238,"max":0.000000238,"avg":0.000000238,"var":0.000000000,"sum":0.000000477},"relative_timestamp_from_iforward_start":{"num":2,"min":0.009169340,"max":0.017095804,"avg":0.013132572,"var":0.000031414,"sum":0.026265144}},"iforward_wait":{"duration":{"num":2,"min":0.009157658,"max":0.017052412,"avg":0.013105035,"var":0.000031164,"sum":0.026210070},"relative_timestamp_from_iforward_end":{"num":2,"min":0.000000238,"max":0.000001669,"avg":0.000000954,"var":0.000000000,"sum":0.000001907}},"set_input":{"duration":{"num":2,"min":0.000000000,"max":0.000000238,"avg":0.000000119,"var":0.000000000,"sum":0.000000238},"relative_timestamp_from_iforward_start":{"num":2,"min":0.000001907,"max":0.000012636,"avg":0.000007272,"var":0.000000000,"sum":0.000014544}},"get_output":{"duration":{"num":2,"min":0.000000477,"max":0.000035763,"avg":0.000018120,"var":0.000000001,"sum":0.000036240},"relative_timestamp_from_wait_end":{"num":2,"min":0.000000238,"max":0.000001192,"avg":0.000000715,"var":0.000000000,"sum":0.000001431}}}}},"65535:65535:3669993900245843967:1":{"rpc_id":3669993900245843967,"provider_id":1,"parent_rpc_id":65535,"parent_provider_id":65535,"name":"qtn_work_rpc","origin":{"sent to ofi+cxi://0x06f36214":{"iforward":{"duration":{"num":1533,"min":0.000001431,"max":0.000041962,"avg":0.000001858,"var":0.000000005,"sum":0.002848387},"relative_timestamp_from_create":{"num":1533,"min":0.000002384,"max":0.001493692,"avg":0.000003768,"var":0.000002222,"sum":0.005775690}},"forward_cb":{"duration":{"num":1533,"min":0.000000000,"max":0.000001431,"avg":0.000000135,"var":0.000000000,"sum":0.000207424},"relative_timestamp_from_iforward_start":{"num":1533,"min":0.000203133,"max":0.033108234,"avg":0.008450117,"var":0.155438654,"sum":12.954030037}},"iforward_wait":{"duration":{"num":1533,"min":0.000201941,"max":0.033106804,"avg":0.008448602,"var":0.155438108,"sum":12.951706171},"relative_timestamp_from_iforward_end":{"num":1533,"min":0.000000000,"max":0.000000715,"avg":0.000000249,"var":0.000000000,"sum":0.000381947}},"set_input":{"duration":{"num":1533,"min":0.000000000,"max":0.000004053,"avg":0.000000129,"var":0.000000000,"sum":0.000197411},"relative_timestamp_from_iforward_start":{"num":1533,"min":0.000000477,"max":0.000006199,"avg":0.000000717,"var":0.000000000,"sum":0.001098871}},"get_output":{"duration":{"num":1533,"min":0.000000000,"max":0.000009775,"avg":0.000000094,"var":0.000000000,"sum":0.000143766},"relative_timestamp_from_wait_end":{"num":1533,"min":0.000000000,"max":0.000003099,"avg":0.000000156,"var":0.000000000,"sum":0.000238657}}}}},"65535:65535:65535:65535":{"rpc_id":65535,"provider_id":65535,"parent_rpc_id":65535,"parent_provider_id":65535,"name":"","target":{"received from <unknown>":{"bulk":{"create":{"duration":{"num":1533,"min":0.000002146,"max":0.001489639,"avg":0.000003569,"var":0.000002210,"sum":0.005471945},"size":{"num":1533,"min":4194304.000000000,"max":4194304.000000000,"avg":4194304.000000000,"var":0.000000000,"sum":6429868032.000000000}}}}}}},"hostname":"x4418c0s0b0n0","pid":33782,"cmdline":["/home/carns/working/src/spack/var/spack/environments/quintain-2025-07/.spack-env/view/bin/quintain-benchmark","-g","quintain.flock.json","-j","/home/carns/working/dbg/john-quintain-profile-example-2025-07/quintain-benchmark-bw.json","-o","/flare/radix-io/carns/quintain/6710290.aurora-pbs-0001.hostmgmt.cm.aurora.alcf.anl.gov/bw-sweep-servers408-clis816"]}