{"address":"","rpcs":{},"pools":{"__primary__":{"timestamps":[1753558083.759791613,1753558084.760025978,1753558085.760029793,1753558086.760344744,1753558087.760602951,1753558088.760687828,1753558094.580165386,1753558094.685493708],"size":[0,0,0,0,0,0,0,0],"total_size":[1,1,1,1,1,1,1,0]}}}