{"address":"","progress_loop":{"progress_with_timeout":{"num":1552,"min":0.000001431,"max":0.102302790,"avg":0.008332101,"var":0.166578504,"sum":12.931420326},"progress_timeout_value_msec":{"num":1552,"min":100.000000000,"max":100.000000000,"avg":100.000000000,"var":0.000000000,"sum":155200.000000000},"progress_without_timeout":{"num":0,"min":0.000000000,"max":0.000000000,"avg":0.000000000,"var":0.000000000,"sum":0.000000000},"trigger":{"num":1544,"min":0.000000238,"max":0.000013351,"avg":0.000000303,"var":0.000000000,"sum":0.000467062}},"rpcs":{"65535:65535:7940397281847607295:2":{"rpc_id":7940397281847607295,"provider_id":2,"parent_rpc_id":65535,"parent_provider_id":65535,"name":"__identity__","origin":{"sent to ofi+cxi://0x06f2600c":{"iforward":{"duration":{"num":1,"min":0.000736475,"max":0.000736475,"avg":0.000736475,"var":0.000000000,"sum":0.000736475},"relative_timestamp_from_create":{"num":1,"min":0.000004053,"max":0.000004053,"avg":0.000004053,"var":0.000000000,"sum":0.000004053}},"forward_cb":{"duration":{"num":1,"min":0.000012159,"max":0.000012159,"avg":0.000012159,"var":0.000000000,"sum":0.000012159},"relative_timestamp_from_iforward_start":{"num":1,"min":0.005361319,"max":0.005361319,"avg":0.005361319,"var":0.000000000,"sum":0.005361319}},"iforward_wait":{"duration":{"num":1,"min":0.004643440,"max":0.004643440,"avg":0.004643440,"var":0.000000000,"sum":0.004643440},"relative_timestamp_from_iforward_end":{"num":1,"min":0.000000477,"max":0.000000477,"avg":0.000000477,"var":0.000000000,"sum":0.000000477}},"set_input":{"duration":{"num":0,"min":0.000000000,"max":0.000000000,"avg":0.000000000,"var":0.000000000,"sum":0.000000000},"relative_timestamp_from_iforward_start":{"num":0,"min":0.000000000,"max":0.000000000,"avg":0.000000000,"var":0.000000000,"sum":0.000000000}},"get_output":{"duration":{"num":1,"min":0.000008345,"max":0.000008345,"avg":0.000008345,"var":0.000000000,"sum":0.000008345},"relative_timestamp_from_wait_end":{"num":1,"min":0.000001669,"max":0.000001669,"avg":0.000001669,"var":0.000000000,"sum":0.000001669}}}}},"65535:65535:9722976651498815487:2":{"rpc_id":9722976651498815487,"provider_id":2,"parent_rpc_id":65535,"parent_provider_id":65535,"name":"flock_get_view","origin":{"sent to ofi+cxi://0x06f2600c":{"iforward":{"duration":{"num":2,"min":0.000013113,"max":0.000046015,"avg":0.000029564,"var":0.000000001,"sum":0.000059128},"relative_timestamp_from_create":{"num":2,"min":0.000000238,"max":0.000001907,"avg":0.000001073,"var":0.000000000,"sum":0.000002146}},"forward_cb":{"duration":{"num":2,"min":0.000000238,"max":0.000000477,"avg":0.000000358,"var":0.000000000,"sum":0.000000715},"relative_timestamp_from_iforward_start":{"num":2,"min":0.009935617,"max":0.017933607,"avg":0.013934612,"var":0.000031984,"sum":0.027869225}},"iforward_wait":{"duration":{"num":2,"min":0.009923220,"max":0.017886877,"avg":0.013905048,"var":0.000031710,"sum":0.027810097},"relative_timestamp_from_iforward_end":{"num":2,"min":0.000000238,"max":0.000001907,"avg":0.000001073,"var":0.000000000,"sum":0.000002146}},"set_input":{"duration":{"num":2,"min":0.000000238,"max":0.000000477,"avg":0.000000358,"var":0.000000000,"sum":0.000000715},"relative_timestamp_from_iforward_start":{"num":2,"min":0.000002146,"max":0.000013351,"avg":0.000007749,"var":0.000000000,"sum":0.000015497}},"get_output":{"duration":{"num":2,"min":0.000000238,"max":0.000036955,"avg":0.000018597,"var":0.000000001,"sum":0.000037193},"relative_timestamp_from_wait_end":{"num":2,"min":0.000000238,"max":0.000001907,"avg":0.000001073,"var":0.000000000,"sum":0.000002146}}}}},"65535:65535:3669993900245843967:1":{"rpc_id":3669993900245843967,"provider_id":1,"parent_rpc_id":65535,"parent_provider_id":65535,"name":"qtn_work_rpc","origin":{"sent to ofi+cxi://0x06f5e610":{"iforward":{"duration":{"num":1540,"min":0.000001431,"max":0.000037670,"avg":0.000001840,"var":0.000000005,"sum":0.002832890},"relative_timestamp_from_create":{"num":1540,"min":0.000002384,"max":0.001525879,"avg":0.000003843,"var":0.000002319,"sum":0.005917549}},"forward_cb":{"duration":{"num":1540,"min":0.000000000,"max":0.000001431,"avg":0.000000132,"var":0.000000000,"sum":0.000202894},"relative_timestamp_from_iforward_start":{"num":1540,"min":0.000250101,"max":0.033769608,"avg":0.008311981,"var":0.157093221,"sum":12.800450802}},"iforward_wait":{"duration":{"num":1540,"min":0.000249147,"max":0.033768415,"avg":0.008310556,"var":0.157092739,"sum":12.798256874},"relative_timestamp_from_iforward_end":{"num":1540,"min":0.000000000,"max":0.000000954,"avg":0.000000177,"var":0.000000000,"sum":0.000272512}},"set_input":{"duration":{"num":1540,"min":0.000000000,"max":0.000004768,"avg":0.000000126,"var":0.000000000,"sum":0.000193357},"relative_timestamp_from_iforward_start":{"num":1540,"min":0.000000477,"max":0.000006437,"avg":0.000000718,"var":0.000000000,"sum":0.001106024}},"get_output":{"duration":{"num":1540,"min":0.000000000,"max":0.000000238,"avg":0.000000091,"var":0.000000000,"sum":0.000140429},"relative_timestamp_from_wait_end":{"num":1540,"min":0.000000000,"max":0.000003576,"avg":0.000000152,"var":0.000000000,"sum":0.000233650}}}}},"65535:65535:65535:65535":{"rpc_id":65535,"provider_id":65535,"parent_rpc_id":65535,"parent_provider_id":65535,"name":"","target":{"received from <unknown>":{"bulk":{"create":{"duration":{"num":1540,"min":0.000002146,"max":0.001521349,"avg":0.000003625,"var":0.000002306,"sum":0.005581856},"size":{"num":1540,"min":4194304.000000000,"max":4194304.000000000,"avg":4194304.000000000,"var":0.000000000,"sum":6459228160.000000000}}}}}}},"hostname":"x4418c0s3b0n0","pid":9647,"cmdline":["/home/carns/working/src/spack/var/spack/environments/quintain-2025-07/.spack-env/view/bin/quintain-benchmark","-g","quintain.flock.json","-j","/home/carns/working/dbg/john-quintain-profile-example-2025-07/quintain-benchmark-bw.json","-o","/flare/radix-io/carns/quintain/6710290.aurora-pbs-0001.hostmgmt.cm.aurora.alcf.anl.gov/bw-sweep-servers408-clis816"]}