{"address":"ofi+cxi://0x02608013","progress_loop":{"progress_with_timeout":{"num":2867,"min":0.000001431,"max":4.568288803,"avg":0.001864694,"var":20.871703823,"sum":5.346077442},"progress_timeout_value_msec":{"num":2867,"min":100.000000000,"max":100.000000000,"avg":100.000000000,"var":0.000000000,"sum":286700.000000000},"progress_without_timeout":{"num":0,"min":0.000000000,"max":0.000000000,"avg":0.000000000,"var":0.000000000,"sum":0.000000000},"trigger":{"num":2862,"min":0.000000238,"max":0.000008821,"avg":0.000000335,"var":0.000000000,"sum":0.000957489}},"rpcs":{"65535:65535:7940397281847607295:2":{"rpc_id":7940397281847607295,"provider_id":2,"parent_rpc_id":65535,"parent_provider_id":65535,"name":"__identity__","origin":{"sent to ofi+cxi://0x0262200d":{"iforward":{"duration":{"num":1,"min":0.000066757,"max":0.000066757,"avg":0.000066757,"var":0.000000000,"sum":0.000066757},"relative_timestamp_from_create":{"num":1,"min":0.000004053,"max":0.000004053,"avg":0.000004053,"var":0.000000000,"sum":0.000004053}},"forward_cb":{"duration":{"num":1,"min":0.000003338,"max":0.000003338,"avg":0.000003338,"var":0.000000000,"sum":0.000003338},"relative_timestamp_from_iforward_start":{"num":1,"min":0.005066633,"max":0.005066633,"avg":0.005066633,"var":0.000000000,"sum":0.005066633}},"iforward_wait":{"duration":{"num":1,"min":0.005006552,"max":0.005006552,"avg":0.005006552,"var":0.000000000,"sum":0.005006552},"relative_timestamp_from_iforward_end":{"num":1,"min":0.000000477,"max":0.000000477,"avg":0.000000477,"var":0.000000000,"sum":0.000000477}},"set_input":{"duration":{"num":0,"min":0.000000000,"max":0.000000000,"avg":0.000000000,"var":0.000000000,"sum":0.000000000},"relative_timestamp_from_iforward_start":{"num":0,"min":0.000000000,"max":0.000000000,"avg":0.000000000,"var":0.000000000,"sum":0.000000000}},"get_output":{"duration":{"num":1,"min":0.000005484,"max":0.000005484,"avg":0.000005484,"var":0.000000000,"sum":0.000005484},"relative_timestamp_from_wait_end":{"num":1,"min":0.000000954,"max":0.000000954,"avg":0.000000954,"var":0.000000000,"sum":0.000000954}}}}},"65535:65535:9722976651498815487:2":{"rpc_id":9722976651498815487,"provider_id":2,"parent_rpc_id":65535,"parent_provider_id":65535,"name":"flock_get_view","origin":{"sent to ofi+cxi://0x0262200d":{"iforward":{"duration":{"num":2,"min":0.000016689,"max":0.000017166,"avg":0.000016928,"var":0.000000000,"sum":0.000033855},"relative_timestamp_from_create":{"num":2,"min":0.000000477,"max":0.000000715,"avg":0.000000596,"var":0.000000000,"sum":0.000001192}},"forward_cb":{"duration":{"num":2,"min":0.000000238,"max":0.000000954,"avg":0.000000596,"var":0.000000000,"sum":0.000001192},"relative_timestamp_from_iforward_start":{"num":2,"min":0.024656296,"max":0.027981997,"avg":0.026319146,"var":0.000005530,"sum":0.052638292}},"iforward_wait":{"duration":{"num":2,"min":0.024641752,"max":0.027965546,"avg":0.026303649,"var":0.000005524,"sum":0.052607298},"relative_timestamp_from_iforward_end":{"num":2,"min":0.000000238,"max":0.000001192,"avg":0.000000715,"var":0.000000000,"sum":0.000001431}},"set_input":{"duration":{"num":2,"min":0.000000238,"max":0.000000238,"avg":0.000000238,"var":0.000000000,"sum":0.000000477},"relative_timestamp_from_iforward_start":{"num":2,"min":0.000005007,"max":0.000005722,"avg":0.000005364,"var":0.000000000,"sum":0.000010729}},"get_output":{"duration":{"num":2,"min":0.000000477,"max":0.000023365,"avg":0.000011921,"var":0.000000000,"sum":0.000023842},"relative_timestamp_from_wait_end":{"num":2,"min":0.000000477,"max":0.000002146,"avg":0.000001311,"var":0.000000000,"sum":0.000002623}}}}},"65535:65535:3669993900245843967:1":{"rpc_id":3669993900245843967,"provider_id":1,"parent_rpc_id":65535,"parent_provider_id":65535,"name":"qtn_work_rpc","origin":{"sent to ofi+cxi://0x0262c417":{"iforward":{"duration":{"num":2858,"min":0.000001669,"max":0.000030756,"avg":0.000002246,"var":0.000000004,"sum":0.006420374},"relative_timestamp_from_create":{"num":2858,"min":0.000000000,"max":0.000000954,"avg":0.000000084,"var":0.000000000,"sum":0.000240803}},"forward_cb":{"duration":{"num":2858,"min":0.000000000,"max":0.000000715,"avg":0.000000146,"var":0.000000000,"sum":0.000418186},"relative_timestamp_from_iforward_start":{"num":2858,"min":0.000010252,"max":4.568293810,"avg":0.001817139,"var":20.860200543,"sum":5.193384647}},"iforward_wait":{"duration":{"num":2858,"min":0.000008345,"max":4.568294048,"avg":0.001815380,"var":20.860218851,"sum":5.188355923},"relative_timestamp_from_iforward_end":{"num":2858,"min":0.000000000,"max":0.000000477,"avg":0.000000174,"var":0.000000000,"sum":0.000498056}},"set_input":{"duration":{"num":2858,"min":0.000000000,"max":0.000001669,"avg":0.000000105,"var":0.000000000,"sum":0.000299931},"relative_timestamp_from_iforward_start":{"num":2858,"min":0.000000715,"max":0.000007868,"avg":0.000000877,"var":0.000000000,"sum":0.002507210}},"get_output":{"duration":{"num":2858,"min":0.000000000,"max":0.000000477,"avg":0.000000139,"var":0.000000000,"sum":0.000396490},"relative_timestamp_from_wait_end":{"num":2858,"min":0.000000000,"max":0.000002623,"avg":0.000000163,"var":0.000000000,"sum":0.000466108}}}}}},"hostname":"x4108c0s5b0n0","pid":35746,"cmdline":["/home/carns/working/src/spack/var/spack/environments/quintain-2025-07/.spack-env/view/bin/quintain-benchmark","-g","quintain.flock.json","-j","/home/carns/working/dbg/john-quintain-profile-example-2025-07/quintain-benchmark-rpc.json","-o","/flare/radix-io/carns/quintain/6767526.aurora-pbs-0001.hostmgmt.cm.aurora.alcf.anl.gov/rpc-sweep-servers408-clis816"]}