{"address":"","rpcs":{},"pools":{"__primary__":{"timestamps":[1753558083.757791281,1753558084.757834196,1753558085.757924795,1753558086.758212566,1753558087.758290529,1753558088.758314848,1753558094.584556818,1753558094.715525866],"size":[0,0,0,0,0,0,0,0],"total_size":[1,1,1,1,1,1,1,0]}}}