{"address":"ofi+cxi://0x0262e414","progress_loop":{"progress_with_timeout":{"num":22109,"min":0.000000715,"max":0.102367163,"avg":0.000238764,"var":0.013233197,"sum":5.278836727},"progress_timeout_value_msec":{"num":22109,"min":100.000000000,"max":100.000000000,"avg":100.000000000,"var":0.000000000,"sum":2210900.000000000},"progress_without_timeout":{"num":0,"min":0.000000000,"max":0.000000000,"avg":0.000000000,"var":0.000000000,"sum":0.000000000},"trigger":{"num":22054,"min":0.000000238,"max":0.000007629,"avg":0.000000275,"var":0.000000000,"sum":0.006055593}},"rpcs":{"65535:65535:7940397281847607295:2":{"rpc_id":7940397281847607295,"provider_id":2,"parent_rpc_id":65535,"parent_provider_id":65535,"name":"__identity__","origin":{"sent to ofi+cxi://0x0262200d":{"iforward":{"duration":{"num":1,"min":0.000193357,"max":0.000193357,"avg":0.000193357,"var":0.000000000,"sum":0.000193357},"relative_timestamp_from_create":{"num":1,"min":0.000003338,"max":0.000003338,"avg":0.000003338,"var":0.000000000,"sum":0.000003338}},"forward_cb":{"duration":{"num":1,"min":0.000003815,"max":0.000003815,"avg":0.000003815,"var":0.000000000,"sum":0.000003815},"relative_timestamp_from_iforward_start":{"num":1,"min":0.005725861,"max":0.005725861,"avg":0.005725861,"var":0.000000000,"sum":0.005725861}},"iforward_wait":{"duration":{"num":1,"min":0.005540371,"max":0.005540371,"avg":0.005540371,"var":0.000000000,"sum":0.005540371},"relative_timestamp_from_iforward_end":{"num":1,"min":0.000000715,"max":0.000000715,"avg":0.000000715,"var":0.000000000,"sum":0.000000715}},"set_input":{"duration":{"num":0,"min":0.000000000,"max":0.000000000,"avg":0.000000000,"var":0.000000000,"sum":0.000000000},"relative_timestamp_from_iforward_start":{"num":0,"min":0.000000000,"max":0.000000000,"avg":0.000000000,"var":0.000000000,"sum":0.000000000}},"get_output":{"duration":{"num":1,"min":0.000006914,"max":0.000006914,"avg":0.000006914,"var":0.000000000,"sum":0.000006914},"relative_timestamp_from_wait_end":{"num":1,"min":0.000001192,"max":0.000001192,"avg":0.000001192,"var":0.000000000,"sum":0.000001192}}}}},"65535:65535:9722976651498815487:2":{"rpc_id":9722976651498815487,"provider_id":2,"parent_rpc_id":65535,"parent_provider_id":65535,"name":"flock_get_view","origin":{"sent to ofi+cxi://0x0262200d":{"iforward":{"duration":{"num":2,"min":0.000012875,"max":0.000020981,"avg":0.000016928,"var":0.000000000,"sum":0.000033855},"relative_timestamp_from_create":{"num":2,"min":0.000000238,"max":0.000001431,"avg":0.000000834,"var":0.000000000,"sum":0.000001669}},"forward_cb":{"duration":{"num":2,"min":0.000000238,"max":0.000000238,"avg":0.000000238,"var":0.000000000,"sum":0.000000477},"relative_timestamp_from_iforward_start":{"num":2,"min":0.025056124,"max":0.027039051,"avg":0.026047587,"var":0.000001966,"sum":0.052095175}},"iforward_wait":{"duration":{"num":2,"min":0.025034666,"max":0.027026653,"avg":0.026030660,"var":0.000001984,"sum":0.052061319},"relative_timestamp_from_iforward_end":{"num":2,"min":0.000000238,"max":0.000001431,"avg":0.000000834,"var":0.000000000,"sum":0.000001669}},"set_input":{"duration":{"num":2,"min":0.000000238,"max":0.000000238,"avg":0.000000238,"var":0.000000000,"sum":0.000000477},"relative_timestamp_from_iforward_start":{"num":2,"min":0.000001431,"max":0.000006199,"avg":0.000003815,"var":0.000000000,"sum":0.000007629}},"get_output":{"duration":{"num":2,"min":0.000000477,"max":0.000034094,"avg":0.000017285,"var":0.000000001,"sum":0.000034571},"relative_timestamp_from_wait_end":{"num":2,"min":0.000000238,"max":0.000001192,"avg":0.000000715,"var":0.000000000,"sum":0.000001431}}}}},"65535:65535:3669993900245843967:1":{"rpc_id":3669993900245843967,"provider_id":1,"parent_rpc_id":65535,"parent_provider_id":65535,"name":"qtn_work_rpc","origin":{"sent to ofi+cxi://0x0263e20f":{"iforward":{"duration":{"num":22050,"min":0.000001431,"max":0.000039816,"avg":0.000001606,"var":0.000000005,"sum":0.035415649},"relative_timestamp_from_create":{"num":22050,"min":0.000000000,"max":0.000001907,"avg":0.000000072,"var":0.000000000,"sum":0.001597166}},"forward_cb":{"duration":{"num":22050,"min":0.000000000,"max":0.000001192,"avg":0.000000124,"var":0.000000000,"sum":0.002727985},"relative_timestamp_from_iforward_start":{"num":22050,"min":0.000008583,"max":0.002763510,"avg":0.000234309,"var":0.001454078,"sum":5.166522980}},"iforward_wait":{"duration":{"num":22050,"min":0.000005722,"max":0.002762318,"avg":0.000233084,"var":0.001454017,"sum":5.139502287},"relative_timestamp_from_iforward_end":{"num":22050,"min":0.000000000,"max":0.000002861,"avg":0.000000175,"var":0.000000000,"sum":0.003864527}},"set_input":{"duration":{"num":22050,"min":0.000000000,"max":0.000008106,"avg":0.000000078,"var":0.000000000,"sum":0.001710176},"relative_timestamp_from_iforward_start":{"num":22050,"min":0.000000477,"max":0.000011921,"avg":0.000000716,"var":0.000000000,"sum":0.015789032}},"get_output":{"duration":{"num":22050,"min":0.000000000,"max":0.000002146,"avg":0.000000090,"var":0.000000000,"sum":0.001985312},"relative_timestamp_from_wait_end":{"num":22050,"min":0.000000000,"max":0.000006437,"avg":0.000000142,"var":0.000000000,"sum":0.003132343}}}}}},"hostname":"x4108c1s0b0n0","pid":36435,"cmdline":["/home/carns/working/src/spack/var/spack/environments/quintain-2025-07/.spack-env/view/bin/quintain-benchmark","-g","quintain.flock.json","-j","/home/carns/working/dbg/john-quintain-profile-example-2025-07/quintain-benchmark-rpc.json","-o","/flare/radix-io/carns/quintain/6767526.aurora-pbs-0001.hostmgmt.cm.aurora.alcf.anl.gov/rpc-sweep-servers408-clis816"]}