{"address":"","rpcs":{},"pools":{"__primary__":{"timestamps":[1753366941.853001595,1753366942.853025198,1753366943.853276968,1753366944.853448868,1753366945.853685617,1753366946.853764772,1753366956.003869772,1753366956.124277353],"size":[0,0,0,0,0,0,0,0],"total_size":[1,1,1,1,1,1,1,0]}}}