{"address":"","rpcs":{},"pools":{"__primary__":{"timestamps":[1753558122.224107981,1753558123.246664524,1753558124.252748013,1753558125.252830505,1753558126.254962206,1753558127.255648851,1753558128.274546862,1753558129.276412010,1753558131.682041645,1753558132.699938059,1753558133.700796366,1753558134.721942425,1753558135.743289471,1753558136.970064163,1753558137.077335358],"size":[0,0,0,0,0,0,0,0,0,0,0,0,0,0,0],"total_size":[1,1,1,1,1,1,1,1,1,1,1,1,1,1,0]}}}