{"address":"ofi+cxi://0x02634413","progress_loop":{"progress_with_timeout":{"num":1422,"min":0.000001907,"max":0.105002880,"avg":0.068670650,"var":3.434071282,"sum":97.649664640},"progress_timeout_value_msec":{"num":1422,"min":100.000000000,"max":100.000000000,"avg":100.000000000,"var":0.000000000,"sum":142200.000000000},"progress_without_timeout":{"num":15386175,"min":0.000000000,"max":0.000520945,"avg":0.000000154,"var":0.000000928,"sum":2.376615763},"trigger":{"num":114233,"min":0.000000238,"max":0.000061274,"avg":0.000000577,"var":0.000000050,"sum":0.065934896}},"rpcs":{"65535:65535:3669993900245843967:1":{"rpc_id":3669993900245843967,"provider_id":1,"parent_rpc_id":65535,"parent_provider_id":65535,"name":"qtn_work_rpc","target":{"received from ofi+cxi://0x02600413":{"handler":{"duration":{"num":30335,"min":0.000000477,"max":0.000021219,"avg":0.000000536,"var":0.000000005,"sum":0.016245127}},"ult":{"duration":{"num":30335,"min":0.000004292,"max":0.000058889,"avg":0.000004815,"var":0.000000025,"sum":0.146050453},"relative_timestamp_from_handler_start":{"num":30335,"min":0.000000715,"max":0.000031948,"avg":0.000000880,"var":0.000000015,"sum":0.026690960}},"irespond":{"duration":{"num":30335,"min":0.000000238,"max":0.000035763,"avg":0.000000472,"var":0.000000004,"sum":0.014313936},"relative_timestamp_from_ult_start":{"num":30335,"min":0.000000238,"max":0.000026941,"avg":0.000000297,"var":0.000000001,"sum":0.009011984}},"respond_cb":{"duration":{"num":30335,"min":0.000000000,"max":0.000000954,"avg":0.000000106,"var":0.000000000,"sum":0.003208160},"relative_timestamp_from_irespond_start":{"num":30335,"min":0.000003576,"max":0.000052452,"avg":0.000003910,"var":0.000000019,"sum":0.118621826}},"irespond_wait":{"duration":{"num":30335,"min":0.000003338,"max":0.000057697,"avg":0.000003656,"var":0.000000017,"sum":0.110906839},"relative_timestamp_from_irespond_end":{"num":30335,"min":0.000000000,"max":0.000005722,"avg":0.000000185,"var":0.000000000,"sum":0.005616665}},"set_output":{"duration":{"num":30335,"min":0.000000000,"max":0.000000238,"avg":0.000000062,"var":0.000000000,"sum":0.001877069},"relative_timestamp_from_irespond_start":{"num":30335,"min":0.000000000,"max":0.000002623,"avg":0.000000077,"var":0.000000000,"sum":0.002343655}},"get_input":{"duration":{"num":30335,"min":0.000000000,"max":0.000003576,"avg":0.000000107,"var":0.000000000,"sum":0.003251553},"relative_timestamp_from_ult_start":{"num":30335,"min":0.000000000,"max":0.000026703,"avg":0.000000123,"var":0.000000001,"sum":0.003718138}}},"received from ofi+cxi://0x0260e010":{"handler":{"duration":{"num":22279,"min":0.000000477,"max":0.000061274,"avg":0.000000559,"var":0.000000010,"sum":0.012460470}},"ult":{"duration":{"num":22279,"min":0.000004530,"max":0.000526428,"avg":0.000004886,"var":0.000000507,"sum":0.108850479},"relative_timestamp_from_handler_start":{"num":22279,"min":0.000000715,"max":0.000061512,"avg":0.000000919,"var":0.000000019,"sum":0.020481110}},"irespond":{"duration":{"num":22279,"min":0.000000238,"max":0.000011444,"avg":0.000000481,"var":0.000000001,"sum":0.010716677},"relative_timestamp_from_ult_start":{"num":22279,"min":0.000000238,"max":0.000001431,"avg":0.000000298,"var":0.000000000,"sum":0.006646156}},"respond_cb":{"duration":{"num":22279,"min":0.000000000,"max":0.000000477,"avg":0.000000109,"var":0.000000000,"sum":0.002419710},"relative_timestamp_from_irespond_start":{"num":22279,"min":0.000003576,"max":0.000524759,"avg":0.000003978,"var":0.000000502,"sum":0.088615894}},"irespond_wait":{"duration":{"num":22279,"min":0.000003338,"max":0.000524759,"avg":0.000003717,"var":0.000000501,"sum":0.082818747},"relative_timestamp_from_irespond_end":{"num":22279,"min":0.000000000,"max":0.000000715,"avg":0.000000183,"var":0.000000000,"sum":0.004073143}},"set_output":{"duration":{"num":22279,"min":0.000000000,"max":0.000000477,"avg":0.000000062,"var":0.000000000,"sum":0.001388073},"relative_timestamp_from_irespond_start":{"num":22279,"min":0.000000000,"max":0.000000715,"avg":0.000000079,"var":0.000000000,"sum":0.001752138}},"get_input":{"duration":{"num":22279,"min":0.000000000,"max":0.000000715,"avg":0.000000108,"var":0.000000000,"sum":0.002414465},"relative_timestamp_from_ult_start":{"num":22279,"min":0.000000000,"max":0.000000715,"avg":0.000000122,"var":0.000000000,"sum":0.002717733}}},"received from ofi+cxi://0x02608616":{"handler":{"duration":{"num":1493,"min":0.000000477,"max":0.000011206,"avg":0.000001081,"var":0.000000001,"sum":0.001614571}},"ult":{"duration":{"num":1493,"min":0.000201464,"max":0.031442404,"avg":0.004572644,"var":0.080153282,"sum":6.826956987},"relative_timestamp_from_handler_start":{"num":1493,"min":0.000000715,"max":0.031751871,"avg":0.001502663,"var":0.042087318,"sum":2.243476152}},"irespond":{"duration":{"num":1493,"min":0.000000238,"max":0.000007629,"avg":0.000000920,"var":0.000000001,"sum":0.001372814},"relative_timestamp_from_ult_start":{"num":1493,"min":0.000192165,"max":0.031430483,"avg":0.004447889,"var":0.079556909,"sum":6.640698433}},"respond_cb":{"duration":{"num":1493,"min":0.000000000,"max":0.000004530,"avg":0.000000176,"var":0.000000000,"sum":0.000263214},"relative_timestamp_from_irespond_start":{"num":1493,"min":0.000003815,"max":0.003201008,"avg":0.000094115,"var":0.000141292,"sum":0.140513897}},"irespond_wait":{"duration":{"num":1493,"min":0.000003338,"max":0.004835129,"avg":0.000101356,"var":0.000189822,"sum":0.151324987},"relative_timestamp_from_irespond_end":{"num":1493,"min":0.000000000,"max":0.000005007,"avg":0.000000312,"var":0.000000000,"sum":0.000466347}},"set_output":{"duration":{"num":1493,"min":0.000000000,"max":0.000003576,"avg":0.000000128,"var":0.000000000,"sum":0.000190496},"relative_timestamp_from_irespond_start":{"num":1493,"min":0.000000000,"max":0.000004530,"avg":0.000000200,"var":0.000000000,"sum":0.000298977}},"get_input":{"duration":{"num":1493,"min":0.000000000,"max":0.000021696,"avg":0.000000611,"var":0.000000001,"sum":0.000912428},"relative_timestamp_from_ult_start":{"num":1493,"min":0.000000000,"max":0.000007629,"avg":0.000000225,"var":0.000000000,"sum":0.000335932}},"bulk":{"create":{"duration":{"num":1493,"min":0.000002384,"max":0.030921459,"avg":0.003156258,"var":0.066976712,"sum":4.712292910},"size":{"num":1493,"min":4194304.000000000,"max":4194304.000000000,"avg":4194304.000000000,"var":0.000000000,"sum":6262095872.000000000}},"pull from ofi+cxi://0x02608616":{"itransfer":{"duration":{"num":1493,"min":0.000000715,"max":0.000027657,"avg":0.000002138,"var":0.000000006,"sum":0.003192425},"size":{"num":1493,"min":4194304.000000000,"max":4194304.000000000,"avg":4194304.000000000,"var":0.000000000,"sum":6262095872.000000000}},"transfer_cb":{"duration":{"num":1493,"min":0.000000000,"max":0.000002384,"avg":0.000000201,"var":0.000000000,"sum":0.000299454},"relative_timestamp_from_itransfer_start":{"num":1493,"min":0.000180960,"max":0.027034283,"avg":0.001222595,"var":0.006223874,"sum":1.825334311}},"itransfer_wait":{"duration":{"num":1493,"min":0.000180006,"max":0.027033806,"avg":0.001283915,"var":0.007886480,"sum":1.916885614},"relative_timestamp_from_itransfer_end":{"num":1493,"min":0.000000000,"max":0.000003576,"avg":0.000000341,"var":0.000000000,"sum":0.000509262}}}}},"received from ofi+cxi://0x0260e214":{"handler":{"duration":{"num":1508,"min":0.000000477,"max":0.000010490,"avg":0.000001097,"var":0.000000001,"sum":0.001654148}},"ult":{"duration":{"num":1508,"min":0.000203848,"max":0.034205914,"avg":0.006123349,"var":0.116943399,"sum":9.234009743},"relative_timestamp_from_handler_start":{"num":1508,"min":0.000000715,"max":0.029255629,"avg":0.001272880,"var":0.035454990,"sum":1.919502497}},"irespond":{"duration":{"num":1508,"min":0.000000238,"max":0.000014067,"avg":0.000000991,"var":0.000000001,"sum":0.001495123},"relative_timestamp_from_ult_start":{"num":1508,"min":0.000184774,"max":0.034190178,"avg":0.005904827,"var":0.116369428,"sum":8.904478788}},"respond_cb":{"duration":{"num":1508,"min":0.000000000,