{"address":"","rpcs":{},"pools":{"__primary__":{"timestamps":[1753558083.759130478,1753558084.759413958,1753558085.759514809,1753558086.759888649,1753558087.760036945,1753558088.760120869,1753558094.582921267,1753558094.686733007],"size":[0,0,0,0,0,0,0,0],"total_size":[1,1,1,1,1,1,1,0]}}}