{"address":"","rpcs":{},"pools":{"__primary__":{"timestamps":[1753366941.849330187,1753366942.849365950,1753366943.849447489,1753366944.849553823,1753366945.849658489,1753366946.849661827,1753366956.002928734,1753366956.133083582],"size":[0,0,0,0,0,0,0,0],"total_size":[1,1,1,1,1,1,1,0]}}}