{"address":"ofi+cxi://0x0261020f","progress_loop":{"progress_with_timeout":{"num":1735,"min":0.000001431,"max":0.103358269,"avg":0.006347977,"var":0.141620903,"sum":11.013740540},"progress_timeout_value_msec":{"num":1735,"min":100.000000000,"max":100.000000000,"avg":100.000000000,"var":0.000000000,"sum":173500.000000000},"progress_without_timeout":{"num":0,"min":0.000000000,"max":0.000000000,"avg":0.000000000,"var":0.000000000,"sum":0.000000000},"trigger":{"num":1728,"min":0.000000238,"max":0.000010252,"avg":0.000000300,"var":0.000000000,"sum":0.000517607}},"rpcs":{"65535:65535:7940397281847607295:2":{"rpc_id":7940397281847607295,"provider_id":2,"parent_rpc_id":65535,"parent_provider_id":65535,"name":"__identity__","origin":{"sent to ofi+cxi://0x0262200d":{"iforward":{"duration":{"num":1,"min":0.000073433,"max":0.000073433,"avg":0.000073433,"var":0.000000000,"sum":0.000073433},"relative_timestamp_from_create":{"num":1,"min":0.000002861,"max":0.000002861,"avg":0.000002861,"var":0.000000000,"sum":0.000002861}},"forward_cb":{"duration":{"num":1,"min":0.000008821,"max":0.000008821,"avg":0.000008821,"var":0.000000000,"sum":0.000008821},"relative_timestamp_from_iforward_start":{"num":1,"min":0.010901213,"max":0.010901213,"avg":0.010901213,"var":0.000000000,"sum":0.010901213}},"iforward_wait":{"duration":{"num":1,"min":0.010842085,"max":0.010842085,"avg":0.010842085,"var":0.000000000,"sum":0.010842085},"relative_timestamp_from_iforward_end":{"num":1,"min":0.000000238,"max":0.000000238,"avg":0.000000238,"var":0.000000000,"sum":0.000000238}},"set_input":{"duration":{"num":0,"min":0.000000000,"max":0.000000000,"avg":0.000000000,"var":0.000000000,"sum":0.000000000},"relative_timestamp_from_iforward_start":{"num":0,"min":0.000000000,"max":0.000000000,"avg":0.000000000,"var":0.000000000,"sum":0.000000000}},"get_output":{"duration":{"num":1,"min":0.000006914,"max":0.000006914,"avg":0.000006914,"var":0.000000000,"sum":0.000006914},"relative_timestamp_from_wait_end":{"num":1,"min":0.000001431,"max":0.000001431,"avg":0.000001431,"var":0.000000000,"sum":0.000001431}}}}},"65535:65535:9722976651498815487:2":{"rpc_id":9722976651498815487,"provider_id":2,"parent_rpc_id":65535,"parent_provider_id":65535,"name":"flock_get_view","origin":{"sent to ofi+cxi://0x0262200d":{"iforward":{"duration":{"num":2,"min":0.000011683,"max":0.000040054,"avg":0.000025868,"var":0.000000000,"sum":0.000051737},"relative_timestamp_from_create":{"num":2,"min":0.000000238,"max":0.000001192,"avg":0.000000715,"var":0.000000000,"sum":0.000001431}},"forward_cb":{"duration":{"num":2,"min":0.000000238,"max":0.000000238,"avg":0.000000238,"var":0.000000000,"sum":0.000000477},"relative_timestamp_from_iforward_start":{"num":2,"min":0.004553080,"max":0.018916607,"avg":0.011734843,"var":0.000103155,"sum":0.023469687}},"iforward_wait":{"duration":{"num":2,"min":0.004542112,"max":0.018876314,"avg":0.011709213,"var":0.000102735,"sum":0.023418427},"relative_timestamp_from_iforward_end":{"num":2,"min":0.000000238,"max":0.000001192,"avg":0.000000715,"var":0.000000000,"sum":0.000001431}},"set_input":{"duration":{"num":2,"min":0.000000238,"max":0.000000238,"avg":0.000000238,"var":0.000000000,"sum":0.000000477},"relative_timestamp_from_iforward_start":{"num":2,"min":0.000001669,"max":0.000010967,"avg":0.000006318,"var":0.000000000,"sum":0.000012636}},"get_output":{"duration":{"num":2,"min":0.000000238,"max":0.000022888,"avg":0.000011563,"var":0.000000000,"sum":0.000023127},"relative_timestamp_from_wait_end":{"num":2,"min":0.000000238,"max":0.000000954,"avg":0.000000596,"var":0.000000000,"sum":0.000001192}}}}},"65535:65535:3669993900245843967:1":{"rpc_id":3669993900245843967,"provider_id":1,"parent_rpc_id":65535,"parent_provider_id":65535,"name":"qtn_work_rpc","origin":{"sent to ofi+cxi://0x0262a216":{"iforward":{"duration":{"num":1724,"min":0.000001431,"max":0.000034332,"avg":0.000001882,"var":0.000000004,"sum":0.003244400},"relative_timestamp_from_create":{"num":1724,"min":0.000002623,"max":0.001567125,"avg":0.000003859,"var":0.000002446,"sum":0.006653547}},"forward_cb":{"duration":{"num":1724,"min":0.000000000,"max":0.000001192,"avg":0.000000139,"var":0.000000000,"sum":0.000239849},"relative_timestamp_from_iforward_start":{"num":1724,"min":0.000229597,"max":0.030364275,"avg":0.006311441,"var":0.131779057,"sum":10.880924463}},"iforward_wait":{"duration":{"num":1724,"min":0.000228405,"max":0.030362844,"avg":0.006309938,"var":0.131779486,"sum":10.878333569},"relative_timestamp_from_iforward_end":{"num":1724,"min":0.000000000,"max":0.000000477,"avg":0.000000241,"var":0.000000000,"sum":0.000415564}},"set_input":{"duration":{"num":1724,"min":0.000000000,"max":0.000004530,"avg":0.000000136,"var":0.000000000,"sum":0.000233889},"relative_timestamp_from_iforward_start":{"num":1724,"min":0.000000477,"max":0.000006437,"avg":0.000000728,"var":0.000000000,"sum":0.001255035}},"get_output":{"duration":{"num":1724,"min":0.000000000,"max":0.000000477,"avg":0.000000087,"var":0.000000000,"sum":0.000150442},"relative_timestamp_from_wait_end":{"num":1724,"min":0.000000000,"max":0.000004053,"avg":0.000000149,"var":0.000000000,"sum":0.000256300}}}}},"65535:65535:65535:65535":{"rpc_id":65535,"provider_id":65535,"parent_rpc_id":65535,"parent_provider_id":65535,"name":"","target":{"received from <unknown>":{"bulk":{"create":{"duration":{"num":1724,"min":0.000002384,"max":0.001563072,"avg":0.000003660,"var":0.000002434,"sum":0.006310463},"size":{"num":1724,"min":4194304.000000000,"max":4194304.000000000,"avg":4194304.000000000,"var":0.000000000,"sum":7230980096.000000000}}}}}}},"hostname":"x4108c0s5b0n0","pid":37854,"cmdline":["/home/carns/working/src/spack/var/spack/environments/quintain-2025-07/.spack-env/view/bin/quintain-benchmark","-g","quintain.flock.json","-j","/home/carns/working/dbg/john-quintain-profile-example-2025-07/quintain-benchmark-bw.json","-o","/flare/radix-io/carns/quintain/6767526.aurora-pbs-0001.hostmgmt.cm.aurora.alcf.anl.gov/bw-sweep-servers408-clis816"]}