{"address":"ofi+cxi://0x0260e613","progress_loop":{"progress_with_timeout":{"num":22176,"min":0.000001192,"max":0.104374886,"avg":0.000238008,"var":0.012835165,"sum":5.278069019},"progress_timeout_value_msec":{"num":22176,"min":100.000000000,"max":100.000000000,"avg":100.000000000,"var":0.000000000,"sum":2217600.000000000},"progress_without_timeout":{"num":0,"min":0.000000000,"max":0.000000000,"avg":0.000000000,"var":0.000000000,"sum":0.000000000},"trigger":{"num":22124,"min":0.000000238,"max":0.000009537,"avg":0.000000270,"var":0.000000000,"sum":0.005968094}},"rpcs":{"65535:65535:7940397281847607295:2":{"rpc_id":7940397281847607295,"provider_id":2,"parent_rpc_id":65535,"parent_provider_id":65535,"name":"__identity__","origin":{"sent to ofi+cxi://0x0262200d":{"iforward":{"duration":{"num":1,"min":0.000130653,"max":0.000130653,"avg":0.000130653,"var":0.000000000,"sum":0.000130653},"relative_timestamp_from_create":{"num":1,"min":0.000004292,"max":0.000004292,"avg":0.000004292,"var":0.000000000,"sum":0.000004292}},"forward_cb":{"duration":{"num":1,"min":0.000002861,"max":0.000002861,"avg":0.000002861,"var":0.000000000,"sum":0.000002861},"relative_timestamp_from_iforward_start":{"num":1,"min":0.002911329,"max":0.002911329,"avg":0.002911329,"var":0.000000000,"sum":0.002911329}},"iforward_wait":{"duration":{"num":1,"min":0.002786636,"max":0.002786636,"avg":0.002786636,"var":0.000000000,"sum":0.002786636},"relative_timestamp_from_iforward_end":{"num":1,"min":0.000000238,"max":0.000000238,"avg":0.000000238,"var":0.000000000,"sum":0.000000238}},"set_input":{"duration":{"num":0,"min":0.000000000,"max":0.000000000,"avg":0.000000000,"var":0.000000000,"sum":0.000000000},"relative_timestamp_from_iforward_start":{"num":0,"min":0.000000000,"max":0.000000000,"avg":0.000000000,"var":0.000000000,"sum":0.000000000}},"get_output":{"duration":{"num":1,"min":0.000025749,"max":0.000025749,"avg":0.000025749,"var":0.000000000,"sum":0.000025749},"relative_timestamp_from_wait_end":{"num":1,"min":0.000000715,"max":0.000000715,"avg":0.000000715,"var":0.000000000,"sum":0.000000715}}}}},"65535:65535:9722976651498815487:2":{"rpc_id":9722976651498815487,"provider_id":2,"parent_rpc_id":65535,"parent_provider_id":65535,"name":"flock_get_view","origin":{"sent to ofi+cxi://0x0262200d":{"iforward":{"duration":{"num":2,"min":0.000014782,"max":0.000020742,"avg":0.000017762,"var":0.000000000,"sum":0.000035524},"relative_timestamp_from_create":{"num":2,"min":0.000000477,"max":0.000000715,"avg":0.000000596,"var":0.000000000,"sum":0.000001192}},"forward_cb":{"duration":{"num":2,"min":0.000000238,"max":0.000000954,"avg":0.000000596,"var":0.000000000,"sum":0.000001192},"relative_timestamp_from_iforward_start":{"num":2,"min":0.017096996,"max":0.033746719,"avg":0.025421858,"var":0.000138607,"sum":0.050843716}},"iforward_wait":{"duration":{"num":2,"min":0.017084122,"max":0.033726692,"avg":0.025405407,"var":0.000138488,"sum":0.050810814},"relative_timestamp_from_iforward_end":{"num":2,"min":0.000000238,"max":0.000001431,"avg":0.000000834,"var":0.000000000,"sum":0.000001669}},"set_input":{"duration":{"num":2,"min":0.000000238,"max":0.000000238,"avg":0.000000238,"var":0.000000000,"sum":0.000000477},"relative_timestamp_from_iforward_start":{"num":2,"min":0.000003338,"max":0.000006437,"avg":0.000004888,"var":0.000000000,"sum":0.000009775}},"get_output":{"duration":{"num":2,"min":0.000000238,"max":0.000033379,"avg":0.000016809,"var":0.000000001,"sum":0.000033617},"relative_timestamp_from_wait_end":{"num":2,"min":0.000000238,"max":0.000002146,"avg":0.000001192,"var":0.000000000,"sum":0.000002384}}}}},"65535:65535:3669993900245843967:1":{"rpc_id":3669993900245843967,"provider_id":1,"parent_rpc_id":65535,"parent_provider_id":65535,"name":"qtn_work_rpc","origin":{"sent to ofi+cxi://0x0262620e":{"iforward":{"duration":{"num":22120,"min":0.000001431,"max":0.000036001,"avg":0.000001615,"var":0.000000006,"sum":0.035732746},"relative_timestamp_from_create":{"num":22120,"min":0.000000000,"max":0.000001907,"avg":0.000000074,"var":0.000000000,"sum":0.001634598}},"forward_cb":{"duration":{"num":22120,"min":0.000000000,"max":0.000003099,"avg":0.000000123,"var":0.000000000,"sum":0.002718449},"relative_timestamp_from_iforward_start":{"num":22120,"min":0.000008345,"max":0.000953674,"avg":0.000233639,"var":0.000575948,"sum":5.168101311}},"iforward_wait":{"duration":{"num":22120,"min":0.000007153,"max":0.000952244,"avg":0.000232394,"var":0.000576013,"sum":5.140554667},"relative_timestamp_from_iforward_end":{"num":22120,"min":0.000000000,"max":0.000003338,"avg":0.000000175,"var":0.000000000,"sum":0.003878593}},"set_input":{"duration":{"num":22120,"min":0.000000000,"max":0.000001907,"avg":0.000000079,"var":0.000000000,"sum":0.001745462},"relative_timestamp_from_iforward_start":{"num":22120,"min":0.000000477,"max":0.000009537,"avg":0.000000698,"var":0.000000000,"sum":0.015441895}},"get_output":{"duration":{"num":22120,"min":0.000000000,"max":0.000000954,"avg":0.000000090,"var":0.000000000,"sum":0.001981735},"relative_timestamp_from_wait_end":{"num":22120,"min":0.000000000,"max":0.000003338,"avg":0.000000147,"var":0.000000000,"sum":0.003262520}}}}}},"hostname":"x4108c0s0b0n0","pid":40869,"cmdline":["/home/carns/working/src/spack/var/spack/environments/quintain-2025-07/.spack-env/view/bin/quintain-benchmark","-g","quintain.flock.json","-j","/home/carns/working/dbg/john-quintain-profile-example-2025-07/quintain-benchmark-rpc.json","-o","/flare/radix-io/carns/quintain/6767526.aurora-pbs-0001.hostmgmt.cm.aurora.alcf.anl.gov/rpc-sweep-servers408-clis816"]}