{"address":"","rpcs":{},"pools":{"__primary__":{"timestamps":[1753366941.850873470,1753366942.851313114,1753366943.851620197,1753366944.851625204,1753366945.851696253,1753366946.852431774,1753366956.002693892,1753366956.145400047],"size":[0,0,0,0,0,0,0,0],"total_size":[1,1,1,1,1,1,1,0]}}}