{"address":"","rpcs":{"qtn_work_rpc:1":{"timestamps":[1753558083.970503330,1753558084.970503569,1753558085.970504284,1753558086.970504522,1753558087.970504761,1753558088.970504999,1753558090.050910950,1753558091.091284990,1753558092.130927801,1753558093.170507431,1753558094.210713863,1753558095.251013517,1753558096.291033268,1753558097.330891848,1753558098.370605469,1753558099.411308765,1753558100.450776339,1753558101.491192579,1753558102.530807734,1753558103.570665836,1753558104.610342264,1753558105.651285172,1753558106.690491438,1753558107.730931282,1753558108.771048546,1753558109.811124802,1753558110.850341082,1753558111.890538692,1753558112.930426836,1753558113.970916748,1753558115.011367321,1753558116.050687551,1753558117.090824842,1753558118.131070852,1753558119.170347929,1753558120.210716963,1753558121.250638247,1753558122.290898323,1753558123.301977396,1753558124.324229002,1753558125.343305826,1753558126.360475063,1753558127.360475540,1753558128.372139692,1753558129.410441637,1753558130.451372862,1753558131.491073370,1753558132.508027554,1753558133.525522709,1753558134.535904884,1753558135.535905838,1753558136.539620399,1753558137.626913309,1753558138.666678190,1753558139.707101583,1753558140.747245789,1753558141.786945105,1753558142.826339483,1753558143.866729021,1753558144.907093287,1753558145.947232246,1753558146.986995697,1753558148.026492119,1753558149.067013025,1753558150.106980324,1753558151.146780014,1753558152.186654091,1753558153.226569653,1753558154.266395092,1753558155.265067816],"count":[786,10719,13080,13788,13801,13545,3364,0,0,0,0,0,0,0,0,0,0,0,0,0,0,0,0,0,0,0,0,0,0,0,0,0,0,0,0,0,0,0,280,346,274,222,296,277,305,0,0,252,262,208,198,288,48,0,0,0,0,0,0,0,0,0,0,0,0,0,0,0,0,0],"bulk_size":[0,0,0,0,0,0,0,0,0,0,0,0,0,0,0,0,0,0,0,0,0,0,0,0,0,0,0,0,0,0,0,0,0,0,0,0,0,0,1174405120,1451229184,1149239296,931135488,1241513984,1161822208,1279262720,0,0,1056964608,1098907648,872415232,830472192,1207959552,201326592,0,0,0,0,0,0,0,0,0,0,0,0,0,0,0,0,0]},"__shutdown__:65535":{"timestamps":[1753558155.265067816],"count":[1],"bulk_size":[0]}},"pools":{"__primary__":{"timestamps":[1753558039.293325186,1753558040.335101843,1753558041.375058413,1753558042.414768696,1753558043.455013037,1753558044.495152473,1753558045.535137892,1753558046.574984789,1753558047.614603281,1753558048.655367851,1753558049.695107222,1753558050.735071182,1753558051.774516821,1753558052.814963341,1753558053.855242014,1753558054.895008326,1753558055.934750319,1753558056.974341393,1753558058.014409542,1753558059.054904222,1753558060.095185280,1753558061.130362034,1753558062.170808315,1753558063.210479259,1753558064.251059294,1753558065.290548563,1753558066.330697060,1753558067.370986223,1753558068.410513401,1753558069.450914621,1753558070.491277933,1753558071.531117201,1753558072.570949793,1753558073.610751390,1753558074.650789738,1753558075.690891266,1753558076.731329918,1753558077.770394802,1753558078.810690165,1753558079.851063013,1753558080.890617371,1753558081.930588007,1753558082.970503092,1753558083.970503330,1753558084.970503569,1753558085.970504284,1753558086.970504522,1753558087.970504761,1753558088.970504999,1753558090.050910950,1753558091.091284990,1753558092.130927801,1753558093.170507431,1753558094.210713863,1753558095.251013517,1753558096.291033268,1753558097.330891848,1753558098.370605469,1753558099.411308765,1753558100.450776339,1753558101.491192579,1753558102.530807734,1753558103.570665836,1753558104.610342264,1753558105.651285172,1753558106.690491438,1753558107.730931282,1753558108.771048546,1753558109.811124802,1753558110.850341082,1753558111.890538692,1753558112.930426836,1753558113.970916748,1753558115.011367321,1753558116.050687551,1753558117.090824842,1753558118.131070852,1753558119.170347929,1753558120.210716963,1753558121.250638247,1753558122.290898323,1753558123.301977396,1753558124.324229002,1753558125.343305826,1753558126.360475063,1753558127.360475540,1753558128.372139692,1753558129.410441637,1753558130.451372862,1753558131.491073370,1753558132.508027554,1753558133.525522709,1753558134.535904884,1753558135.535905838,1753558136.539620399,1753558137.626913309,1753558138.666678190,1753558139.707101583,1753558140.747245789,1753558141.786945105,1753558142.826339483,1753558143.866729021,1753558144.907093287,1753558145.947232246,1753558146.986995697,1753558148.026492119,1753558149.067013025,1753558150.106980324,1753558151.146780014,1753558152.186654091,1753558153.226569653,1753558154.266395092,1753558155.265067816],"size":[0,0,0,0,0,0,0,0,0,0,0,0,0,0,0,0,0,0,0,0,0,0,0,0,0,0,0,0,0,0,0,0,0,0,0,0,0,0,0,0,0,0,0,0,0,0,0,0,0,0,0,0,0,0,0,0,0,0,0,0,0,0,0,0,0,0,0,0,0,0,0,0,0,0,0,0,0,0,0,0,0,0,0,0,0,0,0,0,0,0,0,0,0,0,0,0,0,0,0,0,0,0,0,0,0,0,0,0,0,0,0,0,0],"total_size":[1,1,1,1,1,1,1,1,1,1,1,1,1,1,1,1,1,1,1,1,1,1,1,1,1,1,1,1,1,1,1,1,1,1,1,1,1,1,1,1,1,1,1,1,1,1,1,1,1,1,1,1,1,1,1,1,1,1,1,1,1,1,1,1,1,1,1,1,1,1,1,1,1,1,1,1,1,1,1,1,1,2,3,3,2,3,3,1,1,1,2,2,3,3,3,1,1,1,1,1,1,1,1,1,1,1,1,1,1,1,1,1,0]}}}