{"address":"","rpcs":{},"pools":{"__primary__":{"timestamps":[1753558083.759982347,1753558084.760240555,1753558085.760505915,1753558086.760756016,1753558089.214511871,1753558094.585117102,1753558094.709666967],"size":[0,0,0,0,0,0,0],"total_size":[1,1,1,1,1,1,0]}}}