{"address":"","rpcs":{},"pools":{"__primary__":{"timestamps":[1753558083.758293152,1753558084.758477449,1753558085.758529663,1753558086.758560896,1753558087.758578777,1753558088.758802652,1753558094.583054304,1753558094.702376604],"size":[0,0,0,0,0,0,0,0],"total_size":[1,1,1,1,1,1,1,0]}}}