{"address":"","rpcs":{},"pools":{"__primary__":{"timestamps":[1753367037.315160751,1753367038.331098318,1753367039.343875647,1753367040.356248856,1753367041.356559992,1753367047.147627354,1753367048.148081541,1753367049.156739712,1753367050.167812347,1753367051.178025007,1753367052.523015976,1753367052.642273188],"size":[0,0,0,0,0,0,0,0,0,0,0,0],"total_size":[1,1,1,1,1,1,1,1,1,1,1,0]}}}