{"address":"","progress_loop":{"progress_with_timeout":{"num":1555,"min":0.000001431,"max":0.101415157,"avg":0.008495419,"var":0.156331592,"sum":13.210376024},"progress_timeout_value_msec":{"num":1555,"min":100.000000000,"max":100.000000000,"avg":100.000000000,"var":0.000000000,"sum":155500.000000000},"progress_without_timeout":{"num":0,"min":0.000000000,"max":0.000000000,"avg":0.000000000,"var":0.000000000,"sum":0.000000000},"trigger":{"num":1547,"min":0.000000238,"max":0.000006914,"avg":0.000000292,"var":0.000000000,"sum":0.000452280}},"rpcs":{"65535:65535:7940397281847607295:2":{"rpc_id":7940397281847607295,"provider_id":2,"parent_rpc_id":65535,"parent_provider_id":65535,"name":"__identity__","origin":{"sent to ofi+cxi://0x06f2600c":{"iforward":{"duration":{"num":1,"min":0.000109196,"max":0.000109196,"avg":0.000109196,"var":0.000000000,"sum":0.000109196},"relative_timestamp_from_create":{"num":1,"min":0.000003099,"max":0.000003099,"avg":0.000003099,"var":0.000000000,"sum":0.000003099}},"forward_cb":{"duration":{"num":1,"min":0.000004053,"max":0.000004053,"avg":0.000004053,"var":0.000000000,"sum":0.000004053},"relative_timestamp_from_iforward_start":{"num":1,"min":0.003107309,"max":0.003107309,"avg":0.003107309,"var":0.000000000,"sum":0.003107309}},"iforward_wait":{"duration":{"num":1,"min":0.003005981,"max":0.003005981,"avg":0.003005981,"var":0.000000000,"sum":0.003005981},"relative_timestamp_from_iforward_end":{"num":1,"min":0.000000477,"max":0.000000477,"avg":0.000000477,"var":0.000000000,"sum":0.000000477}},"set_input":{"duration":{"num":0,"min":0.000000000,"max":0.000000000,"avg":0.000000000,"var":0.000000000,"sum":0.000000000},"relative_timestamp_from_iforward_start":{"num":0,"min":0.000000000,"max":0.000000000,"avg":0.000000000,"var":0.000000000,"sum":0.000000000}},"get_output":{"duration":{"num":1,"min":0.000014067,"max":0.000014067,"avg":0.000014067,"var":0.000000000,"sum":0.000014067},"relative_timestamp_from_wait_end":{"num":1,"min":0.000001192,"max":0.000001192,"avg":0.000001192,"var":0.000000000,"sum":0.000001192}}}}},"65535:65535:9722976651498815487:2":{"rpc_id":9722976651498815487,"provider_id":2,"parent_rpc_id":65535,"parent_provider_id":65535,"name":"flock_get_view","origin":{"sent to ofi+cxi://0x06f2600c":{"iforward":{"duration":{"num":2,"min":0.000011683,"max":0.000020266,"avg":0.000015974,"var":0.000000000,"sum":0.000031948},"relative_timestamp_from_create":{"num":2,"min":0.000000238,"max":0.000001192,"avg":0.000000715,"var":0.000000000,"sum":0.000001431}},"forward_cb":{"duration":{"num":2,"min":0.000000238,"max":0.000000238,"avg":0.000000238,"var":0.000000000,"sum":0.000000477},"relative_timestamp_from_iforward_start":{"num":2,"min":0.009819746,"max":0.016324282,"avg":0.013072014,"var":0.000021154,"sum":0.026144028}},"iforward_wait":{"duration":{"num":2,"min":0.009799004,"max":0.016313076,"avg":0.013056040,"var":0.000021217,"sum":0.026112080},"relative_timestamp_from_iforward_end":{"num":2,"min":0.000000238,"max":0.000001431,"avg":0.000000834,"var":0.000000000,"sum":0.000001669}},"set_input":{"duration":{"num":2,"min":0.000000000,"max":0.000000238,"avg":0.000000119,"var":0.000000000,"sum":0.000000238},"relative_timestamp_from_iforward_start":{"num":2,"min":0.000001192,"max":0.000005960,"avg":0.000003576,"var":0.000000000,"sum":0.000007153}},"get_output":{"duration":{"num":2,"min":0.000000238,"max":0.000035524,"avg":0.000017881,"var":0.000000001,"sum":0.000035763},"relative_timestamp_from_wait_end":{"num":2,"min":0.000000238,"max":0.000001192,"avg":0.000000715,"var":0.000000000,"sum":0.000001431}}}}},"65535:65535:3669993900245843967:1":{"rpc_id":3669993900245843967,"provider_id":1,"parent_rpc_id":65535,"parent_provider_id":65535,"name":"qtn_work_rpc","origin":{"sent to ofi+cxi://0x06f58416":{"iforward":{"duration":{"num":1543,"min":0.000001431,"max":0.000033855,"avg":0.000001831,"var":0.000000004,"sum":0.002825499},"relative_timestamp_from_create":{"num":1543,"min":0.000002384,"max":0.001767874,"avg":0.000003983,"var":0.000003114,"sum":0.006145716}},"forward_cb":{"duration":{"num":1543,"min":0.000000000,"max":0.000001669,"avg":0.000000124,"var":0.000000000,"sum":0.000191450},"relative_timestamp_from_iforward_start":{"num":1543,"min":0.000221491,"max":0.031339407,"avg":0.008479420,"var":0.147028044,"sum":13.083745003}},"iforward_wait":{"duration":{"num":1543,"min":0.000219822,"max":0.031338215,"avg":0.008477907,"var":0.147027552,"sum":13.081410885},"relative_timestamp_from_iforward_end":{"num":1543,"min":0.000000000,"max":0.000000715,"avg":0.000000254,"var":0.000000000,"sum":0.000391483}},"set_input":{"duration":{"num":1543,"min":0.000000000,"max":0.000005245,"avg":0.000000128,"var":0.000000000,"sum":0.000196934},"relative_timestamp_from_iforward_start":{"num":1543,"min":0.000000477,"max":0.000009298,"avg":0.000000730,"var":0.000000000,"sum":0.001126766}},"get_output":{"duration":{"num":1543,"min":0.000000000,"max":0.000000477,"avg":0.000000091,"var":0.000000000,"sum":0.000139713},"relative_timestamp_from_wait_end":{"num":1543,"min":0.000000000,"max":0.000003099,"avg":0.000000143,"var":0.000000000,"sum":0.000220299}}}}},"65535:65535:65535:65535":{"rpc_id":65535,"provider_id":65535,"parent_rpc_id":65535,"parent_provider_id":65535,"name":"","target":{"received from <unknown>":{"bulk":{"create":{"duration":{"num":1543,"min":0.000002146,"max":0.001763344,"avg":0.000003787,"var":0.000003098,"sum":0.005843401},"size":{"num":1543,"min":4194304.000000000,"max":4194304.000000000,"avg":4194304.000000000,"var":0.000000000,"sum":6471811072.000000000}}}}}}},"hostname":"x4418c0s3b0n0","pid":9591,"cmdline":["/home/carns/working/src/spack/var/spack/environments/quintain-2025-07/.spack-env/view/bin/quintain-benchmark","-g","quintain.flock.json","-j","/home/carns/working/dbg/john-quintain-profile-example-2025-07/quintain-benchmark-bw.json","-o","/flare/radix-io/carns/quintain/6710290.aurora-pbs-0001.hostmgmt.cm.aurora.alcf.anl.gov/bw-sweep-servers408-clis816"]}