{"address":"","progress_loop":{"progress_with_timeout":{"num":2297,"min":0.000001431,"max":0.106451511,"avg":0.082297533,"var":4.080514167,"sum":189.037433147},"progress_timeout_value_msec":{"num":2297,"min":100.000000000,"max":100.000000000,"avg":100.000000000,"var":0.000000000,"sum":229700.000000000},"progress_without_timeout":{"num":15692411,"min":0.000000000,"max":0.000546217,"avg":0.000000154,"var":0.000000992,"sum":2.418807268},"trigger":{"num":97550,"min":0.000000000,"max":0.000485182,"avg":0.000000602,"var":0.000000288,"sum":0.058691263}},"rpcs":{"65535:65535:3669993900245843967:1":{"rpc_id":3669993900245843967,"provider_id":1,"parent_rpc_id":65535,"parent_provider_id":65535,"name":"qtn_work_rpc","target":{"received from ofi+cxi://0x06f0260d":{"handler":{"duration":{"num":22134,"min":0.000000477,"max":0.000482798,"avg":0.000000583,"var":0.000000238,"sum":0.012909412}},"ult":{"duration":{"num":22134,"min":0.000004530,"max":0.000538111,"avg":0.000004901,"var":0.000000302,"sum":0.108484745},"relative_timestamp_from_handler_start":{"num":22134,"min":0.000000715,"max":0.000484943,"avg":0.000000951,"var":0.000000250,"sum":0.021039724}},"irespond":{"duration":{"num":22134,"min":0.000000238,"max":0.000041485,"avg":0.000000483,"var":0.000000004,"sum":0.010691404},"relative_timestamp_from_ult_start":{"num":22134,"min":0.000000238,"max":0.000019312,"avg":0.000000305,"var":0.000000001,"sum":0.006759167}},"respond_cb":{"duration":{"num":22134,"min":0.000000000,"max":0.000000954,"avg":0.000000106,"var":0.000000000,"sum":0.002354145},"relative_timestamp_from_irespond_start":{"num":22134,"min":0.000003576,"max":0.000529766,"avg":0.000003985,"var":0.000000289,"sum":0.088203430}},"irespond_wait":{"duration":{"num":22134,"min":0.000001192,"max":0.000536680,"avg":0.000003720,"var":0.000000293,"sum":0.082332373},"relative_timestamp_from_irespond_end":{"num":22134,"min":0.000000000,"max":0.000025749,"avg":0.000000185,"var":0.000000001,"sum":0.004100323}},"set_output":{"duration":{"num":22134,"min":0.000000000,"max":0.000000238,"avg":0.000000062,"var":0.000000000,"sum":0.001370192},"relative_timestamp_from_irespond_start":{"num":22134,"min":0.000000000,"max":0.000040770,"avg":0.000000082,"var":0.000000002,"sum":0.001815796}},"get_input":{"duration":{"num":22134,"min":0.000000000,"max":0.000019073,"avg":0.000000112,"var":0.000000001,"sum":0.002477169},"relative_timestamp_from_ult_start":{"num":22134,"min":0.000000000,"max":0.000001192,"avg":0.000000125,"var":0.000000000,"sum":0.002755880}}},"received from ofi+cxi://0x06f0e010":{"handler":{"duration":{"num":22077,"min":0.000000477,"max":0.000017881,"avg":0.000000578,"var":0.000000007,"sum":0.012771368}},"ult":{"duration":{"num":22077,"min":0.000004530,"max":0.000503540,"avg":0.000004936,"var":0.000000488,"sum":0.108981371},"relative_timestamp_from_handler_start":{"num":22077,"min":0.000000715,"max":0.000032425,"avg":0.000000947,"var":0.000000019,"sum":0.020915747}},"irespond":{"duration":{"num":22077,"min":0.000000238,"max":0.000030518,"avg":0.000000491,"var":0.000000003,"sum":0.010828972},"relative_timestamp_from_ult_start":{"num":22077,"min":0.000000238,"max":0.000027418,"avg":0.000000303,"var":0.000000001,"sum":0.006680250}},"respond_cb":{"duration":{"num":22077,"min":0.000000000,"max":0.000000477,"avg":0.000000109,"var":0.000000000,"sum":0.002411127},"relative_timestamp_from_irespond_start":{"num":22077,"min":0.000003576,"max":0.000500917,"avg":0.000004018,"var":0.000000479,"sum":0.088699579}},"irespond_wait":{"duration":{"num":22077,"min":0.000001192,"max":0.000502348,"avg":0.000003750,"var":0.000000477,"sum":0.082782030},"relative_timestamp_from_irespond_end":{"num":22077,"min":0.000000000,"max":0.000007153,"avg":0.000000184,"var":0.000000000,"sum":0.004060268}},"set_output":{"duration":{"num":22077,"min":0.000000000,"max":0.000006914,"avg":0.000000064,"var":0.000000000,"sum":0.001423597},"relative_timestamp_from_irespond_start":{"num":22077,"min":0.000000000,"max":0.000000477,"avg":0.000000082,"var":0.000000000,"sum":0.001806259}},"get_input":{"duration":{"num":22077,"min":0.000000000,"max":0.000027418,"avg":0.000000109,"var":0.000000001,"sum":0.002395868},"relative_timestamp_from_ult_start":{"num":22077,"min":0.000000000,"max":0.000000715,"avg":0.000000125,"var":0.000000000,"sum":0.002758980}}},"received from ofi+cxi://0x06f0260c":{"handler":{"duration":{"num":1548,"min":0.000000238,"max":0.000014067,"avg":0.000001136,"var":0.000000001,"sum":0.001757860}},"ult":{"duration":{"num":1548,"min":0.000189543,"max":0.024091005,"avg":0.005376858,"var":0.101469147,"sum":8.323376656},"relative_timestamp_from_handler_start":{"num":1548,"min":0.000000477,"max":0.035990238,"avg":0.000841136,"var":0.024277416,"sum":1.302078009}},"irespond":{"duration":{"num":1548,"min":0.000000238,"max":0.000013113,"avg":0.000000937,"var":0.000000001,"sum":0.001451015},"relative_timestamp_from_ult_start":{"num":1548,"min":0.000182629,"max":0.023861170,"avg":0.005234880,"var":0.101275297,"sum":8.103594303}},"respond_cb":{"duration":{"num":1548,"min":0.000000000,"max":0.000002146,"avg":0.000000141,"var":0.000000000,"sum":0.000217676},"relative_timestamp_from_irespond_start":{"num":1548,"min":0.000003576,"max":0.019553661,"avg":0.000096155,"var":0.000464136,"sum":0.148847342}},"irespond_wait":{"duration":{"num":1548,"min":0.000003099,"max":0.021467447,"avg":0.000108425,"var":0.000757441,"sum":0.167841196},"relative_timestamp_from_irespond_end":{"num":1548,"min":0.000000000,"max":0.000002623,"avg":0.000000282,"var":0.000000000,"sum":0.000437021}},"set_output":{"duration":{"num":1548,"min":0.000000000,"max":0.000002861,"avg":0.000000130,"var":0.000000000,"sum":0.000200987},"relative_timestamp_from_irespond_start":{"num":1548,"min":0.000000000,"max":0.000003099,"avg":0.000000214,"var":0.000000000,"sum":0.000331402}},"get_input":{"duration":{"num":1548,"min":0.000000000,"max":0.000038624,"avg":0.000000517,"var":0.000000002,"sum":0.000799894},"relative_timestamp_from_ult_start":{"num":1548,"min":0.000000000,"max":0.000005484,"avg":0.000000195,"var":0.000000000,"sum":0.000301361}},"bulk":{"create":{"duration":{"num":1548,"min":0.000002146,"max":0.021787882,"avg":0.004096016,"var":0.089285345,"sum":6.340633392},"size":{"num":1548,"min":4194304.000000000,"max":4194304.000000000,"avg":4194304.000000000,"var":0.000000000,"sum":6492782592.000000000}},"pull from ofi+cxi://0x06f0260c":{"itransfer":{"duration":{"num":1548,"min":0.000000477,"max":0.000024319,"avg":0.000002268,"var":0.000000006,"sum":0.003510237},"size":{"num":1548,"min":4194304.000000000,"max":4194304.000000000,"avg":4194304.000000000,"var":0.000000000,"sum":6492782592.000000000}},"transfer_cb":{"duration":{"num":1548,"min":0.000000000,"max":0.000007868,"avg":0.000000196,"var":0.000000000,"sum":0.000302792},"relative_timestamp_from_itransfer_start":{"num":1548,"min":0.000179291,"max":0.021297455,"avg":0.001121150,"var":0.001855105,"sum":1.735539436}},"itransfer_wait":{"duration":{"num":1548,"min":0.000178576,"max":0.021299362,"avg":0.001131556,"var":0.002188649,"sum":1.751649141},"relative_timestamp_from_itransfer_end":{"num":1548,"min":0.000000000,"max":0.000004530,"avg":0.000000333,"var":0.000000000,"sum":0.000516176}}}}},"received from ofi+cxi://0x06f06212":{"handler":{"duration":{"num":1494,"min":0.000000477,"max":0.000014544,"avg":0.000001049,"var":0.000000001,"sum":0.001567602}},"ult":{"duration":{"num":1494,"min":0.000213385,"max":0.037873268,"avg":0.004672972,"var":0.078680008,"sum":6.981419563},"relative_timestamp_from_handler_start":{"num":1494,"min":0.000000715,"max":0.021760464,"avg":0.001484354,"var":0.039215336,"sum":2.217624664}},"irespond":{"duration":{"num":1494,"min":0.000000238,"max":0.000006676,"avg":0.000000902,"var":0.000000001,"sum":0.001348257},"relative_timestamp_from_ult_start":{"num":1494,"min":0.000184536,"max":0.037861109,"avg":0.004517946,"var":0.078365843,"sum":6.749811411}},"respond_cb":{"duration":{"num":1494,"min":0.000000000,"max":0.000003815,