{"address":"ofi+cxi://0x02612019","progress_loop":{"progress_with_timeout":{"num":1291,"min":0.000001431,"max":0.101278305,"avg":0.010363876,"var":0.134616636,"sum":13.379764318},"progress_timeout_value_msec":{"num":1291,"min":100.000000000,"max":100.000000000,"avg":100.000000000,"var":0.000000000,"sum":129100.000000000},"progress_without_timeout":{"num":0,"min":0.000000000,"max":0.000000000,"avg":0.000000000,"var":0.000000000,"sum":0.000000000},"trigger":{"num":1279,"min":0.000000238,"max":0.000011206,"avg":0.000000368,"var":0.000000000,"sum":0.000470400}},"rpcs":{"65535:65535:7940397281847607295:2":{"rpc_id":7940397281847607295,"provider_id":2,"parent_rpc_id":65535,"parent_provider_id":65535,"name":"__identity__","origin":{"sent to ofi+cxi://0x0262200d":{"iforward":{"duration":{"num":1,"min":0.001760483,"max":0.001760483,"avg":0.001760483,"var":0.000000000,"sum":0.001760483},"relative_timestamp_from_create":{"num":1,"min":0.000002861,"max":0.000002861,"avg":0.000002861,"var":0.000000000,"sum":0.000002861}},"forward_cb":{"duration":{"num":1,"min":0.000010014,"max":0.000010014,"avg":0.000010014,"var":0.000000000,"sum":0.000010014},"relative_timestamp_from_iforward_start":{"num":1,"min":0.006645679,"max":0.006645679,"avg":0.006645679,"var":0.000000000,"sum":0.006645679}},"iforward_wait":{"duration":{"num":1,"min":0.004901171,"max":0.004901171,"avg":0.004901171,"var":0.000000000,"sum":0.004901171},"relative_timestamp_from_iforward_end":{"num":1,"min":0.000000238,"max":0.000000238,"avg":0.000000238,"var":0.000000000,"sum":0.000000238}},"set_input":{"duration":{"num":0,"min":0.000000000,"max":0.000000000,"avg":0.000000000,"var":0.000000000,"sum":0.000000000},"relative_timestamp_from_iforward_start":{"num":0,"min":0.000000000,"max":0.000000000,"avg":0.000000000,"var":0.000000000,"sum":0.000000000}},"get_output":{"duration":{"num":1,"min":0.000008106,"max":0.000008106,"avg":0.000008106,"var":0.000000000,"sum":0.000008106},"relative_timestamp_from_wait_end":{"num":1,"min":0.000001431,"max":0.000001431,"avg":0.000001431,"var":0.000000000,"sum":0.000001431}}}}},"65535:65535:9722976651498815487:2":{"rpc_id":9722976651498815487,"provider_id":2,"parent_rpc_id":65535,"parent_provider_id":65535,"name":"flock_get_view","origin":{"sent to ofi+cxi://0x0262200d":{"iforward":{"duration":{"num":2,"min":0.000012398,"max":0.000040293,"avg":0.000026345,"var":0.000000000,"sum":0.000052691},"relative_timestamp_from_create":{"num":2,"min":0.000000238,"max":0.000001192,"avg":0.000000715,"var":0.000000000,"sum":0.000001431}},"forward_cb":{"duration":{"num":2,"min":0.000000238,"max":0.000000477,"avg":0.000000358,"var":0.000000000,"sum":0.000000715},"relative_timestamp_from_iforward_start":{"num":2,"min":0.011634827,"max":0.018211603,"avg":0.014923215,"var":0.000021627,"sum":0.029846430}},"iforward_wait":{"duration":{"num":2,"min":0.011623144,"max":0.018171072,"avg":0.014897108,"var":0.000021438,"sum":0.029794216},"relative_timestamp_from_iforward_end":{"num":2,"min":0.000000000,"max":0.000001431,"avg":0.000000715,"var":0.000000000,"sum":0.000001431}},"set_input":{"duration":{"num":2,"min":0.000000238,"max":0.000000238,"avg":0.000000238,"var":0.000000000,"sum":0.000000477},"relative_timestamp_from_iforward_start":{"num":2,"min":0.000001907,"max":0.000011444,"avg":0.000006676,"var":0.000000000,"sum":0.000013351}},"get_output":{"duration":{"num":2,"min":0.000000477,"max":0.000035286,"avg":0.000017881,"var":0.000000001,"sum":0.000035763},"relative_timestamp_from_wait_end":{"num":2,"min":0.000000238,"max":0.000000954,"avg":0.000000596,"var":0.000000000,"sum":0.000001192}}}}},"65535:65535:3669993900245843967:1":{"rpc_id":3669993900245843967,"provider_id":1,"parent_rpc_id":65535,"parent_provider_id":65535,"name":"qtn_work_rpc","origin":{"sent to ofi+cxi://0x0262220f":{"iforward":{"duration":{"num":1275,"min":0.000001431,"max":0.000036716,"avg":0.000002523,"var":0.000000008,"sum":0.003217220},"relative_timestamp_from_create":{"num":1275,"min":0.000002623,"max":0.001863956,"avg":0.000004685,"var":0.000003461,"sum":0.005973577}},"forward_cb":{"duration":{"num":1275,"min":0.000000000,"max":0.000001192,"avg":0.000000170,"var":0.000000000,"sum":0.000216961},"relative_timestamp_from_iforward_start":{"num":1275,"min":0.000198126,"max":0.041668653,"avg":0.010390603,"var":0.124980788,"sum":13.248018265}},"iforward_wait":{"duration":{"num":1275,"min":0.000196934,"max":0.041666985,"avg":0.010388557,"var":0.124971812,"sum":13.245410204},"relative_timestamp_from_iforward_end":{"num":1275,"min":0.000000000,"max":0.000000477,"avg":0.000000257,"var":0.000000000,"sum":0.000328064}},"set_input":{"duration":{"num":1275,"min":0.000000000,"max":0.000005007,"avg":0.000000211,"var":0.000000000,"sum":0.000268936},"relative_timestamp_from_iforward_start":{"num":1275,"min":0.000000477,"max":0.000016212,"avg":0.000000968,"var":0.000000001,"sum":0.001234055}},"get_output":{"duration":{"num":1275,"min":0.000000000,"max":0.000000477,"avg":0.000000107,"var":0.000000000,"sum":0.000136137},"relative_timestamp_from_wait_end":{"num":1275,"min":0.000000000,"max":0.000001431,"avg":0.000000160,"var":0.000000000,"sum":0.000204325}}}}},"65535:65535:65535:65535":{"rpc_id":65535,"provider_id":65535,"parent_rpc_id":65535,"parent_provider_id":65535,"name":"","target":{"received from <unknown>":{"bulk":{"create":{"duration":{"num":1275,"min":0.000002384,"max":0.001859426,"avg":0.000004457,"var":0.000003445,"sum":0.005683184},"size":{"num":1275,"min":4194304.000000000,"max":4194304.000000000,"avg":4194304.000000000,"var":0.000000000,"sum":5347737600.000000000}}}}}}},"hostname":"x4108c0s4b0n0","pid":194866,"cmdline":["/home/carns/working/src/spack/var/spack/environments/quintain-2025-07/.spack-env/view/bin/quintain-benchmark","-g","quintain.flock.json","-j","/home/carns/working/dbg/john-quintain-profile-example-2025-07/quintain-benchmark-bw.json","-o","/flare/radix-io/carns/quintain/6767526.aurora-pbs-0001.hostmgmt.cm.aurora.alcf.anl.gov/bw-sweep-servers408-clis816"]}