{"address":"","rpcs":{},"pools":{"__primary__":{"timestamps":[1753367037.309274673,1753367038.316968679,1753367039.339109182,1753367040.341203213,1753367041.354380369,1753367042.376293182,1753367043.381900787,1753367044.389941454,1753367045.400047064,1753367047.154892683,1753367048.175860643,1753367049.176274061,1753367050.184345007,1753367051.202904940,1753367052.522264719,1753367052.657924891],"size":[0,0,0,0,0,0,0,0,0,0,0,0,0,0,0,0],"total_size":[1,1,1,1,1,1,1,1,1,1,1,1,1,1,1,0]}}}