{"address":"ofi+cxi://0x02614410","progress_loop":{"progress_with_timeout":{"num":30329,"min":0.000000954,"max":0.101329327,"avg":0.000171541,"var":0.012484244,"sum":5.202676296},"progress_timeout_value_msec":{"num":30329,"min":100.000000000,"max":100.000000000,"avg":100.000000000,"var":0.000000000,"sum":3032900.000000000},"progress_without_timeout":{"num":0,"min":0.000000000,"max":0.000000000,"avg":0.000000000,"var":0.000000000,"sum":0.000000000},"trigger":{"num":30264,"min":0.000000238,"max":0.000006914,"avg":0.000000275,"var":0.000000000,"sum":0.008325100}},"rpcs":{"65535:65535:7940397281847607295:2":{"rpc_id":7940397281847607295,"provider_id":2,"parent_rpc_id":65535,"parent_provider_id":65535,"name":"__identity__","origin":{"sent to ofi+cxi://0x0262200d":{"iforward":{"duration":{"num":1,"min":0.000093222,"max":0.000093222,"avg":0.000093222,"var":0.000000000,"sum":0.000093222},"relative_timestamp_from_create":{"num":1,"min":0.000002861,"max":0.000002861,"avg":0.000002861,"var":0.000000000,"sum":0.000002861}},"forward_cb":{"duration":{"num":1,"min":0.000003099,"max":0.000003099,"avg":0.000003099,"var":0.000000000,"sum":0.000003099},"relative_timestamp_from_iforward_start":{"num":1,"min":0.009003401,"max":0.009003401,"avg":0.009003401,"var":0.000000000,"sum":0.009003401}},"iforward_wait":{"duration":{"num":1,"min":0.008917332,"max":0.008917332,"avg":0.008917332,"var":0.000000000,"sum":0.008917332},"relative_timestamp_from_iforward_end":{"num":1,"min":0.000000477,"max":0.000000477,"avg":0.000000477,"var":0.000000000,"sum":0.000000477}},"set_input":{"duration":{"num":0,"min":0.000000000,"max":0.000000000,"avg":0.000000000,"var":0.000000000,"sum":0.000000000},"relative_timestamp_from_iforward_start":{"num":0,"min":0.000000000,"max":0.000000000,"avg":0.000000000,"var":0.000000000,"sum":0.000000000}},"get_output":{"duration":{"num":1,"min":0.000005722,"max":0.000005722,"avg":0.000005722,"var":0.000000000,"sum":0.000005722},"relative_timestamp_from_wait_end":{"num":1,"min":0.000000954,"max":0.000000954,"avg":0.000000954,"var":0.000000000,"sum":0.000000954}}}}},"65535:65535:9722976651498815487:2":{"rpc_id":9722976651498815487,"provider_id":2,"parent_rpc_id":65535,"parent_provider_id":65535,"name":"flock_get_view","origin":{"sent to ofi+cxi://0x0262200d":{"iforward":{"duration":{"num":2,"min":0.000012159,"max":0.000019073,"avg":0.000015616,"var":0.000000000,"sum":0.000031233},"relative_timestamp_from_create":{"num":2,"min":0.000000238,"max":0.000001431,"avg":0.000000834,"var":0.000000000,"sum":0.000001669}},"forward_cb":{"duration":{"num":2,"min":0.000000238,"max":0.000000477,"avg":0.000000358,"var":0.000000000,"sum":0.000000715},"relative_timestamp_from_iforward_start":{"num":2,"min":0.019250154,"max":0.030289888,"avg":0.024770021,"var":0.000060938,"sum":0.049540043}},"iforward_wait":{"duration":{"num":2,"min":0.019238472,"max":0.030270576,"avg":0.024754524,"var":0.000060854,"sum":0.049509048},"relative_timestamp_from_iforward_end":{"num":2,"min":0.000000238,"max":0.000001431,"avg":0.000000834,"var":0.000000000,"sum":0.000001669}},"set_input":{"duration":{"num":2,"min":0.000000238,"max":0.000000238,"avg":0.000000238,"var":0.000000000,"sum":0.000000477},"relative_timestamp_from_iforward_start":{"num":2,"min":0.000001192,"max":0.000005245,"avg":0.000003219,"var":0.000000000,"sum":0.000006437}},"get_output":{"duration":{"num":2,"min":0.000000238,"max":0.000032663,"avg":0.000016451,"var":0.000000001,"sum":0.000032902},"relative_timestamp_from_wait_end":{"num":2,"min":0.000000238,"max":0.000001192,"avg":0.000000715,"var":0.000000000,"sum":0.000001431}}}}},"65535:65535:3669993900245843967:1":{"rpc_id":3669993900245843967,"provider_id":1,"parent_rpc_id":65535,"parent_provider_id":65535,"name":"qtn_work_rpc","origin":{"sent to ofi+cxi://0x0262a20e":{"iforward":{"duration":{"num":30260,"min":0.000001431,"max":0.000036001,"avg":0.000001590,"var":0.000000005,"sum":0.048108339},"relative_timestamp_from_create":{"num":30260,"min":0.000000000,"max":0.000002146,"avg":0.000000074,"var":0.000000000,"sum":0.002227306}},"forward_cb":{"duration":{"num":30260,"min":0.000000000,"max":0.000001431,"avg":0.000000126,"var":0.000000000,"sum":0.003813982},"relative_timestamp_from_iforward_start":{"num":30260,"min":0.000008583,"max":0.000700951,"avg":0.000168802,"var":0.000912283,"sum":5.107941628}},"iforward_wait":{"duration":{"num":30260,"min":0.000004053,"max":0.000700474,"avg":0.000167580,"var":0.000912212,"sum":5.070966959},"relative_timestamp_from_iforward_end":{"num":30260,"min":0.000000000,"max":0.000004530,"avg":0.000000183,"var":0.000000000,"sum":0.005549192}},"set_input":{"duration":{"num":30260,"min":0.000000000,"max":0.000002146,"avg":0.000000081,"var":0.000000000,"sum":0.002445698},"relative_timestamp_from_iforward_start":{"num":30260,"min":0.000000477,"max":0.000007153,"avg":0.000000695,"var":0.000000000,"sum":0.021036386}},"get_output":{"duration":{"num":30260,"min":0.000000000,"max":0.000003099,"avg":0.000000089,"var":0.000000000,"sum":0.002691746},"relative_timestamp_from_wait_end":{"num":30260,"min":0.000000000,"max":0.000001907,"avg":0.000000145,"var":0.000000000,"sum":0.004389286}}}}}},"hostname":"x4108c0s1b0n0","pid":195863,"cmdline":["/home/carns/working/src/spack/var/spack/environments/quintain-2025-07/.spack-env/view/bin/quintain-benchmark","-g","quintain.flock.json","-j","/home/carns/working/dbg/john-quintain-profile-example-2025-07/quintain-benchmark-rpc.json","-o","/flare/radix-io/carns/quintain/6767526.aurora-pbs-0001.hostmgmt.cm.aurora.alcf.anl.gov/rpc-sweep-servers408-clis816"]}