{"address":"","progress_loop":{"progress_with_timeout":{"num":1750,"min":0.000001431,"max":0.103807211,"avg":0.006897489,"var":0.168058306,"sum":12.070605755},"progress_timeout_value_msec":{"num":1750,"min":100.000000000,"max":100.000000000,"avg":100.000000000,"var":0.000000000,"sum":175000.000000000},"progress_without_timeout":{"num":0,"min":0.000000000,"max":0.000000000,"avg":0.000000000,"var":0.000000000,"sum":0.000000000},"trigger":{"num":1742,"min":0.000000238,"max":0.000011444,"avg":0.000000305,"var":0.000000000,"sum":0.000531435}},"rpcs":{"65535:65535:7940397281847607295:2":{"rpc_id":7940397281847607295,"provider_id":2,"parent_rpc_id":65535,"parent_provider_id":65535,"name":"__identity__","origin":{"sent to ofi+cxi://0x06f2600c":{"iforward":{"duration":{"num":1,"min":0.000118256,"max":0.000118256,"avg":0.000118256,"var":0.000000000,"sum":0.000118256},"relative_timestamp_from_create":{"num":1,"min":0.000025988,"max":0.000025988,"avg":0.000025988,"var":0.000000000,"sum":0.000025988}},"forward_cb":{"duration":{"num":1,"min":0.000010490,"max":0.000010490,"avg":0.000010490,"var":0.000000000,"sum":0.000010490},"relative_timestamp_from_iforward_start":{"num":1,"min":0.001121521,"max":0.001121521,"avg":0.001121521,"var":0.000000000,"sum":0.001121521}},"iforward_wait":{"duration":{"num":1,"min":0.001019716,"max":0.001019716,"avg":0.001019716,"var":0.000000000,"sum":0.001019716},"relative_timestamp_from_iforward_end":{"num":1,"min":0.000000238,"max":0.000000238,"avg":0.000000238,"var":0.000000000,"sum":0.000000238}},"set_input":{"duration":{"num":0,"min":0.000000000,"max":0.000000000,"avg":0.000000000,"var":0.000000000,"sum":0.000000000},"relative_timestamp_from_iforward_start":{"num":0,"min":0.000000000,"max":0.000000000,"avg":0.000000000,"var":0.000000000,"sum":0.000000000}},"get_output":{"duration":{"num":1,"min":0.000009060,"max":0.000009060,"avg":0.000009060,"var":0.000000000,"sum":0.000009060},"relative_timestamp_from_wait_end":{"num":1,"min":0.000001431,"max":0.000001431,"avg":0.000001431,"var":0.000000000,"sum":0.000001431}}}}},"65535:65535:9722976651498815487:2":{"rpc_id":9722976651498815487,"provider_id":2,"parent_rpc_id":65535,"parent_provider_id":65535,"name":"flock_get_view","origin":{"sent to ofi+cxi://0x06f2600c":{"iforward":{"duration":{"num":2,"min":0.000011206,"max":0.000041008,"avg":0.000026107,"var":0.000000000,"sum":0.000052214},"relative_timestamp_from_create":{"num":2,"min":0.000000238,"max":0.000000954,"avg":0.000000596,"var":0.000000000,"sum":0.000001192}},"forward_cb":{"duration":{"num":2,"min":0.000000238,"max":0.000000238,"avg":0.000000238,"var":0.000000000,"sum":0.000000477},"relative_timestamp_from_iforward_start":{"num":2,"min":0.003110409,"max":0.010167122,"avg":0.006638765,"var":0.000024899,"sum":0.013277531}},"iforward_wait":{"duration":{"num":2,"min":0.003068686,"max":0.010156870,"avg":0.006612778,"var":0.000025121,"sum":0.013225555},"relative_timestamp_from_iforward_end":{"num":2,"min":0.000000000,"max":0.000001669,"avg":0.000000834,"var":0.000000000,"sum":0.000001669}},"set_input":{"duration":{"num":2,"min":0.000000000,"max":0.000000477,"avg":0.000000238,"var":0.000000000,"sum":0.000000477},"relative_timestamp_from_iforward_start":{"num":2,"min":0.000001669,"max":0.000012159,"avg":0.000006914,"var":0.000000000,"sum":0.000013828}},"get_output":{"duration":{"num":2,"min":0.000000477,"max":0.000024080,"avg":0.000012279,"var":0.000000000,"sum":0.000024557},"relative_timestamp_from_wait_end":{"num":2,"min":0.000000238,"max":0.000001192,"avg":0.000000715,"var":0.000000000,"sum":0.000001431}}}}},"65535:65535:3669993900245843967:1":{"rpc_id":3669993900245843967,"provider_id":1,"parent_rpc_id":65535,"parent_provider_id":65535,"name":"qtn_work_rpc","origin":{"sent to ofi+cxi://0x06f4040d":{"iforward":{"duration":{"num":1738,"min":0.000001431,"max":0.000049591,"avg":0.000001917,"var":0.000000008,"sum":0.003330946},"relative_timestamp_from_create":{"num":1738,"min":0.000002384,"max":0.001722813,"avg":0.000003875,"var":0.000002957,"sum":0.006733894}},"forward_cb":{"duration":{"num":1738,"min":0.000000000,"max":0.000001669,"avg":0.000000141,"var":0.000000000,"sum":0.000245333},"relative_timestamp_from_iforward_start":{"num":1738,"min":0.000229836,"max":0.032999277,"avg":0.006879767,"var":0.158221737,"sum":11.957035780}},"iforward_wait":{"duration":{"num":1738,"min":0.000228167,"max":0.032998085,"avg":0.006878223,"var":0.158225567,"sum":11.954351425},"relative_timestamp_from_iforward_end":{"num":1738,"min":0.000000000,"max":0.000002861,"avg":0.000000226,"var":0.000000000,"sum":0.000392199}},"set_input":{"duration":{"num":1738,"min":0.000000000,"max":0.000005484,"avg":0.000000144,"var":0.000000000,"sum":0.000250101},"relative_timestamp_from_iforward_start":{"num":1738,"min":0.000000477,"max":0.000007868,"avg":0.000000731,"var":0.000000000,"sum":0.001270056}},"get_output":{"duration":{"num":1738,"min":0.000000000,"max":0.000000477,"avg":0.000000094,"var":0.000000000,"sum":0.000162840},"relative_timestamp_from_wait_end":{"num":1738,"min":0.000000000,"max":0.000003576,"avg":0.000000149,"var":0.000000000,"sum":0.000258207}}}}},"65535:65535:65535:65535":{"rpc_id":65535,"provider_id":65535,"parent_rpc_id":65535,"parent_provider_id":65535,"name":"","target":{"received from <unknown>":{"bulk":{"create":{"duration":{"num":1738,"min":0.000002384,"max":0.001716852,"avg":0.000003677,"var":0.000002937,"sum":0.006390095},"size":{"num":1738,"min":4194304.000000000,"max":4194304.000000000,"avg":4194304.000000000,"var":0.000000000,"sum":7289700352.000000000}}}}}}},"hostname":"x4418c0s5b0n0","pid":11574,"cmdline":["/home/carns/working/src/spack/var/spack/environments/quintain-2025-07/.spack-env/view/bin/quintain-benchmark","-g","quintain.flock.json","-j","/home/carns/working/dbg/john-quintain-profile-example-2025-07/quintain-benchmark-bw.json","-o","/flare/radix-io/carns/quintain/6710290.aurora-pbs-0001.hostmgmt.cm.aurora.alcf.anl.gov/bw-sweep-servers408-clis816"]}