{"address":"","rpcs":{},"pools":{"__primary__":{"timestamps":[1753367037.311942816,1753367038.325088739,1753367039.333329439,1753367040.336175919,1753367041.349598169,1753367042.359159231,1753367043.366794825,1753367044.366861105,1753367047.153613091,1753367048.157056570,1753367049.161072969,1753367050.161325693,1753367051.179763556,1753367052.522831678,1753367052.653708220],"size":[0,0,0,0,0,0,0,0,0,0,0,0,0,0,0],"total_size":[1,1,1,1,1,1,1,1,1,1,1,1,1,1,0]}}}