{"address":"ofi+cxi://0x0262a019","progress_loop":{"progress_with_timeout":{"num":1831,"min":0.000001192,"max":0.108667374,"avg":0.050934412,"var":4.922375934,"sum":93.260908604},"progress_timeout_value_msec":{"num":1831,"min":100.000000000,"max":100.000000000,"avg":100.000000000,"var":0.000000000,"sum":183100.000000000},"progress_without_timeout":{"num":27881522,"min":0.000000000,"max":0.000482321,"avg":0.000000149,"var":0.000001078,"sum":4.162559986},"trigger":{"num":302369,"min":0.000000000,"max":0.000033617,"avg":0.000000530,"var":0.000000079,"sum":0.160216570}},"rpcs":{"65535:65535:3669993900245843967:1":{"rpc_id":3669993900245843967,"provider_id":1,"parent_rpc_id":65535,"parent_provider_id":65535,"name":"qtn_work_rpc","target":{"received from ofi+cxi://0x0261c60e":{"handler":{"duration":{"num":31661,"min":0.000000477,"max":0.000033379,"avg":0.000000759,"var":0.000000006,"sum":0.024045944}},"ult":{"duration":{"num":31661,"min":0.000004530,"max":0.000488281,"avg":0.000005179,"var":0.000000254,"sum":0.163966417},"relative_timestamp_from_handler_start":{"num":31661,"min":0.000000715,"max":0.000033855,"avg":0.000001236,"var":0.000000008,"sum":0.039139271}},"irespond":{"duration":{"num":31661,"min":0.000000238,"max":0.000015020,"avg":0.000000610,"var":0.000000002,"sum":0.019309998},"relative_timestamp_from_ult_start":{"num":31661,"min":0.000000238,"max":0.000011683,"avg":0.000000341,"var":0.000000001,"sum":0.010786533}},"respond_cb":{"duration":{"num":31661,"min":0.000000000,"max":0.000027895,"avg":0.000000123,"var":0.000000002,"sum":0.003885269},"relative_timestamp_from_irespond_start":{"num":31661,"min":0.000003576,"max":0.000486135,"avg":0.000004100,"var":0.000000244,"sum":0.129794359}},"irespond_wait":{"duration":{"num":31661,"min":0.000001192,"max":0.000486374,"avg":0.000003779,"var":0.000000246,"sum":0.119642019},"relative_timestamp_from_irespond_end":{"num":31661,"min":0.000000000,"max":0.000032902,"avg":0.000000174,"var":0.000000001,"sum":0.005510569}},"set_output":{"duration":{"num":31661,"min":0.000000000,"max":0.000001192,"avg":0.000000082,"var":0.000000000,"sum":0.002600431},"relative_timestamp_from_irespond_start":{"num":31661,"min":0.000000000,"max":0.000001907,"avg":0.000000090,"var":0.000000000,"sum":0.002836704}},"get_input":{"duration":{"num":31661,"min":0.000000000,"max":0.000006676,"avg":0.000000119,"var":0.000000001,"sum":0.003763676},"relative_timestamp_from_ult_start":{"num":31661,"min":0.000000000,"max":0.000011444,"avg":0.000000141,"var":0.000000001,"sum":0.004462719}}},"received from ofi+cxi://0x0261020e":{"handler":{"duration":{"num":115132,"min":0.000000238,"max":0.000011206,"avg":0.000000420,"var":0.000000006,"sum":0.048343658}},"ult":{"duration":{"num":115132,"min":0.000004053,"max":0.000025034,"avg":0.000004309,"var":0.000000015,"sum":0.496080399},"relative_timestamp_from_handler_start":{"num":115132,"min":0.000000477,"max":0.000011444,"avg":0.000000682,"var":0.000000008,"sum":0.078469515}},"irespond":{"duration":{"num":115132,"min":0.000000238,"max":0.000009060,"avg":0.000000363,"var":0.000000003,"sum":0.041827679},"relative_timestamp_from_ult_start":{"num":115132,"min":0.000000000,"max":0.000005722,"avg":0.000000238,"var":0.000000001,"sum":0.027428865}},"respond_cb":{"duration":{"num":115132,"min":0.000000000,"max":0.000006199,"avg":0.000000089,"var":0.000000002,"sum":0.010242701},"relative_timestamp_from_irespond_start":{"num":115132,"min":0.000003338,"max":0.000017881,"avg":0.000003580,"var":0.000000009,"sum":0.412147760}},"irespond_wait":{"duration":{"num":115132,"min":0.000000715,"max":0.000024080,"avg":0.000003372,"var":0.000000008,"sum":0.388192177},"relative_timestamp_from_irespond_end":{"num":115132,"min":0.000000000,"max":0.000008345,"avg":0.000000173,"var":0.000000002,"sum":0.019945621}},"set_output":{"duration":{"num":115132,"min":0.000000000,"max":0.000006914,"avg":0.000000051,"var":0.000000001,"sum":0.005815029},"relative_timestamp_from_irespond_start":{"num":115132,"min":0.000000000,"max":0.000005484,"avg":0.000000061,"var":0.000000001,"sum":0.007077694}},"get_input":{"duration":{"num":115132,"min":0.000000000,"max":0.000005722,"avg":0.000000085,"var":0.000000002,"sum":0.009793520},"relative_timestamp_from_ult_start":{"num":115132,"min":0.000000000,"max":0.000005007,"avg":0.000000096,"var":0.000000002,"sum":0.011044741}}},"received from ofi+cxi://0x02614616":{"handler":{"duration":{"num":1486,"min":0.000000238,"max":0.000018597,"avg":0.000001356,"var":0.000000002,"sum":0.002015352}},"ult":{"duration":{"num":1486,"min":0.000189543,"max":0.032474995,"avg":0.005888956,"var":0.107003038,"sum":8.750988245},"relative_timestamp_from_handler_start":{"num":1486,"min":0.000000715,"max":0.026450634,"avg":0.001462374,"var":0.037727966,"sum":2.173088312}},"irespond":{"duration":{"num":1486,"min":0.000000238,"max":0.000015020,"avg":0.000001182,"var":0.000000002,"sum":0.001755953},"relative_timestamp_from_ult_start":{"num":1486,"min":0.000182390,"max":0.032023430,"avg":0.005713696,"var":0.106284810,"sum":8.490551710}},"respond_cb":{"duration":{"num":1486,"min":0.000000000,"max":0.000002146,"avg":0.000000154,"var":0.000000000,"sum":0.000228882},"relative_timestamp_from_irespond_start":{"num":1486,"min":0.000003576,"max":0.003145456,"avg":0.000135247,"var":0.000162922,"sum":0.200976849}},"irespond_wait":{"duration":{"num":1486,"min":0.000003338,"max":0.003144026,"avg":0.000139220,"var":0.000181378,"sum":0.206880808},"relative_timestamp_from_irespond_end":{"num":1486,"min":0.000000000,"max":0.000004768,"avg":0.000000296,"var":0.000000000,"sum":0.000439644}},"set_output":{"duration":{"num":1486,"min":0.000000000,"max":0.000004530,"avg":0.000000164,"var":0.000000000,"sum":0.000244379},"relative_timestamp_from_irespond_start":{"num":1486,"min":0.000000000,"max":0.000006676,"avg":0.000000285,"var":0.000000000,"sum":0.000423908}},"get_input":{"duration":{"num":1486,"min":0.000000000,"max":0.000022411,"avg":0.000000711,"var":0.000000001,"sum":0.001057148},"relative_timestamp_from_ult_start":{"num":1486,"min":0.000000000,"max":0.000005007,"avg":0.000000249,"var":0.000000000,"sum":0.000370741}},"bulk":{"create":{"duration":{"num":1486,"min":0.000002384,"max":0.029732227,"avg":0.004543090,"var":0.093140784,"sum":6.751031160},"size":{"num":1486,"min":4194304.000000000,"max":4194304.000000000,"avg":4194304.000000000,"var":0.000000000,"sum":6232735744.000000000}},"pull from ofi+cxi://0x02614616":{"itransfer":{"duration":{"num":1486,"min":0.000000715,"max":0.000022411,"avg":0.000003065,"var":0.000000010,"sum":0.004554033},"size":{"num":1486,"min":4194304.000000000,"max":4194304.000000000,"avg":4194304.000000000,"var":0.000000000,"sum":6232735744.000000000}},"transfer_cb":{"duration":{"num":1486,"min":0.000000000,"max":0.000002861,"avg":0.000000222,"var":0.000000000,"sum":0.000329971},"relative_timestamp_from_itransfer_start":{"num":1486,"min":0.000178576,"max":0.021908045,"avg":0.001124682,"var":0.001619118,"sum":1.671278000}},"itransfer_wait":{"duration":{"num":1486,"min":0.000178099,"max":0.021907330,"avg":0.001161671,"var":0.002733435,"sum":1.726242542},"relative_timestamp_from_itransfer_end":{"num":1486,"min":0.000000000,"max":0.000004768,"avg":0.000000348,"var":0.000000000,"sum":0.000517130}}}}},"received from ofi+cxi://0x0261800d":{"handler":{"duration":{"num":1441,"min":0.000000238,"max":0.000014544,"avg":0.000001308,"var":0.000000001,"sum":0.001885176}},"ult":{"duration":{"num":1441,"min":0.000198364,"max":0.028495312,"avg":0.004353598,"var":0.068618844,"sum":6.273534536},"relative_timestamp_from_handler_start":{"num":1441,"min":0.000000715,"max":0.029750824,"avg":0.000952530,"var":0.025169251,"sum":1.372595310}},"irespond":{"duration":{"num":1441,"min":0.000000238,"max":0.000011444,"avg":0.000001128,"var":0.000000001,"sum":0.001626015},"relative_timestamp_from_ult_start":{"num":1441,"min":0.000187159,"max":0.028481483,"avg":0.004175326,"var":0.067539278,"sum":6.016645193}},"respond_cb":{"duration":{"num":1441,