{"address":"","progress_loop":{"progress_with_timeout":{"num":33144,"min":0.000001192,"max":0.101229906,"avg":0.000156508,"var":0.012121967,"sum":5.187294483},"progress_timeout_value_msec":{"num":33144,"min":100.000000000,"max":100.000000000,"avg":100.000000000,"var":0.000000000,"sum":3314400.000000000},"progress_without_timeout":{"num":0,"min":0.000000000,"max":0.000000000,"avg":0.000000000,"var":0.000000000,"sum":0.000000000},"trigger":{"num":33130,"min":0.000000238,"max":0.000006914,"avg":0.000000264,"var":0.000000000,"sum":0.008746862}},"rpcs":{"65535:65535:7940397281847607295:2":{"rpc_id":7940397281847607295,"provider_id":2,"parent_rpc_id":65535,"parent_provider_id":65535,"name":"__identity__","origin":{"sent to ofi+cxi://0x06f2600c":{"iforward":{"duration":{"num":1,"min":0.000087500,"max":0.000087500,"avg":0.000087500,"var":0.000000000,"sum":0.000087500},"relative_timestamp_from_create":{"num":1,"min":0.000002861,"max":0.000002861,"avg":0.000002861,"var":0.000000000,"sum":0.000002861}},"forward_cb":{"duration":{"num":1,"min":0.000003338,"max":0.000003338,"avg":0.000003338,"var":0.000000000,"sum":0.000003338},"relative_timestamp_from_iforward_start":{"num":1,"min":0.010405064,"max":0.010405064,"avg":0.010405064,"var":0.000000000,"sum":0.010405064}},"iforward_wait":{"duration":{"num":1,"min":0.010324478,"max":0.010324478,"avg":0.010324478,"var":0.000000000,"sum":0.010324478},"relative_timestamp_from_iforward_end":{"num":1,"min":0.000000477,"max":0.000000477,"avg":0.000000477,"var":0.000000000,"sum":0.000000477}},"set_input":{"duration":{"num":0,"min":0.000000000,"max":0.000000000,"avg":0.000000000,"var":0.000000000,"sum":0.000000000},"relative_timestamp_from_iforward_start":{"num":0,"min":0.000000000,"max":0.000000000,"avg":0.000000000,"var":0.000000000,"sum":0.000000000}},"get_output":{"duration":{"num":1,"min":0.000005960,"max":0.000005960,"avg":0.000005960,"var":0.000000000,"sum":0.000005960},"relative_timestamp_from_wait_end":{"num":1,"min":0.000000954,"max":0.000000954,"avg":0.000000954,"var":0.000000000,"sum":0.000000954}}}}},"65535:65535:9722976651498815487:2":{"rpc_id":9722976651498815487,"provider_id":2,"parent_rpc_id":65535,"parent_provider_id":65535,"name":"flock_get_view","origin":{"sent to ofi+cxi://0x06f2600c":{"iforward":{"duration":{"num":2,"min":0.000009775,"max":0.000018120,"avg":0.000013947,"var":0.000000000,"sum":0.000027895},"relative_timestamp_from_create":{"num":2,"min":0.000000238,"max":0.000001192,"avg":0.000000715,"var":0.000000000,"sum":0.000001431}},"forward_cb":{"duration":{"num":2,"min":0.000000238,"max":0.000000238,"avg":0.000000238,"var":0.000000000,"sum":0.000000477},"relative_timestamp_from_iforward_start":{"num":2,"min":0.011656046,"max":0.034361362,"avg":0.023008704,"var":0.000257766,"sum":0.046017408}},"iforward_wait":{"duration":{"num":2,"min":0.011646986,"max":0.034343004,"avg":0.022994995,"var":0.000257555,"sum":0.045989990},"relative_timestamp_from_iforward_end":{"num":2,"min":0.000000238,"max":0.000001192,"avg":0.000000715,"var":0.000000000,"sum":0.000001431}},"set_input":{"duration":{"num":2,"min":0.000000000,"max":0.000000238,"avg":0.000000119,"var":0.000000000,"sum":0.000000238},"relative_timestamp_from_iforward_start":{"num":2,"min":0.000001192,"max":0.000005007,"avg":0.000003099,"var":0.000000000,"sum":0.000006199}},"get_output":{"duration":{"num":2,"min":0.000000477,"max":0.000022650,"avg":0.000011563,"var":0.000000000,"sum":0.000023127},"relative_timestamp_from_wait_end":{"num":2,"min":0.000000000,"max":0.000000954,"avg":0.000000477,"var":0.000000000,"sum":0.000000954}}}}},"65535:65535:3669993900245843967:1":{"rpc_id":3669993900245843967,"provider_id":1,"parent_rpc_id":65535,"parent_provider_id":65535,"name":"qtn_work_rpc","origin":{"sent to ofi+cxi://0x06f56415":{"iforward":{"duration":{"num":33126,"min":0.000001431,"max":0.000036001,"avg":0.000001556,"var":0.000000005,"sum":0.051537037},"relative_timestamp_from_create":{"num":33126,"min":0.000000000,"max":0.000000954,"avg":0.000000073,"var":0.000000000,"sum":0.002413511}},"forward_cb":{"duration":{"num":33126,"min":0.000000000,"max":0.000003576,"avg":0.000000117,"var":0.000000001,"sum":0.003887653},"relative_timestamp_from_iforward_start":{"num":33126,"min":0.000010490,"max":0.000773907,"avg":0.000153949,"var":0.000502759,"sum":5.099707842}},"iforward_wait":{"duration":{"num":33126,"min":0.000007629,"max":0.000773191,"avg":0.000152760,"var":0.000502749,"sum":5.060321093},"relative_timestamp_from_iforward_end":{"num":33126,"min":0.000000000,"max":0.000000477,"avg":0.000000180,"var":0.000000000,"sum":0.005946636}},"set_input":{"duration":{"num":33126,"min":0.000000000,"max":0.000001669,"avg":0.000000073,"var":0.000000000,"sum":0.002417088},"relative_timestamp_from_iforward_start":{"num":33126,"min":0.000000477,"max":0.000007868,"avg":0.000000705,"var":0.000000001,"sum":0.023338318}},"get_output":{"duration":{"num":33126,"min":0.000000000,"max":0.000001192,"avg":0.000000087,"var":0.000000000,"sum":0.002891779},"relative_timestamp_from_wait_end":{"num":33126,"min":0.000000000,"max":0.000009298,"avg":0.000000149,"var":0.000000001,"sum":0.004929543}}}}}},"hostname":"x4418c0s3b0n0","pid":6858,"cmdline":["/home/carns/working/src/spack/var/spack/environments/quintain-2025-07/.spack-env/view/bin/quintain-benchmark","-g","quintain.flock.json","-j","/home/carns/working/dbg/john-quintain-profile-example-2025-07/quintain-benchmark-rpc.json","-o","/flare/radix-io/carns/quintain/6710290.aurora-pbs-0001.hostmgmt.cm.aurora.alcf.anl.gov/rpc-sweep-servers408-clis816"]}