{"address":"","rpcs":{"qtn_work_rpc:1":{"timestamps":[1753558083.971263885,1753558084.971264124,1753558085.971264601,1753558086.971265078,1753558087.971265316,1753558088.971265554,1753558090.054345131,1753558091.094661474,1753558092.134940863,1753558093.174554348,1753558094.214426517,1753558095.254798651,1753558096.295358658,1753558097.334919930,1753558098.375359297,1753558099.415081739,1753558100.454635143,1753558101.495080233,1753558102.534533739,1753558103.575156212,1753558104.614644289,1753558105.655305147,1753558106.694815636,1753558107.735358238,1753558108.774875879,1753558109.814396858,1753558110.854876280,1753558111.894623041,1753558112.935159445,1753558113.974804401,1753558115.014418840,1753558116.055087566,1753558117.094408751,1753558118.135082245,1753558119.174492836,1753558120.215113640,1753558121.254859686,1753558122.294523954,1753558123.294563770,1753558124.309727907,1753558125.324591398,1753558126.328662157,1753558127.335073471,1753558128.349811316,1753558129.354615211,1753558130.430687666,1753558131.470929146,1753558132.481377602,1753558133.483287573,1753558134.495907068,1753558135.502768040,1753558136.507446527,1753558137.530662298,1753558138.570343018,1753558139.610947132,1753558140.650347233,1753558141.690678120,1753558142.731070995,1753558143.771020412,1753558144.810950279,1753558145.850630045,1753558146.891206980,1753558147.930932999,1753558148.970618963,1753558150.010414362,1753558151.051109076,1753558152.090518475,1753558153.131084442,1753558154.170599461,1753558155.303524256],"count":[833,10957,13353,13502,13488,13392,3238,0,0,0,0,0,0,0,0,0,0,0,0,0,0,0,0,0,0,0,0,0,0,0,0,0,0,0,0,0,0,0,257,252,218,249,237,282,338,167,0,163,250,227,271,217,61,0,0,0,0,0,0,0,0,0,0,0,0,0,0,0,0,0],"bulk_size":[0,0,0,0,0,0,0,0,0,0,0,0,0,0,0,0,0,0,0,0,0,0,0,0,0,0,0,0,0,0,0,0,0,0,0,0,0,0,1077936128,1056964608,914358272,1044381696,994050048,1182793728,1417674752,700448768,0,683671552,1048576000,952107008,1136656384,910163968,255852544,0,0,0,0,0,0,0,0,0,0,0,0,0,0,0,0,0]},"__shutdown__:65535":{"timestamps":[1753558155.303524256],"count":[1],"bulk_size":[0]}},"pools":{"__primary__":{"timestamps":[1753558039.292827129,1753558040.334432364,1753558041.374607801,1753558042.414671659,1753558043.454772711,1753558044.494484425,1753558045.534568310,1753558046.574985743,1753558047.615248442,1753558048.655200481,1753558049.695352077,1753558050.734507561,1753558051.774881840,1753558052.814749479,1753558053.854925156,1753558054.895372629,1753558055.934518337,1753558056.974801064,1753558058.014805794,1753558059.054630995,1753558060.094553709,1753558061.131342411,1753558062.170588017,1753558063.210485935,1753558064.250545263,1753558065.290699482,1753558066.330842495,1753558067.371114016,1753558068.410516977,1753558069.450616121,1753558070.490517139,1753558071.530762196,1753558072.571333885,1753558073.610421181,1753558074.650710106,1753558075.690883160,1753558076.730997801,1753558077.771008730,1753558078.811284065,1753558079.851294994,1753558080.890994549,1753558081.931101561,1753558082.971263647,1753558083.971263885,1753558084.971264124,1753558085.971264601,1753558086.971265078,1753558087.971265316,1753558088.971265554,1753558090.054345131,1753558091.094661474,1753558092.134940863,1753558093.174554348,1753558094.214426517,1753558095.254798651,1753558096.295358658,1753558097.334919930,1753558098.375359297,1753558099.415081739,1753558100.454635143,1753558101.495080233,1753558102.534533739,1753558103.575156212,1753558104.614644289,1753558105.655305147,1753558106.694815636,1753558107.735358238,1753558108.774875879,1753558109.814396858,1753558110.854876280,1753558111.894623041,1753558112.935159445,1753558113.974804401,1753558115.014418840,1753558116.055087566,1753558117.094408751,1753558118.135082245,1753558119.174492836,1753558120.215113640,1753558121.254859686,1753558122.294523954,1753558123.294563770,1753558124.309727907,1753558125.324591398,1753558126.328662157,1753558127.335073471,1753558128.349811316,1753558129.354615211,1753558130.430687666,1753558131.470929146,1753558132.481377602,1753558133.483287573,1753558134.495907068,1753558135.502768040,1753558136.507446527,1753558137.530662298,1753558138.570343018,1753558139.610947132,1753558140.650347233,1753558141.690678120,1753558142.731070995,1753558143.771020412,1753558144.810950279,1753558145.850630045,1753558146.891206980,1753558147.930932999,1753558148.970618963,1753558150.010414362,1753558151.051109076,1753558152.090518475,1753558153.131084442,1753558154.170599461,1753558155.303524256],"size":[0,0,0,0,0,0,0,0,0,0,0,0,0,0,0,0,0,0,0,0,0,0,0,0,0,0,0,0,0,0,0,0,0,0,0,0,0,0,0,0,0,0,0,0,0,0,0,0,0,0,0,0,0,0,0,0,0,0,0,0,0,0,0,0,0,0,0,0,0,0,0,0,0,0,0,0,0,0,0,0,0,0,0,0,0,0,0,0,0,0,0,0,0,0,0,0,0,0,0,0,0,0,0,0,0,0,0,0,0,0,0,0,0],"total_size":[1,1,1,1,1,1,1,1,1,1,1,1,1,1,1,1,1,1,1,1,1,1,1,1,1,1,1,1,1,1,1,1,1,1,1,1,1,1,1,1,1,1,1,1,1,1,1,1,1,1,1,1,1,1,1,1,1,1,1,1,1,1,1,1,1,1,1,1,1,1,1,1,1,1,1,1,1,1,1,1,1,1,2,3,2,2,3,2,1,1,3,3,2,3,2,1,1,1,1,1,1,1,1,1,1,1,1,1,1,1,1,1,0]}}}