{"address":"","rpcs":{},"pools":{"__primary__":{"timestamps":[1753366941.848718882,1753366942.848763704,1753366943.848768473,1753366944.848796844,1753366945.848846912,1753366946.849058151,1753366956.003295660,1753366956.141702890],"size":[0,0,0,0,0,0,0,0],"total_size":[1,1,1,1,1,1,1,0]}}}