{"address":"","rpcs":{},"pools":{"__primary__":{"timestamps":[1753558083.759452820,1753558084.759599924,1753558085.759741068,1753558086.759812832,1753558087.759927511,1753558088.759934664,1753558094.582537889,1753558094.711146593],"size":[0,0,0,0,0,0,0,0],"total_size":[1,1,1,1,1,1,1,0]}}}