{"address":"","rpcs":{},"pools":{"__primary__":{"timestamps":[1753366941.853368998,1753366942.853463888,1753366943.854015350,1753366944.854419708,1753366945.854834318,1753366946.854957581,1753366956.002743483,1753366956.108435154],"size":[0,0,0,0,0,0,0,0],"total_size":[1,1,1,1,1,1,1,0]}}}