{"address":"","rpcs":{},"pools":{"__primary__":{"timestamps":[1753367037.314989805,1753367038.332975626,1753367039.335613966,1753367040.346200466,1753367041.348727465,1753367042.356322765,1753367043.358698368,1753367044.359300137,1753367047.147651672,1753367048.168586254,1753367049.190229893,1753367050.210281610,1753367051.219495535,1753367052.519528627,1753367052.646342754],"size":[0,0,0,0,0,0,0,0,0,0,0,0,0,0,0],"total_size":[1,1,1,1,1,1,1,1,1,1,1,1,1,1,0]}}}