{"address":"","rpcs":{},"pools":{"__primary__":{"timestamps":[1753366941.855386972,1753366942.855388641,1753366943.855411291,1753366944.855563641,1753366945.855658293,1753366946.855969667,1753366956.002940893,1753366956.111741543],"size":[0,0,0,0,0,0,0,0],"total_size":[1,1,1,1,1,1,1,0]}}}