{"address":"","rpcs":{},"pools":{"__primary__":{"timestamps":[1753366941.850880384,1753366942.850906134,1753366945.466793776,1753366946.466889143,1753366956.002830267,1753366956.132902145],"size":[0,0,0,0,0,0],"total_size":[1,1,1,1,1,0]}}}