{"address":"","progress_loop":{"progress_with_timeout":{"num":2291,"min":0.000001907,"max":0.108357668,"avg":0.082298436,"var":4.067939073,"sum":188.545717239},"progress_timeout_value_msec":{"num":2291,"min":100.000000000,"max":100.000000000,"avg":100.000000000,"var":0.000000000,"sum":229100.000000000},"progress_without_timeout":{"num":14750222,"min":0.000000000,"max":0.000484228,"avg":0.000000158,"var":0.000000895,"sum":2.329475641},"trigger":{"num":99427,"min":0.000000000,"max":0.000040293,"avg":0.000000606,"var":0.000000057,"sum":0.060275555}},"rpcs":{"65535:65535:3669993900245843967:1":{"rpc_id":3669993900245843967,"provider_id":1,"parent_rpc_id":65535,"parent_provider_id":65535,"name":"qtn_work_rpc","target":{"received from ofi+cxi://0x06f0e60e":{"handler":{"duration":{"num":22575,"min":0.000000477,"max":0.000022411,"avg":0.000000594,"var":0.000000008,"sum":0.013405800}},"ult":{"duration":{"num":22575,"min":0.000004530,"max":0.000490904,"avg":0.000004926,"var":0.000000266,"sum":0.111201763},"relative_timestamp_from_handler_start":{"num":22575,"min":0.000000715,"max":0.000038147,"avg":0.000000957,"var":0.000000022,"sum":0.021609783}},"irespond":{"duration":{"num":22575,"min":0.000000238,"max":0.000036716,"avg":0.000000489,"var":0.000000003,"sum":0.011035204},"relative_timestamp_from_ult_start":{"num":22575,"min":0.000000238,"max":0.000006199,"avg":0.000000300,"var":0.000000000,"sum":0.006766558}},"respond_cb":{"duration":{"num":22575,"min":0.000000000,"max":0.000000715,"avg":0.000000105,"var":0.000000000,"sum":0.002378941},"relative_timestamp_from_irespond_start":{"num":22575,"min":0.000003576,"max":0.000488997,"avg":0.000004015,"var":0.000000258,"sum":0.090640068}},"irespond_wait":{"duration":{"num":22575,"min":0.000001192,"max":0.000489235,"avg":0.000003734,"var":0.000000248,"sum":0.084287405},"relative_timestamp_from_irespond_end":{"num":22575,"min":0.000000000,"max":0.000073433,"avg":0.000000194,"var":0.000000007,"sum":0.004377842}},"set_output":{"duration":{"num":22575,"min":0.000000000,"max":0.000000477,"avg":0.000000063,"var":0.000000000,"sum":0.001423836},"relative_timestamp_from_irespond_start":{"num":22575,"min":0.000000000,"max":0.000001431,"avg":0.000000079,"var":0.000000000,"sum":0.001793623}},"get_input":{"duration":{"num":22575,"min":0.000000000,"max":0.000004053,"avg":0.000000108,"var":0.000000000,"sum":0.002448082},"relative_timestamp_from_ult_start":{"num":22575,"min":0.000000000,"max":0.000001431,"avg":0.000000123,"var":0.000000000,"sum":0.002777338}}},"received from ofi+cxi://0x06f0a20e":{"handler":{"duration":{"num":22558,"min":0.000000477,"max":0.000024080,"avg":0.000000582,"var":0.000000007,"sum":0.013128996}},"ult":{"duration":{"num":22558,"min":0.000004292,"max":0.000047922,"avg":0.000004884,"var":0.000000023,"sum":0.110170603},"relative_timestamp_from_handler_start":{"num":22558,"min":0.000000715,"max":0.000024557,"avg":0.000000941,"var":0.000000016,"sum":0.021219730}},"irespond":{"duration":{"num":22558,"min":0.000000238,"max":0.000028849,"avg":0.000000482,"var":0.000000002,"sum":0.010880470},"relative_timestamp_from_ult_start":{"num":22558,"min":0.000000238,"max":0.000010014,"avg":0.000000299,"var":0.000000001,"sum":0.006741047}},"respond_cb":{"duration":{"num":22558,"min":0.000000000,"max":0.000000477,"avg":0.000000107,"var":0.000000000,"sum":0.002418518},"relative_timestamp_from_irespond_start":{"num":22558,"min":0.000003576,"max":0.000041723,"avg":0.000003976,"var":0.000000017,"sum":0.089680910}},"irespond_wait":{"duration":{"num":22558,"min":0.000003338,"max":0.000046730,"avg":0.000003705,"var":0.000000015,"sum":0.083582163},"relative_timestamp_from_irespond_end":{"num":22558,"min":0.000000000,"max":0.000000477,"avg":0.000000189,"var":0.000000000,"sum":0.004255295}},"set_output":{"duration":{"num":22558,"min":0.000000000,"max":0.000000477,"avg":0.000000063,"var":0.000000000,"sum":0.001423836},"relative_timestamp_from_irespond_start":{"num":22558,"min":0.000000000,"max":0.000004768,"avg":0.000000079,"var":0.000000000,"sum":0.001785278}},"get_input":{"duration":{"num":22558,"min":0.000000000,"max":0.000000715,"avg":0.000000107,"var":0.000000000,"sum":0.002411842},"relative_timestamp_from_ult_start":{"num":22558,"min":0.000000000,"max":0.000010014,"avg":0.000000124,"var":0.000000001,"sum":0.002795935}}},"received from ofi+cxi://0x06f0640f":{"handler":{"duration":{"num":1531,"min":0.000000477,"max":0.000012875,"avg":0.000001124,"var":0.000000001,"sum":0.001720905}},"ult":{"duration":{"num":1531,"min":0.000201702,"max":0.032689810,"avg":0.005583537,"var":0.106369022,"sum":8.548395634},"relative_timestamp_from_handler_start":{"num":1531,"min":0.000000715,"max":0.027518272,"avg":0.001442957,"var":0.039511750,"sum":2.209166765}},"irespond":{"duration":{"num":1531,"min":0.000000238,"max":0.000022650,"avg":0.000001046,"var":0.000000002,"sum":0.001601934},"relative_timestamp_from_ult_start":{"num":1531,"min":0.000183344,"max":0.032677174,"avg":0.005416228,"var":0.106710966,"sum":8.292244911}},"respond_cb":{"duration":{"num":1531,"min":0.000000000,"max":0.000006914,"avg":0.000000180,"var":0.000000000,"sum":0.000275373},"relative_timestamp_from_irespond_start":{"num":1531,"min":0.000003815,"max":0.002925634,"avg":0.000129950,"var":0.000187383,"sum":0.198952913}},"irespond_wait":{"duration":{"num":1531,"min":0.000003338,"max":0.004744768,"avg":0.000134391,"var":0.000228422,"sum":0.205752373},"relative_timestamp_from_irespond_end":{"num":1531,"min":0.000000000,"max":0.000002623,"avg":0.000000307,"var":0.000000000,"sum":0.000469446}},"set_output":{"duration":{"num":1531,"min":0.000000000,"max":0.000008821,"avg":0.000000142,"var":0.000000000,"sum":0.000217199},"relative_timestamp_from_irespond_start":{"num":1531,"min":0.000000000,"max":0.000007868,"avg":0.000000235,"var":0.000000000,"sum":0.000360489}},"get_input":{"duration":{"num":1531,"min":0.000000000,"max":0.000025272,"avg":0.000000576,"var":0.000000001,"sum":0.000882387},"relative_timestamp_from_ult_start":{"num":1531,"min":0.000000000,"max":0.000005245,"avg":0.000000229,"var":0.000000000,"sum":0.000350475}},"bulk":{"create":{"duration":{"num":1531,"min":0.000002384,"max":0.029926538,"avg":0.004321054,"var":0.091382506,"sum":6.615533352},"size":{"num":1531,"min":4194304.000000000,"max":4194304.000000000,"avg":4194304.000000000,"var":0.000000000,"sum":6421479424.000000000}},"pull from ofi+cxi://0x06f0640f":{"itransfer":{"duration":{"num":1531,"min":0.000000715,"max":0.000028849,"avg":0.000002339,"var":0.000000009,"sum":0.003580332},"size":{"num":1531,"min":4194304.000000000,"max":4194304.000000000,"avg":4194304.000000000,"var":0.000000000,"sum":6421479424.000000000}},"transfer_cb":{"duration":{"num":1531,"min":0.000000000,"max":0.000004768,"avg":0.000000196,"var":0.000000000,"sum":0.000300646},"relative_timestamp_from_itransfer_start":{"num":1531,"min":0.000179529,"max":0.020850420,"avg":0.001037841,"var":0.002544461,"sum":1.588935137}},"itransfer_wait":{"duration":{"num":1531,"min":0.000178814,"max":0.020850182,"avg":0.001087069,"var":0.003763186,"sum":1.664302588},"relative_timestamp_from_itransfer_end":{"num":1531,"min":0.000000000,"max":0.000008821,"avg":0.000000342,"var":0.000000000,"sum":0.000523567}}}}},"received from ofi+cxi://0x06f02010":{"handler":{"duration":{"num":1522,"min":0.000000477,"max":0.000011683,"avg":0.000001086,"var":0.000000001,"sum":0.001652956}},"ult":{"duration":{"num":1522,"min":0.000194311,"max":0.042310476,"avg":0.004820999,"var":0.088497913,"sum":7.337559938},"relative_timestamp_from_handler_start":{"num":1522,"min":0.000000715,"max":0.027526379,"avg":0.001706222,"var":0.045150050,"sum":2.596869707}},"irespond":{"duration":{"num":1522,"min":0.000000238,"max":0.000013351,"avg":0.000001012,"var":0.000000001,"sum":0.001540899},"relative_timestamp_from_ult_start":{"num":1522,"min":0.000184774,"max":0.042296886,"avg":0.004673641,"var":0.088823466,"sum":7.113281012}},"respond_cb":{"duration":{"num":1522,"min":0.000000000,"max":0.000002861,