{"address":"","rpcs":{},"pools":{"__primary__":{"timestamps":[1753558122.222667933,1753558123.243507385,1753558124.244937420,1753558125.250008821,1753558126.256026983,1753558127.271431446,1753558128.276329041,1753558129.294871092,1753558131.689496517,1753558132.689777851,1753558133.692343235,1753558134.694120646,1753558135.701417685,1753558136.973834038,1753558137.124710321],"size":[0,0,0,0,0,0,0,0,0,0,0,0,0,0,0],"total_size":[1,1,1,1,1,1,1,1,1,1,1,1,1,1,0]}}}