{"address":"ofi+cxi://0x02600414","progress_loop":{"progress_with_timeout":{"num":1558,"min":0.000001192,"max":0.104531765,"avg":0.008316576,"var":0.168358450,"sum":12.957225323},"progress_timeout_value_msec":{"num":1558,"min":100.000000000,"max":100.000000000,"avg":100.000000000,"var":0.000000000,"sum":155800.000000000},"progress_without_timeout":{"num":0,"min":0.000000000,"max":0.000000000,"avg":0.000000000,"var":0.000000000,"sum":0.000000000},"trigger":{"num":1545,"min":0.000000238,"max":0.000006914,"avg":0.000000288,"var":0.000000000,"sum":0.000445366}},"rpcs":{"65535:65535:7940397281847607295:2":{"rpc_id":7940397281847607295,"provider_id":2,"parent_rpc_id":65535,"parent_provider_id":65535,"name":"__identity__","origin":{"sent to ofi+cxi://0x0262200d":{"iforward":{"duration":{"num":1,"min":0.000087976,"max":0.000087976,"avg":0.000087976,"var":0.000000000,"sum":0.000087976},"relative_timestamp_from_create":{"num":1,"min":0.000004530,"max":0.000004530,"avg":0.000004530,"var":0.000000000,"sum":0.000004530}},"forward_cb":{"duration":{"num":1,"min":0.000002861,"max":0.000002861,"avg":0.000002861,"var":0.000000000,"sum":0.000002861},"relative_timestamp_from_iforward_start":{"num":1,"min":0.008001566,"max":0.008001566,"avg":0.008001566,"var":0.000000000,"sum":0.008001566}},"iforward_wait":{"duration":{"num":1,"min":0.007920027,"max":0.007920027,"avg":0.007920027,"var":0.000000000,"sum":0.007920027},"relative_timestamp_from_iforward_end":{"num":1,"min":0.000000477,"max":0.000000477,"avg":0.000000477,"var":0.000000000,"sum":0.000000477}},"set_input":{"duration":{"num":0,"min":0.000000000,"max":0.000000000,"avg":0.000000000,"var":0.000000000,"sum":0.000000000},"relative_timestamp_from_iforward_start":{"num":0,"min":0.000000000,"max":0.000000000,"avg":0.000000000,"var":0.000000000,"sum":0.000000000}},"get_output":{"duration":{"num":1,"min":0.000005484,"max":0.000005484,"avg":0.000005484,"var":0.000000000,"sum":0.000005484},"relative_timestamp_from_wait_end":{"num":1,"min":0.000000954,"max":0.000000954,"avg":0.000000954,"var":0.000000000,"sum":0.000000954}}}}},"65535:65535:9722976651498815487:2":{"rpc_id":9722976651498815487,"provider_id":2,"parent_rpc_id":65535,"parent_provider_id":65535,"name":"flock_get_view","origin":{"sent to ofi+cxi://0x0262200d":{"iforward":{"duration":{"num":2,"min":0.000011683,"max":0.000017881,"avg":0.000014782,"var":0.000000000,"sum":0.000029564},"relative_timestamp_from_create":{"num":2,"min":0.000000238,"max":0.000000954,"avg":0.000000596,"var":0.000000000,"sum":0.000001192}},"forward_cb":{"duration":{"num":2,"min":0.000000000,"max":0.000000238,"avg":0.000000119,"var":0.000000000,"sum":0.000000238},"relative_timestamp_from_iforward_start":{"num":2,"min":0.006695271,"max":0.020348787,"avg":0.013522029,"var":0.000093209,"sum":0.027044058}},"iforward_wait":{"duration":{"num":2,"min":0.006684065,"max":0.020330667,"avg":0.013507366,"var":0.000093115,"sum":0.027014732},"relative_timestamp_from_iforward_end":{"num":2,"min":0.000000238,"max":0.000001192,"avg":0.000000715,"var":0.000000000,"sum":0.000001431}},"set_input":{"duration":{"num":2,"min":0.000000238,"max":0.000000238,"avg":0.000000238,"var":0.000000000,"sum":0.000000477},"relative_timestamp_from_iforward_start":{"num":2,"min":0.000001192,"max":0.000005245,"avg":0.000003219,"var":0.000000000,"sum":0.000006437}},"get_output":{"duration":{"num":2,"min":0.000000477,"max":0.000032187,"avg":0.000016332,"var":0.000000001,"sum":0.000032663},"relative_timestamp_from_wait_end":{"num":2,"min":0.000000238,"max":0.000000954,"avg":0.000000596,"var":0.000000000,"sum":0.000001192}}}}},"65535:65535:3669993900245843967:1":{"rpc_id":3669993900245843967,"provider_id":1,"parent_rpc_id":65535,"parent_provider_id":65535,"name":"qtn_work_rpc","origin":{"sent to ofi+cxi://0x02636211":{"iforward":{"duration":{"num":1541,"min":0.000001431,"max":0.000031233,"avg":0.000001858,"var":0.000000004,"sum":0.002863169},"relative_timestamp_from_create":{"num":1541,"min":0.000002384,"max":0.001340628,"avg":0.000003731,"var":0.000001789,"sum":0.005748987}},"forward_cb":{"duration":{"num":1541,"min":0.000000000,"max":0.000001192,"avg":0.000000129,"var":0.000000000,"sum":0.000198364},"relative_timestamp_from_iforward_start":{"num":1541,"min":0.000204325,"max":0.042105675,"avg":0.008320319,"var":0.158058492,"sum":12.821611404}},"iforward_wait":{"duration":{"num":1541,"min":0.000203133,"max":0.042104483,"avg":0.008318830,"var":0.158057671,"sum":12.819316387},"relative_timestamp_from_iforward_end":{"num":1541,"min":0.000000000,"max":0.000006437,"avg":0.000000232,"var":0.000000000,"sum":0.000357866}},"set_input":{"duration":{"num":1541,"min":0.000000000,"max":0.000004530,"avg":0.000000130,"var":0.000000000,"sum":0.000200033},"relative_timestamp_from_iforward_start":{"num":1541,"min":0.000000477,"max":0.000010967,"avg":0.000000714,"var":0.000000000,"sum":0.001100540}},"get_output":{"duration":{"num":1541,"min":0.000000000,"max":0.000000477,"avg":0.000000091,"var":0.000000000,"sum":0.000140190},"relative_timestamp_from_wait_end":{"num":1541,"min":0.000000000,"max":0.000002861,"avg":0.000000153,"var":0.000000000,"sum":0.000235081}}}}},"65535:65535:65535:65535":{"rpc_id":65535,"provider_id":65535,"parent_rpc_id":65535,"parent_provider_id":65535,"name":"","target":{"received from <unknown>":{"bulk":{"create":{"duration":{"num":1541,"min":0.000002384,"max":0.001336813,"avg":0.000003529,"var":0.000001779,"sum":0.005438089},"size":{"num":1541,"min":4194304.000000000,"max":4194304.000000000,"avg":4194304.000000000,"var":0.000000000,"sum":6463422464.000000000}}}}}}},"hostname":"x4108c0s7b0n0","pid":193881,"cmdline":["/home/carns/working/src/spack/var/spack/environments/quintain-2025-07/.spack-env/view/bin/quintain-benchmark","-g","quintain.flock.json","-j","/home/carns/working/dbg/john-quintain-profile-example-2025-07/quintain-benchmark-bw.json","-o","/flare/radix-io/carns/quintain/6767526.aurora-pbs-0001.hostmgmt.cm.aurora.alcf.anl.gov/bw-sweep-servers408-clis816"]}