{"address":"ofi+cxi://0x0262440f","progress_loop":{"progress_with_timeout":{"num":1422,"min":0.000001907,"max":0.105829000,"avg":0.068744323,"var":3.430940314,"sum":97.754427910},"progress_timeout_value_msec":{"num":1422,"min":100.000000000,"max":100.000000000,"avg":100.000000000,"var":0.000000000,"sum":142200.000000000},"progress_without_timeout":{"num":14933643,"min":0.000000000,"max":0.000474453,"avg":0.000000156,"var":0.000000895,"sum":2.325585604},"trigger":{"num":101374,"min":0.000000238,"max":0.000038385,"avg":0.000000628,"var":0.000000058,"sum":0.063654423}},"rpcs":{"65535:65535:3669993900245843967:1":{"rpc_id":3669993900245843967,"provider_id":1,"parent_rpc_id":65535,"parent_provider_id":65535,"name":"qtn_work_rpc","target":{"received from ofi+cxi://0x02606415":{"handler":{"duration":{"num":21769,"min":0.000000477,"max":0.000029325,"avg":0.000000607,"var":0.000000008,"sum":0.013208866}},"ult":{"duration":{"num":21769,"min":0.000004530,"max":0.000056028,"avg":0.000004900,"var":0.000000032,"sum":0.106662989},"relative_timestamp_from_handler_start":{"num":21769,"min":0.000000715,"max":0.000029802,"avg":0.000000981,"var":0.000000019,"sum":0.021351099}},"irespond":{"duration":{"num":21769,"min":0.000000238,"max":0.000034571,"avg":0.000000502,"var":0.000000004,"sum":0.010925055},"relative_timestamp_from_ult_start":{"num":21769,"min":0.000000238,"max":0.000032663,"avg":0.000000307,"var":0.000000001,"sum":0.006680727}},"respond_cb":{"duration":{"num":21769,"min":0.000000000,"max":0.000037909,"avg":0.000000118,"var":0.000000002,"sum":0.002568007},"relative_timestamp_from_irespond_start":{"num":21769,"min":0.000003576,"max":0.000050068,"avg":0.000003966,"var":0.000000022,"sum":0.086328268}},"irespond_wait":{"duration":{"num":21769,"min":0.000003099,"max":0.000054836,"avg":0.000003699,"var":0.000000020,"sum":0.080523014},"relative_timestamp_from_irespond_end":{"num":21769,"min":0.000000000,"max":0.000000477,"avg":0.000000180,"var":0.000000000,"sum":0.003912449}},"set_output":{"duration":{"num":21769,"min":0.000000000,"max":0.000000477,"avg":0.000000064,"var":0.000000000,"sum":0.001400948},"relative_timestamp_from_irespond_start":{"num":21769,"min":0.000000000,"max":0.000034094,"avg":0.000000090,"var":0.000000001,"sum":0.001956463}},"get_input":{"duration":{"num":21769,"min":0.000000000,"max":0.000032663,"avg":0.000000103,"var":0.000000001,"sum":0.002240896},"relative_timestamp_from_ult_start":{"num":21769,"min":0.000000000,"max":0.000001669,"avg":0.000000135,"var":0.000000000,"sum":0.002933741}}},"received from ofi+cxi://0x02602214":{"handler":{"duration":{"num":24291,"min":0.000000477,"max":0.000021458,"avg":0.000000603,"var":0.000000006,"sum":0.014635563}},"ult":{"duration":{"num":24291,"min":0.000004292,"max":0.000478268,"avg":0.000004874,"var":0.000000245,"sum":0.118394613},"relative_timestamp_from_handler_start":{"num":24291,"min":0.000000715,"max":0.000021696,"avg":0.000000976,"var":0.000000016,"sum":0.023703098}},"irespond":{"duration":{"num":24291,"min":0.000000238,"max":0.000023365,"avg":0.000000491,"var":0.000000003,"sum":0.011916876},"relative_timestamp_from_ult_start":{"num":24291,"min":0.000000238,"max":0.000021458,"avg":0.000000296,"var":0.000000001,"sum":0.007187605}},"respond_cb":{"duration":{"num":24291,"min":0.000000000,"max":0.000000715,"avg":0.000000114,"var":0.000000000,"sum":0.002760172},"relative_timestamp_from_irespond_start":{"num":24291,"min":0.000003576,"max":0.000476599,"avg":0.000003957,"var":0.000000239,"sum":0.096128225}},"irespond_wait":{"duration":{"num":24291,"min":0.000003338,"max":0.000476837,"avg":0.000003695,"var":0.000000237,"sum":0.089760542},"relative_timestamp_from_irespond_end":{"num":24291,"min":0.000000000,"max":0.000000477,"avg":0.000000179,"var":0.000000000,"sum":0.004346132}},"set_output":{"duration":{"num":24291,"min":0.000000000,"max":0.000022888,"avg":0.000000068,"var":0.000000001,"sum":0.001651287},"relative_timestamp_from_irespond_start":{"num":24291,"min":0.000000000,"max":0.000019550,"avg":0.000000082,"var":0.000000001,"sum":0.001999855}},"get_input":{"duration":{"num":24291,"min":0.000000000,"max":0.000021458,"avg":0.000000103,"var":0.000000001,"sum":0.002493382},"relative_timestamp_from_ult_start":{"num":24291,"min":0.000000000,"max":0.000001669,"avg":0.000000124,"var":0.000000000,"sum":0.003010988}}},"received from ofi+cxi://0x02606412":{"handler":{"duration":{"num":1534,"min":0.000000477,"max":0.000010967,"avg":0.000001115,"var":0.000000001,"sum":0.001710892}},"ult":{"duration":{"num":1534,"min":0.000203371,"max":0.029621840,"avg":0.005026486,"var":0.090141725,"sum":7.710629225},"relative_timestamp_from_handler_start":{"num":1534,"min":0.000000715,"max":0.029240847,"avg":0.001637606,"var":0.041779389,"sum":2.512087345}},"irespond":{"duration":{"num":1534,"min":0.000000238,"max":0.000012636,"avg":0.000001024,"var":0.000000002,"sum":0.001570940},"relative_timestamp_from_ult_start":{"num":1534,"min":0.000184298,"max":0.029607058,"avg":0.004906038,"var":0.090139161,"sum":7.525861979}},"respond_cb":{"duration":{"num":1534,"min":0.000000000,"max":0.000002146,"avg":0.000000172,"var":0.000000000,"sum":0.000263929},"relative_timestamp_from_irespond_start":{"num":1534,"min":0.000003815,"max":0.002371311,"avg":0.000091754,"var":0.000090500,"sum":0.140751123}},"irespond_wait":{"duration":{"num":1534,"min":0.000003576,"max":0.004599094,"avg":0.000093952,"var":0.000110749,"sum":0.144123077},"relative_timestamp_from_irespond_end":{"num":1534,"min":0.000000000,"max":0.000002623,"avg":0.000000297,"var":0.000000000,"sum":0.000455618}},"set_output":{"duration":{"num":1534,"min":0.000000000,"max":0.000004053,"avg":0.000000127,"var":0.000000000,"sum":0.000195026},"relative_timestamp_from_irespond_start":{"num":1534,"min":0.000000000,"max":0.000005960,"avg":0.000000247,"var":0.000000000,"sum":0.000378132}},"get_input":{"duration":{"num":1534,"min":0.000000000,"max":0.000020981,"avg":0.000000592,"var":0.000000001,"sum":0.000907421},"relative_timestamp_from_ult_start":{"num":1534,"min":0.000000000,"max":0.000008583,"avg":0.000000237,"var":0.000000000,"sum":0.000363588}},"bulk":{"create":{"duration":{"num":1534,"min":0.000002384,"max":0.027545691,"avg":0.003849769,"var":0.077881053,"sum":5.905546188},"size":{"num":1534,"min":4194304.000000000,"max":4194304.000000000,"avg":4194304.000000000,"var":0.000000000,"sum":6434062336.000000000}},"pull from ofi+cxi://0x02606412":{"itransfer":{"duration":{"num":1534,"min":0.000000715,"max":0.000020266,"avg":0.000002432,"var":0.000000008,"sum":0.003731251},"size":{"num":1534,"min":4194304.000000000,"max":4194304.000000000,"avg":4194304.000000000,"var":0.000000000,"sum":6434062336.000000000}},"transfer_cb":{"duration":{"num":1534,"min":0.000000000,"max":0.000006437,"avg":0.000000208,"var":0.000000000,"sum":0.000319004},"relative_timestamp_from_itransfer_start":{"num":1534,"min":0.000179768,"max":0.020560026,"avg":0.001050157,"var":0.002358544,"sum":1.610940218}},"itransfer_wait":{"duration":{"num":1534,"min":0.000179052,"max":0.020558834,"avg":0.001048072,"var":0.002357935,"sum":1.607742310},"relative_timestamp_from_itransfer_end":{"num":1534,"min":0.000000000,"max":0.000005245,"avg":0.000000346,"var":0.000000000,"sum":0.000530005}}}}},"received from ofi+cxi://0x0260a20d":{"handler":{"duration":{"num":1550,"min":0.000000477,"max":0.000010490,"avg":0.000001135,"var":0.000000001,"sum":0.001760006}},"ult":{"duration":{"num":1550,"min":0.000201702,"max":0.031312227,"avg":0.004957247,"var":0.087871236,"sum":7.683733225},"relative_timestamp_from_handler_start":{"num":1550,"min":0.000000715,"max":0.025671005,"avg":0.001108356,"var":0.029852279,"sum":1.717952251}},"irespond":{"duration":{"num":1550,"min":0.000000238,"max":0.000013113,"avg":0.000001019,"var":0.000000001,"sum":0.001579762},"relative_timestamp_from_ult_start":{"num":1550,"min":0.000183582,"max":0.031260252,"avg":0.004821647,"var":0.087283502,"sum":7.473552465}},"respond_cb":{"duration":{"num":1550,"min":0.000000000,