{"address":"","rpcs":{},"pools":{"__primary__":{"timestamps":[1753558083.759154081,1753558084.759422779,1753558089.215106249,1753558094.582501888,1753558094.696397305],"size":[0,0,0,0,0],"total_size":[1,1,1,1,0]}}}