{"address":"","progress_loop":{"progress_with_timeout":{"num":33967,"min":0.000000954,"max":0.102429867,"avg":0.000152837,"var":0.012289959,"sum":5.191416264},"progress_timeout_value_msec":{"num":33967,"min":100.000000000,"max":100.000000000,"avg":100.000000000,"var":0.000000000,"sum":3396700.000000000},"progress_without_timeout":{"num":0,"min":0.000000000,"max":0.000000000,"avg":0.000000000,"var":0.000000000,"sum":0.000000000},"trigger":{"num":33817,"min":0.000000238,"max":0.000007153,"avg":0.000000273,"var":0.000000000,"sum":0.009247065}},"rpcs":{"65535:65535:7940397281847607295:2":{"rpc_id":7940397281847607295,"provider_id":2,"parent_rpc_id":65535,"parent_provider_id":65535,"name":"__identity__","origin":{"sent to ofi+cxi://0x06f2600c":{"iforward":{"duration":{"num":1,"min":0.002914190,"max":0.002914190,"avg":0.002914190,"var":0.000000000,"sum":0.002914190},"relative_timestamp_from_create":{"num":1,"min":0.000003338,"max":0.000003338,"avg":0.000003338,"var":0.000000000,"sum":0.000003338}},"forward_cb":{"duration":{"num":1,"min":0.000003576,"max":0.000003576,"avg":0.000003576,"var":0.000000000,"sum":0.000003576},"relative_timestamp_from_iforward_start":{"num":1,"min":0.020517826,"max":0.020517826,"avg":0.020517826,"var":0.000000000,"sum":0.020517826}},"iforward_wait":{"duration":{"num":1,"min":0.017610550,"max":0.017610550,"avg":0.017610550,"var":0.000000000,"sum":0.017610550},"relative_timestamp_from_iforward_end":{"num":1,"min":0.000001431,"max":0.000001431,"avg":0.000001431,"var":0.000000000,"sum":0.000001431}},"set_input":{"duration":{"num":0,"min":0.000000000,"max":0.000000000,"avg":0.000000000,"var":0.000000000,"sum":0.000000000},"relative_timestamp_from_iforward_start":{"num":0,"min":0.000000000,"max":0.000000000,"avg":0.000000000,"var":0.000000000,"sum":0.000000000}},"get_output":{"duration":{"num":1,"min":0.000006437,"max":0.000006437,"avg":0.000006437,"var":0.000000000,"sum":0.000006437},"relative_timestamp_from_wait_end":{"num":1,"min":0.000001431,"max":0.000001431,"avg":0.000001431,"var":0.000000000,"sum":0.000001431}}}}},"65535:65535:9722976651498815487:2":{"rpc_id":9722976651498815487,"provider_id":2,"parent_rpc_id":65535,"parent_provider_id":65535,"name":"flock_get_view","origin":{"sent to ofi+cxi://0x06f2600c":{"iforward":{"duration":{"num":2,"min":0.000012398,"max":0.000025272,"avg":0.000018835,"var":0.000000000,"sum":0.000037670},"relative_timestamp_from_create":{"num":2,"min":0.000000238,"max":0.000000954,"avg":0.000000596,"var":0.000000000,"sum":0.000001192}},"forward_cb":{"duration":{"num":2,"min":0.000000238,"max":0.000000238,"avg":0.000000238,"var":0.000000000,"sum":0.000000477},"relative_timestamp_from_iforward_start":{"num":2,"min":0.005769014,"max":0.032598495,"avg":0.019183755,"var":0.000359911,"sum":0.038367510}},"iforward_wait":{"duration":{"num":2,"min":0.005757093,"max":0.032572746,"avg":0.019164920,"var":0.000359540,"sum":0.038329840},"relative_timestamp_from_iforward_end":{"num":2,"min":0.000000238,"max":0.000001431,"avg":0.000000834,"var":0.000000000,"sum":0.000001669}},"set_input":{"duration":{"num":2,"min":0.000000000,"max":0.000000238,"avg":0.000000119,"var":0.000000000,"sum":0.000000238},"relative_timestamp_from_iforward_start":{"num":2,"min":0.000001431,"max":0.000011444,"avg":0.000006437,"var":0.000000000,"sum":0.000012875}},"get_output":{"duration":{"num":2,"min":0.000000477,"max":0.000040531,"avg":0.000020504,"var":0.000000001,"sum":0.000041008},"relative_timestamp_from_wait_end":{"num":2,"min":0.000000238,"max":0.000001192,"avg":0.000000715,"var":0.000000000,"sum":0.000001431}}}}},"65535:65535:3669993900245843967:1":{"rpc_id":3669993900245843967,"provider_id":1,"parent_rpc_id":65535,"parent_provider_id":65535,"name":"qtn_work_rpc","origin":{"sent to ofi+cxi://0x06f56417":{"iforward":{"duration":{"num":33813,"min":0.000001431,"max":0.000037670,"avg":0.000001569,"var":0.000000006,"sum":0.053047180},"relative_timestamp_from_create":{"num":33813,"min":0.000000000,"max":0.000002861,"avg":0.000000071,"var":0.000000000,"sum":0.002416611}},"forward_cb":{"duration":{"num":33813,"min":0.000000000,"max":0.000001907,"avg":0.000000123,"var":0.000000001,"sum":0.004144192},"relative_timestamp_from_iforward_start":{"num":33813,"min":0.000008345,"max":0.000620127,"avg":0.000150979,"var":0.000551304,"sum":5.105040789}},"iforward_wait":{"duration":{"num":33813,"min":0.000003338,"max":0.000618935,"avg":0.000149795,"var":0.000551224,"sum":5.065021753},"relative_timestamp_from_iforward_end":{"num":33813,"min":0.000000000,"max":0.000004530,"avg":0.000000176,"var":0.000000000,"sum":0.005942822}},"set_input":{"duration":{"num":33813,"min":0.000000000,"max":0.000003815,"avg":0.000000071,"var":0.000000000,"sum":0.002417564},"relative_timestamp_from_iforward_start":{"num":33813,"min":0.000000477,"max":0.000006676,"avg":0.000000714,"var":0.000000000,"sum":0.024143219}},"get_output":{"duration":{"num":33813,"min":0.000000000,"max":0.000005484,"avg":0.000000092,"var":0.000000001,"sum":0.003104925},"relative_timestamp_from_wait_end":{"num":33813,"min":0.000000000,"max":0.000002861,"avg":0.000000151,"var":0.000000001,"sum":0.005110025}}}}}},"hostname":"x4418c0s7b0n0","pid":8236,"cmdline":["/home/carns/working/src/spack/var/spack/environments/quintain-2025-07/.spack-env/view/bin/quintain-benchmark","-g","quintain.flock.json","-j","/home/carns/working/dbg/john-quintain-profile-example-2025-07/quintain-benchmark-rpc.json","-o","/flare/radix-io/carns/quintain/6710290.aurora-pbs-0001.hostmgmt.cm.aurora.alcf.anl.gov/rpc-sweep-servers408-clis816"]}