{"address":"ofi+cxi://0x0260e018","progress_loop":{"progress_with_timeout":{"num":22650,"min":0.000001192,"max":0.103353739,"avg":0.000232585,"var":0.012964180,"sum":5.268061399},"progress_timeout_value_msec":{"num":22650,"min":100.000000000,"max":100.000000000,"avg":100.000000000,"var":0.000000000,"sum":2265000.000000000},"progress_without_timeout":{"num":0,"min":0.000000000,"max":0.000000000,"avg":0.000000000,"var":0.000000000,"sum":0.000000000},"trigger":{"num":22609,"min":0.000000238,"max":0.000006914,"avg":0.000000280,"var":0.000000000,"sum":0.006320477}},"rpcs":{"65535:65535:7940397281847607295:2":{"rpc_id":7940397281847607295,"provider_id":2,"parent_rpc_id":65535,"parent_provider_id":65535,"name":"__identity__","origin":{"sent to ofi+cxi://0x0262200d":{"iforward":{"duration":{"num":1,"min":0.000082016,"max":0.000082016,"avg":0.000082016,"var":0.000000000,"sum":0.000082016},"relative_timestamp_from_create":{"num":1,"min":0.000002623,"max":0.000002623,"avg":0.000002623,"var":0.000000000,"sum":0.000002623}},"forward_cb":{"duration":{"num":1,"min":0.000004292,"max":0.000004292,"avg":0.000004292,"var":0.000000000,"sum":0.000004292},"relative_timestamp_from_iforward_start":{"num":1,"min":0.003092527,"max":0.003092527,"avg":0.003092527,"var":0.000000000,"sum":0.003092527}},"iforward_wait":{"duration":{"num":1,"min":0.003020763,"max":0.003020763,"avg":0.003020763,"var":0.000000000,"sum":0.003020763},"relative_timestamp_from_iforward_end":{"num":1,"min":0.000000238,"max":0.000000238,"avg":0.000000238,"var":0.000000000,"sum":0.000000238}},"set_input":{"duration":{"num":0,"min":0.000000000,"max":0.000000000,"avg":0.000000000,"var":0.000000000,"sum":0.000000000},"relative_timestamp_from_iforward_start":{"num":0,"min":0.000000000,"max":0.000000000,"avg":0.000000000,"var":0.000000000,"sum":0.000000000}},"get_output":{"duration":{"num":1,"min":0.000006914,"max":0.000006914,"avg":0.000006914,"var":0.000000000,"sum":0.000006914},"relative_timestamp_from_wait_end":{"num":1,"min":0.000001431,"max":0.000001431,"avg":0.000001431,"var":0.000000000,"sum":0.000001431}}}}},"65535:65535:9722976651498815487:2":{"rpc_id":9722976651498815487,"provider_id":2,"parent_rpc_id":65535,"parent_provider_id":65535,"name":"flock_get_view","origin":{"sent to ofi+cxi://0x0262200d":{"iforward":{"duration":{"num":2,"min":0.000012159,"max":0.000040531,"avg":0.000026345,"var":0.000000000,"sum":0.000052691},"relative_timestamp_from_create":{"num":2,"min":0.000000238,"max":0.000001431,"avg":0.000000834,"var":0.000000000,"sum":0.000001669}},"forward_cb":{"duration":{"num":2,"min":0.000000238,"max":0.000000477,"avg":0.000000358,"var":0.000000000,"sum":0.000000715},"relative_timestamp_from_iforward_start":{"num":2,"min":0.015802860,"max":0.034630299,"avg":0.025216579,"var":0.000177236,"sum":0.050433159}},"iforward_wait":{"duration":{"num":2,"min":0.015762091,"max":0.034618616,"avg":0.025190353,"var":0.000177784,"sum":0.050380707},"relative_timestamp_from_iforward_end":{"num":2,"min":0.000000238,"max":0.000001431,"avg":0.000000834,"var":0.000000000,"sum":0.000001669}},"set_input":{"duration":{"num":2,"min":0.000000000,"max":0.000000238,"avg":0.000000119,"var":0.000000000,"sum":0.000000238},"relative_timestamp_from_iforward_start":{"num":2,"min":0.000001669,"max":0.000012159,"avg":0.000006914,"var":0.000000000,"sum":0.000013828}},"get_output":{"duration":{"num":2,"min":0.000000238,"max":0.000034332,"avg":0.000017285,"var":0.000000001,"sum":0.000034571},"relative_timestamp_from_wait_end":{"num":2,"min":0.000000477,"max":0.000001431,"avg":0.000000954,"var":0.000000000,"sum":0.000001907}}}}},"65535:65535:3669993900245843967:1":{"rpc_id":3669993900245843967,"provider_id":1,"parent_rpc_id":65535,"parent_provider_id":65535,"name":"qtn_work_rpc","origin":{"sent to ofi+cxi://0x02636216":{"iforward":{"duration":{"num":22605,"min":0.000001192,"max":0.000037909,"avg":0.000001562,"var":0.000000005,"sum":0.035306692},"relative_timestamp_from_create":{"num":22605,"min":0.000000000,"max":0.000002623,"avg":0.000000073,"var":0.000000000,"sum":0.001649141}},"forward_cb":{"duration":{"num":22605,"min":0.000000000,"max":0.000002861,"avg":0.000000126,"var":0.000000000,"sum":0.002849817},"relative_timestamp_from_iforward_start":{"num":22605,"min":0.000008583,"max":0.000934839,"avg":0.000228236,"var":0.000896392,"sum":5.159271717}},"iforward_wait":{"duration":{"num":22605,"min":0.000007391,"max":0.000933647,"avg":0.000227056,"var":0.000896445,"sum":5.132601023},"relative_timestamp_from_iforward_end":{"num":22605,"min":0.000000000,"max":0.000002384,"avg":0.000000187,"var":0.000000000,"sum":0.004216671}},"set_input":{"duration":{"num":22605,"min":0.000000000,"max":0.000003099,"avg":0.000000076,"var":0.000000000,"sum":0.001728773},"relative_timestamp_from_iforward_start":{"num":22605,"min":0.000000477,"max":0.000010729,"avg":0.000000717,"var":0.000000000,"sum":0.016214132}},"get_output":{"duration":{"num":22605,"min":0.000000000,"max":0.000001192,"avg":0.000000087,"var":0.000000000,"sum":0.001968145},"relative_timestamp_from_wait_end":{"num":22605,"min":0.000000000,"max":0.000002384,"avg":0.000000150,"var":0.000000000,"sum":0.003394127}}}}}},"hostname":"x4108c0s2b0n0","pid":31255,"cmdline":["/home/carns/working/src/spack/var/spack/environments/quintain-2025-07/.spack-env/view/bin/quintain-benchmark","-g","quintain.flock.json","-j","/home/carns/working/dbg/john-quintain-profile-example-2025-07/quintain-benchmark-rpc.json","-o","/flare/radix-io/carns/quintain/6767526.aurora-pbs-0001.hostmgmt.cm.aurora.alcf.anl.gov/rpc-sweep-servers408-clis816"]}