{"address":"","rpcs":{},"pools":{"__primary__":{"timestamps":[1753366941.850961685,1753366942.851227283,1753366943.851302862,1753366944.851827145,1753366945.851834774,1753366946.851937532,1753366956.002342463,1753366956.118486404],"size":[0,0,0,0,0,0,0,0],"total_size":[1,1,1,1,1,1,1,0]}}}