{"address":"","rpcs":{},"pools":{"__primary__":{"timestamps":[1753367037.312088490,1753367038.312956572,1753367039.317107677,1753367040.326910973,1753367041.340737820,1753367042.360990763,1753367043.381311893,1753367044.381685734,1753367045.390524864,1753367047.152004480,1753367048.158044815,1753367049.177760363,1753367050.194216013,1753367051.208106279,1753367052.523430586,1753367052.655580759],"size":[0,0,0,0,0,0,0,0,0,0,0,0,0,0,0,0],"total_size":[1,1,1,1,1,1,1,1,1,1,1,1,1,1,1,0]}}}