{"address":"","rpcs":{"qtn_work_rpc:1":{"timestamps":[1753558083.971133471,1753558084.971133709,1753558085.971133947,1753558086.971134424,1753558087.971134663,1753558088.971135139,1753558090.051584005,1753558091.090832472,1753558092.131152868,1753558093.171222687,1753558094.211727858,1753558095.250756741,1753558096.291713238,1753558097.331304789,1753558098.370894432,1753558099.411070824,1753558100.451161146,1753558101.491711378,1753558102.531335592,1753558103.570979357,1753558104.611082077,1753558105.651266575,1753558106.690865993,1753558107.731328011,1753558108.771331310,1753558109.811525822,1753558110.851645231,1753558111.891399860,1753558112.931200027,1753558113.971617937,1753558115.011046410,1753558116.051413298,1753558117.091110706,1753558118.131655693,1753558119.171086550,1753558120.210984230,1753558121.251096487,1753558122.290881872,1753558123.294065475,1753558124.294065714,1753558125.294292450,1753558126.294777632,1753558127.335681438,1753558128.374926805,1753558129.415201664,1753558130.455416918,1753558131.495097399,1753558132.496376991,1753558133.498943806,1753558134.506013870,1753558135.510808706,1753558136.513939381,1753558137.530985117,1753558138.571515322,1753558139.611106634,1753558140.651493788,1753558141.690956116,1753558142.731311798,1753558143.771058083,1753558144.810939074,1753558145.851060867,1753558146.891618967,1753558147.930791140,1753558148.971354961,1753558150.011724234,1753558151.051164389,1753558152.091793299,1753558153.131503344,1753558154.171114922,1753558155.277126551],"count":[840,10757,13272,13332,13201,13470,3189,0,0,0,0,0,0,0,0,0,0,0,0,0,0,0,0,0,0,0,0,0,0,0,0,0,0,0,0,0,0,0,542,529,503,426,0,0,0,0,0,414,528,431,548,509,87,0,0,0,0,0,0,0,0,0,0,0,0,0,0,0,0,0],"bulk_size":[0,0,0,0,0,0,0,0,0,0,0,0,0,0,0,0,0,0,0,0,0,0,0,0,0,0,0,0,0,0,0,0,0,0,0,0,0,0,2273312768,2218786816,2109734912,1786773504,0,0,0,0,0,1736441856,2214592512,1807745024,2298478592,2134900736,364904448,0,0,0,0,0,0,0,0,0,0,0,0,0,0,0,0,0]},"__shutdown__:65535":{"timestamps":[1753558155.277126551],"count":[1],"bulk_size":[0]}},"pools":{"__primary__":{"timestamps":[1753558039.291763544,1753558040.330994844,1753558041.371114254,1753558042.410931110,1753558043.451128483,1753558044.491046667,1753558045.531192303,1753558046.571522951,1753558047.611593246,1753558048.650953054,1753558049.691573381,1753558050.730989456,1753558051.771026850,1753558052.810953379,1753558053.851493597,1753558054.891084433,1753558055.931566477,1753558056.971803904,1753558058.010955572,1753558059.050821781,1753558060.091040134,1753558061.131106853,1753558062.171627760,1753558063.211220503,1753558064.251180410,1753558065.291009903,1753558066.331141233,1753558067.370872974,1753558068.411508799,1753558069.451152325,1753558070.488114595,1753558071.531666040,1753558072.570614338,1753558073.611742496,1753558074.650816441,1753558075.690760374,1753558076.730970860,1753558077.771228075,1753558078.811236382,1753558079.851654530,1753558080.891622782,1753558081.931644201,1753558082.971133232,1753558083.971133471,1753558084.971133709,1753558085.971133947,1753558086.971134424,1753558087.971134663,1753558088.971135139,1753558090.051584005,1753558091.090832472,1753558092.131152868,1753558093.171222687,1753558094.211727858,1753558095.250756741,1753558096.291713238,1753558097.331304789,1753558098.370894432,1753558099.411070824,1753558100.451161146,1753558101.491711378,1753558102.531335592,1753558103.570979357,1753558104.611082077,1753558105.651266575,1753558106.690865993,1753558107.731328011,1753558108.771331310,1753558109.811525822,1753558110.851645231,1753558111.891399860,1753558112.931200027,1753558113.971617937,1753558115.011046410,1753558116.051413298,1753558117.091110706,1753558118.131655693,1753558119.171086550,1753558120.210984230,1753558121.251096487,1753558122.290881872,1753558123.294065475,1753558124.294065714,1753558125.294292450,1753558126.294777632,1753558127.335681438,1753558128.374926805,1753558129.415201664,1753558130.455416918,1753558131.495097399,1753558132.496376991,1753558133.498943806,1753558134.506013870,1753558135.510808706,1753558136.513939381,1753558137.530985117,1753558138.571515322,1753558139.611106634,1753558140.651493788,1753558141.690956116,1753558142.731311798,1753558143.771058083,1753558144.810939074,1753558145.851060867,1753558146.891618967,1753558147.930791140,1753558148.971354961,1753558150.011724234,1753558151.051164389,1753558152.091793299,1753558153.131503344,1753558154.171114922,1753558155.277126551],"size":[0,0,0,0,0,0,0,0,0,0,0,0,0,0,0,0,0,0,0,0,0,0,0,0,0,0,0,0,0,0,0,0,0,0,0,0,0,0,0,0,0,0,0,0,0,0,0,0,0,0,0,0,0,0,0,0,0,0,0,0,0,0,0,0,0,0,0,0,0,0,0,0,0,0,0,0,0,0,0,0,0,0,0,0,0,0,0,0,0,0,0,0,0,0,0,0,0,0,0,0,0,0,0,0,0,0,0,0,0,0,0,0,0],"total_size":[1,1,1,1,1,1,1,1,1,1,1,1,1,1,1,1,1,1,1,1,1,1,1,1,1,1,1,1,1,1,1,1,1,1,1,1,1,1,1,1,1,1,1,1,1,1,1,1,1,1,1,1,1,1,1,1,1,1,1,1,1,1,1,1,1,1,1,1,1,1,1,1,1,1,1,1,1,1,1,1,1,2,3,2,1,1,1,1,1,1,3,2,2,3,2,1,1,1,1,1,1,1,1,1,1,1,1,1,1,1,1,1,0]}}}