{"address":"ofi+cxi://0x0260e411","progress_loop":{"progress_with_timeout":{"num":1650,"min":0.000001431,"max":0.104353905,"avg":0.007538184,"var":0.168850152,"sum":12.438004255},"progress_timeout_value_msec":{"num":1650,"min":100.000000000,"max":100.000000000,"avg":100.000000000,"var":0.000000000,"sum":165000.000000000},"progress_without_timeout":{"num":0,"min":0.000000000,"max":0.000000000,"avg":0.000000000,"var":0.000000000,"sum":0.000000000},"trigger":{"num":1644,"min":0.000000238,"max":0.000007391,"avg":0.000000295,"var":0.000000000,"sum":0.000484943}},"rpcs":{"65535:65535:7940397281847607295:2":{"rpc_id":7940397281847607295,"provider_id":2,"parent_rpc_id":65535,"parent_provider_id":65535,"name":"__identity__","origin":{"sent to ofi+cxi://0x0262200d":{"iforward":{"duration":{"num":1,"min":0.000122070,"max":0.000122070,"avg":0.000122070,"var":0.000000000,"sum":0.000122070},"relative_timestamp_from_create":{"num":1,"min":0.000003099,"max":0.000003099,"avg":0.000003099,"var":0.000000000,"sum":0.000003099}},"forward_cb":{"duration":{"num":1,"min":0.000004530,"max":0.000004530,"avg":0.000004530,"var":0.000000000,"sum":0.000004530},"relative_timestamp_from_iforward_start":{"num":1,"min":0.000495434,"max":0.000495434,"avg":0.000495434,"var":0.000000000,"sum":0.000495434}},"iforward_wait":{"duration":{"num":1,"min":0.000381947,"max":0.000381947,"avg":0.000381947,"var":0.000000000,"sum":0.000381947},"relative_timestamp_from_iforward_end":{"num":1,"min":0.000000477,"max":0.000000477,"avg":0.000000477,"var":0.000000000,"sum":0.000000477}},"set_input":{"duration":{"num":0,"min":0.000000000,"max":0.000000000,"avg":0.000000000,"var":0.000000000,"sum":0.000000000},"relative_timestamp_from_iforward_start":{"num":0,"min":0.000000000,"max":0.000000000,"avg":0.000000000,"var":0.000000000,"sum":0.000000000}},"get_output":{"duration":{"num":1,"min":0.000006676,"max":0.000006676,"avg":0.000006676,"var":0.000000000,"sum":0.000006676},"relative_timestamp_from_wait_end":{"num":1,"min":0.000001192,"max":0.000001192,"avg":0.000001192,"var":0.000000000,"sum":0.000001192}}}}},"65535:65535:9722976651498815487:2":{"rpc_id":9722976651498815487,"provider_id":2,"parent_rpc_id":65535,"parent_provider_id":65535,"name":"flock_get_view","origin":{"sent to ofi+cxi://0x0262200d":{"iforward":{"duration":{"num":2,"min":0.000010252,"max":0.000017881,"avg":0.000014067,"var":0.000000000,"sum":0.000028133},"relative_timestamp_from_create":{"num":2,"min":0.000000238,"max":0.000000715,"avg":0.000000477,"var":0.000000000,"sum":0.000000954}},"forward_cb":{"duration":{"num":2,"min":0.000000238,"max":0.000000238,"avg":0.000000238,"var":0.000000000,"sum":0.000000477},"relative_timestamp_from_iforward_start":{"num":2,"min":0.000835419,"max":0.003125906,"avg":0.001980662,"var":0.000002623,"sum":0.003961325}},"iforward_wait":{"duration":{"num":2,"min":0.000816822,"max":0.003116131,"avg":0.001966476,"var":0.000002643,"sum":0.003932953},"relative_timestamp_from_iforward_end":{"num":2,"min":0.000000238,"max":0.000001669,"avg":0.000000954,"var":0.000000000,"sum":0.000001907}},"set_input":{"duration":{"num":2,"min":0.000000238,"max":0.000000477,"avg":0.000000358,"var":0.000000000,"sum":0.000000715},"relative_timestamp_from_iforward_start":{"num":2,"min":0.000000954,"max":0.000003815,"avg":0.000002384,"var":0.000000000,"sum":0.000004768}},"get_output":{"duration":{"num":2,"min":0.000000238,"max":0.000034094,"avg":0.000017166,"var":0.000000001,"sum":0.000034332},"relative_timestamp_from_wait_end":{"num":2,"min":0.000000238,"max":0.000001192,"avg":0.000000715,"var":0.000000000,"sum":0.000001431}}}}},"65535:65535:3669993900245843967:1":{"rpc_id":3669993900245843967,"provider_id":1,"parent_rpc_id":65535,"parent_provider_id":65535,"name":"qtn_work_rpc","origin":{"sent to ofi+cxi://0x0262460e":{"iforward":{"duration":{"num":1640,"min":0.000001431,"max":0.000052214,"avg":0.000001915,"var":0.000000008,"sum":0.003140450},"relative_timestamp_from_create":{"num":1640,"min":0.000002384,"max":0.001863718,"avg":0.000004035,"var":0.000003462,"sum":0.006617069}},"forward_cb":{"duration":{"num":1640,"min":0.000000000,"max":0.000001431,"avg":0.000000135,"var":0.000000000,"sum":0.000221491},"relative_timestamp_from_iforward_start":{"num":1640,"min":0.000223637,"max":0.042982817,"avg":0.007520502,"var":0.159012858,"sum":12.333623171}},"iforward_wait":{"duration":{"num":1640,"min":0.000222683,"max":0.042981386,"avg":0.007518926,"var":0.159018519,"sum":12.331037998},"relative_timestamp_from_iforward_end":{"num":1640,"min":0.000000000,"max":0.000000954,"avg":0.000000272,"var":0.000000000,"sum":0.000446796}},"set_input":{"duration":{"num":1640,"min":0.000000000,"max":0.000008106,"avg":0.000000133,"var":0.000000000,"sum":0.000218630},"relative_timestamp_from_iforward_start":{"num":1640,"min":0.000000477,"max":0.000017643,"avg":0.000000735,"var":0.000000000,"sum":0.001204729}},"get_output":{"duration":{"num":1640,"min":0.000000000,"max":0.000000477,"avg":0.000000093,"var":0.000000000,"sum":0.000152349},"relative_timestamp_from_wait_end":{"num":1640,"min":0.000000000,"max":0.000001431,"avg":0.000000141,"var":0.000000000,"sum":0.000231028}}}}},"65535:65535:65535:65535":{"rpc_id":65535,"provider_id":65535,"parent_rpc_id":65535,"parent_provider_id":65535,"name":"","target":{"received from <unknown>":{"bulk":{"create":{"duration":{"num":1640,"min":0.000002146,"max":0.001855373,"avg":0.000003830,"var":0.000003432,"sum":0.006281137},"size":{"num":1640,"min":4194304.000000000,"max":4194304.000000000,"avg":4194304.000000000,"var":0.000000000,"sum":6878658560.000000000}}}}}}},"hostname":"x4108c0s0b0n0","pid":43028,"cmdline":["/home/carns/working/src/spack/var/spack/environments/quintain-2025-07/.spack-env/view/bin/quintain-benchmark","-g","quintain.flock.json","-j","/home/carns/working/dbg/john-quintain-profile-example-2025-07/quintain-benchmark-bw.json","-o","/flare/radix-io/carns/quintain/6767526.aurora-pbs-0001.hostmgmt.cm.aurora.alcf.anl.gov/bw-sweep-servers408-clis816"]}