{"address":"","rpcs":{},"pools":{"__primary__":{"timestamps":[1753558083.758785725,1753558084.758861780,1753558085.758944750,1753558086.759075403,1753558087.759460688,1753558088.759468555,1753558094.584388018,1753558094.722009420],"size":[0,0,0,0,0,0,0,0],"total_size":[1,1,1,1,1,1,1,0]}}}