{"address":"","progress_loop":{"progress_with_timeout":{"num":2294,"min":0.000001907,"max":0.106566668,"avg":0.082176407,"var":4.087781247,"sum":188.512677193},"progress_timeout_value_msec":{"num":2294,"min":100.000000000,"max":100.000000000,"avg":100.000000000,"var":0.000000000,"sum":229400.000000000},"progress_without_timeout":{"num":15729224,"min":0.000000000,"max":0.000506163,"avg":0.000000152,"var":0.000000980,"sum":2.385833025},"trigger":{"num":97216,"min":0.000000000,"max":0.000037193,"avg":0.000000607,"var":0.000000063,"sum":0.058971643}},"rpcs":{"65535:65535:3669993900245843967:1":{"rpc_id":3669993900245843967,"provider_id":1,"parent_rpc_id":65535,"parent_provider_id":65535,"name":"qtn_work_rpc","target":{"received from ofi+cxi://0x06f0e219":{"handler":{"duration":{"num":22049,"min":0.000000477,"max":0.000020266,"avg":0.000000566,"var":0.000000008,"sum":0.012485027}},"ult":{"duration":{"num":22049,"min":0.000004530,"max":0.000042915,"avg":0.000004894,"var":0.000000019,"sum":0.107900858},"relative_timestamp_from_handler_start":{"num":22049,"min":0.000000715,"max":0.000029564,"avg":0.000000926,"var":0.000000019,"sum":0.020411253}},"irespond":{"duration":{"num":22049,"min":0.000000238,"max":0.000022173,"avg":0.000000489,"var":0.000000002,"sum":0.010783911},"relative_timestamp_from_ult_start":{"num":22049,"min":0.000000238,"max":0.000030994,"avg":0.000000304,"var":0.000000001,"sum":0.006698132}},"respond_cb":{"duration":{"num":22049,"min":0.000000000,"max":0.000027895,"avg":0.000000107,"var":0.000000001,"sum":0.002362728},"relative_timestamp_from_irespond_start":{"num":22049,"min":0.000003576,"max":0.000036478,"avg":0.000003974,"var":0.000000009,"sum":0.087623835}},"irespond_wait":{"duration":{"num":22049,"min":0.000001192,"max":0.000041723,"avg":0.000003702,"var":0.000000010,"sum":0.081617355},"relative_timestamp_from_irespond_end":{"num":22049,"min":0.000000000,"max":0.000031948,"avg":0.000000192,"var":0.000000001,"sum":0.004230976}},"set_output":{"duration":{"num":22049,"min":0.000000000,"max":0.000021696,"avg":0.000000063,"var":0.000000001,"sum":0.001391172},"relative_timestamp_from_irespond_start":{"num":22049,"min":0.000000000,"max":0.000001669,"avg":0.000000081,"var":0.000000000,"sum":0.001791239}},"get_input":{"duration":{"num":22049,"min":0.000000000,"max":0.000003576,"avg":0.000000110,"var":0.000000000,"sum":0.002428770},"relative_timestamp_from_ult_start":{"num":22049,"min":0.000000000,"max":0.000030756,"avg":0.000000124,"var":0.000000001,"sum":0.002741575}}},"received from ofi+cxi://0x06f02611":{"handler":{"duration":{"num":22112,"min":0.000000477,"max":0.000029564,"avg":0.000000585,"var":0.000000009,"sum":0.012946129}},"ult":{"duration":{"num":22112,"min":0.000004530,"max":0.000481129,"avg":0.000004935,"var":0.000000255,"sum":0.109115839},"relative_timestamp_from_handler_start":{"num":22112,"min":0.000000715,"max":0.000030041,"avg":0.000000950,"var":0.000000020,"sum":0.021008730}},"irespond":{"duration":{"num":22112,"min":0.000000238,"max":0.000032663,"avg":0.000000495,"var":0.000000004,"sum":0.010953903},"relative_timestamp_from_ult_start":{"num":22112,"min":0.000000238,"max":0.000032425,"avg":0.000000307,"var":0.000000002,"sum":0.006795168}},"respond_cb":{"duration":{"num":22112,"min":0.000000000,"max":0.000000477,"avg":0.000000108,"var":0.000000000,"sum":0.002382040},"relative_timestamp_from_irespond_start":{"num":22112,"min":0.000003576,"max":0.000479460,"avg":0.000004015,"var":0.000000247,"sum":0.088785887}},"irespond_wait":{"duration":{"num":22112,"min":0.000003338,"max":0.000479698,"avg":0.000003734,"var":0.000000242,"sum":0.082571983},"relative_timestamp_from_irespond_end":{"num":22112,"min":0.000000000,"max":0.000036001,"avg":0.000000192,"var":0.000000001,"sum":0.004238129}},"set_output":{"duration":{"num":22112,"min":0.000000000,"max":0.000032425,"avg":0.000000065,"var":0.000000001,"sum":0.001427889},"relative_timestamp_from_irespond_start":{"num":22112,"min":0.000000000,"max":0.000000477,"avg":0.000000079,"var":0.000000000,"sum":0.001743793}},"get_input":{"duration":{"num":22112,"min":0.000000000,"max":0.000032187,"avg":0.000000112,"var":0.000000001,"sum":0.002483130},"relative_timestamp_from_ult_start":{"num":22112,"min":0.000000000,"max":0.000031710,"avg":0.000000126,"var":0.000000001,"sum":0.002777100}}},"received from ofi+cxi://0x06f02612":{"handler":{"duration":{"num":1495,"min":0.000000238,"max":0.000019312,"avg":0.000001227,"var":0.000000002,"sum":0.001833916}},"ult":{"duration":{"num":1495,"min":0.000198364,"max":0.030872345,"avg":0.005620229,"var":0.092977135,"sum":8.402242661},"relative_timestamp_from_handler_start":{"num":1495,"min":0.000000477,"max":0.021067858,"avg":0.001333592,"var":0.033611013,"sum":1.993720055}},"irespond":{"duration":{"num":1495,"min":0.000000238,"max":0.000015020,"avg":0.000001040,"var":0.000000001,"sum":0.001554251},"relative_timestamp_from_ult_start":{"num":1495,"min":0.000183582,"max":0.030857086,"avg":0.005428657,"var":0.093419663,"sum":8.115842819}},"respond_cb":{"duration":{"num":1495,"min":0.000000000,"max":0.000002623,"avg":0.000000178,"var":0.000000000,"sum":0.000266790},"relative_timestamp_from_irespond_start":{"num":1495,"min":0.000003815,"max":0.002823591,"avg":0.000138403,"var":0.000167191,"sum":0.206912994}},"irespond_wait":{"duration":{"num":1495,"min":0.000003338,"max":0.016106606,"avg":0.000158268,"var":0.000542002,"sum":0.236609936},"relative_timestamp_from_irespond_end":{"num":1495,"min":0.000000000,"max":0.000004768,"avg":0.000000291,"var":0.000000000,"sum":0.000434399}},"set_output":{"duration":{"num":1495,"min":0.000000000,"max":0.000005484,"avg":0.000000142,"var":0.000000000,"sum":0.000211954},"relative_timestamp_from_irespond_start":{"num":1495,"min":0.000000000,"max":0.000003576,"avg":0.000000244,"var":0.000000000,"sum":0.000364780}},"get_input":{"duration":{"num":1495,"min":0.000000000,"max":0.000024557,"avg":0.000000629,"var":0.000000001,"sum":0.000940800},"relative_timestamp_from_ult_start":{"num":1495,"min":0.000000000,"max":0.000002384,"avg":0.000000225,"var":0.000000000,"sum":0.000336885}},"bulk":{"create":{"duration":{"num":1495,"min":0.000002623,"max":0.028854609,"avg":0.004192295,"var":0.082359648,"sum":6.267481089},"size":{"num":1495,"min":4194304.000000000,"max":4194304.000000000,"avg":4194304.000000000,"var":0.000000000,"sum":6270484480.000000000}},"pull from ofi+cxi://0x06f02612":{"itransfer":{"duration":{"num":1495,"min":0.000000477,"max":0.000018358,"avg":0.000002397,"var":0.000000006,"sum":0.003583193},"size":{"num":1495,"min":4194304.000000000,"max":4194304.000000000,"avg":4194304.000000000,"var":0.000000000,"sum":6270484480.000000000}},"transfer_cb":{"duration":{"num":1495,"min":0.000000000,"max":0.000004292,"avg":0.000000212,"var":0.000000000,"sum":0.000316620},"relative_timestamp_from_itransfer_start":{"num":1495,"min":0.000179529,"max":0.019793749,"avg":0.001196790,"var":0.002053380,"sum":1.789201260}},"itransfer_wait":{"duration":{"num":1495,"min":0.000179052,"max":0.019793034,"avg":0.001228084,"var":0.002689019,"sum":1.835984945},"relative_timestamp_from_itransfer_end":{"num":1495,"min":0.000000000,"max":0.000006914,"avg":0.000000311,"var":0.000000000,"sum":0.000464201}}}}},"received from ofi+cxi://0x06f0e214":{"handler":{"duration":{"num":1469,"min":0.000000238,"max":0.000013113,"avg":0.000001143,"var":0.000000001,"sum":0.001679659}},"ult":{"duration":{"num":1469,"min":0.000211000,"max":0.031181097,"avg":0.005244569,"var":0.081883455,"sum":7.704271317},"relative_timestamp_from_handler_start":{"num":1469,"min":0.000000477,"max":0.028867960,"avg":0.001327311,"var":0.033300909,"sum":1.949820042}},"irespond":{"duration":{"num":1469,"min":0.000000238,"max":0.000017643,"avg":0.000001011,"var":0.000000001,"sum":0.001485348},"relative_timestamp_from_ult_start":{"num":1469,"min":0.000185490,"max":0.031164885,"avg":0.005063061,"var":0.082449525,"sum":7.437637091}},"respond_cb":{"duration":{"num":1469,"min":0.000000000,"max":0.000005007,