{"address":"","rpcs":{},"pools":{"__primary__":{"timestamps":[1753366941.851246595,1753366947.331598997,1753366948.331635475,1753366949.331676483,1753366950.331677198,1753366951.331686497,1753366956.002330065,1753366956.131461143],"size":[0,0,0,0,0,0,0,0],"total_size":[1,1,1,1,1,1,1,0]}}}