{"address":"","rpcs":{},"pools":{"__primary__":{"timestamps":[1753367037.311067343,1753367038.323542356,1753367039.331397772,1753367040.341293812,1753367041.363677263,1753367042.364765644,1753367043.376488686,1753367044.376736164,1753367047.154258490,1753367048.158941507,1753367049.171107292,1753367050.194779396,1753367051.211314917,1753367052.522659063,1753367052.655445814],"size":[0,0,0,0,0,0,0,0,0,0,0,0,0,0,0],"total_size":[1,1,1,1,1,1,1,1,1,1,1,1,1,1,0]}}}