{"address":"","rpcs":{},"pools":{"__primary__":{"timestamps":[1753558122.223838806,1753558123.242332697,1753558124.260455847,1753558125.274632454,1753558126.276709080,1753558127.294710398,1753558128.302911997,1753558129.317357302,1753558131.687096357,1753558132.698620558,1753558133.707540512,1753558134.713809729,1753558135.714443445,1753558136.972297430,1753558137.122905731],"size":[0,0,0,0,0,0,0,0,0,0,0,0,0,0,0],"total_size":[1,1,1,1,1,1,1,1,1,1,1,1,1,1,0]}}}