{"address":"ofi+cxi://0x0260e40f","progress_loop":{"progress_with_timeout":{"num":1584,"min":0.000001192,"max":0.104350328,"avg":0.008281229,"var":0.175638128,"sum":13.117466927},"progress_timeout_value_msec":{"num":1584,"min":100.000000000,"max":100.000000000,"avg":100.000000000,"var":0.000000000,"sum":158400.000000000},"progress_without_timeout":{"num":0,"min":0.000000000,"max":0.000000000,"avg":0.000000000,"var":0.000000000,"sum":0.000000000},"trigger":{"num":1578,"min":0.000000238,"max":0.000012159,"avg":0.000000298,"var":0.000000000,"sum":0.000469685}},"rpcs":{"65535:65535:7940397281847607295:2":{"rpc_id":7940397281847607295,"provider_id":2,"parent_rpc_id":65535,"parent_provider_id":65535,"name":"__identity__","origin":{"sent to ofi+cxi://0x0262200d":{"iforward":{"duration":{"num":1,"min":0.000149012,"max":0.000149012,"avg":0.000149012,"var":0.000000000,"sum":0.000149012},"relative_timestamp_from_create":{"num":1,"min":0.000002623,"max":0.000002623,"avg":0.000002623,"var":0.000000000,"sum":0.000002623}},"forward_cb":{"duration":{"num":1,"min":0.000010490,"max":0.000010490,"avg":0.000010490,"var":0.000000000,"sum":0.000010490},"relative_timestamp_from_iforward_start":{"num":1,"min":0.004183292,"max":0.004183292,"avg":0.004183292,"var":0.000000000,"sum":0.004183292}},"iforward_wait":{"duration":{"num":1,"min":0.004050732,"max":0.004050732,"avg":0.004050732,"var":0.000000000,"sum":0.004050732},"relative_timestamp_from_iforward_end":{"num":1,"min":0.000000238,"max":0.000000238,"avg":0.000000238,"var":0.000000000,"sum":0.000000238}},"set_input":{"duration":{"num":0,"min":0.000000000,"max":0.000000000,"avg":0.000000000,"var":0.000000000,"sum":0.000000000},"relative_timestamp_from_iforward_start":{"num":0,"min":0.000000000,"max":0.000000000,"avg":0.000000000,"var":0.000000000,"sum":0.000000000}},"get_output":{"duration":{"num":1,"min":0.000008106,"max":0.000008106,"avg":0.000008106,"var":0.000000000,"sum":0.000008106},"relative_timestamp_from_wait_end":{"num":1,"min":0.000001431,"max":0.000001431,"avg":0.000001431,"var":0.000000000,"sum":0.000001431}}}}},"65535:65535:9722976651498815487:2":{"rpc_id":9722976651498815487,"provider_id":2,"parent_rpc_id":65535,"parent_provider_id":65535,"name":"flock_get_view","origin":{"sent to ofi+cxi://0x0262200d":{"iforward":{"duration":{"num":2,"min":0.000011683,"max":0.000042200,"avg":0.000026941,"var":0.000000000,"sum":0.000053883},"relative_timestamp_from_create":{"num":2,"min":0.000000238,"max":0.000000954,"avg":0.000000596,"var":0.000000000,"sum":0.000001192}},"forward_cb":{"duration":{"num":2,"min":0.000000000,"max":0.000000238,"avg":0.000000119,"var":0.000000000,"sum":0.000000238},"relative_timestamp_from_iforward_start":{"num":2,"min":0.014521360,"max":0.015396357,"avg":0.014958858,"var":0.000000383,"sum":0.029917717}},"iforward_wait":{"duration":{"num":2,"min":0.014510155,"max":0.015353680,"avg":0.014931917,"var":0.000000356,"sum":0.029863834},"relative_timestamp_from_iforward_end":{"num":2,"min":0.000000238,"max":0.000001669,"avg":0.000000954,"var":0.000000000,"sum":0.000001907}},"set_input":{"duration":{"num":2,"min":0.000000000,"max":0.000000238,"avg":0.000000119,"var":0.000000000,"sum":0.000000238},"relative_timestamp_from_iforward_start":{"num":2,"min":0.000001907,"max":0.000011206,"avg":0.000006557,"var":0.000000000,"sum":0.000013113}},"get_output":{"duration":{"num":2,"min":0.000000238,"max":0.000035048,"avg":0.000017643,"var":0.000000001,"sum":0.000035286},"relative_timestamp_from_wait_end":{"num":2,"min":0.000000238,"max":0.000001192,"avg":0.000000715,"var":0.000000000,"sum":0.000001431}}}}},"65535:65535:3669993900245843967:1":{"rpc_id":3669993900245843967,"provider_id":1,"parent_rpc_id":65535,"parent_provider_id":65535,"name":"qtn_work_rpc","origin":{"sent to ofi+cxi://0x0262620e":{"iforward":{"duration":{"num":1574,"min":0.000001431,"max":0.000033617,"avg":0.000001878,"var":0.000000005,"sum":0.002955675},"relative_timestamp_from_create":{"num":1574,"min":0.000002384,"max":0.001560450,"avg":0.000003844,"var":0.000002425,"sum":0.006050348}},"forward_cb":{"duration":{"num":1574,"min":0.000000000,"max":0.000001907,"avg":0.000000133,"var":0.000000000,"sum":0.000209570},"relative_timestamp_from_iforward_start":{"num":1574,"min":0.000203848,"max":0.033856630,"avg":0.008248553,"var":0.165889504,"sum":12.983222008}},"iforward_wait":{"duration":{"num":1574,"min":0.000202656,"max":0.033854961,"avg":0.008247004,"var":0.165889563,"sum":12.980784178},"relative_timestamp_from_iforward_end":{"num":1574,"min":0.000000000,"max":0.000000715,"avg":0.000000257,"var":0.000000000,"sum":0.000404835}},"set_input":{"duration":{"num":1574,"min":0.000000000,"max":0.000004292,"avg":0.000000123,"var":0.000000000,"sum":0.000194073},"relative_timestamp_from_iforward_start":{"num":1574,"min":0.000000477,"max":0.000007629,"avg":0.000000724,"var":0.000000000,"sum":0.001139164}},"get_output":{"duration":{"num":1574,"min":0.000000000,"max":0.000000477,"avg":0.000000092,"var":0.000000000,"sum":0.000144243},"relative_timestamp_from_wait_end":{"num":1574,"min":0.000000000,"max":0.000001431,"avg":0.000000144,"var":0.000000000,"sum":0.000226498}}}}},"65535:65535:65535:65535":{"rpc_id":65535,"provider_id":65535,"parent_rpc_id":65535,"parent_provider_id":65535,"name":"","target":{"received from <unknown>":{"bulk":{"create":{"duration":{"num":1574,"min":0.000002384,"max":0.001555920,"avg":0.000003647,"var":0.000002412,"sum":0.005741119},"size":{"num":1574,"min":4194304.000000000,"max":4194304.000000000,"avg":4194304.000000000,"var":0.000000000,"sum":6601834496.000000000}}}}}}},"hostname":"x4108c0s0b0n0","pid":43053,"cmdline":["/home/carns/working/src/spack/var/spack/environments/quintain-2025-07/.spack-env/view/bin/quintain-benchmark","-g","quintain.flock.json","-j","/home/carns/working/dbg/john-quintain-profile-example-2025-07/quintain-benchmark-bw.json","-o","/flare/radix-io/carns/quintain/6767526.aurora-pbs-0001.hostmgmt.cm.aurora.alcf.anl.gov/bw-sweep-servers408-clis816"]}