{"address":"","rpcs":{},"pools":{"__primary__":{"timestamps":[1753558122.223972321,1753558123.228811026,1753558124.229101658,1753558125.249571800,1753558126.260107517,1753558127.279009819,1753558128.287626982,1753558129.304042339,1753558130.305581808,1753558131.686503649,1753558132.706860781,1753558133.710545540,1753558134.711260557,1753558135.715520382,1753558136.970119476,1753558137.082881689],"size":[0,0,0,0,0,0,0,0,0,0,0,0,0,0,0,0],"total_size":[1,1,1,1,1,1,1,1,1,1,1,1,1,1,1,0]}}}