{"address":"ofi+cxi://0x0262c417","progress_loop":{"progress_with_timeout":{"num":1428,"min":0.000001907,"max":0.106342793,"avg":0.068369908,"var":3.459894272,"sum":97.632228613},"progress_timeout_value_msec":{"num":1428,"min":100.000000000,"max":100.000000000,"avg":100.000000000,"var":0.000000000,"sum":142800.000000000},"progress_without_timeout":{"num":13976897,"min":0.000000000,"max":0.000490427,"avg":0.000000169,"var":0.000000912,"sum":2.362134933},"trigger":{"num":61810,"min":0.000000000,"max":0.000034332,"avg":0.000000802,"var":0.000000045,"sum":0.049543142}},"rpcs":{"65535:65535:3669993900245843967:1":{"rpc_id":3669993900245843967,"provider_id":1,"parent_rpc_id":65535,"parent_provider_id":65535,"name":"qtn_work_rpc","target":{"received from ofi+cxi://0x02604614":{"handler":{"duration":{"num":23393,"min":0.000000477,"max":0.000031471,"avg":0.000000786,"var":0.000000008,"sum":0.018380404}},"ult":{"duration":{"num":23393,"min":0.000004530,"max":0.000047207,"avg":0.000005168,"var":0.000000020,"sum":0.120902777},"relative_timestamp_from_handler_start":{"num":23393,"min":0.000000715,"max":0.000051975,"avg":0.000001237,"var":0.000000016,"sum":0.028939486}},"irespond":{"duration":{"num":23393,"min":0.000000238,"max":0.000025272,"avg":0.000000602,"var":0.000000004,"sum":0.014085293},"relative_timestamp_from_ult_start":{"num":23393,"min":0.000000238,"max":0.000026941,"avg":0.000000336,"var":0.000000001,"sum":0.007857561}},"respond_cb":{"duration":{"num":23393,"min":0.000000000,"max":0.000016928,"avg":0.000000122,"var":0.000000001,"sum":0.002846956},"relative_timestamp_from_irespond_start":{"num":23393,"min":0.000003576,"max":0.000042677,"avg":0.000004120,"var":0.000000013,"sum":0.096379995}},"irespond_wait":{"duration":{"num":23393,"min":0.000001431,"max":0.000045776,"avg":0.000003782,"var":0.000000010,"sum":0.088470459},"relative_timestamp_from_irespond_end":{"num":23393,"min":0.000000000,"max":0.000031710,"avg":0.000000181,"var":0.000000001,"sum":0.004235268}},"set_output":{"duration":{"num":23393,"min":0.000000000,"max":0.000021935,"avg":0.000000072,"var":0.000000001,"sum":0.001692295},"relative_timestamp_from_irespond_start":{"num":23393,"min":0.000000000,"max":0.000006199,"avg":0.000000089,"var":0.000000000,"sum":0.002085447}},"get_input":{"duration":{"num":23393,"min":0.000000000,"max":0.000026941,"avg":0.000000115,"var":0.000000001,"sum":0.002681732},"relative_timestamp_from_ult_start":{"num":23393,"min":0.000000000,"max":0.000001669,"avg":0.000000142,"var":0.000000000,"sum":0.003323793}}},"received from ofi+cxi://0x02608013":{"handler":{"duration":{"num":4385,"min":0.000000477,"max":0.000015974,"avg":0.000000841,"var":0.000000002,"sum":0.003688097}},"ult":{"duration":{"num":4385,"min":0.000004530,"max":0.023851633,"avg":0.001653238,"var":0.102301378,"sum":7.249446630},"relative_timestamp_from_handler_start":{"num":4385,"min":0.000000715,"max":0.029226542,"avg":0.000523424,"var":0.041192549,"sum":2.295212269}},"irespond":{"duration":{"num":4385,"min":0.000000238,"max":0.000016689,"avg":0.000000735,"var":0.000000002,"sum":0.003222704},"relative_timestamp_from_ult_start":{"num":4385,"min":0.000000238,"max":0.023804426,"avg":0.001619498,"var":0.101654413,"sum":7.101498842}},"respond_cb":{"duration":{"num":4385,"min":0.000000000,"max":0.000002623,"avg":0.000000138,"var":0.000000000,"sum":0.000606775},"relative_timestamp_from_irespond_start":{"num":4385,"min":0.000003576,"max":0.002427578,"avg":0.000023627,"var":0.000078969,"sum":0.103605747}},"irespond_wait":{"duration":{"num":4385,"min":0.000002861,"max":0.002429247,"avg":0.000023160,"var":0.000079014,"sum":0.101554871},"relative_timestamp_from_irespond_end":{"num":4385,"min":0.000000000,"max":0.000006676,"avg":0.000000210,"var":0.000000000,"sum":0.000921488}},"set_output":{"duration":{"num":4385,"min":0.000000000,"max":0.000002146,"avg":0.000000093,"var":0.000000000,"sum":0.000408173},"relative_timestamp_from_irespond_start":{"num":4385,"min":0.000000000,"max":0.000007391,"avg":0.000000132,"var":0.000000000,"sum":0.000578165}},"get_input":{"duration":{"num":4385,"min":0.000000000,"max":0.000023127,"avg":0.000000280,"var":0.000000002,"sum":0.001229048},"relative_timestamp_from_ult_start":{"num":4385,"min":0.000000000,"max":0.000004292,"avg":0.000000170,"var":0.000000000,"sum":0.000743628}},"bulk":{"create":{"duration":{"num":1527,"min":0.000002384,"max":0.021653891,"avg":0.003571822,"var":0.069450401,"sum":5.454172134},"size":{"num":1527,"min":4194304.000000000,"max":4194304.000000000,"avg":4194304.000000000,"var":0.000000000,"sum":6404702208.000000000}},"pull from ofi+cxi://0x02608013":{"itransfer":{"duration":{"num":1527,"min":0.000000715,"max":0.000023365,"avg":0.000002531,"var":0.000000009,"sum":0.003865242},"size":{"num":1527,"min":4194304.000000000,"max":4194304.000000000,"avg":4194304.000000000,"var":0.000000000,"sum":6404702208.000000000}},"transfer_cb":{"duration":{"num":1527,"min":0.000000000,"max":0.000007153,"avg":0.000000188,"var":0.000000000,"sum":0.000287294},"relative_timestamp_from_itransfer_start":{"num":1527,"min":0.000180244,"max":0.020179510,"avg":0.001063120,"var":0.001749078,"sum":1.623383522}},"itransfer_wait":{"duration":{"num":1527,"min":0.000179291,"max":0.020179033,"avg":0.001069636,"var":0.001929503,"sum":1.633334160},"relative_timestamp_from_itransfer_end":{"num":1527,"min":0.000000000,"max":0.000010967,"avg":0.000000313,"var":0.000000000,"sum":0.000478268}}}}},"received from ofi+cxi://0x0260c418":{"handler":{"duration":{"num":1575,"min":0.000000477,"max":0.000022650,"avg":0.000001098,"var":0.000000002,"sum":0.001729965}},"ult":{"duration":{"num":1575,"min":0.000201702,"max":0.031543016,"avg":0.005276932,"var":0.097119104,"sum":8.311167955},"relative_timestamp_from_handler_start":{"num":1575,"min":0.000000715,"max":0.021171570,"avg":0.001293649,"var":0.033994220,"sum":2.037496567}},"irespond":{"duration":{"num":1575,"min":0.000000238,"max":0.000024080,"avg":0.000001044,"var":0.000000002,"sum":0.001644135},"relative_timestamp_from_ult_start":{"num":1575,"min":0.000185251,"max":0.031502724,"avg":0.005153013,"var":0.097088546,"sum":8.115995646}},"respond_cb":{"duration":{"num":1575,"min":0.000000000,"max":0.000004053,"avg":0.000000168,"var":0.000000000,"sum":0.000264168},"relative_timestamp_from_irespond_start":{"num":1575,"min":0.000004053,"max":0.021290064,"avg":0.000083559,"var":0.000515750,"sum":0.131605148}},"irespond_wait":{"duration":{"num":1575,"min":0.000003576,"max":0.023351192,"avg":0.000090437,"var":0.000676811,"sum":0.142437935},"relative_timestamp_from_irespond_end":{"num":1575,"min":0.000000000,"max":0.000008345,"avg":0.000000275,"var":0.000000000,"sum":0.000433445}},"set_output":{"duration":{"num":1575,"min":0.000000000,"max":0.000008583,"avg":0.000000156,"var":0.000000000,"sum":0.000245810},"relative_timestamp_from_irespond_start":{"num":1575,"min":0.000000000,"max":0.000010490,"avg":0.000000226,"var":0.000000000,"sum":0.000355721}},"get_input":{"duration":{"num":1575,"min":0.000000000,"max":0.000010490,"avg":0.000000559,"var":0.000000001,"sum":0.000881195},"relative_timestamp_from_ult_start":{"num":1575,"min":0.000000000,"max":0.000005245,"avg":0.000000217,"var":0.000000000,"sum":0.000341415}},"bulk":{"create":{"duration":{"num":1575,"min":0.000002384,"max":0.029208422,"avg":0.004055060,"var":0.084164395,"sum":6.386719227},"size":{"num":1575,"min":4194304.000000000,"max":4194304.000000000,"avg":4194304.000000000,"var":0.000000000,"sum":6606028800.000000000}},"pull from ofi+cxi://0x0260c418":{"itransfer":{"duration":{"num":1575,"min":0.000000715,"max":0.000024080,"avg":0.000002521,"var":0.000000008,"sum":0.003971338},"size":{"num":1575,"min":4194304.000000000,"max":4194304.000000000,"avg":4194304.000000000,"var":0.000000000,"sum":6606028800.000000000}},"transfer_cb":{"duration":{"num":1575,"min":0.000000000,"max":0.000002861,"avg":0.000000179,"var":0.000000000,"sum":0.000282526},"relative_timestamp_from_itransfer_start":{"num":1575,"min":0.000180721,