{"address":"","progress_loop":{"progress_with_timeout":{"num":1521,"min":0.000001431,"max":0.103596687,"avg":0.008736951,"var":0.161645249,"sum":13.288902044},"progress_timeout_value_msec":{"num":1521,"min":100.000000000,"max":100.000000000,"avg":100.000000000,"var":0.000000000,"sum":152100.000000000},"progress_without_timeout":{"num":0,"min":0.000000000,"max":0.000000000,"avg":0.000000000,"var":0.000000000,"sum":0.000000000},"trigger":{"num":1513,"min":0.000000238,"max":0.000012159,"avg":0.000000319,"var":0.000000000,"sum":0.000482321}},"rpcs":{"65535:65535:7940397281847607295:2":{"rpc_id":7940397281847607295,"provider_id":2,"parent_rpc_id":65535,"parent_provider_id":65535,"name":"__identity__","origin":{"sent to ofi+cxi://0x06f2600c":{"iforward":{"duration":{"num":1,"min":0.000654697,"max":0.000654697,"avg":0.000654697,"var":0.000000000,"sum":0.000654697},"relative_timestamp_from_create":{"num":1,"min":0.000005722,"max":0.000005722,"avg":0.000005722,"var":0.000000000,"sum":0.000005722}},"forward_cb":{"duration":{"num":1,"min":0.000010967,"max":0.000010967,"avg":0.000010967,"var":0.000000000,"sum":0.000010967},"relative_timestamp_from_iforward_start":{"num":1,"min":0.004355431,"max":0.004355431,"avg":0.004355431,"var":0.000000000,"sum":0.004355431}},"iforward_wait":{"duration":{"num":1,"min":0.003717899,"max":0.003717899,"avg":0.003717899,"var":0.000000000,"sum":0.003717899},"relative_timestamp_from_iforward_end":{"num":1,"min":0.000000238,"max":0.000000238,"avg":0.000000238,"var":0.000000000,"sum":0.000000238}},"set_input":{"duration":{"num":0,"min":0.000000000,"max":0.000000000,"avg":0.000000000,"var":0.000000000,"sum":0.000000000},"relative_timestamp_from_iforward_start":{"num":0,"min":0.000000000,"max":0.000000000,"avg":0.000000000,"var":0.000000000,"sum":0.000000000}},"get_output":{"duration":{"num":1,"min":0.000007868,"max":0.000007868,"avg":0.000007868,"var":0.000000000,"sum":0.000007868},"relative_timestamp_from_wait_end":{"num":1,"min":0.000001669,"max":0.000001669,"avg":0.000001669,"var":0.000000000,"sum":0.000001669}}}}},"65535:65535:9722976651498815487:2":{"rpc_id":9722976651498815487,"provider_id":2,"parent_rpc_id":65535,"parent_provider_id":65535,"name":"flock_get_view","origin":{"sent to ofi+cxi://0x06f2600c":{"iforward":{"duration":{"num":2,"min":0.000012875,"max":0.000043869,"avg":0.000028372,"var":0.000000000,"sum":0.000056744},"relative_timestamp_from_create":{"num":2,"min":0.000000238,"max":0.000000954,"avg":0.000000596,"var":0.000000000,"sum":0.000001192}},"forward_cb":{"duration":{"num":2,"min":0.000000238,"max":0.000000477,"avg":0.000000358,"var":0.000000000,"sum":0.000000715},"relative_timestamp_from_iforward_start":{"num":2,"min":0.012222052,"max":0.015501499,"avg":0.013861775,"var":0.000005377,"sum":0.027723551}},"iforward_wait":{"duration":{"num":2,"min":0.012209654,"max":0.015457392,"avg":0.013833523,"var":0.000005274,"sum":0.027667046},"relative_timestamp_from_iforward_end":{"num":2,"min":0.000000238,"max":0.000001431,"avg":0.000000834,"var":0.000000000,"sum":0.000001669}},"set_input":{"duration":{"num":2,"min":0.000000238,"max":0.000000238,"avg":0.000000238,"var":0.000000000,"sum":0.000000477},"relative_timestamp_from_iforward_start":{"num":2,"min":0.000001669,"max":0.000013113,"avg":0.000007391,"var":0.000000000,"sum":0.000014782}},"get_output":{"duration":{"num":2,"min":0.000000238,"max":0.000035048,"avg":0.000017643,"var":0.000000001,"sum":0.000035286},"relative_timestamp_from_wait_end":{"num":2,"min":0.000000238,"max":0.000001907,"avg":0.000001073,"var":0.000000000,"sum":0.000002146}}}}},"65535:65535:3669993900245843967:1":{"rpc_id":3669993900245843967,"provider_id":1,"parent_rpc_id":65535,"parent_provider_id":65535,"name":"qtn_work_rpc","origin":{"sent to ofi+cxi://0x06f46412":{"iforward":{"duration":{"num":1509,"min":0.000001431,"max":0.000032902,"avg":0.000001889,"var":0.000000004,"sum":0.002850533},"relative_timestamp_from_create":{"num":1509,"min":0.000002384,"max":0.001583338,"avg":0.000003889,"var":0.000002497,"sum":0.005868673}},"forward_cb":{"duration":{"num":1509,"min":0.000000000,"max":0.000001192,"avg":0.000000140,"var":0.000000000,"sum":0.000211716},"relative_timestamp_from_iforward_start":{"num":1509,"min":0.000202656,"max":0.030042648,"avg":0.008719540,"var":0.151956237,"sum":13.157785416}},"iforward_wait":{"duration":{"num":1509,"min":0.000201225,"max":0.030041218,"avg":0.008718032,"var":0.151954735,"sum":13.155510426},"relative_timestamp_from_iforward_end":{"num":1509,"min":0.000000000,"max":0.000000715,"avg":0.000000221,"var":0.000000000,"sum":0.000333071}},"set_input":{"duration":{"num":1509,"min":0.000000000,"max":0.000004292,"avg":0.000000135,"var":0.000000000,"sum":0.000203848},"relative_timestamp_from_iforward_start":{"num":1509,"min":0.000000477,"max":0.000007629,"avg":0.000000731,"var":0.000000000,"sum":0.001102924}},"get_output":{"duration":{"num":1509,"min":0.000000000,"max":0.000000477,"avg":0.000000087,"var":0.000000000,"sum":0.000131369},"relative_timestamp_from_wait_end":{"num":1509,"min":0.000000000,"max":0.000001192,"avg":0.000000153,"var":0.000000000,"sum":0.000230551}}}}},"65535:65535:65535:65535":{"rpc_id":65535,"provider_id":65535,"parent_rpc_id":65535,"parent_provider_id":65535,"name":"","target":{"received from <unknown>":{"bulk":{"create":{"duration":{"num":1509,"min":0.000002384,"max":0.001579046,"avg":0.000003683,"var":0.000002484,"sum":0.005557060},"size":{"num":1509,"min":4194304.000000000,"max":4194304.000000000,"avg":4194304.000000000,"var":0.000000000,"sum":6329204736.000000000}}}}}}},"hostname":"x4418c0s1b0n0","pid":206610,"cmdline":["/home/carns/working/src/spack/var/spack/environments/quintain-2025-07/.spack-env/view/bin/quintain-benchmark","-g","quintain.flock.json","-j","/home/carns/working/dbg/john-quintain-profile-example-2025-07/quintain-benchmark-bw.json","-o","/flare/radix-io/carns/quintain/6710290.aurora-pbs-0001.hostmgmt.cm.aurora.alcf.anl.gov/bw-sweep-servers408-clis816"]}