{"address":"","progress_loop":{"progress_with_timeout":{"num":2292,"min":0.000001431,"max":0.106467485,"avg":0.082431354,"var":4.056705996,"sum":188.932662487},"progress_timeout_value_msec":{"num":2292,"min":100.000000000,"max":100.000000000,"avg":100.000000000,"var":0.000000000,"sum":229200.000000000},"progress_without_timeout":{"num":13978071,"min":0.000000000,"max":0.001012325,"avg":0.000000169,"var":0.000019398,"sum":2.368845701},"trigger":{"num":140286,"min":0.000000238,"max":0.000192881,"avg":0.000000710,"var":0.000000187,"sum":0.099560261}},"rpcs":{"65535:65535:3669993900245843967:1":{"rpc_id":3669993900245843967,"provider_id":1,"parent_rpc_id":65535,"parent_provider_id":65535,"name":"qtn_work_rpc","target":{"received from ofi+cxi://0x06f1c217":{"handler":{"duration":{"num":31904,"min":0.000000477,"max":0.000019312,"avg":0.000000667,"var":0.000000004,"sum":0.021292686}},"ult":{"duration":{"num":31904,"min":0.000004530,"max":0.000860691,"avg":0.000005203,"var":0.000001581,"sum":0.166002989},"relative_timestamp_from_handler_start":{"num":31904,"min":0.000000715,"max":0.000188112,"avg":0.000001110,"var":0.000000087,"sum":0.035411596}},"irespond":{"duration":{"num":31904,"min":0.000000238,"max":0.000352859,"avg":0.000000558,"var":0.000000127,"sum":0.017817259},"relative_timestamp_from_ult_start":{"num":31904,"min":0.000000238,"max":0.000259161,"avg":0.000000340,"var":0.000000169,"sum":0.010841131}},"respond_cb":{"duration":{"num":31904,"min":0.000000000,"max":0.000139475,"avg":0.000000119,"var":0.000000021,"sum":0.003800869},"relative_timestamp_from_irespond_start":{"num":31904,"min":0.000003576,"max":0.000854731,"avg":0.000004172,"var":0.000001335,"sum":0.133088589}},"irespond_wait":{"duration":{"num":31904,"min":0.000000954,"max":0.000859499,"avg":0.000003873,"var":0.000001282,"sum":0.123577118},"relative_timestamp_from_irespond_end":{"num":31904,"min":0.000000000,"max":0.000007153,"avg":0.000000181,"var":0.000000001,"sum":0.005781174}},"set_output":{"duration":{"num":31904,"min":0.000000000,"max":0.000001907,"avg":0.000000078,"var":0.000000000,"sum":0.002491474},"relative_timestamp_from_irespond_start":{"num":31904,"min":0.000000000,"max":0.000009298,"avg":0.000000085,"var":0.000000001,"sum":0.002714872}},"get_input":{"duration":{"num":31904,"min":0.000000000,"max":0.000259161,"avg":0.000000122,"var":0.000000124,"sum":0.003903151},"relative_timestamp_from_ult_start":{"num":31904,"min":0.000000000,"max":0.000001431,"avg":0.000000135,"var":0.000000001,"sum":0.004296541}}},"received from ofi+cxi://0x06f10618":{"handler":{"duration":{"num":33453,"min":0.000000477,"max":0.000192404,"avg":0.000000683,"var":0.000000041,"sum":0.022860050}},"ult":{"duration":{"num":33453,"min":0.000004530,"max":0.000861168,"avg":0.000005260,"var":0.000003302,"sum":0.175948620},"relative_timestamp_from_handler_start":{"num":33453,"min":0.000000715,"max":0.000261307,"avg":0.000001130,"var":0.000000213,"sum":0.037791014}},"irespond":{"duration":{"num":33453,"min":0.000000238,"max":0.000797987,"avg":0.000000580,"var":0.000000679,"sum":0.019415617},"relative_timestamp_from_ult_start":{"num":33453,"min":0.000000238,"max":0.000446558,"avg":0.000000336,"var":0.000000225,"sum":0.011254787}},"respond_cb":{"duration":{"num":33453,"min":0.000000000,"max":0.000001431,"avg":0.000000116,"var":0.000000001,"sum":0.003895521},"relative_timestamp_from_irespond_start":{"num":33453,"min":0.000003576,"max":0.000855684,"avg":0.000004236,"var":0.000003006,"sum":0.141721487}},"irespond_wait":{"duration":{"num":33453,"min":0.000000954,"max":0.000859976,"avg":0.000003895,"var":0.000002238,"sum":0.130309343},"relative_timestamp_from_irespond_end":{"num":33453,"min":0.000000000,"max":0.000336170,"avg":0.000000194,"var":0.000000114,"sum":0.006498098}},"set_output":{"duration":{"num":33453,"min":0.000000000,"max":0.000029087,"avg":0.000000079,"var":0.000000001,"sum":0.002647877},"relative_timestamp_from_irespond_start":{"num":33453,"min":0.000000000,"max":0.000162363,"avg":0.000000092,"var":0.000000028,"sum":0.003071070}},"get_input":{"duration":{"num":33453,"min":0.000000000,"max":0.000446081,"avg":0.000000122,"var":0.000000200,"sum":0.004073858},"relative_timestamp_from_ult_start":{"num":33453,"min":0.000000000,"max":0.000154018,"avg":0.000000140,"var":0.000000024,"sum":0.004673481}}},"received from ofi+cxi://0x06f18415":{"handler":{"duration":{"num":1586,"min":0.000000477,"max":0.000011683,"avg":0.000001127,"var":0.000000001,"sum":0.001787663}},"ult":{"duration":{"num":1586,"min":0.000189781,"max":0.036921024,"avg":0.005268601,"var":0.095111131,"sum":8.356000662},"relative_timestamp_from_handler_start":{"num":1586,"min":0.000000715,"max":0.038892508,"avg":0.001556118,"var":0.042238745,"sum":2.468003750}},"irespond":{"duration":{"num":1586,"min":0.000000238,"max":0.000017405,"avg":0.000001054,"var":0.000000002,"sum":0.001671314},"relative_timestamp_from_ult_start":{"num":1586,"min":0.000182390,"max":0.036906958,"avg":0.005090979,"var":0.094975309,"sum":8.074292421}},"respond_cb":{"duration":{"num":1586,"min":0.000000000,"max":0.000002146,"avg":0.000000174,"var":0.000000000,"sum":0.000275850},"relative_timestamp_from_irespond_start":{"num":1586,"min":0.000003815,"max":0.018635273,"avg":0.000140260,"var":0.000540927,"sum":0.222452879}},"irespond_wait":{"duration":{"num":1586,"min":0.000001431,"max":0.020701408,"avg":0.000148434,"var":0.000685312,"sum":0.235416412},"relative_timestamp_from_irespond_end":{"num":1586,"min":0.000000000,"max":0.000008583,"avg":0.000000301,"var":0.000000000,"sum":0.000477791}},"set_output":{"duration":{"num":1586,"min":0.000000000,"max":0.000001907,"avg":0.000000137,"var":0.000000000,"sum":0.000217199},"relative_timestamp_from_irespond_start":{"num":1586,"min":0.000000000,"max":0.000006914,"avg":0.000000250,"var":0.000000000,"sum":0.000397205}},"get_input":{"duration":{"num":1586,"min":0.000000000,"max":0.000022411,"avg":0.000000603,"var":0.000000001,"sum":0.000956059},"relative_timestamp_from_ult_start":{"num":1586,"min":0.000000000,"max":0.000005722,"avg":0.000000248,"var":0.000000000,"sum":0.000393391}},"bulk":{"create":{"duration":{"num":1586,"min":0.000002384,"max":0.034720898,"avg":0.003891112,"var":0.081191743,"sum":6.171303511},"size":{"num":1586,"min":4194304.000000000,"max":4194304.000000000,"avg":4194304.000000000,"var":0.000000000,"sum":6652166144.000000000}},"pull from ofi+cxi://0x06f18415":{"itransfer":{"duration":{"num":1586,"min":0.000000715,"max":0.000022888,"avg":0.000002531,"var":0.000000008,"sum":0.004014015},"size":{"num":1586,"min":4194304.000000000,"max":4194304.000000000,"avg":4194304.000000000,"var":0.000000000,"sum":6652166144.000000000}},"transfer_cb":{"duration":{"num":1586,"min":0.000000000,"max":0.000004530,"avg":0.000000204,"var":0.000000000,"sum":0.000323057},"relative_timestamp_from_itransfer_start":{"num":1586,"min":0.000178576,"max":0.028356552,"avg":0.001145967,"var":0.003732946,"sum":1.817502975}},"itransfer_wait":{"duration":{"num":1586,"min":0.000178099,"max":0.028355122,"avg":0.001191175,"var":0.005076732,"sum":1.889203548},"relative_timestamp_from_itransfer_end":{"num":1586,"min":0.000000000,"max":0.000008821,"avg":0.000000331,"var":0.000000000,"sum":0.000525713}}}}},"received from ofi+cxi://0x06f14216":{"handler":{"duration":{"num":1604,"min":0.000000477,"max":0.000009775,"avg":0.000001076,"var":0.000000001,"sum":0.001726389}},"ult":{"duration":{"num":1604,"min":0.000219584,"max":0.041215420,"avg":0.004691688,"var":0.085101512,"sum":7.525468349},"relative_timestamp_from_handler_start":{"num":1604,"min":0.000000715,"max":0.034734964,"avg":0.001622045,"var":0.044345991,"sum":2.601760626}},"irespond":{"duration":{"num":1604,"min":0.000000238,"max":0.000011444,"avg":0.000001004,"var":0.000000001,"sum":0.001610279},"relative_timestamp_from_ult_start":{"num":1604,"min":0.000198841,"max":0.041184664,"avg":0.004553824,"var":0.084521429,"sum":7.304333210}},"respond_cb":{"duration":{"num":1604,"min":0.000000000,"max":0.000003338,