{"address":"","progress_loop":{"progress_with_timeout":{"num":1717,"min":0.000001669,"max":0.103440762,"avg":0.006398918,"var":0.073118565,"sum":10.986941576},"progress_timeout_value_msec":{"num":1717,"min":100.000000000,"max":100.000000000,"avg":100.000000000,"var":0.000000000,"sum":171700.000000000},"progress_without_timeout":{"num":0,"min":0.000000000,"max":0.000000000,"avg":0.000000000,"var":0.000000000,"sum":0.000000000},"trigger":{"num":1705,"min":0.000000238,"max":0.000007391,"avg":0.000000301,"var":0.000000000,"sum":0.000513077}},"rpcs":{"65535:65535:7940397281847607295:2":{"rpc_id":7940397281847607295,"provider_id":2,"parent_rpc_id":65535,"parent_provider_id":65535,"name":"__identity__","origin":{"sent to ofi+cxi://0x06f2600c":{"iforward":{"duration":{"num":1,"min":0.000182390,"max":0.000182390,"avg":0.000182390,"var":0.000000000,"sum":0.000182390},"relative_timestamp_from_create":{"num":1,"min":0.000006199,"max":0.000006199,"avg":0.000006199,"var":0.000000000,"sum":0.000006199}},"forward_cb":{"duration":{"num":1,"min":0.000003338,"max":0.000003338,"avg":0.000003338,"var":0.000000000,"sum":0.000003338},"relative_timestamp_from_iforward_start":{"num":1,"min":0.003558159,"max":0.003558159,"avg":0.003558159,"var":0.000000000,"sum":0.003558159}},"iforward_wait":{"duration":{"num":1,"min":0.003382921,"max":0.003382921,"avg":0.003382921,"var":0.000000000,"sum":0.003382921},"relative_timestamp_from_iforward_end":{"num":1,"min":0.000000715,"max":0.000000715,"avg":0.000000715,"var":0.000000000,"sum":0.000000715}},"set_input":{"duration":{"num":0,"min":0.000000000,"max":0.000000000,"avg":0.000000000,"var":0.000000000,"sum":0.000000000},"relative_timestamp_from_iforward_start":{"num":0,"min":0.000000000,"max":0.000000000,"avg":0.000000000,"var":0.000000000,"sum":0.000000000}},"get_output":{"duration":{"num":1,"min":0.000006199,"max":0.000006199,"avg":0.000006199,"var":0.000000000,"sum":0.000006199},"relative_timestamp_from_wait_end":{"num":1,"min":0.000001192,"max":0.000001192,"avg":0.000001192,"var":0.000000000,"sum":0.000001192}}}}},"65535:65535:9722976651498815487:2":{"rpc_id":9722976651498815487,"provider_id":2,"parent_rpc_id":65535,"parent_provider_id":65535,"name":"flock_get_view","origin":{"sent to ofi+cxi://0x06f2600c":{"iforward":{"duration":{"num":2,"min":0.000011206,"max":0.000020981,"avg":0.000016093,"var":0.000000000,"sum":0.000032187},"relative_timestamp_from_create":{"num":2,"min":0.000000238,"max":0.000001431,"avg":0.000000834,"var":0.000000000,"sum":0.000001669}},"forward_cb":{"duration":{"num":2,"min":0.000000238,"max":0.000000238,"avg":0.000000238,"var":0.000000000,"sum":0.000000477},"relative_timestamp_from_iforward_start":{"num":2,"min":0.012910366,"max":0.014103889,"avg":0.013507128,"var":0.000000712,"sum":0.027014256}},"iforward_wait":{"duration":{"num":2,"min":0.012899637,"max":0.014082670,"avg":0.013491154,"var":0.000000700,"sum":0.026982307},"relative_timestamp_from_iforward_end":{"num":2,"min":0.000000238,"max":0.000001192,"avg":0.000000715,"var":0.000000000,"sum":0.000001431}},"set_input":{"duration":{"num":2,"min":0.000000238,"max":0.000000238,"avg":0.000000238,"var":0.000000000,"sum":0.000000477},"relative_timestamp_from_iforward_start":{"num":2,"min":0.000001192,"max":0.000006199,"avg":0.000003695,"var":0.000000000,"sum":0.000007391}},"get_output":{"duration":{"num":2,"min":0.000000477,"max":0.000036001,"avg":0.000018239,"var":0.000000001,"sum":0.000036478},"relative_timestamp_from_wait_end":{"num":2,"min":0.000000238,"max":0.000000954,"avg":0.000000596,"var":0.000000000,"sum":0.000001192}}}}},"65535:65535:3669993900245843967:1":{"rpc_id":3669993900245843967,"provider_id":1,"parent_rpc_id":65535,"parent_provider_id":65535,"name":"qtn_work_rpc","origin":{"sent to ofi+cxi://0x06f4860d":{"iforward":{"duration":{"num":1701,"min":0.000001431,"max":0.000034571,"avg":0.000001827,"var":0.000000004,"sum":0.003108025},"relative_timestamp_from_create":{"num":1701,"min":0.000002384,"max":0.001573563,"avg":0.000003759,"var":0.000002466,"sum":0.006394148}},"forward_cb":{"duration":{"num":1701,"min":0.000000000,"max":0.000001669,"avg":0.000000138,"var":0.000000000,"sum":0.000234365},"relative_timestamp_from_iforward_start":{"num":1701,"min":0.000198841,"max":0.023723125,"avg":0.006382983,"var":0.063099743,"sum":10.857454538}},"iforward_wait":{"duration":{"num":1701,"min":0.000197411,"max":0.023721695,"avg":0.006381550,"var":0.063099512,"sum":10.855016708},"relative_timestamp_from_iforward_end":{"num":1701,"min":0.000000000,"max":0.000000715,"avg":0.000000194,"var":0.000000000,"sum":0.000330210}},"set_input":{"duration":{"num":1701,"min":0.000000000,"max":0.000004768,"avg":0.000000125,"var":0.000000000,"sum":0.000212193},"relative_timestamp_from_iforward_start":{"num":1701,"min":0.000000477,"max":0.000006914,"avg":0.000000738,"var":0.000000000,"sum":0.001255751}},"get_output":{"duration":{"num":1701,"min":0.000000000,"max":0.000000477,"avg":0.000000092,"var":0.000000000,"sum":0.000156164},"relative_timestamp_from_wait_end":{"num":1701,"min":0.000000000,"max":0.000003338,"avg":0.000000149,"var":0.000000000,"sum":0.000254154}}}}},"65535:65535:65535:65535":{"rpc_id":65535,"provider_id":65535,"parent_rpc_id":65535,"parent_provider_id":65535,"name":"","target":{"received from <unknown>":{"bulk":{"create":{"duration":{"num":1701,"min":0.000002146,"max":0.001569271,"avg":0.000003562,"var":0.000002454,"sum":0.006059408},"size":{"num":1701,"min":4194304.000000000,"max":4194304.000000000,"avg":4194304.000000000,"var":0.000000000,"sum":7134511104.000000000}}}}}}},"hostname":"x4418c0s1b0n0","pid":206642,"cmdline":["/home/carns/working/src/spack/var/spack/environments/quintain-2025-07/.spack-env/view/bin/quintain-benchmark","-g","quintain.flock.json","-j","/home/carns/working/dbg/john-quintain-profile-example-2025-07/quintain-benchmark-bw.json","-o","/flare/radix-io/carns/quintain/6710290.aurora-pbs-0001.hostmgmt.cm.aurora.alcf.anl.gov/bw-sweep-servers408-clis816"]}