{"address":"","progress_loop":{"progress_with_timeout":{"num":1764,"min":0.000001431,"max":0.103488207,"avg":0.006717189,"var":0.162209016,"sum":11.849120617},"progress_timeout_value_msec":{"num":1764,"min":100.000000000,"max":100.000000000,"avg":100.000000000,"var":0.000000000,"sum":176400.000000000},"progress_without_timeout":{"num":0,"min":0.000000000,"max":0.000000000,"avg":0.000000000,"var":0.000000000,"sum":0.000000000},"trigger":{"num":1756,"min":0.000000238,"max":0.000011921,"avg":0.000000301,"var":0.000000000,"sum":0.000529051}},"rpcs":{"65535:65535:7940397281847607295:2":{"rpc_id":7940397281847607295,"provider_id":2,"parent_rpc_id":65535,"parent_provider_id":65535,"name":"__identity__","origin":{"sent to ofi+cxi://0x06f2600c":{"iforward":{"duration":{"num":1,"min":0.005182028,"max":0.005182028,"avg":0.005182028,"var":0.000000000,"sum":0.005182028},"relative_timestamp_from_create":{"num":1,"min":0.000002861,"max":0.000002861,"avg":0.000002861,"var":0.000000000,"sum":0.000002861}},"forward_cb":{"duration":{"num":1,"min":0.000010252,"max":0.000010252,"avg":0.000010252,"var":0.000000000,"sum":0.000010252},"relative_timestamp_from_iforward_start":{"num":1,"min":0.022107840,"max":0.022107840,"avg":0.022107840,"var":0.000000000,"sum":0.022107840}},"iforward_wait":{"duration":{"num":1,"min":0.016942978,"max":0.016942978,"avg":0.016942978,"var":0.000000000,"sum":0.016942978},"relative_timestamp_from_iforward_end":{"num":1,"min":0.000000238,"max":0.000000238,"avg":0.000000238,"var":0.000000000,"sum":0.000000238}},"set_input":{"duration":{"num":0,"min":0.000000000,"max":0.000000000,"avg":0.000000000,"var":0.000000000,"sum":0.000000000},"relative_timestamp_from_iforward_start":{"num":0,"min":0.000000000,"max":0.000000000,"avg":0.000000000,"var":0.000000000,"sum":0.000000000}},"get_output":{"duration":{"num":1,"min":0.000007153,"max":0.000007153,"avg":0.000007153,"var":0.000000000,"sum":0.000007153},"relative_timestamp_from_wait_end":{"num":1,"min":0.000001907,"max":0.000001907,"avg":0.000001907,"var":0.000000000,"sum":0.000001907}}}}},"65535:65535:9722976651498815487:2":{"rpc_id":9722976651498815487,"provider_id":2,"parent_rpc_id":65535,"parent_provider_id":65535,"name":"flock_get_view","origin":{"sent to ofi+cxi://0x06f2600c":{"iforward":{"duration":{"num":2,"min":0.000011921,"max":0.000042915,"avg":0.000027418,"var":0.000000000,"sum":0.000054836},"relative_timestamp_from_create":{"num":2,"min":0.000000238,"max":0.000000954,"avg":0.000000596,"var":0.000000000,"sum":0.000001192}},"forward_cb":{"duration":{"num":2,"min":0.000000238,"max":0.000000238,"avg":0.000000238,"var":0.000000000,"sum":0.000000477},"relative_timestamp_from_iforward_start":{"num":2,"min":0.003082514,"max":0.011225462,"avg":0.007153988,"var":0.000033154,"sum":0.014307976}},"iforward_wait":{"duration":{"num":2,"min":0.003071308,"max":0.011181831,"avg":0.007126570,"var":0.000032890,"sum":0.014253139},"relative_timestamp_from_iforward_end":{"num":2,"min":0.000000000,"max":0.000001669,"avg":0.000000834,"var":0.000000000,"sum":0.000001669}},"set_input":{"duration":{"num":2,"min":0.000000000,"max":0.000000477,"avg":0.000000238,"var":0.000000000,"sum":0.000000477},"relative_timestamp_from_iforward_start":{"num":2,"min":0.000001669,"max":0.000013113,"avg":0.000007391,"var":0.000000000,"sum":0.000014782}},"get_output":{"duration":{"num":2,"min":0.000000477,"max":0.000036001,"avg":0.000018239,"var":0.000000001,"sum":0.000036478},"relative_timestamp_from_wait_end":{"num":2,"min":0.000000238,"max":0.000001431,"avg":0.000000834,"var":0.000000000,"sum":0.000001669}}}}},"65535:65535:3669993900245843967:1":{"rpc_id":3669993900245843967,"provider_id":1,"parent_rpc_id":65535,"parent_provider_id":65535,"name":"qtn_work_rpc","origin":{"sent to ofi+cxi://0x06f26012":{"iforward":{"duration":{"num":1752,"min":0.000001431,"max":0.000030041,"avg":0.000001830,"var":0.000000004,"sum":0.003206015},"relative_timestamp_from_create":{"num":1752,"min":0.000002384,"max":0.001422644,"avg":0.000003664,"var":0.000002015,"sum":0.006419182}},"forward_cb":{"duration":{"num":1752,"min":0.000000000,"max":0.000001192,"avg":0.000000142,"var":0.000000000,"sum":0.000248194},"relative_timestamp_from_iforward_start":{"num":1752,"min":0.000204086,"max":0.034723997,"avg":0.006688861,"var":0.152356807,"sum":11.718884945}},"iforward_wait":{"duration":{"num":1752,"min":0.000202656,"max":0.034722805,"avg":0.006687400,"var":0.152358050,"sum":11.716325521},"relative_timestamp_from_iforward_end":{"num":1752,"min":0.000000000,"max":0.000007153,"avg":0.000000222,"var":0.000000000,"sum":0.000389814}},"set_input":{"duration":{"num":1752,"min":0.000000000,"max":0.000004292,"avg":0.000000131,"var":0.000000000,"sum":0.000229836},"relative_timestamp_from_iforward_start":{"num":1752,"min":0.000000477,"max":0.000006914,"avg":0.000000729,"var":0.000000000,"sum":0.001276731}},"get_output":{"duration":{"num":1752,"min":0.000000000,"max":0.000000477,"avg":0.000000093,"var":0.000000000,"sum":0.000163794},"relative_timestamp_from_wait_end":{"num":1752,"min":0.000000000,"max":0.000000954,"avg":0.000000139,"var":0.000000000,"sum":0.000243664}}}}},"65535:65535:65535:65535":{"rpc_id":65535,"provider_id":65535,"parent_rpc_id":65535,"parent_provider_id":65535,"name":"","target":{"received from <unknown>":{"bulk":{"create":{"duration":{"num":1752,"min":0.000002146,"max":0.001418591,"avg":0.000003452,"var":0.000002004,"sum":0.006048679},"size":{"num":1752,"min":4194304.000000000,"max":4194304.000000000,"avg":4194304.000000000,"var":0.000000000,"sum":7348420608.000000000}}}}}}},"hostname":"x4418c0s4b0n0","pid":3585,"cmdline":["/home/carns/working/src/spack/var/spack/environments/quintain-2025-07/.spack-env/view/bin/quintain-benchmark","-g","quintain.flock.json","-j","/home/carns/working/dbg/john-quintain-profile-example-2025-07/quintain-benchmark-bw.json","-o","/flare/radix-io/carns/quintain/6710290.aurora-pbs-0001.hostmgmt.cm.aurora.alcf.anl.gov/bw-sweep-servers408-clis816"]}