{"address":"ofi+cxi://0x02604212","progress_loop":{"progress_with_timeout":{"num":24858,"min":0.000001192,"max":0.103339911,"avg":0.000211677,"var":0.013472258,"sum":5.261859417},"progress_timeout_value_msec":{"num":24858,"min":100.000000000,"max":100.000000000,"avg":100.000000000,"var":0.000000000,"sum":2485800.000000000},"progress_without_timeout":{"num":0,"min":0.000000000,"max":0.000000000,"avg":0.000000000,"var":0.000000000,"sum":0.000000000},"trigger":{"num":24829,"min":0.000000238,"max":0.000008821,"avg":0.000000274,"var":0.000000000,"sum":0.006801128}},"rpcs":{"65535:65535:7940397281847607295:2":{"rpc_id":7940397281847607295,"provider_id":2,"parent_rpc_id":65535,"parent_provider_id":65535,"name":"__identity__","origin":{"sent to ofi+cxi://0x0262200d":{"iforward":{"duration":{"num":1,"min":0.000115871,"max":0.000115871,"avg":0.000115871,"var":0.000000000,"sum":0.000115871},"relative_timestamp_from_create":{"num":1,"min":0.000002861,"max":0.000002861,"avg":0.000002861,"var":0.000000000,"sum":0.000002861}},"forward_cb":{"duration":{"num":1,"min":0.000003099,"max":0.000003099,"avg":0.000003099,"var":0.000000000,"sum":0.000003099},"relative_timestamp_from_iforward_start":{"num":1,"min":0.003983974,"max":0.003983974,"avg":0.003983974,"var":0.000000000,"sum":0.003983974}},"iforward_wait":{"duration":{"num":1,"min":0.003874302,"max":0.003874302,"avg":0.003874302,"var":0.000000000,"sum":0.003874302},"relative_timestamp_from_iforward_end":{"num":1,"min":0.000000477,"max":0.000000477,"avg":0.000000477,"var":0.000000000,"sum":0.000000477}},"set_input":{"duration":{"num":0,"min":0.000000000,"max":0.000000000,"avg":0.000000000,"var":0.000000000,"sum":0.000000000},"relative_timestamp_from_iforward_start":{"num":0,"min":0.000000000,"max":0.000000000,"avg":0.000000000,"var":0.000000000,"sum":0.000000000}},"get_output":{"duration":{"num":1,"min":0.000011206,"max":0.000011206,"avg":0.000011206,"var":0.000000000,"sum":0.000011206},"relative_timestamp_from_wait_end":{"num":1,"min":0.000000954,"max":0.000000954,"avg":0.000000954,"var":0.000000000,"sum":0.000000954}}}}},"65535:65535:9722976651498815487:2":{"rpc_id":9722976651498815487,"provider_id":2,"parent_rpc_id":65535,"parent_provider_id":65535,"name":"flock_get_view","origin":{"sent to ofi+cxi://0x0262200d":{"iforward":{"duration":{"num":2,"min":0.000014782,"max":0.000020504,"avg":0.000017643,"var":0.000000000,"sum":0.000035286},"relative_timestamp_from_create":{"num":2,"min":0.000000477,"max":0.000000715,"avg":0.000000596,"var":0.000000000,"sum":0.000001192}},"forward_cb":{"duration":{"num":2,"min":0.000000238,"max":0.000000954,"avg":0.000000596,"var":0.000000000,"sum":0.000001192},"relative_timestamp_from_iforward_start":{"num":2,"min":0.020935059,"max":0.031911612,"avg":0.026423335,"var":0.000060242,"sum":0.052846670}},"iforward_wait":{"duration":{"num":2,"min":0.020922422,"max":0.031891584,"avg":0.026407003,"var":0.000060161,"sum":0.052814007},"relative_timestamp_from_iforward_end":{"num":2,"min":0.000000238,"max":0.000001192,"avg":0.000000715,"var":0.000000000,"sum":0.000001431}},"set_input":{"duration":{"num":2,"min":0.000000000,"max":0.000000238,"avg":0.000000119,"var":0.000000000,"sum":0.000000238},"relative_timestamp_from_iforward_start":{"num":2,"min":0.000003099,"max":0.000006676,"avg":0.000004888,"var":0.000000000,"sum":0.000009775}},"get_output":{"duration":{"num":2,"min":0.000000477,"max":0.000039101,"avg":0.000019789,"var":0.000000001,"sum":0.000039577},"relative_timestamp_from_wait_end":{"num":2,"min":0.000000477,"max":0.000002384,"avg":0.000001431,"var":0.000000000,"sum":0.000002861}}}}},"65535:65535:3669993900245843967:1":{"rpc_id":3669993900245843967,"provider_id":1,"parent_rpc_id":65535,"parent_provider_id":65535,"name":"qtn_work_rpc","origin":{"sent to ofi+cxi://0x0263c413":{"iforward":{"duration":{"num":24825,"min":0.000001192,"max":0.000036001,"avg":0.000001531,"var":0.000000005,"sum":0.038018465},"relative_timestamp_from_create":{"num":24825,"min":0.000000000,"max":0.000002146,"avg":0.000000075,"var":0.000000000,"sum":0.001853704}},"forward_cb":{"duration":{"num":24825,"min":0.000000000,"max":0.000001431,"avg":0.000000122,"var":0.000000000,"sum":0.003031731},"relative_timestamp_from_iforward_start":{"num":24825,"min":0.000008345,"max":0.000871897,"avg":0.000207607,"var":0.001389912,"sum":5.153854132}},"iforward_wait":{"duration":{"num":24825,"min":0.000002623,"max":0.000870943,"avg":0.000206447,"var":0.001389766,"sum":5.125046015},"relative_timestamp_from_iforward_end":{"num":24825,"min":0.000000000,"max":0.000005007,"avg":0.000000184,"var":0.000000000,"sum":0.004558325}},"set_input":{"duration":{"num":24825,"min":0.000000000,"max":0.000003099,"avg":0.000000069,"var":0.000000000,"sum":0.001723289},"relative_timestamp_from_iforward_start":{"num":24825,"min":0.000000477,"max":0.000007391,"avg":0.000000686,"var":0.000000000,"sum":0.017029524}},"get_output":{"duration":{"num":24825,"min":0.000000000,"max":0.000000954,"avg":0.000000092,"var":0.000000000,"sum":0.002296209},"relative_timestamp_from_wait_end":{"num":24825,"min":0.000000000,"max":0.000001431,"avg":0.000000145,"var":0.000000000,"sum":0.003603220}}}}}},"hostname":"x4108c0s3b0n0","pid":85878,"cmdline":["/home/carns/working/src/spack/var/spack/environments/quintain-2025-07/.spack-env/view/bin/quintain-benchmark","-g","quintain.flock.json","-j","/home/carns/working/dbg/john-quintain-profile-example-2025-07/quintain-benchmark-rpc.json","-o","/flare/radix-io/carns/quintain/6767526.aurora-pbs-0001.hostmgmt.cm.aurora.alcf.anl.gov/rpc-sweep-servers408-clis816"]}