{"address":"","rpcs":{},"pools":{"__primary__":{"timestamps":[1753367037.309219360,1753367038.321776152,1753367039.321782589,1753367040.333268642,1753367041.343433142,1753367042.362546682,1753367043.373836040,1753367044.378998756,1753367047.150168896,1753367048.158711672,1753367049.170342207,1753367050.187200069,1753367051.205549002,1753367052.522797108,1753367052.640578032],"size":[0,0,0,0,0,0,0,0,0,0,0,0,0,0,0],"total_size":[1,1,1,1,1,1,1,1,1,1,1,1,1,1,0]}}}