{"address":"","rpcs":{},"pools":{"__primary__":{"timestamps":[1753366941.852576733,1753366942.852625132,1753366943.852670670,1753366944.852768183,1753366945.852993727,1753366946.853184700,1753366956.002075911,1753366956.108379841],"size":[0,0,0,0,0,0,0,0],"total_size":[1,1,1,1,1,1,1,0]}}}