{"address":"","progress_loop":{"progress_with_timeout":{"num":1551,"min":0.000001669,"max":0.103354931,"avg":0.008550692,"var":0.168045687,"sum":13.262123823},"progress_timeout_value_msec":{"num":1551,"min":100.000000000,"max":100.000000000,"avg":100.000000000,"var":0.000000000,"sum":155100.000000000},"progress_without_timeout":{"num":0,"min":0.000000000,"max":0.000000000,"avg":0.000000000,"var":0.000000000,"sum":0.000000000},"trigger":{"num":1546,"min":0.000000238,"max":0.000012398,"avg":0.000000299,"var":0.000000000,"sum":0.000462055}},"rpcs":{"65535:65535:7940397281847607295:2":{"rpc_id":7940397281847607295,"provider_id":2,"parent_rpc_id":65535,"parent_provider_id":65535,"name":"__identity__","origin":{"sent to ofi+cxi://0x06f2600c":{"iforward":{"duration":{"num":1,"min":0.000275850,"max":0.000275850,"avg":0.000275850,"var":0.000000000,"sum":0.000275850},"relative_timestamp_from_create":{"num":1,"min":0.000013590,"max":0.000013590,"avg":0.000013590,"var":0.000000000,"sum":0.000013590}},"forward_cb":{"duration":{"num":1,"min":0.000010967,"max":0.000010967,"avg":0.000010967,"var":0.000000000,"sum":0.000010967},"relative_timestamp_from_iforward_start":{"num":1,"min":0.014251947,"max":0.014251947,"avg":0.014251947,"var":0.000000000,"sum":0.014251947}},"iforward_wait":{"duration":{"num":1,"min":0.013993502,"max":0.013993502,"avg":0.013993502,"var":0.000000000,"sum":0.013993502},"relative_timestamp_from_iforward_end":{"num":1,"min":0.000000238,"max":0.000000238,"avg":0.000000238,"var":0.000000000,"sum":0.000000238}},"set_input":{"duration":{"num":0,"min":0.000000000,"max":0.000000000,"avg":0.000000000,"var":0.000000000,"sum":0.000000000},"relative_timestamp_from_iforward_start":{"num":0,"min":0.000000000,"max":0.000000000,"avg":0.000000000,"var":0.000000000,"sum":0.000000000}},"get_output":{"duration":{"num":1,"min":0.000009298,"max":0.000009298,"avg":0.000009298,"var":0.000000000,"sum":0.000009298},"relative_timestamp_from_wait_end":{"num":1,"min":0.000001907,"max":0.000001907,"avg":0.000001907,"var":0.000000000,"sum":0.000001907}}}}},"65535:65535:9722976651498815487:2":{"rpc_id":9722976651498815487,"provider_id":2,"parent_rpc_id":65535,"parent_provider_id":65535,"name":"flock_get_view","origin":{"sent to ofi+cxi://0x06f2600c":{"iforward":{"duration":{"num":2,"min":0.000011921,"max":0.000045776,"avg":0.000028849,"var":0.000000001,"sum":0.000057697},"relative_timestamp_from_create":{"num":2,"min":0.000000238,"max":0.000001192,"avg":0.000000715,"var":0.000000000,"sum":0.000001431}},"forward_cb":{"duration":{"num":2,"min":0.000000238,"max":0.000000477,"avg":0.000000358,"var":0.000000000,"sum":0.000000715},"relative_timestamp_from_iforward_start":{"num":2,"min":0.004402876,"max":0.013378859,"avg":0.008890867,"var":0.000040284,"sum":0.017781734}},"iforward_wait":{"duration":{"num":2,"min":0.004391670,"max":0.013332844,"avg":0.008862257,"var":0.000039972,"sum":0.017724514},"relative_timestamp_from_iforward_end":{"num":2,"min":0.000000238,"max":0.000001431,"avg":0.000000834,"var":0.000000000,"sum":0.000001669}},"set_input":{"duration":{"num":2,"min":0.000000238,"max":0.000000238,"avg":0.000000238,"var":0.000000000,"sum":0.000000477},"relative_timestamp_from_iforward_start":{"num":2,"min":0.000001431,"max":0.000018597,"avg":0.000010014,"var":0.000000000,"sum":0.000020027}},"get_output":{"duration":{"num":2,"min":0.000000238,"max":0.000036001,"avg":0.000018120,"var":0.000000001,"sum":0.000036240},"relative_timestamp_from_wait_end":{"num":2,"min":0.000000238,"max":0.000001192,"avg":0.000000715,"var":0.000000000,"sum":0.000001431}}}}},"65535:65535:3669993900245843967:1":{"rpc_id":3669993900245843967,"provider_id":1,"parent_rpc_id":65535,"parent_provider_id":65535,"name":"qtn_work_rpc","origin":{"sent to ofi+cxi://0x06f5e413":{"iforward":{"duration":{"num":1542,"min":0.000001431,"max":0.000039339,"avg":0.000001823,"var":0.000000005,"sum":0.002810478},"relative_timestamp_from_create":{"num":1542,"min":0.000002384,"max":0.001393080,"avg":0.000003752,"var":0.000001932,"sum":0.005785465}},"forward_cb":{"duration":{"num":1542,"min":0.000000000,"max":0.000001192,"avg":0.000000129,"var":0.000000000,"sum":0.000198364},"relative_timestamp_from_iforward_start":{"num":1542,"min":0.000211000,"max":0.034042120,"avg":0.008515526,"var":0.158637872,"sum":13.130941629}},"iforward_wait":{"duration":{"num":1542,"min":0.000209570,"max":0.034040928,"avg":0.008514018,"var":0.158636036,"sum":13.128615141},"relative_timestamp_from_iforward_end":{"num":1542,"min":0.000000000,"max":0.000000715,"avg":0.000000263,"var":0.000000000,"sum":0.000406265}},"set_input":{"duration":{"num":1542,"min":0.000000000,"max":0.000004530,"avg":0.000000126,"var":0.000000000,"sum":0.000194311},"relative_timestamp_from_iforward_start":{"num":1542,"min":0.000000477,"max":0.000009298,"avg":0.000000708,"var":0.000000000,"sum":0.001091242}},"get_output":{"duration":{"num":1542,"min":0.000000000,"max":0.000000477,"avg":0.000000089,"var":0.000000000,"sum":0.000136852},"relative_timestamp_from_wait_end":{"num":1542,"min":0.000000000,"max":0.000003099,"avg":0.000000155,"var":0.000000000,"sum":0.000238657}}}}},"65535:65535:65535:65535":{"rpc_id":65535,"provider_id":65535,"parent_rpc_id":65535,"parent_provider_id":65535,"name":"","target":{"received from <unknown>":{"bulk":{"create":{"duration":{"num":1542,"min":0.000002146,"max":0.001389027,"avg":0.000003537,"var":0.000001921,"sum":0.005453587},"size":{"num":1542,"min":4194304.000000000,"max":4194304.000000000,"avg":4194304.000000000,"var":0.000000000,"sum":6467616768.000000000}}}}}}},"hostname":"x4418c0s7b0n0","pid":10993,"cmdline":["/home/carns/working/src/spack/var/spack/environments/quintain-2025-07/.spack-env/view/bin/quintain-benchmark","-g","quintain.flock.json","-j","/home/carns/working/dbg/john-quintain-profile-example-2025-07/quintain-benchmark-bw.json","-o","/flare/radix-io/carns/quintain/6710290.aurora-pbs-0001.hostmgmt.cm.aurora.alcf.anl.gov/bw-sweep-servers408-clis816"]}