{"address":"ofi+cxi://0x0261e615","progress_loop":{"progress_with_timeout":{"num":31999,"min":0.000001192,"max":0.100997448,"avg":0.000161956,"var":0.012157740,"sum":5.182440042},"progress_timeout_value_msec":{"num":31999,"min":100.000000000,"max":100.000000000,"avg":100.000000000,"var":0.000000000,"sum":3199900.000000000},"progress_without_timeout":{"num":0,"min":0.000000000,"max":0.000000000,"avg":0.000000000,"var":0.000000000,"sum":0.000000000},"trigger":{"num":31971,"min":0.000000238,"max":0.000007153,"avg":0.000000321,"var":0.000000001,"sum":0.010257959}},"rpcs":{"65535:65535:7940397281847607295:2":{"rpc_id":7940397281847607295,"provider_id":2,"parent_rpc_id":65535,"parent_provider_id":65535,"name":"__identity__","origin":{"sent to ofi+cxi://0x0262200d":{"iforward":{"duration":{"num":1,"min":0.000139475,"max":0.000139475,"avg":0.000139475,"var":0.000000000,"sum":0.000139475},"relative_timestamp_from_create":{"num":1,"min":0.000002861,"max":0.000002861,"avg":0.000002861,"var":0.000000000,"sum":0.000002861}},"forward_cb":{"duration":{"num":1,"min":0.000005722,"max":0.000005722,"avg":0.000005722,"var":0.000000000,"sum":0.000005722},"relative_timestamp_from_iforward_start":{"num":1,"min":0.004282951,"max":0.004282951,"avg":0.004282951,"var":0.000000000,"sum":0.004282951}},"iforward_wait":{"duration":{"num":1,"min":0.004152775,"max":0.004152775,"avg":0.004152775,"var":0.000000000,"sum":0.004152775},"relative_timestamp_from_iforward_end":{"num":1,"min":0.000000477,"max":0.000000477,"avg":0.000000477,"var":0.000000000,"sum":0.000000477}},"set_input":{"duration":{"num":0,"min":0.000000000,"max":0.000000000,"avg":0.000000000,"var":0.000000000,"sum":0.000000000},"relative_timestamp_from_iforward_start":{"num":0,"min":0.000000000,"max":0.000000000,"avg":0.000000000,"var":0.000000000,"sum":0.000000000}},"get_output":{"duration":{"num":1,"min":0.000009775,"max":0.000009775,"avg":0.000009775,"var":0.000000000,"sum":0.000009775},"relative_timestamp_from_wait_end":{"num":1,"min":0.000000954,"max":0.000000954,"avg":0.000000954,"var":0.000000000,"sum":0.000000954}}}}},"65535:65535:9722976651498815487:2":{"rpc_id":9722976651498815487,"provider_id":2,"parent_rpc_id":65535,"parent_provider_id":65535,"name":"flock_get_view","origin":{"sent to ofi+cxi://0x0262200d":{"iforward":{"duration":{"num":2,"min":0.000010729,"max":0.000025034,"avg":0.000017881,"var":0.000000000,"sum":0.000035763},"relative_timestamp_from_create":{"num":2,"min":0.000000000,"max":0.000000954,"avg":0.000000477,"var":0.000000000,"sum":0.000000954}},"forward_cb":{"duration":{"num":2,"min":0.000000238,"max":0.000000238,"avg":0.000000238,"var":0.000000000,"sum":0.000000477},"relative_timestamp_from_iforward_start":{"num":2,"min":0.022142887,"max":0.030451775,"avg":0.026297331,"var":0.000034519,"sum":0.052594662}},"iforward_wait":{"duration":{"num":2,"min":0.022116899,"max":0.030441523,"avg":0.026279211,"var":0.000034650,"sum":0.052558422},"relative_timestamp_from_iforward_end":{"num":2,"min":0.000000477,"max":0.000001669,"avg":0.000001073,"var":0.000000000,"sum":0.000002146}},"set_input":{"duration":{"num":2,"min":0.000000238,"max":0.000000238,"avg":0.000000238,"var":0.000000000,"sum":0.000000477},"relative_timestamp_from_iforward_start":{"num":2,"min":0.000001669,"max":0.000007868,"avg":0.000004768,"var":0.000000000,"sum":0.000009537}},"get_output":{"duration":{"num":2,"min":0.000000477,"max":0.000031471,"avg":0.000015974,"var":0.000000000,"sum":0.000031948},"relative_timestamp_from_wait_end":{"num":2,"min":0.000000238,"max":0.000001192,"avg":0.000000715,"var":0.000000000,"sum":0.000001431}}}}},"65535:65535:3669993900245843967:1":{"rpc_id":3669993900245843967,"provider_id":1,"parent_rpc_id":65535,"parent_provider_id":65535,"name":"qtn_work_rpc","origin":{"sent to ofi+cxi://0x0262200e":{"iforward":{"duration":{"num":31967,"min":0.000001669,"max":0.000033855,"avg":0.000002063,"var":0.000000005,"sum":0.065958738},"relative_timestamp_from_create":{"num":31967,"min":0.000000000,"max":0.000001907,"avg":0.000000086,"var":0.000000000,"sum":0.002759457}},"forward_cb":{"duration":{"num":31967,"min":0.000000000,"max":0.000003576,"avg":0.000000143,"var":0.000000000,"sum":0.004556656},"relative_timestamp_from_iforward_start":{"num":31967,"min":0.000009060,"max":0.001015902,"avg":0.000159837,"var":0.000574693,"sum":5.109514475}},"iforward_wait":{"duration":{"num":31967,"min":0.000004530,"max":0.001014471,"avg":0.000158247,"var":0.000574720,"sum":5.058680296},"relative_timestamp_from_iforward_end":{"num":31967,"min":0.000000000,"max":0.000002861,"avg":0.000000164,"var":0.000000000,"sum":0.005247593}},"set_input":{"duration":{"num":31967,"min":0.000000000,"max":0.000003099,"avg":0.000000095,"var":0.000000000,"sum":0.003021717},"relative_timestamp_from_iforward_start":{"num":31967,"min":0.000000715,"max":0.000008106,"avg":0.000000861,"var":0.000000001,"sum":0.027538538}},"get_output":{"duration":{"num":31967,"min":0.000000000,"max":0.000002623,"avg":0.000000102,"var":0.000000000,"sum":0.003264904},"relative_timestamp_from_wait_end":{"num":31967,"min":0.000000000,"max":0.000004053,"avg":0.000000159,"var":0.000000000,"sum":0.005087852}}}}}},"hostname":"x4108c0s0b0n0","pid":40779,"cmdline":["/home/carns/working/src/spack/var/spack/environments/quintain-2025-07/.spack-env/view/bin/quintain-benchmark","-g","quintain.flock.json","-j","/home/carns/working/dbg/john-quintain-profile-example-2025-07/quintain-benchmark-rpc.json","-o","/flare/radix-io/carns/quintain/6767526.aurora-pbs-0001.hostmgmt.cm.aurora.alcf.anl.gov/rpc-sweep-servers408-clis816"]}