{"address":"","rpcs":{"qtn_work_rpc:1":{"timestamps":[1753558083.973971128,1753558084.973971367,1753558085.973971605,1753558086.973971844,1753558087.973972082,1753558088.973972321,1753558090.046213150,1753558091.085593462,1753558092.126085043,1753558093.165827274,1753558094.205648422,1753558095.245396614,1753558096.285660505,1753558097.325593710,1753558098.365931749,1753558099.405421019,1753558100.446134329,1753558101.486158133,1753558102.526075125,1753558103.565854788,1753558104.605927706,1753558105.645391941,1753558106.685757875,1753558107.725408077,1753558108.765992403,1753558109.806200504,1753558110.845332146,1753558111.885489225,1753558112.926182985,1753558113.966168404,1753558115.005723715,1753558116.046266079,1753558117.082238436,1753558118.121448278,1753558119.161372423,1753558120.202029467,1753558121.242028236,1753558122.281655788,1753558123.300418139,1753558124.302423239,1753558125.302423716,1753558126.312097073,1753558127.313048363,1753558128.317218065,1753558129.318736076,1753558130.318736315,1753558131.393380165,1753558132.394729614,1753558133.395391941,1753558134.404569387,1753558135.411993504,1753558136.412880182,1753558137.425441742,1753558138.465262413,1753558139.505707979,1753558140.545680046,1753558141.585733652,1753558142.626227617,1753558143.665564299,1753558144.706297636,1753558145.746003628,1753558146.786265850,1753558147.826064348,1753558148.866160631,1753558149.905868292,1753558150.946021080,1753558151.985564470,1753558153.025607109,1753558154.065542459,1753558155.101017714,1753558155.278634071],"count":[530,7719,8623,8821,8883,8901,2115,0,0,0,0,0,0,0,0,0,0,0,0,0,0,0,0,0,0,0,0,0,0,0,0,0,0,0,0,0,0,0,221,217,219,220,189,235,225,255,219,164,183,217,207,252,49,0,0,0,0,0,0,0,0,0,0,0,0,0,0,0,0,0,0],"bulk_size":[0,0,0,0,0,0,0,0,0,0,0,0,0,0,0,0,0,0,0,0,0,0,0,0,0,0,0,0,0,0,0,0,0,0,0,0,0,0,926941184,910163968,918552576,922746880,792723456,985661440,943718400,1069547520,918552576,687865856,767557632,910163968,868220928,1056964608,205520896,0,0,0,0,0,0,0,0,0,0,0,0,0,0,0,0,0,0]},"__shutdown__:65535":{"timestamps":[1753558155.278634071],"count":[1],"bulk_size":[0]}},"pools":{"__primary__":{"timestamps":[1753558039.293841600,1753558040.334264517,1753558041.373574257,1753558042.413608551,1753558043.453408718,1753558044.493426323,1753558045.533905745,1753558046.573765755,1753558047.613639832,1753558048.653491259,1753558049.694010019,1753558050.733287573,1753558051.773739100,1753558052.814034939,1753558053.854195118,1753558054.893879890,1753558055.934302092,1753558056.973522663,1753558058.013977289,1753558059.053343296,1753558060.093801022,1753558061.133427858,1753558062.173277140,1753558063.213440657,1753558064.254364491,1753558065.293421507,1753558066.334316969,1753558067.373409986,1753558068.413977861,1753558069.453996897,1753558070.494103432,1753558071.533580303,1753558072.573424339,1753558073.613747120,1753558074.653541803,1753558075.693770409,1753558076.733461142,1753558077.774029016,1753558078.813679695,1753558079.853674650,1753558080.893868685,1753558081.933762789,1753558082.973970890,1753558083.973971128,1753558084.973971367,1753558085.973971605,1753558086.973971844,1753558087.973972082,1753558088.973972321,1753558090.046213150,1753558091.085593462,1753558092.126085043,1753558093.165827274,1753558094.205648422,1753558095.245396614,1753558096.285660505,1753558097.325593710,1753558098.365931749,1753558099.405421019,1753558100.446134329,1753558101.486158133,1753558102.526075125,1753558103.565854788,1753558104.605927706,1753558105.645391941,1753558106.685757875,1753558107.725408077,1753558108.765992403,1753558109.806200504,1753558110.845332146,1753558111.885489225,1753558112.926182985,1753558113.966168404,1753558115.005723715,1753558116.046266079,1753558117.082238436,1753558118.121448278,1753558119.161372423,1753558120.202029467,1753558121.242028236,1753558122.281655788,1753558123.300418139,1753558124.302423239,1753558125.302423716,1753558126.312097073,1753558127.313048363,1753558128.317218065,1753558129.318736076,1753558130.318736315,1753558131.393380165,1753558132.394729614,1753558133.395391941,1753558134.404569387,1753558135.411993504,1753558136.412880182,1753558137.425441742,1753558138.465262413,1753558139.505707979,1753558140.545680046,1753558141.585733652,1753558142.626227617,1753558143.665564299,1753558144.706297636,1753558145.746003628,1753558146.786265850,1753558147.826064348,1753558148.866160631,1753558149.905868292,1753558150.946021080,1753558151.985564470,1753558153.025607109,1753558154.065542459,1753558155.101017714,1753558155.278634071],"size":[0,0,0,0,0,0,0,0,0,0,0,0,0,0,0,0,0,0,0,0,0,0,0,0,0,0,0,0,0,0,0,0,0,0,0,0,0,0,0,0,0,0,0,0,0,0,0,0,0,0,0,0,0,0,0,0,0,0,0,0,0,0,0,0,0,0,0,0,0,0,0,0,0,0,0,0,0,0,0,0,0,0,0,0,0,0,0,0,0,0,0,0,0,0,0,0,0,0,0,0,0,0,0,0,0,0,0,0,0,0,0,0,0,0],"total_size":[1,1,1,1,1,1,1,1,1,1,1,1,1,1,1,1,1,1,1,1,1,1,1,1,1,1,1,1,1,1,1,1,1,1,1,1,1,1,1,1,1,1,1,1,1,1,1,1,1,1,1,1,1,1,1,1,1,1,1,1,1,1,1,1,1,1,1,1,1,1,1,1,1,1,1,1,1,1,1,1,1,3,2,3,2,2,3,3,3,1,2,3,3,2,3,1,1,1,1,1,1,1,1,1,1,1,1,1,1,1,1,1,1,0]}}}