{"address":"","progress_loop":{"progress_with_timeout":{"num":2297,"min":0.000001669,"max":0.108414412,"avg":0.082612710,"var":4.039105605,"sum":189.761394262},"progress_timeout_value_msec":{"num":2297,"min":100.000000000,"max":100.000000000,"avg":100.000000000,"var":0.000000000,"sum":229700.000000000},"progress_without_timeout":{"num":15083994,"min":0.000000000,"max":0.000484228,"avg":0.000000155,"var":0.000000908,"sum":2.344947338},"trigger":{"num":139448,"min":0.000000238,"max":0.000041246,"avg":0.000000572,"var":0.000000054,"sum":0.079719543}},"rpcs":{"65535:65535:3669993900245843967:1":{"rpc_id":3669993900245843967,"provider_id":1,"parent_rpc_id":65535,"parent_provider_id":65535,"name":"qtn_work_rpc","target":{"received from ofi+cxi://0x06f1c618":{"handler":{"duration":{"num":32772,"min":0.000000477,"max":0.000041008,"avg":0.000000547,"var":0.000000010,"sum":0.017919302}},"ult":{"duration":{"num":32772,"min":0.000004292,"max":0.000046968,"avg":0.000004875,"var":0.000000033,"sum":0.159777403},"relative_timestamp_from_handler_start":{"num":32772,"min":0.000000715,"max":0.000041246,"avg":0.000000906,"var":0.000000022,"sum":0.029688120}},"irespond":{"duration":{"num":32772,"min":0.000000238,"max":0.000035286,"avg":0.000000486,"var":0.000000005,"sum":0.015920401},"relative_timestamp_from_ult_start":{"num":32772,"min":0.000000238,"max":0.000032663,"avg":0.000000297,"var":0.000000002,"sum":0.009717703}},"respond_cb":{"duration":{"num":32772,"min":0.000000000,"max":0.000029802,"avg":0.000000110,"var":0.000000001,"sum":0.003614426},"relative_timestamp_from_irespond_start":{"num":32772,"min":0.000003576,"max":0.000046015,"avg":0.000003964,"var":0.000000026,"sum":0.129922867}},"irespond_wait":{"duration":{"num":32772,"min":0.000001192,"max":0.000045776,"avg":0.000003704,"var":0.000000022,"sum":0.121387005},"relative_timestamp_from_irespond_end":{"num":32772,"min":0.000000000,"max":0.000021696,"avg":0.000000183,"var":0.000000001,"sum":0.005991697}},"set_output":{"duration":{"num":32772,"min":0.000000000,"max":0.000000477,"avg":0.000000061,"var":0.000000000,"sum":0.002014160},"relative_timestamp_from_irespond_start":{"num":32772,"min":0.000000000,"max":0.000019550,"avg":0.000000079,"var":0.000000001,"sum":0.002580166}},"get_input":{"duration":{"num":32772,"min":0.000000000,"max":0.000004292,"avg":0.000000107,"var":0.000000001,"sum":0.003519297},"relative_timestamp_from_ult_start":{"num":32772,"min":0.000000000,"max":0.000032425,"avg":0.000000122,"var":0.000000002,"sum":0.003991842}}},"received from ofi+cxi://0x06f18015":{"handler":{"duration":{"num":32235,"min":0.000000477,"max":0.000034332,"avg":0.000000538,"var":0.000000007,"sum":0.017350912}},"ult":{"duration":{"num":32235,"min":0.000004530,"max":0.000489712,"avg":0.000004889,"var":0.000000264,"sum":0.157598019},"relative_timestamp_from_handler_start":{"num":32235,"min":0.000000715,"max":0.000034571,"avg":0.000000901,"var":0.000000017,"sum":0.029031754}},"irespond":{"duration":{"num":32235,"min":0.000000238,"max":0.000035048,"avg":0.000000482,"var":0.000000004,"sum":0.015522003},"relative_timestamp_from_ult_start":{"num":32235,"min":0.000000238,"max":0.000029087,"avg":0.000000298,"var":0.000000001,"sum":0.009613991}},"respond_cb":{"duration":{"num":32235,"min":0.000000000,"max":0.000000477,"avg":0.000000108,"var":0.000000000,"sum":0.003493547},"relative_timestamp_from_irespond_start":{"num":32235,"min":0.000003576,"max":0.000487804,"avg":0.000003975,"var":0.000000257,"sum":0.128136635}},"irespond_wait":{"duration":{"num":32235,"min":0.000003338,"max":0.000488281,"avg":0.000003723,"var":0.000000255,"sum":0.119996071},"relative_timestamp_from_irespond_end":{"num":32235,"min":0.000000000,"max":0.000005484,"avg":0.000000179,"var":0.000000000,"sum":0.005771160}},"set_output":{"duration":{"num":32235,"min":0.000000000,"max":0.000033379,"avg":0.000000063,"var":0.000000002,"sum":0.002030373},"relative_timestamp_from_irespond_start":{"num":32235,"min":0.000000000,"max":0.000005245,"avg":0.000000080,"var":0.000000000,"sum":0.002580881}},"get_input":{"duration":{"num":32235,"min":0.000000000,"max":0.000004053,"avg":0.000000107,"var":0.000000000,"sum":0.003448725},"relative_timestamp_from_ult_start":{"num":32235,"min":0.000000000,"max":0.000029087,"avg":0.000000124,"var":0.000000001,"sum":0.004009247}}},"received from ofi+cxi://0x06f18216":{"handler":{"duration":{"num":1551,"min":0.000000477,"max":0.000012159,"avg":0.000001078,"var":0.000000001,"sum":0.001671791}},"ult":{"duration":{"num":1551,"min":0.000191212,"max":0.030591965,"avg":0.004586750,"var":0.077822276,"sum":7.114048719},"relative_timestamp_from_handler_start":{"num":1551,"min":0.000000715,"max":0.020620346,"avg":0.001223187,"var":0.032162656,"sum":1.897162676}},"irespond":{"duration":{"num":1551,"min":0.000000238,"max":0.000010014,"avg":0.000000956,"var":0.000000001,"sum":0.001482248},"relative_timestamp_from_ult_start":{"num":1551,"min":0.000183344,"max":0.030578613,"avg":0.004422426,"var":0.076864007,"sum":6.859183311}},"respond_cb":{"duration":{"num":1551,"min":0.000000000,"max":0.000002146,"avg":0.000000170,"var":0.000000000,"sum":0.000264168},"relative_timestamp_from_irespond_start":{"num":1551,"min":0.000003815,"max":0.003113508,"avg":0.000126121,"var":0.000150340,"sum":0.195613861}},"irespond_wait":{"duration":{"num":1551,"min":0.000003338,"max":0.017219305,"avg":0.000139783,"var":0.000451970,"sum":0.216802835},"relative_timestamp_from_irespond_end":{"num":1551,"min":0.000000000,"max":0.000005245,"avg":0.000000313,"var":0.000000000,"sum":0.000485182}},"set_output":{"duration":{"num":1551,"min":0.000000000,"max":0.000005245,"avg":0.000000138,"var":0.000000000,"sum":0.000214577},"relative_timestamp_from_irespond_start":{"num":1551,"min":0.000000000,"max":0.000006437,"avg":0.000000234,"var":0.000000000,"sum":0.000362396}},"get_input":{"duration":{"num":1551,"min":0.000000000,"max":0.000020981,"avg":0.000000618,"var":0.000000001,"sum":0.000958681},"relative_timestamp_from_ult_start":{"num":1551,"min":0.000000000,"max":0.000007391,"avg":0.000000241,"var":0.000000000,"sum":0.000374556}},"bulk":{"create":{"duration":{"num":1551,"min":0.000002623,"max":0.028638840,"avg":0.003283385,"var":0.065774045,"sum":5.092530727},"size":{"num":1551,"min":4194304.000000000,"max":4194304.000000000,"avg":4194304.000000000,"var":0.000000000,"sum":6505365504.000000000}},"pull from ofi+cxi://0x06f18216":{"itransfer":{"duration":{"num":1551,"min":0.000000715,"max":0.000018358,"avg":0.000002261,"var":0.000000006,"sum":0.003506184},"size":{"num":1551,"min":4194304.000000000,"max":4194304.000000000,"avg":4194304.000000000,"var":0.000000000,"sum":6505365504.000000000}},"transfer_cb":{"duration":{"num":1551,"min":0.000000000,"max":0.000007629,"avg":0.000000200,"var":0.000000000,"sum":0.000310183},"relative_timestamp_from_itransfer_start":{"num":1551,"min":0.000179291,"max":0.020521402,"avg":0.001073283,"var":0.003287194,"sum":1.664662123}},"itransfer_wait":{"duration":{"num":1551,"min":0.000178099,"max":0.020520687,"avg":0.001131483,"var":0.004961249,"sum":1.754930019},"relative_timestamp_from_itransfer_end":{"num":1551,"min":0.000000000,"max":0.000004768,"avg":0.000000341,"var":0.000000000,"sum":0.000529051}}}}},"received from ofi+cxi://0x06f1c418":{"handler":{"duration":{"num":1593,"min":0.000000477,"max":0.000011683,"avg":0.000001040,"var":0.000000001,"sum":0.001657009}},"ult":{"duration":{"num":1593,"min":0.000190258,"max":0.029075384,"avg":0.004927929,"var":0.087983701,"sum":7.850190401},"relative_timestamp_from_handler_start":{"num":1593,"min":0.000000715,"max":0.027525902,"avg":0.001210075,"var":0.032352451,"sum":1.927649498}},"irespond":{"duration":{"num":1593,"min":0.000000238,"max":0.000010967,"avg":0.000000957,"var":0.000000001,"sum":0.001525164},"relative_timestamp_from_ult_start":{"num":1593,"min":0.000182629,"max":0.028771639,"avg":0.004759850,"var":0.086894197,"sum":7.582440853}},"respond_cb":{"duration":{"num":1593,"min":0.000000000,"max":0.000001907,