{"address":"","rpcs":{"qtn_work_rpc:1":{"timestamps":[1753558083.973411798,1753558084.973412275,1753558085.973550558,1753558086.973550797,1753558087.973742008,1753558088.973742247,1753558090.049340248,1753558091.089929104,1753558092.129760981,1753558093.170077085,1753558094.209864140,1753558095.250087261,1753558096.289889097,1753558097.329374790,1753558098.369682074,1753558099.409746647,1753558100.449916124,1753558101.490061998,1753558102.530034304,1753558103.570215702,1753558104.610298634,1753558105.649819851,1753558106.689329147,1753558107.730014801,1753558108.769572496,1753558109.809546232,1753558110.849561691,1753558111.889699936,1753558112.929990530,1753558113.969602346,1753558115.009556770,1753558116.049753189,1753558117.089870930,1753558118.125629902,1753558119.166037321,1753558120.206012726,1753558121.245945930,1753558122.285851002,1753558123.296046257,1753558124.306955099,1753558125.307083130,1753558126.308744192,1753558127.329967260,1753558128.345385790,1753558129.356374264,1753558130.359975815,1753558131.445258617,1753558132.455641508,1753558133.468215704,1753558134.482175827,1753558135.482176304,1753558136.487738132,1753558137.530079842,1753558138.569292068,1753558139.609941244,1753558140.649779320,1753558141.690237761,1753558142.730017662,1753558143.769959211,1753558144.809983969,1753558145.849743843,1753558146.890238047,1753558147.930099726,1753558148.969948530,1753558150.010277987,1753558151.050214291,1753558152.090239048,1753558153.129408598,1753558154.169433355,1753558155.283797741],"count":[511,7705,8666,8834,8935,8977,2111,0,0,0,0,0,0,0,0,0,0,0,0,0,0,0,0,0,0,0,0,0,0,0,0,0,0,0,0,0,0,0,182,263,155,208,219,221,219,251,282,206,221,183,202,217,43,0,0,0,0,0,0,0,0,0,0,0,0,0,0,0,0,0],"bulk_size":[0,0,0,0,0,0,0,0,0,0,0,0,0,0,0,0,0,0,0,0,0,0,0,0,0,0,0,0,0,0,0,0,0,0,0,0,0,0,763363328,1103101952,650117120,872415232,918552576,926941184,918552576,1052770304,1182793728,864026624,926941184,767557632,847249408,910163968,180355072,0,0,0,0,0,0,0,0,0,0,0,0,0,0,0,0,0]},"__shutdown__:65535":{"timestamps":[1753558155.283797741],"count":[1],"bulk_size":[0]}},"pools":{"__primary__":{"timestamps":[1753558039.293843508,1753558040.333789825,1753558041.373431683,1753558042.413967371,1753558043.453300476,1753558044.493756533,1753558045.533662796,1753558046.573320866,1753558047.614301443,1753558048.653491974,1753558049.693423986,1753558050.734005690,1753558051.773317099,1753558052.813660622,1753558053.853786469,1753558054.893771648,1753558055.933929920,1753558056.973525286,1753558058.014083147,1753558059.053730249,1753558060.094140053,1753558061.133263588,1753558062.174398422,1753558063.213518143,1753558064.253917694,1753558065.294023275,1753558066.333516598,1753558067.373555422,1753558068.413350582,1753558069.453439951,1753558070.494259119,1753558071.533881187,1753558072.573999405,1753558073.614068985,1753558074.653754473,1753558075.693812132,1753558076.733680487,1753558077.773646355,1753558078.814148903,1753558079.853402376,1753558080.893506289,1753558081.933318138,1753558082.973411560,1753558083.973411798,1753558084.973412275,1753558085.973550558,1753558086.973550797,1753558087.973742008,1753558088.973742247,1753558090.049340248,1753558091.089929104,1753558092.129760981,1753558093.170077085,1753558094.209864140,1753558095.250087261,1753558096.289889097,1753558097.329374790,1753558098.369682074,1753558099.409746647,1753558100.449916124,1753558101.490061998,1753558102.530034304,1753558103.570215702,1753558104.610298634,1753558105.649819851,1753558106.689329147,1753558107.730014801,1753558108.769572496,1753558109.809546232,1753558110.849561691,1753558111.889699936,1753558112.929990530,1753558113.969602346,1753558115.009556770,1753558116.049753189,1753558117.089870930,1753558118.125629902,1753558119.166037321,1753558120.206012726,1753558121.245945930,1753558122.285851002,1753558123.296046257,1753558124.306955099,1753558125.307083130,1753558126.308744192,1753558127.329967260,1753558128.345385790,1753558129.356374264,1753558130.359975815,1753558131.445258617,1753558132.455641508,1753558133.468215704,1753558134.482175827,1753558135.482176304,1753558136.487738132,1753558137.530079842,1753558138.569292068,1753558139.609941244,1753558140.649779320,1753558141.690237761,1753558142.730017662,1753558143.769959211,1753558144.809983969,1753558145.849743843,1753558146.890238047,1753558147.930099726,1753558148.969948530,1753558150.010277987,1753558151.050214291,1753558152.090239048,1753558153.129408598,1753558154.169433355,1753558155.283797741],"size":[0,0,0,0,0,0,0,0,0,0,0,0,0,0,0,0,0,0,0,0,0,0,0,0,0,0,0,0,0,0,0,0,0,0,0,0,0,0,0,0,0,0,0,0,0,0,0,0,0,0,0,0,0,0,0,0,0,0,0,0,0,0,0,0,0,0,0,0,0,0,0,0,0,0,0,0,0,0,0,0,0,0,0,0,0,0,0,0,0,0,0,0,0,0,0,0,0,0,0,0,0,0,0,0,0,0,0,0,0,0,0,0,0],"total_size":[1,1,1,1,1,1,1,1,1,1,1,1,1,1,1,1,1,1,1,1,1,1,1,1,1,1,1,1,1,1,1,1,1,1,1,1,1,1,1,1,1,1,1,1,1,1,1,1,1,1,1,1,1,1,1,1,1,1,1,1,1,1,1,1,1,1,1,1,1,1,1,1,1,1,1,1,1,1,1,1,1,3,3,3,3,2,3,3,3,1,3,3,2,3,3,1,1,1,1,1,1,1,1,1,1,1,1,1,1,1,1,1,0]}}}