{"address":"","progress_loop":{"progress_with_timeout":{"num":22617,"min":0.000001192,"max":0.102283478,"avg":0.000233072,"var":0.013016054,"sum":5.271381378},"progress_timeout_value_msec":{"num":22617,"min":100.000000000,"max":100.000000000,"avg":100.000000000,"var":0.000000000,"sum":2261700.000000000},"progress_without_timeout":{"num":0,"min":0.000000000,"max":0.000000000,"avg":0.000000000,"var":0.000000000,"sum":0.000000000},"trigger":{"num":22568,"min":0.000000238,"max":0.000011683,"avg":0.000000269,"var":0.000000000,"sum":0.006070375}},"rpcs":{"65535:65535:7940397281847607295:2":{"rpc_id":7940397281847607295,"provider_id":2,"parent_rpc_id":65535,"parent_provider_id":65535,"name":"__identity__","origin":{"sent to ofi+cxi://0x06f2600c":{"iforward":{"duration":{"num":1,"min":0.000275135,"max":0.000275135,"avg":0.000275135,"var":0.000000000,"sum":0.000275135},"relative_timestamp_from_create":{"num":1,"min":0.000704765,"max":0.000704765,"avg":0.000704765,"var":0.000000000,"sum":0.000704765}},"forward_cb":{"duration":{"num":1,"min":0.000010252,"max":0.000010252,"avg":0.000010252,"var":0.000000000,"sum":0.000010252},"relative_timestamp_from_iforward_start":{"num":1,"min":0.007037163,"max":0.007037163,"avg":0.007037163,"var":0.000000000,"sum":0.007037163}},"iforward_wait":{"duration":{"num":1,"min":0.006778479,"max":0.006778479,"avg":0.006778479,"var":0.000000000,"sum":0.006778479},"relative_timestamp_from_iforward_end":{"num":1,"min":0.000000238,"max":0.000000238,"avg":0.000000238,"var":0.000000000,"sum":0.000000238}},"set_input":{"duration":{"num":0,"min":0.000000000,"max":0.000000000,"avg":0.000000000,"var":0.000000000,"sum":0.000000000},"relative_timestamp_from_iforward_start":{"num":0,"min":0.000000000,"max":0.000000000,"avg":0.000000000,"var":0.000000000,"sum":0.000000000}},"get_output":{"duration":{"num":1,"min":0.000007391,"max":0.000007391,"avg":0.000007391,"var":0.000000000,"sum":0.000007391},"relative_timestamp_from_wait_end":{"num":1,"min":0.000001669,"max":0.000001669,"avg":0.000001669,"var":0.000000000,"sum":0.000001669}}}}},"65535:65535:9722976651498815487:2":{"rpc_id":9722976651498815487,"provider_id":2,"parent_rpc_id":65535,"parent_provider_id":65535,"name":"flock_get_view","origin":{"sent to ofi+cxi://0x06f2600c":{"iforward":{"duration":{"num":2,"min":0.000011921,"max":0.000041008,"avg":0.000026464,"var":0.000000000,"sum":0.000052929},"relative_timestamp_from_create":{"num":2,"min":0.000000238,"max":0.000001192,"avg":0.000000715,"var":0.000000000,"sum":0.000001431}},"forward_cb":{"duration":{"num":2,"min":0.000000238,"max":0.000000238,"avg":0.000000238,"var":0.000000000,"sum":0.000000477},"relative_timestamp_from_iforward_start":{"num":2,"min":0.018316984,"max":0.031052828,"avg":0.024684906,"var":0.000081101,"sum":0.049369812}},"iforward_wait":{"duration":{"num":2,"min":0.018305540,"max":0.031011343,"avg":0.024658442,"var":0.000080719,"sum":0.049316883},"relative_timestamp_from_iforward_end":{"num":2,"min":0.000000238,"max":0.000001669,"avg":0.000000954,"var":0.000000000,"sum":0.000001907}},"set_input":{"duration":{"num":2,"min":0.000000238,"max":0.000000477,"avg":0.000000358,"var":0.000000000,"sum":0.000000715},"relative_timestamp_from_iforward_start":{"num":2,"min":0.000001907,"max":0.000012159,"avg":0.000007033,"var":0.000000000,"sum":0.000014067}},"get_output":{"duration":{"num":2,"min":0.000000477,"max":0.000033379,"avg":0.000016928,"var":0.000000001,"sum":0.000033855},"relative_timestamp_from_wait_end":{"num":2,"min":0.000000238,"max":0.000001192,"avg":0.000000715,"var":0.000000000,"sum":0.000001431}}}}},"65535:65535:3669993900245843967:1":{"rpc_id":3669993900245843967,"provider_id":1,"parent_rpc_id":65535,"parent_provider_id":65535,"name":"qtn_work_rpc","origin":{"sent to ofi+cxi://0x06f5e616":{"iforward":{"duration":{"num":22564,"min":0.000001431,"max":0.000036478,"avg":0.000001618,"var":0.000000006,"sum":0.036508083},"relative_timestamp_from_create":{"num":22564,"min":0.000000000,"max":0.000003815,"avg":0.000000070,"var":0.000000000,"sum":0.001578093}},"forward_cb":{"duration":{"num":22564,"min":0.000000000,"max":0.000001192,"avg":0.000000116,"var":0.000000000,"sum":0.002624512},"relative_timestamp_from_iforward_start":{"num":22564,"min":0.000008583,"max":0.001005173,"avg":0.000228768,"var":0.001298531,"sum":5.161924362}},"iforward_wait":{"duration":{"num":22564,"min":0.000007391,"max":0.001007557,"avg":0.000227516,"var":0.001298370,"sum":5.133680105},"relative_timestamp_from_iforward_end":{"num":22564,"min":0.000000000,"max":0.000001192,"avg":0.000000182,"var":0.000000000,"sum":0.004106998}},"set_input":{"duration":{"num":22564,"min":0.000000000,"max":0.000001907,"avg":0.000000078,"var":0.000000000,"sum":0.001764774},"relative_timestamp_from_iforward_start":{"num":22564,"min":0.000000477,"max":0.000007153,"avg":0.000000698,"var":0.000000000,"sum":0.015740871}},"get_output":{"duration":{"num":22564,"min":0.000000000,"max":0.000002861,"avg":0.000000090,"var":0.000000000,"sum":0.002039194},"relative_timestamp_from_wait_end":{"num":22564,"min":0.000000000,"max":0.000003338,"avg":0.000000150,"var":0.000000000,"sum":0.003377914}}}}}},"hostname":"x4418c0s3b0n0","pid":6950,"cmdline":["/home/carns/working/src/spack/var/spack/environments/quintain-2025-07/.spack-env/view/bin/quintain-benchmark","-g","quintain.flock.json","-j","/home/carns/working/dbg/john-quintain-profile-example-2025-07/quintain-benchmark-rpc.json","-o","/flare/radix-io/carns/quintain/6710290.aurora-pbs-0001.hostmgmt.cm.aurora.alcf.anl.gov/rpc-sweep-servers408-clis816"]}