{"address":"","progress_loop":{"progress_with_timeout":{"num":2698,"min":0.000001431,"max":0.106460094,"avg":0.068154018,"var":6.557720633,"sum":183.879541397},"progress_timeout_value_msec":{"num":2698,"min":100.000000000,"max":100.000000000,"avg":100.000000000,"var":0.000000000,"sum":269800.000000000},"progress_without_timeout":{"num":28269439,"min":0.000000000,"max":0.000468731,"avg":0.000000150,"var":0.000001083,"sum":4.236391068},"trigger":{"num":260681,"min":0.000000000,"max":0.000038624,"avg":0.000000531,"var":0.000000080,"sum":0.138491869}},"rpcs":{"65535:65535:3669993900245843967:1":{"rpc_id":3669993900245843967,"provider_id":1,"parent_rpc_id":65535,"parent_provider_id":65535,"name":"qtn_work_rpc","target":{"received from ofi+cxi://0x06f0a60d":{"handler":{"duration":{"num":21918,"min":0.000000477,"max":0.000038385,"avg":0.000000623,"var":0.000000018,"sum":0.013644457}},"ult":{"duration":{"num":21918,"min":0.000004530,"max":0.000062704,"avg":0.000004884,"var":0.000000027,"sum":0.107051849},"relative_timestamp_from_handler_start":{"num":21918,"min":0.000000715,"max":0.000038624,"avg":0.000000960,"var":0.000000026,"sum":0.021051168}},"irespond":{"duration":{"num":21918,"min":0.000000238,"max":0.000058174,"avg":0.000000529,"var":0.000000009,"sum":0.011588812},"relative_timestamp_from_ult_start":{"num":21918,"min":0.000000238,"max":0.000005960,"avg":0.000000307,"var":0.000000001,"sum":0.006734848}},"respond_cb":{"duration":{"num":21918,"min":0.000000000,"max":0.000015736,"avg":0.000000110,"var":0.000000001,"sum":0.002403259},"relative_timestamp_from_irespond_start":{"num":21918,"min":0.000003576,"max":0.000061512,"avg":0.000003964,"var":0.000000019,"sum":0.086884022}},"irespond_wait":{"duration":{"num":21918,"min":0.000003338,"max":0.000041246,"avg":0.000003653,"var":0.000000011,"sum":0.080060244},"relative_timestamp_from_irespond_end":{"num":21918,"min":0.000000000,"max":0.000000477,"avg":0.000000184,"var":0.000000000,"sum":0.004026175}},"set_output":{"duration":{"num":21918,"min":0.000000000,"max":0.000000477,"avg":0.000000065,"var":0.000000000,"sum":0.001426220},"relative_timestamp_from_irespond_start":{"num":21918,"min":0.000000000,"max":0.000001669,"avg":0.000000083,"var":0.000000000,"sum":0.001823664}},"get_input":{"duration":{"num":21918,"min":0.000000000,"max":0.000004292,"avg":0.000000110,"var":0.000000000,"sum":0.002414227},"relative_timestamp_from_ult_start":{"num":21918,"min":0.000000000,"max":0.000001192,"avg":0.000000127,"var":0.000000000,"sum":0.002783775}}},"received from ofi+cxi://0x06f06011":{"handler":{"duration":{"num":103836,"min":0.000000238,"max":0.000010252,"avg":0.000000486,"var":0.000000004,"sum":0.050474167}},"ult":{"duration":{"num":103836,"min":0.000004053,"max":0.000474453,"avg":0.000004653,"var":0.000000234,"sum":0.483115911},"relative_timestamp_from_handler_start":{"num":103836,"min":0.000000477,"max":0.000010729,"avg":0.000000777,"var":0.000000006,"sum":0.080704451}},"irespond":{"duration":{"num":103836,"min":0.000000238,"max":0.000009775,"avg":0.000000425,"var":0.000000002,"sum":0.044170141},"relative_timestamp_from_ult_start":{"num":103836,"min":0.000000000,"max":0.000006199,"avg":0.000000264,"var":0.000000001,"sum":0.027393341}},"respond_cb":{"duration":{"num":103836,"min":0.000000000,"max":0.000006199,"avg":0.000000097,"var":0.000000002,"sum":0.010123253},"relative_timestamp_from_irespond_start":{"num":103836,"min":0.000003338,"max":0.000472307,"avg":0.000003832,"var":0.000000229,"sum":0.397892714}},"irespond_wait":{"duration":{"num":103836,"min":0.000000954,"max":0.000473022,"avg":0.000003599,"var":0.000000230,"sum":0.373752832},"relative_timestamp_from_irespond_end":{"num":103836,"min":0.000000000,"max":0.000006914,"avg":0.000000174,"var":0.000000001,"sum":0.018068552}},"set_output":{"duration":{"num":103836,"min":0.000000000,"max":0.000006676,"avg":0.000000058,"var":0.000000001,"sum":0.005972862},"relative_timestamp_from_irespond_start":{"num":103836,"min":0.000000000,"max":0.000004053,"avg":0.000000071,"var":0.000000001,"sum":0.007417679}},"get_input":{"duration":{"num":103836,"min":0.000000000,"max":0.000006199,"avg":0.000000090,"var":0.000000001,"sum":0.009340525},"relative_timestamp_from_ult_start":{"num":103836,"min":0.000000000,"max":0.000005722,"avg":0.000000111,"var":0.000000002,"sum":0.011532545}}},"received from ofi+cxi://0x06f06015":{"handler":{"duration":{"num":1503,"min":0.000000238,"max":0.000020981,"avg":0.000001071,"var":0.000000001,"sum":0.001609325}},"ult":{"duration":{"num":1503,"min":0.000197649,"max":0.031640530,"avg":0.004633305,"var":0.078401144,"sum":6.963858128},"relative_timestamp_from_handler_start":{"num":1503,"min":0.000000477,"max":0.021477699,"avg":0.000963990,"var":0.024571604,"sum":1.448876858}},"irespond":{"duration":{"num":1503,"min":0.000000238,"max":0.000011444,"avg":0.000000916,"var":0.000000001,"sum":0.001376152},"relative_timestamp_from_ult_start":{"num":1503,"min":0.000184298,"max":0.031319141,"avg":0.004437618,"var":0.077554593,"sum":6.669739723}},"respond_cb":{"duration":{"num":1503,"min":0.000000000,"max":0.000001907,"avg":0.000000151,"var":0.000000000,"sum":0.000227690},"relative_timestamp_from_irespond_start":{"num":1503,"min":0.000003815,"max":0.007980585,"avg":0.000166405,"var":0.000268026,"sum":0.250106812}},"irespond_wait":{"duration":{"num":1503,"min":0.000003338,"max":0.009436369,"avg":0.000170274,"var":0.000314318,"sum":0.255922556},"relative_timestamp_from_irespond_end":{"num":1503,"min":0.000000000,"max":0.000002623,"avg":0.000000272,"var":0.000000000,"sum":0.000409365}},"set_output":{"duration":{"num":1503,"min":0.000000000,"max":0.000001431,"avg":0.000000129,"var":0.000000000,"sum":0.000194073},"relative_timestamp_from_irespond_start":{"num":1503,"min":0.000000000,"max":0.000004053,"avg":0.000000232,"var":0.000000000,"sum":0.000348330}},"get_input":{"duration":{"num":1503,"min":0.000000000,"max":0.000022650,"avg":0.000000518,"var":0.000000001,"sum":0.000778675},"relative_timestamp_from_ult_start":{"num":1503,"min":0.000000000,"max":0.000004530,"avg":0.000000207,"var":0.000000000,"sum":0.000311375}},"bulk":{"create":{"duration":{"num":1503,"min":0.000002384,"max":0.029316425,"avg":0.003244713,"var":0.067681404,"sum":4.876803875},"size":{"num":1503,"min":4194304.000000000,"max":4194304.000000000,"avg":4194304.000000000,"var":0.000000000,"sum":6304038912.000000000}},"pull from ofi+cxi://0x06f06015":{"itransfer":{"duration":{"num":1503,"min":0.000000477,"max":0.000030756,"avg":0.000002126,"var":0.000000006,"sum":0.003195286},"size":{"num":1503,"min":4194304.000000000,"max":4194304.000000000,"avg":4194304.000000000,"var":0.000000000,"sum":6304038912.000000000}},"transfer_cb":{"duration":{"num":1503,"min":0.000000000,"max":0.000005007,"avg":0.000000185,"var":0.000000000,"sum":0.000278473},"relative_timestamp_from_itransfer_start":{"num":1503,"min":0.000179768,"max":0.019356251,"avg":0.001100942,"var":0.001233198,"sum":1.654716253}},"itransfer_wait":{"duration":{"num":1503,"min":0.000179052,"max":0.029553890,"avg":0.001185019,"var":0.003982184,"sum":1.781083107},"relative_timestamp_from_itransfer_end":{"num":1503,"min":0.000000000,"max":0.000006199,"avg":0.000000305,"var":0.000000000,"sum":0.000458717}}}}},"received from ofi+cxi://0x06f0a40e":{"handler":{"duration":{"num":1554,"min":0.000000477,"max":0.000007629,"avg":0.000001117,"var":0.000000001,"sum":0.001735449}},"ult":{"duration":{"num":1554,"min":0.000192642,"max":0.031724453,"avg":0.005759645,"var":0.104168803,"sum":8.950488806},"relative_timestamp_from_handler_start":{"num":1554,"min":0.000000715,"max":0.029327869,"avg":0.001085479,"var":0.031007636,"sum":1.686835051}},"irespond":{"duration":{"num":1554,"min":0.000000238,"max":0.000007391,"avg":0.000000949,"var":0.000000001,"sum":0.001474619},"relative_timestamp_from_ult_start":{"num":1554,"min":0.000183105,"max":0.031294107,"avg":0.005494331,"var":0.102973953,"sum":8.538190603}},"respond_cb":{"duration":{"num":1554,"min":0.000000000,