{"address":"","progress_loop":{"progress_with_timeout":{"num":26869,"min":0.000001192,"max":0.102993488,"avg":0.000199266,"var":0.026231203,"sum":5.354090214},"progress_timeout_value_msec":{"num":26869,"min":100.000000000,"max":100.000000000,"avg":100.000000000,"var":0.000000000,"sum":2686900.000000000},"progress_without_timeout":{"num":0,"min":0.000000000,"max":0.000000000,"avg":0.000000000,"var":0.000000000,"sum":0.000000000},"trigger":{"num":26827,"min":0.000000238,"max":0.000008345,"avg":0.000000270,"var":0.000000000,"sum":0.007239580}},"rpcs":{"65535:65535:7940397281847607295:2":{"rpc_id":7940397281847607295,"provider_id":2,"parent_rpc_id":65535,"parent_provider_id":65535,"name":"__identity__","origin":{"sent to ofi+cxi://0x06a6000d":{"iforward":{"duration":{"num":1,"min":0.000114202,"max":0.000114202,"avg":0.000114202,"var":0.000000000,"sum":0.000114202},"relative_timestamp_from_create":{"num":1,"min":0.000005722,"max":0.000005722,"avg":0.000005722,"var":0.000000000,"sum":0.000005722}},"forward_cb":{"duration":{"num":1,"min":0.000002146,"max":0.000002146,"avg":0.000002146,"var":0.000000000,"sum":0.000002146},"relative_timestamp_from_iforward_start":{"num":1,"min":0.058590651,"max":0.058590651,"avg":0.058590651,"var":0.000000000,"sum":0.058590651}},"iforward_wait":{"duration":{"num":1,"min":0.058484554,"max":0.058484554,"avg":0.058484554,"var":0.000000000,"sum":0.058484554},"relative_timestamp_from_iforward_end":{"num":1,"min":0.000000477,"max":0.000000477,"avg":0.000000477,"var":0.000000000,"sum":0.000000477}},"set_input":{"duration":{"num":0,"min":0.000000000,"max":0.000000000,"avg":0.000000000,"var":0.000000000,"sum":0.000000000},"relative_timestamp_from_iforward_start":{"num":0,"min":0.000000000,"max":0.000000000,"avg":0.000000000,"var":0.000000000,"sum":0.000000000}},"get_output":{"duration":{"num":1,"min":0.000015736,"max":0.000015736,"avg":0.000015736,"var":0.000000000,"sum":0.000015736},"relative_timestamp_from_wait_end":{"num":1,"min":0.000001431,"max":0.000001431,"avg":0.000001431,"var":0.000000000,"sum":0.000001431}}}}},"65535:65535:9722976651498815487:2":{"rpc_id":9722976651498815487,"provider_id":2,"parent_rpc_id":65535,"parent_provider_id":65535,"name":"flock_get_view","origin":{"sent to ofi+cxi://0x06a6000d":{"iforward":{"duration":{"num":2,"min":0.000018120,"max":0.000038147,"avg":0.000028133,"var":0.000000000,"sum":0.000056267},"relative_timestamp_from_create":{"num":2,"min":0.000000477,"max":0.000001669,"avg":0.000001073,"var":0.000000000,"sum":0.000002146}},"forward_cb":{"duration":{"num":2,"min":0.000000954,"max":0.000001192,"avg":0.000001073,"var":0.000000000,"sum":0.000002146},"relative_timestamp_from_iforward_start":{"num":2,"min":0.028039932,"max":0.119818211,"avg":0.073929071,"var":0.004211626,"sum":0.147858143}},"iforward_wait":{"duration":{"num":2,"min":0.028026342,"max":0.119782209,"avg":0.073904276,"var":0.004209570,"sum":0.147808552},"relative_timestamp_from_iforward_end":{"num":2,"min":0.000000238,"max":0.000001192,"avg":0.000000715,"var":0.000000000,"sum":0.000001431}},"set_input":{"duration":{"num":2,"min":0.000000238,"max":0.000000238,"avg":0.000000238,"var":0.000000000,"sum":0.000000477},"relative_timestamp_from_iforward_start":{"num":2,"min":0.000005960,"max":0.000011683,"avg":0.000008821,"var":0.000000000,"sum":0.000017643}},"get_output":{"duration":{"num":2,"min":0.000001431,"max":0.000055313,"avg":0.000028372,"var":0.000000001,"sum":0.000056744},"relative_timestamp_from_wait_end":{"num":2,"min":0.000000954,"max":0.000001907,"avg":0.000001431,"var":0.000000000,"sum":0.000002861}}}}},"65535:65535:3669993900245843967:1":{"rpc_id":3669993900245843967,"provider_id":1,"parent_rpc_id":65535,"parent_provider_id":65535,"name":"qtn_work_rpc","origin":{"sent to ofi+cxi://0x06a70010":{"iforward":{"duration":{"num":26823,"min":0.000001431,"max":0.000044584,"avg":0.000001555,"var":0.000000006,"sum":0.041703701},"relative_timestamp_from_create":{"num":26823,"min":0.000000000,"max":0.000001192,"avg":0.000000075,"var":0.000000000,"sum":0.002009869}},"forward_cb":{"duration":{"num":26823,"min":0.000000000,"max":0.000002623,"avg":0.000000119,"var":0.000000000,"sum":0.003199339},"relative_timestamp_from_iforward_start":{"num":26823,"min":0.000008345,"max":0.000620604,"avg":0.000190219,"var":0.000772192,"sum":5.102242947}},"iforward_wait":{"duration":{"num":26823,"min":0.000004530,"max":0.000619411,"avg":0.000189033,"var":0.000772193,"sum":5.070439339},"relative_timestamp_from_iforward_end":{"num":26823,"min":0.000000000,"max":0.000006437,"avg":0.000000179,"var":0.000000000,"sum":0.004788637}},"set_input":{"duration":{"num":26823,"min":0.000000000,"max":0.000001431,"avg":0.000000076,"var":0.000000000,"sum":0.002045870},"relative_timestamp_from_iforward_start":{"num":26823,"min":0.000000477,"max":0.000011206,"avg":0.000000690,"var":0.000000000,"sum":0.018507481}},"get_output":{"duration":{"num":26823,"min":0.000000000,"max":0.000011683,"avg":0.000000089,"var":0.000000001,"sum":0.002397537},"relative_timestamp_from_wait_end":{"num":26823,"min":0.000000000,"max":0.000001431,"avg":0.000000156,"var":0.000000000,"sum":0.004176617}}}}}}}