{"address":"","progress_loop":{"progress_with_timeout":{"num":30387,"min":0.000000954,"max":0.103758097,"avg":0.000175995,"var":0.026316852,"sum":5.347949743},"progress_timeout_value_msec":{"num":30387,"min":100.000000000,"max":100.000000000,"avg":100.000000000,"var":0.000000000,"sum":3038700.000000000},"progress_without_timeout":{"num":0,"min":0.000000000,"max":0.000000000,"avg":0.000000000,"var":0.000000000,"sum":0.000000000},"trigger":{"num":30357,"min":0.000000238,"max":0.000010014,"avg":0.000000274,"var":0.000000001,"sum":0.008331299}},"rpcs":{"65535:65535:7940397281847607295:2":{"rpc_id":7940397281847607295,"provider_id":2,"parent_rpc_id":65535,"parent_provider_id":65535,"name":"__identity__","origin":{"sent to ofi+cxi://0x06a6000d":{"iforward":{"duration":{"num":1,"min":0.000092506,"max":0.000092506,"avg":0.000092506,"var":0.000000000,"sum":0.000092506},"relative_timestamp_from_create":{"num":1,"min":0.000003099,"max":0.000003099,"avg":0.000003099,"var":0.000000000,"sum":0.000003099}},"forward_cb":{"duration":{"num":1,"min":0.000002384,"max":0.000002384,"avg":0.000002384,"var":0.000000000,"sum":0.000002384},"relative_timestamp_from_iforward_start":{"num":1,"min":0.037153244,"max":0.037153244,"avg":0.037153244,"var":0.000000000,"sum":0.037153244}},"iforward_wait":{"duration":{"num":1,"min":0.037070036,"max":0.037070036,"avg":0.037070036,"var":0.000000000,"sum":0.037070036},"relative_timestamp_from_iforward_end":{"num":1,"min":0.000000238,"max":0.000000238,"avg":0.000000238,"var":0.000000000,"sum":0.000000238}},"set_input":{"duration":{"num":0,"min":0.000000000,"max":0.000000000,"avg":0.000000000,"var":0.000000000,"sum":0.000000000},"relative_timestamp_from_iforward_start":{"num":0,"min":0.000000000,"max":0.000000000,"avg":0.000000000,"var":0.000000000,"sum":0.000000000}},"get_output":{"duration":{"num":1,"min":0.000016928,"max":0.000016928,"avg":0.000016928,"var":0.000000000,"sum":0.000016928},"relative_timestamp_from_wait_end":{"num":1,"min":0.000001669,"max":0.000001669,"avg":0.000001669,"var":0.000000000,"sum":0.000001669}}}}},"65535:65535:9722976651498815487:2":{"rpc_id":9722976651498815487,"provider_id":2,"parent_rpc_id":65535,"parent_provider_id":65535,"name":"flock_get_view","origin":{"sent to ofi+cxi://0x06a6000d":{"iforward":{"duration":{"num":2,"min":0.000019312,"max":0.000043631,"avg":0.000031471,"var":0.000000000,"sum":0.000062943},"relative_timestamp_from_create":{"num":2,"min":0.000000954,"max":0.000001669,"avg":0.000001311,"var":0.000000000,"sum":0.000002623}},"forward_cb":{"duration":{"num":2,"min":0.000001192,"max":0.000001192,"avg":0.000001192,"var":0.000000000,"sum":0.000002384},"relative_timestamp_from_iforward_start":{"num":2,"min":0.054956913,"max":0.108495235,"avg":0.081726074,"var":0.001433176,"sum":0.163452148}},"iforward_wait":{"duration":{"num":2,"min":0.054941893,"max":0.108453989,"avg":0.081697941,"var":0.001431772,"sum":0.163395882},"relative_timestamp_from_iforward_end":{"num":2,"min":0.000000477,"max":0.000001192,"avg":0.000000834,"var":0.000000000,"sum":0.000001669}},"set_input":{"duration":{"num":2,"min":0.000000238,"max":0.000000238,"avg":0.000000238,"var":0.000000000,"sum":0.000000477},"relative_timestamp_from_iforward_start":{"num":2,"min":0.000006437,"max":0.000013351,"avg":0.000009894,"var":0.000000000,"sum":0.000019789}},"get_output":{"duration":{"num":2,"min":0.000001192,"max":0.000059366,"avg":0.000030279,"var":0.000000002,"sum":0.000060558},"relative_timestamp_from_wait_end":{"num":2,"min":0.000001431,"max":0.000002623,"avg":0.000002027,"var":0.000000000,"sum":0.000004053}}}}},"65535:65535:3669993900245843967:1":{"rpc_id":3669993900245843967,"provider_id":1,"parent_rpc_id":65535,"parent_provider_id":65535,"name":"qtn_work_rpc","origin":{"sent to ofi+cxi://0x06a68612":{"iforward":{"duration":{"num":30353,"min":0.000001192,"max":0.000063896,"avg":0.000001574,"var":0.000000008,"sum":0.047783136},"relative_timestamp_from_create":{"num":30353,"min":0.000000000,"max":0.000003576,"avg":0.000000076,"var":0.000000000,"sum":0.002310514}},"forward_cb":{"duration":{"num":30353,"min":0.000000000,"max":0.000003815,"avg":0.000000123,"var":0.000000000,"sum":0.003726482},"relative_timestamp_from_iforward_start":{"num":30353,"min":0.000008345,"max":0.000847340,"avg":0.000168311,"var":0.000719715,"sum":5.108735323}},"iforward_wait":{"duration":{"num":30353,"min":0.000007153,"max":0.000846624,"avg":0.000167115,"var":0.000719676,"sum":5.072436333},"relative_timestamp_from_iforward_end":{"num":30353,"min":0.000000000,"max":0.000002861,"avg":0.000000178,"var":0.000000000,"sum":0.005412817}},"set_input":{"duration":{"num":30353,"min":0.000000000,"max":0.000002384,"avg":0.000000084,"var":0.000000000,"sum":0.002542257},"relative_timestamp_from_iforward_start":{"num":30353,"min":0.000000477,"max":0.000019312,"avg":0.000000709,"var":0.000000001,"sum":0.021518230}},"get_output":{"duration":{"num":30353,"min":0.000000000,"max":0.000000954,"avg":0.000000091,"var":0.000000000,"sum":0.002757072},"relative_timestamp_from_wait_end":{"num":30353,"min":0.000000000,"max":0.000001669,"avg":0.000000160,"var":0.000000000,"sum":0.004843712}}}}}}}