{"address":"","progress_loop":{"progress_with_timeout":{"num":1718,"min":0.000002384,"max":0.103418112,"avg":0.006959667,"var":0.024523948,"sum":11.956708431},"progress_timeout_value_msec":{"num":1718,"min":100.000000000,"max":100.000000000,"avg":100.000000000,"var":0.000000000,"sum":171800.000000000},"progress_without_timeout":{"num":0,"min":0.000000000,"max":0.000000000,"avg":0.000000000,"var":0.000000000,"sum":0.000000000},"trigger":{"num":1712,"min":0.000000238,"max":0.000009298,"avg":0.000000284,"var":0.000000000,"sum":0.000486851}},"rpcs":{"65535:65535:7940397281847607295:2":{"rpc_id":7940397281847607295,"provider_id":2,"parent_rpc_id":65535,"parent_provider_id":65535,"name":"__identity__","origin":{"sent to ofi+cxi://0x06a6000d":{"iforward":{"duration":{"num":1,"min":0.000172853,"max":0.000172853,"avg":0.000172853,"var":0.000000000,"sum":0.000172853},"relative_timestamp_from_create":{"num":1,"min":0.000010490,"max":0.000010490,"avg":0.000010490,"var":0.000000000,"sum":0.000010490}},"forward_cb":{"duration":{"num":1,"min":0.000002623,"max":0.000002623,"avg":0.000002623,"var":0.000000000,"sum":0.000002623},"relative_timestamp_from_iforward_start":{"num":1,"min":0.017485380,"max":0.017485380,"avg":0.017485380,"var":0.000000000,"sum":0.017485380}},"iforward_wait":{"duration":{"num":1,"min":0.017322063,"max":0.017322063,"avg":0.017322063,"var":0.000000000,"sum":0.017322063},"relative_timestamp_from_iforward_end":{"num":1,"min":0.000000238,"max":0.000000238,"avg":0.000000238,"var":0.000000000,"sum":0.000000238}},"set_input":{"duration":{"num":0,"min":0.000000000,"max":0.000000000,"avg":0.000000000,"var":0.000000000,"sum":0.000000000},"relative_timestamp_from_iforward_start":{"num":0,"min":0.000000000,"max":0.000000000,"avg":0.000000000,"var":0.000000000,"sum":0.000000000}},"get_output":{"duration":{"num":1,"min":0.000020266,"max":0.000020266,"avg":0.000020266,"var":0.000000000,"sum":0.000020266},"relative_timestamp_from_wait_end":{"num":1,"min":0.000001907,"max":0.000001907,"avg":0.000001907,"var":0.000000000,"sum":0.000001907}}}}},"65535:65535:9722976651498815487:2":{"rpc_id":9722976651498815487,"provider_id":2,"parent_rpc_id":65535,"parent_provider_id":65535,"name":"flock_get_view","origin":{"sent to ofi+cxi://0x06a6000d":{"iforward":{"duration":{"num":2,"min":0.000020981,"max":0.000050068,"avg":0.000035524,"var":0.000000000,"sum":0.000071049},"relative_timestamp_from_create":{"num":2,"min":0.000000477,"max":0.000001669,"avg":0.000001073,"var":0.000000000,"sum":0.000002146}},"forward_cb":{"duration":{"num":2,"min":0.000000954,"max":0.000001192,"avg":0.000001073,"var":0.000000000,"sum":0.000002146},"relative_timestamp_from_iforward_start":{"num":2,"min":0.061418772,"max":0.073936939,"avg":0.067677855,"var":0.000078352,"sum":0.135355711}},"iforward_wait":{"duration":{"num":2,"min":0.061370850,"max":0.073920250,"avg":0.067645550,"var":0.000078744,"sum":0.135291100},"relative_timestamp_from_iforward_end":{"num":2,"min":0.000000238,"max":0.000001669,"avg":0.000000954,"var":0.000000000,"sum":0.000001907}},"set_input":{"duration":{"num":2,"min":0.000000238,"max":0.000000477,"avg":0.000000358,"var":0.000000000,"sum":0.000000715},"relative_timestamp_from_iforward_start":{"num":2,"min":0.000008345,"max":0.000017881,"avg":0.000013113,"var":0.000000000,"sum":0.000026226}},"get_output":{"duration":{"num":2,"min":0.000001907,"max":0.000066757,"avg":0.000034332,"var":0.000000002,"sum":0.000068665},"relative_timestamp_from_wait_end":{"num":2,"min":0.000001431,"max":0.000002384,"avg":0.000001907,"var":0.000000000,"sum":0.000003815}}}}},"65535:65535:3669993900245843967:1":{"rpc_id":3669993900245843967,"provider_id":1,"parent_rpc_id":65535,"parent_provider_id":65535,"name":"qtn_work_rpc","origin":{"sent to ofi+cxi://0x06a7e215":{"iforward":{"duration":{"num":1708,"min":0.000001431,"max":0.000037193,"avg":0.000001846,"var":0.000000005,"sum":0.003152847},"relative_timestamp_from_create":{"num":1708,"min":0.000002623,"max":0.001550674,"avg":0.000003827,"var":0.000002394,"sum":0.006537199}},"forward_cb":{"duration":{"num":1708,"min":0.000000000,"max":0.000001192,"avg":0.000000129,"var":0.000000000,"sum":0.000220299},"relative_timestamp_from_iforward_start":{"num":1708,"min":0.000532389,"max":0.026576042,"avg":0.006852987,"var":0.007439961,"sum":11.704901695}},"iforward_wait":{"duration":{"num":1708,"min":0.000531197,"max":0.026574850,"avg":0.006851569,"var":0.007440591,"sum":11.702479839},"relative_timestamp_from_iforward_end":{"num":1708,"min":0.000000000,"max":0.000000715,"avg":0.000000161,"var":0.000000000,"sum":0.000274181}},"set_input":{"duration":{"num":1708,"min":0.000000000,"max":0.000004768,"avg":0.000000119,"var":0.000000000,"sum":0.000204086},"relative_timestamp_from_iforward_start":{"num":1708,"min":0.000000477,"max":0.000016212,"avg":0.000000700,"var":0.000000000,"sum":0.001194954}},"get_output":{"duration":{"num":1708,"min":0.000000000,"max":0.000002861,"avg":0.000000090,"var":0.000000000,"sum":0.000153542},"relative_timestamp_from_wait_end":{"num":1708,"min":0.000000000,"max":0.000003338,"avg":0.000000154,"var":0.000000000,"sum":0.000263453}}}}},"65535:65535:65535:65535":{"rpc_id":65535,"provider_id":65535,"parent_rpc_id":65535,"parent_provider_id":65535,"name":"","target":{"received from <unknown>":{"bulk":{"create":{"duration":{"num":1708,"min":0.000002384,"max":0.001545668,"avg":0.000003628,"var":0.000002380,"sum":0.006197214},"size":{"num":1708,"min":4194304.000000000,"max":4194304.000000000,"avg":4194304.000000000,"var":0.000000000,"sum":7163871232.000000000}}}}}}}}