{"address":"","progress_loop":{"progress_with_timeout":{"num":1709,"min":0.000002623,"max":0.101512194,"avg":0.007027800,"var":0.034276552,"sum":12.010509968},"progress_timeout_value_msec":{"num":1709,"min":100.000000000,"max":100.000000000,"avg":100.000000000,"var":0.000000000,"sum":170900.000000000},"progress_without_timeout":{"num":0,"min":0.000000000,"max":0.000000000,"avg":0.000000000,"var":0.000000000,"sum":0.000000000},"trigger":{"num":1702,"min":0.000000238,"max":0.000008821,"avg":0.000000301,"var":0.000000000,"sum":0.000512123}},"rpcs":{"65535:65535:7940397281847607295:2":{"rpc_id":7940397281847607295,"provider_id":2,"parent_rpc_id":65535,"parent_provider_id":65535,"name":"__identity__","origin":{"sent to ofi+cxi://0x06a6000d":{"iforward":{"duration":{"num":1,"min":0.000076771,"max":0.000076771,"avg":0.000076771,"var":0.000000000,"sum":0.000076771},"relative_timestamp_from_create":{"num":1,"min":0.000003099,"max":0.000003099,"avg":0.000003099,"var":0.000000000,"sum":0.000003099}},"forward_cb":{"duration":{"num":1,"min":0.000002384,"max":0.000002384,"avg":0.000002384,"var":0.000000000,"sum":0.000002384},"relative_timestamp_from_iforward_start":{"num":1,"min":0.004925013,"max":0.004925013,"avg":0.004925013,"var":0.000000000,"sum":0.004925013}},"iforward_wait":{"duration":{"num":1,"min":0.004856586,"max":0.004856586,"avg":0.004856586,"var":0.000000000,"sum":0.004856586},"relative_timestamp_from_iforward_end":{"num":1,"min":0.000000238,"max":0.000000238,"avg":0.000000238,"var":0.000000000,"sum":0.000000238}},"set_input":{"duration":{"num":0,"min":0.000000000,"max":0.000000000,"avg":0.000000000,"var":0.000000000,"sum":0.000000000},"relative_timestamp_from_iforward_start":{"num":0,"min":0.000000000,"max":0.000000000,"avg":0.000000000,"var":0.000000000,"sum":0.000000000}},"get_output":{"duration":{"num":1,"min":0.000016928,"max":0.000016928,"avg":0.000016928,"var":0.000000000,"sum":0.000016928},"relative_timestamp_from_wait_end":{"num":1,"min":0.000001669,"max":0.000001669,"avg":0.000001669,"var":0.000000000,"sum":0.000001669}}}}},"65535:65535:9722976651498815487:2":{"rpc_id":9722976651498815487,"provider_id":2,"parent_rpc_id":65535,"parent_provider_id":65535,"name":"flock_get_view","origin":{"sent to ofi+cxi://0x06a6000d":{"iforward":{"duration":{"num":2,"min":0.000020981,"max":0.000044107,"avg":0.000032544,"var":0.000000000,"sum":0.000065088},"relative_timestamp_from_create":{"num":2,"min":0.000000715,"max":0.000001907,"avg":0.000001311,"var":0.000000000,"sum":0.000002623}},"forward_cb":{"duration":{"num":2,"min":0.000000954,"max":0.000000954,"avg":0.000000954,"var":0.000000000,"sum":0.000001907},"relative_timestamp_from_iforward_start":{"num":2,"min":0.026623249,"max":0.109501839,"avg":0.068062544,"var":0.003434430,"sum":0.136125088}},"iforward_wait":{"duration":{"num":2,"min":0.026580811,"max":0.109483719,"avg":0.068032265,"var":0.003436446,"sum":0.136064529},"relative_timestamp_from_iforward_end":{"num":2,"min":0.000000477,"max":0.000001431,"avg":0.000000954,"var":0.000000000,"sum":0.000001907}},"set_input":{"duration":{"num":2,"min":0.000000238,"max":0.000000238,"avg":0.000000238,"var":0.000000000,"sum":0.000000477},"relative_timestamp_from_iforward_start":{"num":2,"min":0.000006199,"max":0.000012398,"avg":0.000009298,"var":0.000000000,"sum":0.000018597}},"get_output":{"duration":{"num":2,"min":0.000001192,"max":0.000056982,"avg":0.000029087,"var":0.000000002,"sum":0.000058174},"relative_timestamp_from_wait_end":{"num":2,"min":0.000001192,"max":0.000002146,"avg":0.000001669,"var":0.000000000,"sum":0.000003338}}}}},"65535:65535:3669993900245843967:1":{"rpc_id":3669993900245843967,"provider_id":1,"parent_rpc_id":65535,"parent_provider_id":65535,"name":"qtn_work_rpc","origin":{"sent to ofi+cxi://0x06a60613":{"iforward":{"duration":{"num":1698,"min":0.000001431,"max":0.000052214,"avg":0.000001922,"var":0.000000007,"sum":0.003264189},"relative_timestamp_from_create":{"num":1698,"min":0.000002623,"max":0.001830578,"avg":0.000003996,"var":0.000003339,"sum":0.006785870}},"forward_cb":{"duration":{"num":1698,"min":0.000000000,"max":0.000000954,"avg":0.000000131,"var":0.000000000,"sum":0.000221968},"relative_timestamp_from_iforward_start":{"num":1698,"min":0.000449657,"max":0.021290779,"avg":0.006933265,"var":0.015780190,"sum":11.772684813}},"iforward_wait":{"duration":{"num":1698,"min":0.000448227,"max":0.021289825,"avg":0.006931786,"var":0.015782466,"sum":11.770172834},"relative_timestamp_from_iforward_end":{"num":1698,"min":0.000000000,"max":0.000000715,"avg":0.000000157,"var":0.000000000,"sum":0.000266552}},"set_input":{"duration":{"num":1698,"min":0.000000000,"max":0.000005960,"avg":0.000000123,"var":0.000000000,"sum":0.000209332},"relative_timestamp_from_iforward_start":{"num":1698,"min":0.000000477,"max":0.000015736,"avg":0.000000739,"var":0.000000000,"sum":0.001254082}},"get_output":{"duration":{"num":1698,"min":0.000000000,"max":0.000000238,"avg":0.000000086,"var":0.000000000,"sum":0.000145912},"relative_timestamp_from_wait_end":{"num":1698,"min":0.000000000,"max":0.000003099,"avg":0.000000165,"var":0.000000000,"sum":0.000280619}}}}},"65535:65535:65535:65535":{"rpc_id":65535,"provider_id":65535,"parent_rpc_id":65535,"parent_provider_id":65535,"name":"","target":{"received from <unknown>":{"bulk":{"create":{"duration":{"num":1698,"min":0.000002384,"max":0.001823425,"avg":0.000003792,"var":0.000003313,"sum":0.006438971},"size":{"num":1698,"min":4194304.000000000,"max":4194304.000000000,"avg":4194304.000000000,"var":0.000000000,"sum":7121928192.000000000}}}}}}}}