{"address":"","progress_loop":{"progress_with_timeout":{"num":31087,"min":0.000001192,"max":0.101258755,"avg":0.000170678,"var":0.026500835,"sum":5.305881739},"progress_timeout_value_msec":{"num":31087,"min":100.000000000,"max":100.000000000,"avg":100.000000000,"var":0.000000000,"sum":3108700.000000000},"progress_without_timeout":{"num":0,"min":0.000000000,"max":0.000000000,"avg":0.000000000,"var":0.000000000,"sum":0.000000000},"trigger":{"num":30952,"min":0.000000238,"max":0.000008106,"avg":0.000000310,"var":0.000000001,"sum":0.009596586}},"rpcs":{"65535:65535:7940397281847607295:2":{"rpc_id":7940397281847607295,"provider_id":2,"parent_rpc_id":65535,"parent_provider_id":65535,"name":"__identity__","origin":{"sent to ofi+cxi://0x06a6000d":{"iforward":{"duration":{"num":1,"min":0.000121593,"max":0.000121593,"avg":0.000121593,"var":0.000000000,"sum":0.000121593},"relative_timestamp_from_create":{"num":1,"min":0.000003338,"max":0.000003338,"avg":0.000003338,"var":0.000000000,"sum":0.000003338}},"forward_cb":{"duration":{"num":1,"min":0.000002384,"max":0.000002384,"avg":0.000002384,"var":0.000000000,"sum":0.000002384},"relative_timestamp_from_iforward_start":{"num":1,"min":0.013728142,"max":0.013728142,"avg":0.013728142,"var":0.000000000,"sum":0.013728142}},"iforward_wait":{"duration":{"num":1,"min":0.013614893,"max":0.013614893,"avg":0.013614893,"var":0.000000000,"sum":0.013614893},"relative_timestamp_from_iforward_end":{"num":1,"min":0.000000238,"max":0.000000238,"avg":0.000000238,"var":0.000000000,"sum":0.000000238}},"set_input":{"duration":{"num":0,"min":0.000000000,"max":0.000000000,"avg":0.000000000,"var":0.000000000,"sum":0.000000000},"relative_timestamp_from_iforward_start":{"num":0,"min":0.000000000,"max":0.000000000,"avg":0.000000000,"var":0.000000000,"sum":0.000000000}},"get_output":{"duration":{"num":1,"min":0.000016928,"max":0.000016928,"avg":0.000016928,"var":0.000000000,"sum":0.000016928},"relative_timestamp_from_wait_end":{"num":1,"min":0.000001907,"max":0.000001907,"avg":0.000001907,"var":0.000000000,"sum":0.000001907}}}}},"65535:65535:9722976651498815487:2":{"rpc_id":9722976651498815487,"provider_id":2,"parent_rpc_id":65535,"parent_provider_id":65535,"name":"flock_get_view","origin":{"sent to ofi+cxi://0x06a6000d":{"iforward":{"duration":{"num":2,"min":0.000018835,"max":0.000037432,"avg":0.000028133,"var":0.000000000,"sum":0.000056267},"relative_timestamp_from_create":{"num":2,"min":0.000000715,"max":0.000001907,"avg":0.000001311,"var":0.000000000,"sum":0.000002623}},"forward_cb":{"duration":{"num":2,"min":0.000000954,"max":0.000001192,"avg":0.000001073,"var":0.000000000,"sum":0.000002146},"relative_timestamp_from_iforward_start":{"num":2,"min":0.075731754,"max":0.100049019,"avg":0.087890387,"var":0.000295665,"sum":0.175780773}},"iforward_wait":{"duration":{"num":2,"min":0.075696230,"max":0.100034714,"avg":0.087865472,"var":0.000296181,"sum":0.175730944},"relative_timestamp_from_iforward_end":{"num":2,"min":0.000000477,"max":0.000001192,"avg":0.000000834,"var":0.000000000,"sum":0.000001669}},"set_input":{"duration":{"num":2,"min":0.000000238,"max":0.000000238,"avg":0.000000238,"var":0.000000000,"sum":0.000000477},"relative_timestamp_from_iforward_start":{"num":2,"min":0.000005722,"max":0.000011206,"avg":0.000008464,"var":0.000000000,"sum":0.000016928}},"get_output":{"duration":{"num":2,"min":0.000001669,"max":0.000040770,"avg":0.000021219,"var":0.000000001,"sum":0.000042439},"relative_timestamp_from_wait_end":{"num":2,"min":0.000001192,"max":0.000001907,"avg":0.000001550,"var":0.000000000,"sum":0.000003099}}}}},"65535:65535:3669993900245843967:1":{"rpc_id":3669993900245843967,"provider_id":1,"parent_rpc_id":65535,"parent_provider_id":65535,"name":"qtn_work_rpc","origin":{"sent to ofi+cxi://0x06a7c015":{"iforward":{"duration":{"num":30948,"min":0.000001669,"max":0.000044584,"avg":0.000002095,"var":0.000000006,"sum":0.064851284},"relative_timestamp_from_create":{"num":30948,"min":0.000000000,"max":0.000001192,"avg":0.000000087,"var":0.000000000,"sum":0.002695322}},"forward_cb":{"duration":{"num":30948,"min":0.000000000,"max":0.000000954,"avg":0.000000136,"var":0.000000000,"sum":0.004202604},"relative_timestamp_from_iforward_start":{"num":30948,"min":0.000008821,"max":0.000655651,"avg":0.000164741,"var":0.000482521,"sum":5.098397732}},"iforward_wait":{"duration":{"num":30948,"min":0.000007391,"max":0.000653982,"avg":0.000163132,"var":0.000482521,"sum":5.048619509},"relative_timestamp_from_iforward_end":{"num":30948,"min":0.000000000,"max":0.000002623,"avg":0.000000150,"var":0.000000000,"sum":0.004656315}},"set_input":{"duration":{"num":30948,"min":0.000000000,"max":0.000003815,"avg":0.000000097,"var":0.000000000,"sum":0.002991438},"relative_timestamp_from_iforward_start":{"num":30948,"min":0.000000715,"max":0.000012159,"avg":0.000000861,"var":0.000000001,"sum":0.026631355}},"get_output":{"duration":{"num":30948,"min":0.000000000,"max":0.000002384,"avg":0.000000103,"var":0.000000000,"sum":0.003177643},"relative_timestamp_from_wait_end":{"num":30948,"min":0.000000000,"max":0.000007391,"avg":0.000000179,"var":0.000000000,"sum":0.005529165}}}}}}}