{"address":"","progress_loop":{"progress_with_timeout":{"num":1710,"min":0.000002146,"max":0.102263451,"avg":0.007108204,"var":0.030687326,"sum":12.155028820},"progress_timeout_value_msec":{"num":1710,"min":100.000000000,"max":100.000000000,"avg":100.000000000,"var":0.000000000,"sum":171000.000000000},"progress_without_timeout":{"num":0,"min":0.000000000,"max":0.000000000,"avg":0.000000000,"var":0.000000000,"sum":0.000000000},"trigger":{"num":1704,"min":0.000000238,"max":0.000008583,"avg":0.000000297,"var":0.000000000,"sum":0.000505447}},"rpcs":{"65535:65535:7940397281847607295:2":{"rpc_id":7940397281847607295,"provider_id":2,"parent_rpc_id":65535,"parent_provider_id":65535,"name":"__identity__","origin":{"sent to ofi+cxi://0x06a6000d":{"iforward":{"duration":{"num":1,"min":0.002663136,"max":0.002663136,"avg":0.002663136,"var":0.000000000,"sum":0.002663136},"relative_timestamp_from_create":{"num":1,"min":0.000026226,"max":0.000026226,"avg":0.000026226,"var":0.000000000,"sum":0.000026226}},"forward_cb":{"duration":{"num":1,"min":0.000002146,"max":0.000002146,"avg":0.000002146,"var":0.000000000,"sum":0.000002146},"relative_timestamp_from_iforward_start":{"num":1,"min":0.026139736,"max":0.026139736,"avg":0.026139736,"var":0.000000000,"sum":0.026139736}},"iforward_wait":{"duration":{"num":1,"min":0.023484707,"max":0.023484707,"avg":0.023484707,"var":0.000000000,"sum":0.023484707},"relative_timestamp_from_iforward_end":{"num":1,"min":0.000000238,"max":0.000000238,"avg":0.000000238,"var":0.000000000,"sum":0.000000238}},"set_input":{"duration":{"num":0,"min":0.000000000,"max":0.000000000,"avg":0.000000000,"var":0.000000000,"sum":0.000000000},"relative_timestamp_from_iforward_start":{"num":0,"min":0.000000000,"max":0.000000000,"avg":0.000000000,"var":0.000000000,"sum":0.000000000}},"get_output":{"duration":{"num":1,"min":0.000017166,"max":0.000017166,"avg":0.000017166,"var":0.000000000,"sum":0.000017166},"relative_timestamp_from_wait_end":{"num":1,"min":0.000001669,"max":0.000001669,"avg":0.000001669,"var":0.000000000,"sum":0.000001669}}}}},"65535:65535:9722976651498815487:2":{"rpc_id":9722976651498815487,"provider_id":2,"parent_rpc_id":65535,"parent_provider_id":65535,"name":"flock_get_view","origin":{"sent to ofi+cxi://0x06a6000d":{"iforward":{"duration":{"num":2,"min":0.000018835,"max":0.000041008,"avg":0.000029922,"var":0.000000000,"sum":0.000059843},"relative_timestamp_from_create":{"num":2,"min":0.000000477,"max":0.000001907,"avg":0.000001192,"var":0.000000000,"sum":0.000002384}},"forward_cb":{"duration":{"num":2,"min":0.000000238,"max":0.000000954,"avg":0.000000596,"var":0.000000000,"sum":0.000001192},"relative_timestamp_from_iforward_start":{"num":2,"min":0.045111179,"max":0.096000433,"avg":0.070555806,"var":0.001294858,"sum":0.141111612}},"iforward_wait":{"duration":{"num":2,"min":0.045093060,"max":0.095961094,"avg":0.070527077,"var":0.001293778,"sum":0.141054153},"relative_timestamp_from_iforward_end":{"num":2,"min":0.000000238,"max":0.000001431,"avg":0.000000834,"var":0.000000000,"sum":0.000001669}},"set_input":{"duration":{"num":2,"min":0.000000238,"max":0.000000238,"avg":0.000000238,"var":0.000000000,"sum":0.000000477},"relative_timestamp_from_iforward_start":{"num":2,"min":0.000005960,"max":0.000012398,"avg":0.000009179,"var":0.000000000,"sum":0.000018358}},"get_output":{"duration":{"num":2,"min":0.000000238,"max":0.000058174,"avg":0.000029206,"var":0.000000002,"sum":0.000058413},"relative_timestamp_from_wait_end":{"num":2,"min":0.000000238,"max":0.000002146,"avg":0.000001192,"var":0.000000000,"sum":0.000002384}}}}},"65535:65535:3669993900245843967:1":{"rpc_id":3669993900245843967,"provider_id":1,"parent_rpc_id":65535,"parent_provider_id":65535,"name":"qtn_work_rpc","origin":{"sent to ofi+cxi://0x06a6e417":{"iforward":{"duration":{"num":1700,"min":0.000001431,"max":0.000032187,"avg":0.000001774,"var":0.000000004,"sum":0.003015757},"relative_timestamp_from_create":{"num":1700,"min":0.000002384,"max":0.001327991,"avg":0.000003584,"var":0.000001755,"sum":0.006092548}},"forward_cb":{"duration":{"num":1700,"min":0.000000000,"max":0.000001431,"avg":0.000000136,"var":0.000000000,"sum":0.000230789},"relative_timestamp_from_iforward_start":{"num":1700,"min":0.000339746,"max":0.023404598,"avg":0.006995530,"var":0.011713920,"sum":11.892401218}},"iforward_wait":{"duration":{"num":1700,"min":0.000338554,"max":0.023403406,"avg":0.006994130,"var":0.011713687,"sum":11.890020609},"relative_timestamp_from_iforward_end":{"num":1700,"min":0.000000000,"max":0.000000715,"avg":0.000000209,"var":0.000000000,"sum":0.000355244}},"set_input":{"duration":{"num":1700,"min":0.000000000,"max":0.000004292,"avg":0.000000124,"var":0.000000000,"sum":0.000211477},"relative_timestamp_from_iforward_start":{"num":1700,"min":0.000000477,"max":0.000007391,"avg":0.000000715,"var":0.000000000,"sum":0.001215696}},"get_output":{"duration":{"num":1700,"min":0.000000000,"max":0.000000477,"avg":0.000000085,"var":0.000000000,"sum":0.000144243},"relative_timestamp_from_wait_end":{"num":1700,"min":0.000000000,"max":0.000003099,"avg":0.000000159,"var":0.000000000,"sum":0.000271082}}}}},"65535:65535:65535:65535":{"rpc_id":65535,"provider_id":65535,"parent_rpc_id":65535,"parent_provider_id":65535,"name":"","target":{"received from <unknown>":{"bulk":{"create":{"duration":{"num":1700,"min":0.000002146,"max":0.001323223,"avg":0.000003387,"var":0.000001743,"sum":0.005757570},"size":{"num":1700,"min":4194304.000000000,"max":4194304.000000000,"avg":4194304.000000000,"var":0.000000000,"sum":7130316800.000000000}}}}}}}}