{"address":"","progress_loop":{"progress_with_timeout":{"num":30744,"min":0.000001431,"max":0.101904154,"avg":0.000174509,"var":0.025386915,"sum":5.365114927},"progress_timeout_value_msec":{"num":30744,"min":100.000000000,"max":100.000000000,"avg":100.000000000,"var":0.000000000,"sum":3074400.000000000},"progress_without_timeout":{"num":0,"min":0.000000000,"max":0.000000000,"avg":0.000000000,"var":0.000000000,"sum":0.000000000},"trigger":{"num":30675,"min":0.000000238,"max":0.000010967,"avg":0.000000267,"var":0.000000000,"sum":0.008187294}},"rpcs":{"65535:65535:7940397281847607295:2":{"rpc_id":7940397281847607295,"provider_id":2,"parent_rpc_id":65535,"parent_provider_id":65535,"name":"__identity__","origin":{"sent to ofi+cxi://0x06a6000d":{"iforward":{"duration":{"num":1,"min":0.000138998,"max":0.000138998,"avg":0.000138998,"var":0.000000000,"sum":0.000138998},"relative_timestamp_from_create":{"num":1,"min":0.000005722,"max":0.000005722,"avg":0.000005722,"var":0.000000000,"sum":0.000005722}},"forward_cb":{"duration":{"num":1,"min":0.000002146,"max":0.000002146,"avg":0.000002146,"var":0.000000000,"sum":0.000002146},"relative_timestamp_from_iforward_start":{"num":1,"min":0.052835941,"max":0.052835941,"avg":0.052835941,"var":0.000000000,"sum":0.052835941}},"iforward_wait":{"duration":{"num":1,"min":0.052704573,"max":0.052704573,"avg":0.052704573,"var":0.000000000,"sum":0.052704573},"relative_timestamp_from_iforward_end":{"num":1,"min":0.000000238,"max":0.000000238,"avg":0.000000238,"var":0.000000000,"sum":0.000000238}},"set_input":{"duration":{"num":0,"min":0.000000000,"max":0.000000000,"avg":0.000000000,"var":0.000000000,"sum":0.000000000},"relative_timestamp_from_iforward_start":{"num":0,"min":0.000000000,"max":0.000000000,"avg":0.000000000,"var":0.000000000,"sum":0.000000000}},"get_output":{"duration":{"num":1,"min":0.000015020,"max":0.000015020,"avg":0.000015020,"var":0.000000000,"sum":0.000015020},"relative_timestamp_from_wait_end":{"num":1,"min":0.000001669,"max":0.000001669,"avg":0.000001669,"var":0.000000000,"sum":0.000001669}}}}},"65535:65535:9722976651498815487:2":{"rpc_id":9722976651498815487,"provider_id":2,"parent_rpc_id":65535,"parent_provider_id":65535,"name":"flock_get_view","origin":{"sent to ofi+cxi://0x06a6000d":{"iforward":{"duration":{"num":2,"min":0.000017166,"max":0.000034332,"avg":0.000025749,"var":0.000000000,"sum":0.000051498},"relative_timestamp_from_create":{"num":2,"min":0.000000477,"max":0.000001431,"avg":0.000000954,"var":0.000000000,"sum":0.000001907}},"forward_cb":{"duration":{"num":2,"min":0.000000238,"max":0.000000954,"avg":0.000000596,"var":0.000000000,"sum":0.000001192},"relative_timestamp_from_iforward_start":{"num":2,"min":0.032217026,"max":0.121051073,"avg":0.076634049,"var":0.003945744,"sum":0.153268099}},"iforward_wait":{"duration":{"num":2,"min":0.032200575,"max":0.121018648,"avg":0.076609612,"var":0.003944325,"sum":0.153219223},"relative_timestamp_from_iforward_end":{"num":2,"min":0.000000477,"max":0.000001192,"avg":0.000000834,"var":0.000000000,"sum":0.000001669}},"set_input":{"duration":{"num":2,"min":0.000000238,"max":0.000000238,"avg":0.000000238,"var":0.000000000,"sum":0.000000477},"relative_timestamp_from_iforward_start":{"num":2,"min":0.000005960,"max":0.000010014,"avg":0.000007987,"var":0.000000000,"sum":0.000015974}},"get_output":{"duration":{"num":2,"min":0.000000477,"max":0.000060320,"avg":0.000030398,"var":0.000000002,"sum":0.000060797},"relative_timestamp_from_wait_end":{"num":2,"min":0.000000238,"max":0.000001907,"avg":0.000001073,"var":0.000000000,"sum":0.000002146}}}}},"65535:65535:3669993900245843967:1":{"rpc_id":3669993900245843967,"provider_id":1,"parent_rpc_id":65535,"parent_provider_id":65535,"name":"qtn_work_rpc","origin":{"sent to ofi+cxi://0x06a6e015":{"iforward":{"duration":{"num":30671,"min":0.000001192,"max":0.000035286,"avg":0.000001553,"var":0.000000004,"sum":0.047620058},"relative_timestamp_from_create":{"num":30671,"min":0.000000000,"max":0.000002384,"avg":0.000000076,"var":0.000000000,"sum":0.002318621}},"forward_cb":{"duration":{"num":30671,"min":0.000000000,"max":0.000002146,"avg":0.000000118,"var":0.000000000,"sum":0.003617048},"relative_timestamp_from_iforward_start":{"num":30671,"min":0.000008583,"max":0.000799656,"avg":0.000167015,"var":0.000672894,"sum":5.122527838}},"iforward_wait":{"duration":{"num":30671,"min":0.000007391,"max":0.000798702,"avg":0.000165834,"var":0.000672831,"sum":5.086292028},"relative_timestamp_from_iforward_end":{"num":30671,"min":0.000000000,"max":0.000000477,"avg":0.000000176,"var":0.000000000,"sum":0.005386829}},"set_input":{"duration":{"num":30671,"min":0.000000000,"max":0.000001431,"avg":0.000000070,"var":0.000000000,"sum":0.002156258},"relative_timestamp_from_iforward_start":{"num":30671,"min":0.000000477,"max":0.000006437,"avg":0.000000685,"var":0.000000000,"sum":0.021006107}},"get_output":{"duration":{"num":30671,"min":0.000000000,"max":0.000002146,"avg":0.000000089,"var":0.000000000,"sum":0.002715826},"relative_timestamp_from_wait_end":{"num":30671,"min":0.000000000,"max":0.000002861,"avg":0.000000154,"var":0.000000000,"sum":0.004726171}}}}}}}