{"address":"","progress_loop":{"progress_with_timeout":{"num":21934,"min":0.000001192,"max":0.104384899,"avg":0.000246580,"var":0.028461283,"sum":5.408486366},"progress_timeout_value_msec":{"num":21934,"min":100.000000000,"max":100.000000000,"avg":100.000000000,"var":0.000000000,"sum":2193400.000000000},"progress_without_timeout":{"num":0,"min":0.000000000,"max":0.000000000,"avg":0.000000000,"var":0.000000000,"sum":0.000000000},"trigger":{"num":21908,"min":0.000000238,"max":0.000009060,"avg":0.000000296,"var":0.000000000,"sum":0.006489277}},"rpcs":{"65535:65535:7940397281847607295:2":{"rpc_id":7940397281847607295,"provider_id":2,"parent_rpc_id":65535,"parent_provider_id":65535,"name":"__identity__","origin":{"sent to ofi+cxi://0x06a6000d":{"iforward":{"duration":{"num":1,"min":0.000080347,"max":0.000080347,"avg":0.000080347,"var":0.000000000,"sum":0.000080347},"relative_timestamp_from_create":{"num":1,"min":0.000002861,"max":0.000002861,"avg":0.000002861,"var":0.000000000,"sum":0.000002861}},"forward_cb":{"duration":{"num":1,"min":0.000002623,"max":0.000002623,"avg":0.000002623,"var":0.000000000,"sum":0.000002623},"relative_timestamp_from_iforward_start":{"num":1,"min":0.013065338,"max":0.013065338,"avg":0.013065338,"var":0.000000000,"sum":0.013065338}},"iforward_wait":{"duration":{"num":1,"min":0.012993813,"max":0.012993813,"avg":0.012993813,"var":0.000000000,"sum":0.012993813},"relative_timestamp_from_iforward_end":{"num":1,"min":0.000000238,"max":0.000000238,"avg":0.000000238,"var":0.000000000,"sum":0.000000238}},"set_input":{"duration":{"num":0,"min":0.000000000,"max":0.000000000,"avg":0.000000000,"var":0.000000000,"sum":0.000000000},"relative_timestamp_from_iforward_start":{"num":0,"min":0.000000000,"max":0.000000000,"avg":0.000000000,"var":0.000000000,"sum":0.000000000}},"get_output":{"duration":{"num":1,"min":0.000016928,"max":0.000016928,"avg":0.000016928,"var":0.000000000,"sum":0.000016928},"relative_timestamp_from_wait_end":{"num":1,"min":0.000001669,"max":0.000001669,"avg":0.000001669,"var":0.000000000,"sum":0.000001669}}}}},"65535:65535:9722976651498815487:2":{"rpc_id":9722976651498815487,"provider_id":2,"parent_rpc_id":65535,"parent_provider_id":65535,"name":"flock_get_view","origin":{"sent to ofi+cxi://0x06a6000d":{"iforward":{"duration":{"num":2,"min":0.000020981,"max":0.000040770,"avg":0.000030875,"var":0.000000000,"sum":0.000061750},"relative_timestamp_from_create":{"num":2,"min":0.000000715,"max":0.000001431,"avg":0.000001073,"var":0.000000000,"sum":0.000002146}},"forward_cb":{"duration":{"num":2,"min":0.000000954,"max":0.000001192,"avg":0.000001073,"var":0.000000000,"sum":0.000002146},"relative_timestamp_from_iforward_start":{"num":2,"min":0.074551344,"max":0.101865053,"avg":0.088208199,"var":0.000373019,"sum":0.176416397}},"iforward_wait":{"duration":{"num":2,"min":0.074512482,"max":0.101848125,"avg":0.088180304,"var":0.000373619,"sum":0.176360607},"relative_timestamp_from_iforward_end":{"num":2,"min":0.000000477,"max":0.000001431,"avg":0.000000954,"var":0.000000000,"sum":0.000001907}},"set_input":{"duration":{"num":2,"min":0.000000238,"max":0.000000238,"avg":0.000000238,"var":0.000000000,"sum":0.000000477},"relative_timestamp_from_iforward_start":{"num":2,"min":0.000006437,"max":0.000012159,"avg":0.000009298,"var":0.000000000,"sum":0.000018597}},"get_output":{"duration":{"num":2,"min":0.000001431,"max":0.000057459,"avg":0.000029445,"var":0.000000002,"sum":0.000058889},"relative_timestamp_from_wait_end":{"num":2,"min":0.000001192,"max":0.000002384,"avg":0.000001788,"var":0.000000000,"sum":0.000003576}}}}},"65535:65535:3669993900245843967:1":{"rpc_id":3669993900245843967,"provider_id":1,"parent_rpc_id":65535,"parent_provider_id":65535,"name":"qtn_work_rpc","origin":{"sent to ofi+cxi://0x06a6e412":{"iforward":{"duration":{"num":21904,"min":0.000001431,"max":0.000053644,"avg":0.000001689,"var":0.000000008,"sum":0.036997795},"relative_timestamp_from_create":{"num":21904,"min":0.000000000,"max":0.000007153,"avg":0.000000078,"var":0.000000000,"sum":0.001710176}},"forward_cb":{"duration":{"num":21904,"min":0.000000000,"max":0.000005007,"avg":0.000000133,"var":0.000000000,"sum":0.002922058},"relative_timestamp_from_iforward_start":{"num":21904,"min":0.000008583,"max":0.001011610,"avg":0.000235771,"var":0.001646635,"sum":5.164318323}},"iforward_wait":{"duration":{"num":21904,"min":0.000007391,"max":0.001010180,"avg":0.000234497,"var":0.001646868,"sum":5.136426449},"relative_timestamp_from_iforward_end":{"num":21904,"min":0.000000000,"max":0.000002384,"avg":0.000000173,"var":0.000000000,"sum":0.003790855}},"set_input":{"duration":{"num":21904,"min":0.000000000,"max":0.000001431,"avg":0.000000082,"var":0.000000000,"sum":0.001801252},"relative_timestamp_from_iforward_start":{"num":21904,"min":0.000000477,"max":0.000013113,"avg":0.000000774,"var":0.000000001,"sum":0.016945601}},"get_output":{"duration":{"num":21904,"min":0.000000000,"max":0.000003099,"avg":0.000000093,"var":0.000000000,"sum":0.002041340},"relative_timestamp_from_wait_end":{"num":21904,"min":0.000000000,"max":0.000003338,"avg":0.000000167,"var":0.000000000,"sum":0.003648281}}}}}}}