{"address":"","progress_loop":{"progress_with_timeout":{"num":29852,"min":0.000001192,"max":0.100175858,"avg":0.000180086,"var":0.025947327,"sum":5.375941277},"progress_timeout_value_msec":{"num":29852,"min":100.000000000,"max":100.000000000,"avg":100.000000000,"var":0.000000000,"sum":2985200.000000000},"progress_without_timeout":{"num":0,"min":0.000000000,"max":0.000000000,"avg":0.000000000,"var":0.000000000,"sum":0.000000000},"trigger":{"num":29827,"min":0.000000238,"max":0.000010252,"avg":0.000000271,"var":0.000000001,"sum":0.008079767}},"rpcs":{"65535:65535:7940397281847607295:2":{"rpc_id":7940397281847607295,"provider_id":2,"parent_rpc_id":65535,"parent_provider_id":65535,"name":"__identity__","origin":{"sent to ofi+cxi://0x06a6000d":{"iforward":{"duration":{"num":1,"min":0.000082016,"max":0.000082016,"avg":0.000082016,"var":0.000000000,"sum":0.000082016},"relative_timestamp_from_create":{"num":1,"min":0.000005722,"max":0.000005722,"avg":0.000005722,"var":0.000000000,"sum":0.000005722}},"forward_cb":{"duration":{"num":1,"min":0.000002384,"max":0.000002384,"avg":0.000002384,"var":0.000000000,"sum":0.000002384},"relative_timestamp_from_iforward_start":{"num":1,"min":0.015060902,"max":0.015060902,"avg":0.015060902,"var":0.000000000,"sum":0.015060902}},"iforward_wait":{"duration":{"num":1,"min":0.014987230,"max":0.014987230,"avg":0.014987230,"var":0.000000000,"sum":0.014987230},"relative_timestamp_from_iforward_end":{"num":1,"min":0.000000238,"max":0.000000238,"avg":0.000000238,"var":0.000000000,"sum":0.000000238}},"set_input":{"duration":{"num":0,"min":0.000000000,"max":0.000000000,"avg":0.000000000,"var":0.000000000,"sum":0.000000000},"relative_timestamp_from_iforward_start":{"num":0,"min":0.000000000,"max":0.000000000,"avg":0.000000000,"var":0.000000000,"sum":0.000000000}},"get_output":{"duration":{"num":1,"min":0.000015736,"max":0.000015736,"avg":0.000015736,"var":0.000000000,"sum":0.000015736},"relative_timestamp_from_wait_end":{"num":1,"min":0.000001907,"max":0.000001907,"avg":0.000001907,"var":0.000000000,"sum":0.000001907}}}}},"65535:65535:9722976651498815487:2":{"rpc_id":9722976651498815487,"provider_id":2,"parent_rpc_id":65535,"parent_provider_id":65535,"name":"flock_get_view","origin":{"sent to ofi+cxi://0x06a6000d":{"iforward":{"duration":{"num":2,"min":0.000018597,"max":0.000043392,"avg":0.000030994,"var":0.000000000,"sum":0.000061989},"relative_timestamp_from_create":{"num":2,"min":0.000000477,"max":0.000001431,"avg":0.000000954,"var":0.000000000,"sum":0.000001907}},"forward_cb":{"duration":{"num":2,"min":0.000000715,"max":0.000001907,"avg":0.000001311,"var":0.000000000,"sum":0.000002623},"relative_timestamp_from_iforward_start":{"num":2,"min":0.079908848,"max":0.094939947,"avg":0.087424397,"var":0.000112967,"sum":0.174848795}},"iforward_wait":{"duration":{"num":2,"min":0.079866648,"max":0.094926357,"avg":0.087396502,"var":0.000113397,"sum":0.174793005},"relative_timestamp_from_iforward_end":{"num":2,"min":0.000000238,"max":0.000001907,"avg":0.000001073,"var":0.000000000,"sum":0.000002146}},"set_input":{"duration":{"num":2,"min":0.000000238,"max":0.000000238,"avg":0.000000238,"var":0.000000000,"sum":0.000000477},"relative_timestamp_from_iforward_start":{"num":2,"min":0.000005960,"max":0.000012398,"avg":0.000009179,"var":0.000000000,"sum":0.000018358}},"get_output":{"duration":{"num":2,"min":0.000001192,"max":0.000054598,"avg":0.000027895,"var":0.000000001,"sum":0.000055790},"relative_timestamp_from_wait_end":{"num":2,"min":0.000001431,"max":0.000002146,"avg":0.000001788,"var":0.000000000,"sum":0.000003576}}}}},"65535:65535:3669993900245843967:1":{"rpc_id":3669993900245843967,"provider_id":1,"parent_rpc_id":65535,"parent_provider_id":65535,"name":"qtn_work_rpc","origin":{"sent to ofi+cxi://0x06a76615":{"iforward":{"duration":{"num":29823,"min":0.000001192,"max":0.000048161,"avg":0.000001551,"var":0.000000008,"sum":0.046268940},"relative_timestamp_from_create":{"num":29823,"min":0.000000000,"max":0.000006199,"avg":0.000000073,"var":0.000000000,"sum":0.002183437}},"forward_cb":{"duration":{"num":29823,"min":0.000000000,"max":0.000001431,"avg":0.000000121,"var":0.000000000,"sum":0.003613472},"relative_timestamp_from_iforward_start":{"num":29823,"min":0.000008106,"max":0.001116753,"avg":0.000172664,"var":0.000464149,"sum":5.149369717}},"iforward_wait":{"duration":{"num":29823,"min":0.000006914,"max":0.001116276,"avg":0.000171475,"var":0.000464092,"sum":5.113886595},"relative_timestamp_from_iforward_end":{"num":29823,"min":0.000000000,"max":0.000000715,"avg":0.000000185,"var":0.000000000,"sum":0.005528450}},"set_input":{"duration":{"num":29823,"min":0.000000000,"max":0.000001669,"avg":0.000000084,"var":0.000000000,"sum":0.002516985},"relative_timestamp_from_iforward_start":{"num":29823,"min":0.000000477,"max":0.000012636,"avg":0.000000695,"var":0.000000001,"sum":0.020737648}},"get_output":{"duration":{"num":29823,"min":0.000000000,"max":0.000001907,"avg":0.000000090,"var":0.000000000,"sum":0.002693653},"relative_timestamp_from_wait_end":{"num":29823,"min":0.000000000,"max":0.000002146,"avg":0.000000152,"var":0.000000000,"sum":0.004521132}}}}}}}