{"address":"","progress_loop":{"progress_with_timeout":{"num":1788,"min":0.000001192,"max":0.103504181,"avg":0.006401254,"var":0.041869696,"sum":11.445441723},"progress_timeout_value_msec":{"num":1788,"min":100.000000000,"max":100.000000000,"avg":100.000000000,"var":0.000000000,"sum":178800.000000000},"progress_without_timeout":{"num":0,"min":0.000000000,"max":0.000000000,"avg":0.000000000,"var":0.000000000,"sum":0.000000000},"trigger":{"num":1781,"min":0.000000238,"max":0.000007629,"avg":0.000000294,"var":0.000000000,"sum":0.000524044}},"rpcs":{"65535:65535:7940397281847607295:2":{"rpc_id":7940397281847607295,"provider_id":2,"parent_rpc_id":65535,"parent_provider_id":65535,"name":"__identity__","origin":{"sent to ofi+cxi://0x06a6000d":{"iforward":{"duration":{"num":1,"min":0.000221491,"max":0.000221491,"avg":0.000221491,"var":0.000000000,"sum":0.000221491},"relative_timestamp_from_create":{"num":1,"min":0.000006676,"max":0.000006676,"avg":0.000006676,"var":0.000000000,"sum":0.000006676}},"forward_cb":{"duration":{"num":1,"min":0.000003099,"max":0.000003099,"avg":0.000003099,"var":0.000000000,"sum":0.000003099},"relative_timestamp_from_iforward_start":{"num":1,"min":0.006620646,"max":0.006620646,"avg":0.006620646,"var":0.000000000,"sum":0.006620646}},"iforward_wait":{"duration":{"num":1,"min":0.006409883,"max":0.006409883,"avg":0.006409883,"var":0.000000000,"sum":0.006409883},"relative_timestamp_from_iforward_end":{"num":1,"min":0.000000238,"max":0.000000238,"avg":0.000000238,"var":0.000000000,"sum":0.000000238}},"set_input":{"duration":{"num":0,"min":0.000000000,"max":0.000000000,"avg":0.000000000,"var":0.000000000,"sum":0.000000000},"relative_timestamp_from_iforward_start":{"num":0,"min":0.000000000,"max":0.000000000,"avg":0.000000000,"var":0.000000000,"sum":0.000000000}},"get_output":{"duration":{"num":1,"min":0.000020742,"max":0.000020742,"avg":0.000020742,"var":0.000000000,"sum":0.000020742},"relative_timestamp_from_wait_end":{"num":1,"min":0.000001907,"max":0.000001907,"avg":0.000001907,"var":0.000000000,"sum":0.000001907}}}}},"65535:65535:9722976651498815487:2":{"rpc_id":9722976651498815487,"provider_id":2,"parent_rpc_id":65535,"parent_provider_id":65535,"name":"flock_get_view","origin":{"sent to ofi+cxi://0x06a6000d":{"iforward":{"duration":{"num":2,"min":0.000013828,"max":0.000050068,"avg":0.000031948,"var":0.000000001,"sum":0.000063896},"relative_timestamp_from_create":{"num":2,"min":0.000000238,"max":0.000001669,"avg":0.000000954,"var":0.000000000,"sum":0.000001907}},"forward_cb":{"duration":{"num":2,"min":0.000000238,"max":0.000001192,"avg":0.000000715,"var":0.000000000,"sum":0.000001431},"relative_timestamp_from_iforward_start":{"num":2,"min":0.030432940,"max":0.106107473,"avg":0.068270206,"var":0.002863318,"sum":0.136540413}},"iforward_wait":{"duration":{"num":2,"min":0.030382395,"max":0.106097221,"avg":0.068239808,"var":0.002866367,"sum":0.136479616},"relative_timestamp_from_iforward_end":{"num":2,"min":0.000000238,"max":0.000001669,"avg":0.000000954,"var":0.000000000,"sum":0.000001907}},"set_input":{"duration":{"num":2,"min":0.000000000,"max":0.000000238,"avg":0.000000119,"var":0.000000000,"sum":0.000000238},"relative_timestamp_from_iforward_start":{"num":2,"min":0.000002623,"max":0.000016212,"avg":0.000009418,"var":0.000000000,"sum":0.000018835}},"get_output":{"duration":{"num":2,"min":0.000002146,"max":0.000069618,"avg":0.000035882,"var":0.000000002,"sum":0.000071764},"relative_timestamp_from_wait_end":{"num":2,"min":0.000001431,"max":0.000001669,"avg":0.000001550,"var":0.000000000,"sum":0.000003099}}}}},"65535:65535:3669993900245843967:1":{"rpc_id":3669993900245843967,"provider_id":1,"parent_rpc_id":65535,"parent_provider_id":65535,"name":"qtn_work_rpc","origin":{"sent to ofi+cxi://0x06a7e413":{"iforward":{"duration":{"num":1777,"min":0.000001431,"max":0.000050545,"avg":0.000001780,"var":0.000000006,"sum":0.003163099},"relative_timestamp_from_create":{"num":1777,"min":0.000002384,"max":0.001782179,"avg":0.000003822,"var":0.000003165,"sum":0.006790876}},"forward_cb":{"duration":{"num":1777,"min":0.000000000,"max":0.000001907,"avg":0.000000129,"var":0.000000000,"sum":0.000229836},"relative_timestamp_from_iforward_start":{"num":1777,"min":0.000360489,"max":0.028903723,"avg":0.006304625,"var":0.022160130,"sum":11.203318119}},"iforward_wait":{"duration":{"num":1777,"min":0.000351191,"max":0.028902531,"avg":0.006303250,"var":0.022161428,"sum":11.200875044},"relative_timestamp_from_iforward_end":{"num":1777,"min":0.000000000,"max":0.000009537,"avg":0.000000175,"var":0.000000000,"sum":0.000310659}},"set_input":{"duration":{"num":1777,"min":0.000000000,"max":0.000004530,"avg":0.000000120,"var":0.000000000,"sum":0.000212431},"relative_timestamp_from_iforward_start":{"num":1777,"min":0.000000477,"max":0.000027418,"avg":0.000000712,"var":0.000000001,"sum":0.001265049}},"get_output":{"duration":{"num":1777,"min":0.000000000,"max":0.000000477,"avg":0.000000084,"var":0.000000000,"sum":0.000148535},"relative_timestamp_from_wait_end":{"num":1777,"min":0.000000000,"max":0.000002861,"avg":0.000000161,"var":0.000000000,"sum":0.000286341}}}}},"65535:65535:65535:65535":{"rpc_id":65535,"provider_id":65535,"parent_rpc_id":65535,"parent_provider_id":65535,"name":"","target":{"received from <unknown>":{"bulk":{"create":{"duration":{"num":1777,"min":0.000002146,"max":0.001776934,"avg":0.000003618,"var":0.000003147,"sum":0.006428480},"size":{"num":1777,"min":4194304.000000000,"max":4194304.000000000,"avg":4194304.000000000,"var":0.000000000,"sum":7453278208.000000000}}}}}}}}