{"address":"","progress_loop":{"progress_with_timeout":{"num":1730,"min":0.000001431,"max":0.102251053,"avg":0.006386728,"var":0.050548636,"sum":11.049038649},"progress_timeout_value_msec":{"num":1730,"min":100.000000000,"max":100.000000000,"avg":100.000000000,"var":0.000000000,"sum":173000.000000000},"progress_without_timeout":{"num":0,"min":0.000000000,"max":0.000000000,"avg":0.000000000,"var":0.000000000,"sum":0.000000000},"trigger":{"num":1727,"min":0.000000238,"max":0.000008345,"avg":0.000000289,"var":0.000000000,"sum":0.000498295}},"rpcs":{"65535:65535:7940397281847607295:2":{"rpc_id":7940397281847607295,"provider_id":2,"parent_rpc_id":65535,"parent_provider_id":65535,"name":"__identity__","origin":{"sent to ofi+cxi://0x06a6000d":{"iforward":{"duration":{"num":1,"min":0.000118494,"max":0.000118494,"avg":0.000118494,"var":0.000000000,"sum":0.000118494},"relative_timestamp_from_create":{"num":1,"min":0.000008583,"max":0.000008583,"avg":0.000008583,"var":0.000000000,"sum":0.000008583}},"forward_cb":{"duration":{"num":1,"min":0.000002146,"max":0.000002146,"avg":0.000002146,"var":0.000000000,"sum":0.000002146},"relative_timestamp_from_iforward_start":{"num":1,"min":0.000751495,"max":0.000751495,"avg":0.000751495,"var":0.000000000,"sum":0.000751495}},"iforward_wait":{"duration":{"num":1,"min":0.000640392,"max":0.000640392,"avg":0.000640392,"var":0.000000000,"sum":0.000640392},"relative_timestamp_from_iforward_end":{"num":1,"min":0.000000477,"max":0.000000477,"avg":0.000000477,"var":0.000000000,"sum":0.000000477}},"set_input":{"duration":{"num":0,"min":0.000000000,"max":0.000000000,"avg":0.000000000,"var":0.000000000,"sum":0.000000000},"relative_timestamp_from_iforward_start":{"num":0,"min":0.000000000,"max":0.000000000,"avg":0.000000000,"var":0.000000000,"sum":0.000000000}},"get_output":{"duration":{"num":1,"min":0.000029564,"max":0.000029564,"avg":0.000029564,"var":0.000000000,"sum":0.000029564},"relative_timestamp_from_wait_end":{"num":1,"min":0.000001669,"max":0.000001669,"avg":0.000001669,"var":0.000000000,"sum":0.000001669}}}}},"65535:65535:9722976651498815487:2":{"rpc_id":9722976651498815487,"provider_id":2,"parent_rpc_id":65535,"parent_provider_id":65535,"name":"flock_get_view","origin":{"sent to ofi+cxi://0x06a6000d":{"iforward":{"duration":{"num":2,"min":0.000012398,"max":0.000043392,"avg":0.000027895,"var":0.000000000,"sum":0.000055790},"relative_timestamp_from_create":{"num":2,"min":0.000000477,"max":0.000001431,"avg":0.000000954,"var":0.000000000,"sum":0.000001907}},"forward_cb":{"duration":{"num":2,"min":0.000000000,"max":0.000000477,"avg":0.000000238,"var":0.000000000,"sum":0.000000477},"relative_timestamp_from_iforward_start":{"num":2,"min":0.003385067,"max":0.023065805,"avg":0.013225436,"var":0.000193666,"sum":0.026450872}},"iforward_wait":{"duration":{"num":2,"min":0.003341436,"max":0.023053885,"avg":0.013197660,"var":0.000194290,"sum":0.026395321},"relative_timestamp_from_iforward_end":{"num":2,"min":0.000000238,"max":0.000001669,"avg":0.000000954,"var":0.000000000,"sum":0.000001907}},"set_input":{"duration":{"num":2,"min":0.000000238,"max":0.000000477,"avg":0.000000358,"var":0.000000000,"sum":0.000000715},"relative_timestamp_from_iforward_start":{"num":2,"min":0.000002146,"max":0.000015259,"avg":0.000008702,"var":0.000000000,"sum":0.000017405}},"get_output":{"duration":{"num":2,"min":0.000000477,"max":0.000067711,"avg":0.000034094,"var":0.000000002,"sum":0.000068188},"relative_timestamp_from_wait_end":{"num":2,"min":0.000000238,"max":0.000001192,"avg":0.000000715,"var":0.000000000,"sum":0.000001431}}}}},"65535:65535:3669993900245843967:1":{"rpc_id":3669993900245843967,"provider_id":1,"parent_rpc_id":65535,"parent_provider_id":65535,"name":"qtn_work_rpc","origin":{"sent to ofi+cxi://0x06a64217":{"iforward":{"duration":{"num":1723,"min":0.000001431,"max":0.000032187,"avg":0.000001780,"var":0.000000004,"sum":0.003066540},"relative_timestamp_from_create":{"num":1723,"min":0.000002623,"max":0.001280308,"avg":0.000003725,"var":0.000001632,"sum":0.006417990}},"forward_cb":{"duration":{"num":1723,"min":0.000000000,"max":0.000001431,"avg":0.000000128,"var":0.000000000,"sum":0.000220776},"relative_timestamp_from_iforward_start":{"num":1723,"min":0.000254393,"max":0.031871319,"avg":0.006340063,"var":0.040907493,"sum":10.923928261}},"iforward_wait":{"duration":{"num":1723,"min":0.000253201,"max":0.031870127,"avg":0.006338660,"var":0.040911671,"sum":10.921511412},"relative_timestamp_from_iforward_end":{"num":1723,"min":0.000000000,"max":0.000003338,"avg":0.000000198,"var":0.000000000,"sum":0.000340939}},"set_input":{"duration":{"num":1723,"min":0.000000000,"max":0.000004530,"avg":0.000000129,"var":0.000000000,"sum":0.000221491},"relative_timestamp_from_iforward_start":{"num":1723,"min":0.000000477,"max":0.000009060,"avg":0.000000708,"var":0.000000000,"sum":0.001219749}},"get_output":{"duration":{"num":1723,"min":0.000000000,"max":0.000000238,"avg":0.000000095,"var":0.000000000,"sum":0.000163078},"relative_timestamp_from_wait_end":{"num":1723,"min":0.000000000,"max":0.000003099,"avg":0.000000155,"var":0.000000000,"sum":0.000267744}}}}},"65535:65535:65535:65535":{"rpc_id":65535,"provider_id":65535,"parent_rpc_id":65535,"parent_provider_id":65535,"name":"","target":{"received from <unknown>":{"bulk":{"create":{"duration":{"num":1723,"min":0.000002384,"max":0.001276493,"avg":0.000003520,"var":0.000001622,"sum":0.006065130},"size":{"num":1723,"min":4194304.000000000,"max":4194304.000000000,"avg":4194304.000000000,"var":0.000000000,"sum":7226785792.000000000}}}}}}}}