{"address":"","progress_loop":{"progress_with_timeout":{"num":1760,"min":0.000001431,"max":0.101948500,"avg":0.006574477,"var":0.026094521,"sum":11.571079016},"progress_timeout_value_msec":{"num":1760,"min":100.000000000,"max":100.000000000,"avg":100.000000000,"var":0.000000000,"sum":176000.000000000},"progress_without_timeout":{"num":0,"min":0.000000000,"max":0.000000000,"avg":0.000000000,"var":0.000000000,"sum":0.000000000},"trigger":{"num":1755,"min":0.000000238,"max":0.000006914,"avg":0.000000296,"var":0.000000000,"sum":0.000519514}},"rpcs":{"65535:65535:7940397281847607295:2":{"rpc_id":7940397281847607295,"provider_id":2,"parent_rpc_id":65535,"parent_provider_id":65535,"name":"__identity__","origin":{"sent to ofi+cxi://0x06a6000d":{"iforward":{"duration":{"num":1,"min":0.000112772,"max":0.000112772,"avg":0.000112772,"var":0.000000000,"sum":0.000112772},"relative_timestamp_from_create":{"num":1,"min":0.000003338,"max":0.000003338,"avg":0.000003338,"var":0.000000000,"sum":0.000003338}},"forward_cb":{"duration":{"num":1,"min":0.000002861,"max":0.000002861,"avg":0.000002861,"var":0.000000000,"sum":0.000002861},"relative_timestamp_from_iforward_start":{"num":1,"min":0.003944159,"max":0.003944159,"avg":0.003944159,"var":0.000000000,"sum":0.003944159}},"iforward_wait":{"duration":{"num":1,"min":0.003840208,"max":0.003840208,"avg":0.003840208,"var":0.000000000,"sum":0.003840208},"relative_timestamp_from_iforward_end":{"num":1,"min":0.000000238,"max":0.000000238,"avg":0.000000238,"var":0.000000000,"sum":0.000000238}},"set_input":{"duration":{"num":0,"min":0.000000000,"max":0.000000000,"avg":0.000000000,"var":0.000000000,"sum":0.000000000},"relative_timestamp_from_iforward_start":{"num":0,"min":0.000000000,"max":0.000000000,"avg":0.000000000,"var":0.000000000,"sum":0.000000000}},"get_output":{"duration":{"num":1,"min":0.000016451,"max":0.000016451,"avg":0.000016451,"var":0.000000000,"sum":0.000016451},"relative_timestamp_from_wait_end":{"num":1,"min":0.000001669,"max":0.000001669,"avg":0.000001669,"var":0.000000000,"sum":0.000001669}}}}},"65535:65535:9722976651498815487:2":{"rpc_id":9722976651498815487,"provider_id":2,"parent_rpc_id":65535,"parent_provider_id":65535,"name":"flock_get_view","origin":{"sent to ofi+cxi://0x06a6000d":{"iforward":{"duration":{"num":2,"min":0.000012636,"max":0.000044346,"avg":0.000028491,"var":0.000000001,"sum":0.000056982},"relative_timestamp_from_create":{"num":2,"min":0.000000238,"max":0.000001431,"avg":0.000000834,"var":0.000000000,"sum":0.000001669}},"forward_cb":{"duration":{"num":2,"min":0.000000238,"max":0.000000954,"avg":0.000000596,"var":0.000000000,"sum":0.000001192},"relative_timestamp_from_iforward_start":{"num":2,"min":0.024785995,"max":0.103009224,"avg":0.063897610,"var":0.003059437,"sum":0.127795219}},"iforward_wait":{"duration":{"num":2,"min":0.024741173,"max":0.102999926,"avg":0.063870549,"var":0.003062216,"sum":0.127741098},"relative_timestamp_from_iforward_end":{"num":2,"min":0.000000000,"max":0.000001669,"avg":0.000000834,"var":0.000000000,"sum":0.000001669}},"set_input":{"duration":{"num":2,"min":0.000000000,"max":0.000000238,"avg":0.000000119,"var":0.000000000,"sum":0.000000238},"relative_timestamp_from_iforward_start":{"num":2,"min":0.000002146,"max":0.000016212,"avg":0.000009179,"var":0.000000000,"sum":0.000018358}},"get_output":{"duration":{"num":2,"min":0.000001669,"max":0.000071764,"avg":0.000036716,"var":0.000000002,"sum":0.000073433},"relative_timestamp_from_wait_end":{"num":2,"min":0.000001192,"max":0.000001431,"avg":0.000001311,"var":0.000000000,"sum":0.000002623}}}}},"65535:65535:3669993900245843967:1":{"rpc_id":3669993900245843967,"provider_id":1,"parent_rpc_id":65535,"parent_provider_id":65535,"name":"qtn_work_rpc","origin":{"sent to ofi+cxi://0x06a66216":{"iforward":{"duration":{"num":1751,"min":0.000001431,"max":0.000040293,"avg":0.000001867,"var":0.000000005,"sum":0.003268242},"relative_timestamp_from_create":{"num":1751,"min":0.000002623,"max":0.001690149,"avg":0.000003861,"var":0.000002845,"sum":0.006761312}},"forward_cb":{"duration":{"num":1751,"min":0.000000000,"max":0.000001669,"avg":0.000000138,"var":0.000000000,"sum":0.000241041},"relative_timestamp_from_iforward_start":{"num":1751,"min":0.000318050,"max":0.020794630,"avg":0.006477860,"var":0.007477247,"sum":11.342733622}},"iforward_wait":{"duration":{"num":1751,"min":0.000316858,"max":0.020784378,"avg":0.006476355,"var":0.007478366,"sum":11.340097427},"relative_timestamp_from_iforward_end":{"num":1751,"min":0.000000000,"max":0.000002623,"avg":0.000000266,"var":0.000000000,"sum":0.000465631}},"set_input":{"duration":{"num":1751,"min":0.000000000,"max":0.000005007,"avg":0.000000143,"var":0.000000000,"sum":0.000251055},"relative_timestamp_from_iforward_start":{"num":1751,"min":0.000000477,"max":0.000017643,"avg":0.000000723,"var":0.000000000,"sum":0.001266479}},"get_output":{"duration":{"num":1751,"min":0.000000000,"max":0.000000477,"avg":0.000000086,"var":0.000000000,"sum":0.000151157},"relative_timestamp_from_wait_end":{"num":1751,"min":0.000000000,"max":0.000003815,"avg":0.000000162,"var":0.000000000,"sum":0.000284433}}}}},"65535:65535:65535:65535":{"rpc_id":65535,"provider_id":65535,"parent_rpc_id":65535,"parent_provider_id":65535,"name":"","target":{"received from <unknown>":{"bulk":{"create":{"duration":{"num":1751,"min":0.000002384,"max":0.001685381,"avg":0.000003666,"var":0.000002830,"sum":0.006419897},"size":{"num":1751,"min":4194304.000000000,"max":4194304.000000000,"avg":4194304.000000000,"var":0.000000000,"sum":7344226304.000000000}}}}}}}}