{"address":"","progress_loop":{"progress_with_timeout":{"num":1713,"min":0.000002384,"max":0.100157022,"avg":0.007061747,"var":0.025530494,"sum":12.096772432},"progress_timeout_value_msec":{"num":1713,"min":100.000000000,"max":100.000000000,"avg":100.000000000,"var":0.000000000,"sum":171300.000000000},"progress_without_timeout":{"num":0,"min":0.000000000,"max":0.000000000,"avg":0.000000000,"var":0.000000000,"sum":0.000000000},"trigger":{"num":1699,"min":0.000000238,"max":0.000009537,"avg":0.000000357,"var":0.000000000,"sum":0.000606537}},"rpcs":{"65535:65535:7940397281847607295:2":{"rpc_id":7940397281847607295,"provider_id":2,"parent_rpc_id":65535,"parent_provider_id":65535,"name":"__identity__","origin":{"sent to ofi+cxi://0x06a6000d":{"iforward":{"duration":{"num":1,"min":0.002797604,"max":0.002797604,"avg":0.002797604,"var":0.000000000,"sum":0.002797604},"relative_timestamp_from_create":{"num":1,"min":0.000005960,"max":0.000005960,"avg":0.000005960,"var":0.000000000,"sum":0.000005960}},"forward_cb":{"duration":{"num":1,"min":0.000001431,"max":0.000001431,"avg":0.000001431,"var":0.000000000,"sum":0.000001431},"relative_timestamp_from_iforward_start":{"num":1,"min":0.025243759,"max":0.025243759,"avg":0.025243759,"var":0.000000000,"sum":0.025243759}},"iforward_wait":{"duration":{"num":1,"min":0.022451639,"max":0.022451639,"avg":0.022451639,"var":0.000000000,"sum":0.022451639},"relative_timestamp_from_iforward_end":{"num":1,"min":0.000000238,"max":0.000000238,"avg":0.000000238,"var":0.000000000,"sum":0.000000238}},"set_input":{"duration":{"num":0,"min":0.000000000,"max":0.000000000,"avg":0.000000000,"var":0.000000000,"sum":0.000000000},"relative_timestamp_from_iforward_start":{"num":0,"min":0.000000000,"max":0.000000000,"avg":0.000000000,"var":0.000000000,"sum":0.000000000}},"get_output":{"duration":{"num":1,"min":0.000010729,"max":0.000010729,"avg":0.000010729,"var":0.000000000,"sum":0.000010729},"relative_timestamp_from_wait_end":{"num":1,"min":0.000000954,"max":0.000000954,"avg":0.000000954,"var":0.000000000,"sum":0.000000954}}}}},"65535:65535:9722976651498815487:2":{"rpc_id":9722976651498815487,"provider_id":2,"parent_rpc_id":65535,"parent_provider_id":65535,"name":"flock_get_view","origin":{"sent to ofi+cxi://0x06a6000d":{"iforward":{"duration":{"num":2,"min":0.000019789,"max":0.000029802,"avg":0.000024796,"var":0.000000000,"sum":0.000049591},"relative_timestamp_from_create":{"num":2,"min":0.000000477,"max":0.000001192,"avg":0.000000834,"var":0.000000000,"sum":0.000001669}},"forward_cb":{"duration":{"num":2,"min":0.000000954,"max":0.000001192,"avg":0.000001073,"var":0.000000000,"sum":0.000002146},"relative_timestamp_from_iforward_start":{"num":2,"min":0.051090479,"max":0.088625669,"avg":0.069858074,"var":0.000704445,"sum":0.139716148}},"iforward_wait":{"duration":{"num":2,"min":0.051074982,"max":0.088598013,"avg":0.069836497,"var":0.000703989,"sum":0.139672995},"relative_timestamp_from_iforward_end":{"num":2,"min":0.000000477,"max":0.000001192,"avg":0.000000834,"var":0.000000000,"sum":0.000001669}},"set_input":{"duration":{"num":2,"min":0.000000238,"max":0.000000477,"avg":0.000000358,"var":0.000000000,"sum":0.000000715},"relative_timestamp_from_iforward_start":{"num":2,"min":0.000006437,"max":0.000011206,"avg":0.000008821,"var":0.000000000,"sum":0.000017643}},"get_output":{"duration":{"num":2,"min":0.000001431,"max":0.000072956,"avg":0.000037193,"var":0.000000003,"sum":0.000074387},"relative_timestamp_from_wait_end":{"num":2,"min":0.000002146,"max":0.000002384,"avg":0.000002265,"var":0.000000000,"sum":0.000004530}}}}},"65535:65535:3669993900245843967:1":{"rpc_id":3669993900245843967,"provider_id":1,"parent_rpc_id":65535,"parent_provider_id":65535,"name":"qtn_work_rpc","origin":{"sent to ofi+cxi://0x06a6e20f":{"iforward":{"duration":{"num":1695,"min":0.000001431,"max":0.000038385,"avg":0.000002640,"var":0.000000007,"sum":0.004474640},"relative_timestamp_from_create":{"num":1695,"min":0.000002384,"max":0.001564980,"avg":0.000004179,"var":0.000002438,"sum":0.007082939}},"forward_cb":{"duration":{"num":1695,"min":0.000000000,"max":0.000001431,"avg":0.000000162,"var":0.000000000,"sum":0.000273943},"relative_timestamp_from_iforward_start":{"num":1695,"min":0.000451803,"max":0.022672653,"avg":0.006985706,"var":0.007377153,"sum":11.840771198}},"iforward_wait":{"duration":{"num":1695,"min":0.000450611,"max":0.022658587,"avg":0.006983600,"var":0.007377105,"sum":11.837202549},"relative_timestamp_from_iforward_end":{"num":1695,"min":0.000000000,"max":0.000000715,"avg":0.000000202,"var":0.000000000,"sum":0.000341654}},"set_input":{"duration":{"num":1695,"min":0.000000000,"max":0.000005245,"avg":0.000000257,"var":0.000000000,"sum":0.000436068},"relative_timestamp_from_iforward_start":{"num":1695,"min":0.000000477,"max":0.000015974,"avg":0.000001058,"var":0.000000001,"sum":0.001793861}},"get_output":{"duration":{"num":1695,"min":0.000000000,"max":0.000000477,"avg":0.000000114,"var":0.000000000,"sum":0.000192404},"relative_timestamp_from_wait_end":{"num":1695,"min":0.000000000,"max":0.000001907,"avg":0.000000203,"var":0.000000000,"sum":0.000343800}}}}},"65535:65535:65535:65535":{"rpc_id":65535,"provider_id":65535,"parent_rpc_id":65535,"parent_provider_id":65535,"name":"","target":{"received from <unknown>":{"bulk":{"create":{"duration":{"num":1695,"min":0.000002384,"max":0.001560688,"avg":0.000003940,"var":0.000002425,"sum":0.006677866},"size":{"num":1695,"min":4194304.000000000,"max":4194304.000000000,"avg":4194304.000000000,"var":0.000000000,"sum":7109345280.000000000}}}}}}}}