{"address":"","progress_loop":{"progress_with_timeout":{"num":43350,"min":0.000000954,"max":0.102305651,"avg":0.000121988,"var":0.025386411,"sum":5.288197041},"progress_timeout_value_msec":{"num":43350,"min":100.000000000,"max":100.000000000,"avg":100.000000000,"var":0.000000000,"sum":4335000.000000000},"progress_without_timeout":{"num":0,"min":0.000000000,"max":0.000000000,"avg":0.000000000,"var":0.000000000,"sum":0.000000000},"trigger":{"num":43161,"min":0.000000238,"max":0.000009060,"avg":0.000000286,"var":0.000000001,"sum":0.012363911}},"rpcs":{"65535:65535:7940397281847607295:2":{"rpc_id":7940397281847607295,"provider_id":2,"parent_rpc_id":65535,"parent_provider_id":65535,"name":"__identity__","origin":{"sent to ofi+cxi://0x06a6000d":{"iforward":{"duration":{"num":1,"min":0.001331568,"max":0.001331568,"avg":0.001331568,"var":0.000000000,"sum":0.001331568},"relative_timestamp_from_create":{"num":1,"min":0.000005245,"max":0.000005245,"avg":0.000005245,"var":0.000000000,"sum":0.000005245}},"forward_cb":{"duration":{"num":1,"min":0.000002146,"max":0.000002146,"avg":0.000002146,"var":0.000000000,"sum":0.000002146},"relative_timestamp_from_iforward_start":{"num":1,"min":0.054172754,"max":0.054172754,"avg":0.054172754,"var":0.000000000,"sum":0.054172754}},"iforward_wait":{"duration":{"num":1,"min":0.052848101,"max":0.052848101,"avg":0.052848101,"var":0.000000000,"sum":0.052848101},"relative_timestamp_from_iforward_end":{"num":1,"min":0.000000477,"max":0.000000477,"avg":0.000000477,"var":0.000000000,"sum":0.000000477}},"set_input":{"duration":{"num":0,"min":0.000000000,"max":0.000000000,"avg":0.000000000,"var":0.000000000,"sum":0.000000000},"relative_timestamp_from_iforward_start":{"num":0,"min":0.000000000,"max":0.000000000,"avg":0.000000000,"var":0.000000000,"sum":0.000000000}},"get_output":{"duration":{"num":1,"min":0.000016928,"max":0.000016928,"avg":0.000016928,"var":0.000000000,"sum":0.000016928},"relative_timestamp_from_wait_end":{"num":1,"min":0.000001431,"max":0.000001431,"avg":0.000001431,"var":0.000000000,"sum":0.000001431}}}}},"65535:65535:9722976651498815487:2":{"rpc_id":9722976651498815487,"provider_id":2,"parent_rpc_id":65535,"parent_provider_id":65535,"name":"flock_get_view","origin":{"sent to ofi+cxi://0x06a6000d":{"iforward":{"duration":{"num":2,"min":0.000019312,"max":0.000038147,"avg":0.000028729,"var":0.000000000,"sum":0.000057459},"relative_timestamp_from_create":{"num":2,"min":0.000000715,"max":0.000005960,"avg":0.000003338,"var":0.000000000,"sum":0.000006676}},"forward_cb":{"duration":{"num":2,"min":0.000000238,"max":0.000000715,"avg":0.000000477,"var":0.000000000,"sum":0.000000954},"relative_timestamp_from_iforward_start":{"num":2,"min":0.031640530,"max":0.121626377,"avg":0.076633453,"var":0.004048726,"sum":0.153266907}},"iforward_wait":{"duration":{"num":2,"min":0.031621933,"max":0.121589899,"avg":0.076605916,"var":0.004047117,"sum":0.153211832},"relative_timestamp_from_iforward_end":{"num":2,"min":0.000000238,"max":0.000001431,"avg":0.000000834,"var":0.000000000,"sum":0.000001669}},"set_input":{"duration":{"num":2,"min":0.000000238,"max":0.000000238,"avg":0.000000238,"var":0.000000000,"sum":0.000000477},"relative_timestamp_from_iforward_start":{"num":2,"min":0.000006199,"max":0.000010729,"avg":0.000008464,"var":0.000000000,"sum":0.000016928}},"get_output":{"duration":{"num":2,"min":0.000000477,"max":0.000070572,"avg":0.000035524,"var":0.000000002,"sum":0.000071049},"relative_timestamp_from_wait_end":{"num":2,"min":0.000000238,"max":0.000002146,"avg":0.000001192,"var":0.000000000,"sum":0.000002384}}}}},"65535:65535:3669993900245843967:1":{"rpc_id":3669993900245843967,"provider_id":1,"parent_rpc_id":65535,"parent_provider_id":65535,"name":"qtn_work_rpc","origin":{"sent to ofi+cxi://0x06a64416":{"iforward":{"duration":{"num":43157,"min":0.000001192,"max":0.000035763,"avg":0.000001547,"var":0.000000006,"sum":0.066775084},"relative_timestamp_from_create":{"num":43157,"min":0.000000000,"max":0.000001669,"avg":0.000000075,"var":0.000000001,"sum":0.003258228}},"forward_cb":{"duration":{"num":43157,"min":0.000000000,"max":0.000005722,"avg":0.000000132,"var":0.000000001,"sum":0.005691528},"relative_timestamp_from_iforward_start":{"num":43157,"min":0.000008345,"max":0.000730038,"avg":0.000117530,"var":0.000589231,"sum":5.072227955}},"iforward_wait":{"duration":{"num":43157,"min":0.000002146,"max":0.000728607,"avg":0.000116379,"var":0.000589049,"sum":5.022586107},"relative_timestamp_from_iforward_end":{"num":43157,"min":0.000000000,"max":0.000002623,"avg":0.000000175,"var":0.000000000,"sum":0.007570505}},"set_input":{"duration":{"num":43157,"min":0.000000000,"max":0.000002623,"avg":0.000000086,"var":0.000000001,"sum":0.003708601},"relative_timestamp_from_iforward_start":{"num":43157,"min":0.000000477,"max":0.000006437,"avg":0.000000681,"var":0.000000000,"sum":0.029396772}},"get_output":{"duration":{"num":43157,"min":0.000000000,"max":0.000009775,"avg":0.000000091,"var":0.000000001,"sum":0.003937244},"relative_timestamp_from_wait_end":{"num":43157,"min":0.000000000,"max":0.000002861,"avg":0.000000162,"var":0.000000001,"sum":0.006985426}}}}}}}