{"address":"","progress_loop":{"progress_with_timeout":{"num":1757,"min":0.000001669,"max":0.104461670,"avg":0.006784299,"var":0.050302049,"sum":11.920013428},"progress_timeout_value_msec":{"num":1757,"min":100.000000000,"max":100.000000000,"avg":100.000000000,"var":0.000000000,"sum":175700.000000000},"progress_without_timeout":{"num":0,"min":0.000000000,"max":0.000000000,"avg":0.000000000,"var":0.000000000,"sum":0.000000000},"trigger":{"num":1751,"min":0.000000238,"max":0.000009298,"avg":0.000000307,"var":0.000000000,"sum":0.000537634}},"rpcs":{"65535:65535:7940397281847607295:2":{"rpc_id":7940397281847607295,"provider_id":2,"parent_rpc_id":65535,"parent_provider_id":65535,"name":"__identity__","origin":{"sent to ofi+cxi://0x06a6000d":{"iforward":{"duration":{"num":1,"min":0.000114679,"max":0.000114679,"avg":0.000114679,"var":0.000000000,"sum":0.000114679},"relative_timestamp_from_create":{"num":1,"min":0.000003815,"max":0.000003815,"avg":0.000003815,"var":0.000000000,"sum":0.000003815}},"forward_cb":{"duration":{"num":1,"min":0.000002861,"max":0.000002861,"avg":0.000002861,"var":0.000000000,"sum":0.000002861},"relative_timestamp_from_iforward_start":{"num":1,"min":0.024987221,"max":0.024987221,"avg":0.024987221,"var":0.000000000,"sum":0.024987221}},"iforward_wait":{"duration":{"num":1,"min":0.024881601,"max":0.024881601,"avg":0.024881601,"var":0.000000000,"sum":0.024881601},"relative_timestamp_from_iforward_end":{"num":1,"min":0.000000238,"max":0.000000238,"avg":0.000000238,"var":0.000000000,"sum":0.000000238}},"set_input":{"duration":{"num":0,"min":0.000000000,"max":0.000000000,"avg":0.000000000,"var":0.000000000,"sum":0.000000000},"relative_timestamp_from_iforward_start":{"num":0,"min":0.000000000,"max":0.000000000,"avg":0.000000000,"var":0.000000000,"sum":0.000000000}},"get_output":{"duration":{"num":1,"min":0.000019789,"max":0.000019789,"avg":0.000019789,"var":0.000000000,"sum":0.000019789},"relative_timestamp_from_wait_end":{"num":1,"min":0.000001431,"max":0.000001431,"avg":0.000001431,"var":0.000000000,"sum":0.000001431}}}}},"65535:65535:9722976651498815487:2":{"rpc_id":9722976651498815487,"provider_id":2,"parent_rpc_id":65535,"parent_provider_id":65535,"name":"flock_get_view","origin":{"sent to ofi+cxi://0x06a6000d":{"iforward":{"duration":{"num":2,"min":0.000021219,"max":0.000046015,"avg":0.000033617,"var":0.000000000,"sum":0.000067234},"relative_timestamp_from_create":{"num":2,"min":0.000000715,"max":0.000001431,"avg":0.000001073,"var":0.000000000,"sum":0.000002146}},"forward_cb":{"duration":{"num":2,"min":0.000000238,"max":0.000000954,"avg":0.000000596,"var":0.000000000,"sum":0.000001192},"relative_timestamp_from_iforward_start":{"num":2,"min":0.038246870,"max":0.105046749,"avg":0.071646810,"var":0.002231112,"sum":0.143293619}},"iforward_wait":{"duration":{"num":2,"min":0.038226128,"max":0.105002880,"avg":0.071614504,"var":0.002229567,"sum":0.143229008},"relative_timestamp_from_iforward_end":{"num":2,"min":0.000000238,"max":0.000001192,"avg":0.000000715,"var":0.000000000,"sum":0.000001431}},"set_input":{"duration":{"num":2,"min":0.000000238,"max":0.000000238,"avg":0.000000238,"var":0.000000000,"sum":0.000000477},"relative_timestamp_from_iforward_start":{"num":2,"min":0.000007868,"max":0.000018120,"avg":0.000012994,"var":0.000000000,"sum":0.000025988}},"get_output":{"duration":{"num":2,"min":0.000001192,"max":0.000056267,"avg":0.000028729,"var":0.000000002,"sum":0.000057459},"relative_timestamp_from_wait_end":{"num":2,"min":0.000000477,"max":0.000002384,"avg":0.000001431,"var":0.000000000,"sum":0.000002861}}}}},"65535:65535:3669993900245843967:1":{"rpc_id":3669993900245843967,"provider_id":1,"parent_rpc_id":65535,"parent_provider_id":65535,"name":"qtn_work_rpc","origin":{"sent to ofi+cxi://0x06a7e40e":{"iforward":{"duration":{"num":1747,"min":0.000001431,"max":0.000032663,"avg":0.000001773,"var":0.000000004,"sum":0.003097057},"relative_timestamp_from_create":{"num":1747,"min":0.000002384,"max":0.001377821,"avg":0.000003591,"var":0.000001890,"sum":0.006273746}},"forward_cb":{"duration":{"num":1747,"min":0.000000000,"max":0.000001192,"avg":0.000000128,"var":0.000000000,"sum":0.000224113},"relative_timestamp_from_iforward_start":{"num":1747,"min":0.000243664,"max":0.038341045,"avg":0.006670435,"var":0.029866888,"sum":11.653249741}},"iforward_wait":{"duration":{"num":1747,"min":0.000242710,"max":0.038339853,"avg":0.006669079,"var":0.029867372,"sum":11.650880575},"relative_timestamp_from_iforward_end":{"num":1747,"min":0.000000000,"max":0.000000715,"avg":0.000000205,"var":0.000000000,"sum":0.000358582}},"set_input":{"duration":{"num":1747,"min":0.000000000,"max":0.000004530,"avg":0.000000126,"var":0.000000000,"sum":0.000219822},"relative_timestamp_from_iforward_start":{"num":1747,"min":0.000000477,"max":0.000009775,"avg":0.000000714,"var":0.000000000,"sum":0.001247168}},"get_output":{"duration":{"num":1747,"min":0.000000000,"max":0.000000477,"avg":0.000000085,"var":0.000000000,"sum":0.000148296},"relative_timestamp_from_wait_end":{"num":1747,"min":0.000000000,"max":0.000002623,"avg":0.000000163,"var":0.000000000,"sum":0.000285149}}}}},"65535:65535:65535:65535":{"rpc_id":65535,"provider_id":65535,"parent_rpc_id":65535,"parent_provider_id":65535,"name":"","target":{"received from <unknown>":{"bulk":{"create":{"duration":{"num":1747,"min":0.000002384,"max":0.001373768,"avg":0.000003388,"var":0.000001879,"sum":0.005919456},"size":{"num":1747,"min":4194304.000000000,"max":4194304.000000000,"avg":4194304.000000000,"var":0.000000000,"sum":7327449088.000000000}}}}}}}}