{"address":"","progress_loop":{"progress_with_timeout":{"num":1877,"min":0.000002384,"max":0.101326942,"avg":0.005939743,"var":0.025288881,"sum":11.148898363},"progress_timeout_value_msec":{"num":1877,"min":100.000000000,"max":100.000000000,"avg":100.000000000,"var":0.000000000,"sum":187700.000000000},"progress_without_timeout":{"num":0,"min":0.000000000,"max":0.000000000,"avg":0.000000000,"var":0.000000000,"sum":0.000000000},"trigger":{"num":1870,"min":0.000000238,"max":0.000008821,"avg":0.000000297,"var":0.000000000,"sum":0.000554800}},"rpcs":{"65535:65535:7940397281847607295:2":{"rpc_id":7940397281847607295,"provider_id":2,"parent_rpc_id":65535,"parent_provider_id":65535,"name":"__identity__","origin":{"sent to ofi+cxi://0x06a6000d":{"iforward":{"duration":{"num":1,"min":0.000711918,"max":0.000711918,"avg":0.000711918,"var":0.000000000,"sum":0.000711918},"relative_timestamp_from_create":{"num":1,"min":0.000003815,"max":0.000003815,"avg":0.000003815,"var":0.000000000,"sum":0.000003815}},"forward_cb":{"duration":{"num":1,"min":0.000002384,"max":0.000002384,"avg":0.000002384,"var":0.000000000,"sum":0.000002384},"relative_timestamp_from_iforward_start":{"num":1,"min":0.024538517,"max":0.024538517,"avg":0.024538517,"var":0.000000000,"sum":0.024538517}},"iforward_wait":{"duration":{"num":1,"min":0.023835659,"max":0.023835659,"avg":0.023835659,"var":0.000000000,"sum":0.023835659},"relative_timestamp_from_iforward_end":{"num":1,"min":0.000000238,"max":0.000000238,"avg":0.000000238,"var":0.000000000,"sum":0.000000238}},"set_input":{"duration":{"num":0,"min":0.000000000,"max":0.000000000,"avg":0.000000000,"var":0.000000000,"sum":0.000000000},"relative_timestamp_from_iforward_start":{"num":0,"min":0.000000000,"max":0.000000000,"avg":0.000000000,"var":0.000000000,"sum":0.000000000}},"get_output":{"duration":{"num":1,"min":0.000018120,"max":0.000018120,"avg":0.000018120,"var":0.000000000,"sum":0.000018120},"relative_timestamp_from_wait_end":{"num":1,"min":0.000001907,"max":0.000001907,"avg":0.000001907,"var":0.000000000,"sum":0.000001907}}}}},"65535:65535:9722976651498815487:2":{"rpc_id":9722976651498815487,"provider_id":2,"parent_rpc_id":65535,"parent_provider_id":65535,"name":"flock_get_view","origin":{"sent to ofi+cxi://0x06a6000d":{"iforward":{"duration":{"num":2,"min":0.000019312,"max":0.000044107,"avg":0.000031710,"var":0.000000000,"sum":0.000063419},"relative_timestamp_from_create":{"num":2,"min":0.000000715,"max":0.000001907,"avg":0.000001311,"var":0.000000000,"sum":0.000002623}},"forward_cb":{"duration":{"num":2,"min":0.000000000,"max":0.000000715,"avg":0.000000358,"var":0.000000000,"sum":0.000000715},"relative_timestamp_from_iforward_start":{"num":2,"min":0.044438362,"max":0.096652508,"avg":0.070545435,"var":0.001363159,"sum":0.141090870}},"iforward_wait":{"duration":{"num":2,"min":0.044419527,"max":0.096610546,"avg":0.070515037,"var":0.001361951,"sum":0.141030073},"relative_timestamp_from_iforward_end":{"num":2,"min":0.000000238,"max":0.000001431,"avg":0.000000834,"var":0.000000000,"sum":0.000001669}},"set_input":{"duration":{"num":2,"min":0.000000238,"max":0.000000238,"avg":0.000000238,"var":0.000000000,"sum":0.000000477},"relative_timestamp_from_iforward_start":{"num":2,"min":0.000006199,"max":0.000012875,"avg":0.000009537,"var":0.000000000,"sum":0.000019073}},"get_output":{"duration":{"num":2,"min":0.000000477,"max":0.000055075,"avg":0.000027776,"var":0.000000001,"sum":0.000055552},"relative_timestamp_from_wait_end":{"num":2,"min":0.000000477,"max":0.000002146,"avg":0.000001311,"var":0.000000000,"sum":0.000002623}}}}},"65535:65535:3669993900245843967:1":{"rpc_id":3669993900245843967,"provider_id":1,"parent_rpc_id":65535,"parent_provider_id":65535,"name":"qtn_work_rpc","origin":{"sent to ofi+cxi://0x06a6a215":{"iforward":{"duration":{"num":1866,"min":0.000001431,"max":0.000033855,"avg":0.000001798,"var":0.000000004,"sum":0.003354549},"relative_timestamp_from_create":{"num":1866,"min":0.000002384,"max":0.001410961,"avg":0.000003626,"var":0.000001982,"sum":0.006766319}},"forward_cb":{"duration":{"num":1866,"min":0.000000000,"max":0.000001192,"avg":0.000000126,"var":0.000000000,"sum":0.000236034},"relative_timestamp_from_iforward_start":{"num":1866,"min":0.000624418,"max":0.029318810,"avg":0.005834560,"var":0.005912782,"sum":10.887289762}},"iforward_wait":{"duration":{"num":1866,"min":0.000623465,"max":0.029317856,"avg":0.005833186,"var":0.005913028,"sum":10.884724855},"relative_timestamp_from_iforward_end":{"num":1866,"min":0.000000000,"max":0.000000477,"avg":0.000000173,"var":0.000000000,"sum":0.000322342}},"set_input":{"duration":{"num":1866,"min":0.000000000,"max":0.000005007,"avg":0.000000115,"var":0.000000000,"sum":0.000214338},"relative_timestamp_from_iforward_start":{"num":1866,"min":0.000000477,"max":0.000006914,"avg":0.000000744,"var":0.000000000,"sum":0.001387596}},"get_output":{"duration":{"num":1866,"min":0.000000000,"max":0.000000477,"avg":0.000000091,"var":0.000000000,"sum":0.000169039},"relative_timestamp_from_wait_end":{"num":1866,"min":0.000000000,"max":0.000002384,"avg":0.000000160,"var":0.000000000,"sum":0.000299215}}}}},"65535:65535:65535:65535":{"rpc_id":65535,"provider_id":65535,"parent_rpc_id":65535,"parent_provider_id":65535,"name":"","target":{"received from <unknown>":{"bulk":{"create":{"duration":{"num":1866,"min":0.000002384,"max":0.001403093,"avg":0.000003412,"var":0.000001960,"sum":0.006367445},"size":{"num":1866,"min":4194304.000000000,"max":4194304.000000000,"avg":4194304.000000000,"var":0.000000000,"sum":7826571264.000000000}}}}}}}}