{"address":"","progress_loop":{"progress_with_timeout":{"num":18699,"min":0.000000954,"max":0.102317333,"avg":0.000290198,"var":0.025993074,"sum":5.426410913},"progress_timeout_value_msec":{"num":18699,"min":100.000000000,"max":100.000000000,"avg":100.000000000,"var":0.000000000,"sum":1869900.000000000},"progress_without_timeout":{"num":0,"min":0.000000000,"max":0.000000000,"avg":0.000000000,"var":0.000000000,"sum":0.000000000},"trigger":{"num":18680,"min":0.000000238,"max":0.000008821,"avg":0.000000267,"var":0.000000000,"sum":0.004982471}},"rpcs":{"65535:65535:7940397281847607295:2":{"rpc_id":7940397281847607295,"provider_id":2,"parent_rpc_id":65535,"parent_provider_id":65535,"name":"__identity__","origin":{"sent to ofi+cxi://0x06a6000d":{"iforward":{"duration":{"num":1,"min":0.000077009,"max":0.000077009,"avg":0.000077009,"var":0.000000000,"sum":0.000077009},"relative_timestamp_from_create":{"num":1,"min":0.000003099,"max":0.000003099,"avg":0.000003099,"var":0.000000000,"sum":0.000003099}},"forward_cb":{"duration":{"num":1,"min":0.000002146,"max":0.000002146,"avg":0.000002146,"var":0.000000000,"sum":0.000002146},"relative_timestamp_from_iforward_start":{"num":1,"min":0.051068068,"max":0.051068068,"avg":0.051068068,"var":0.000000000,"sum":0.051068068}},"iforward_wait":{"duration":{"num":1,"min":0.050998688,"max":0.050998688,"avg":0.050998688,"var":0.000000000,"sum":0.050998688},"relative_timestamp_from_iforward_end":{"num":1,"min":0.000000238,"max":0.000000238,"avg":0.000000238,"var":0.000000000,"sum":0.000000238}},"set_input":{"duration":{"num":0,"min":0.000000000,"max":0.000000000,"avg":0.000000000,"var":0.000000000,"sum":0.000000000},"relative_timestamp_from_iforward_start":{"num":0,"min":0.000000000,"max":0.000000000,"avg":0.000000000,"var":0.000000000,"sum":0.000000000}},"get_output":{"duration":{"num":1,"min":0.000016451,"max":0.000016451,"avg":0.000016451,"var":0.000000000,"sum":0.000016451},"relative_timestamp_from_wait_end":{"num":1,"min":0.000001431,"max":0.000001431,"avg":0.000001431,"var":0.000000000,"sum":0.000001431}}}}},"65535:65535:9722976651498815487:2":{"rpc_id":9722976651498815487,"provider_id":2,"parent_rpc_id":65535,"parent_provider_id":65535,"name":"flock_get_view","origin":{"sent to ofi+cxi://0x06a6000d":{"iforward":{"duration":{"num":2,"min":0.000019312,"max":0.000040531,"avg":0.000029922,"var":0.000000000,"sum":0.000059843},"relative_timestamp_from_create":{"num":2,"min":0.000000477,"max":0.000001907,"avg":0.000001192,"var":0.000000000,"sum":0.000002384}},"forward_cb":{"duration":{"num":2,"min":0.000000000,"max":0.000000715,"avg":0.000000358,"var":0.000000000,"sum":0.000000715},"relative_timestamp_from_iforward_start":{"num":2,"min":0.034910202,"max":0.119475603,"avg":0.077192903,"var":0.003575654,"sum":0.154385805}},"iforward_wait":{"duration":{"num":2,"min":0.034891367,"max":0.119436741,"avg":0.077164054,"var":0.003573960,"sum":0.154328108},"relative_timestamp_from_iforward_end":{"num":2,"min":0.000000238,"max":0.000001431,"avg":0.000000834,"var":0.000000000,"sum":0.000001669}},"set_input":{"duration":{"num":2,"min":0.000000238,"max":0.000000238,"avg":0.000000238,"var":0.000000000,"sum":0.000000477},"relative_timestamp_from_iforward_start":{"num":2,"min":0.000005960,"max":0.000011444,"avg":0.000008702,"var":0.000000000,"sum":0.000017405}},"get_output":{"duration":{"num":2,"min":0.000000477,"max":0.000055790,"avg":0.000028133,"var":0.000000002,"sum":0.000056267},"relative_timestamp_from_wait_end":{"num":2,"min":0.000000238,"max":0.000001907,"avg":0.000001073,"var":0.000000000,"sum":0.000002146}}}}},"65535:65535:3669993900245843967:1":{"rpc_id":3669993900245843967,"provider_id":1,"parent_rpc_id":65535,"parent_provider_id":65535,"name":"qtn_work_rpc","origin":{"sent to ofi+cxi://0x06a7a418":{"iforward":{"duration":{"num":18676,"min":0.000001431,"max":0.000036001,"avg":0.000001621,"var":0.000000005,"sum":0.030267000},"relative_timestamp_from_create":{"num":18676,"min":0.000000000,"max":0.000000954,"avg":0.000000073,"var":0.000000000,"sum":0.001363277}},"forward_cb":{"duration":{"num":18676,"min":0.000000000,"max":0.000001192,"avg":0.000000117,"var":0.000000000,"sum":0.002175808},"relative_timestamp_from_iforward_start":{"num":18676,"min":0.000009298,"max":0.001961470,"avg":0.000276274,"var":0.001355469,"sum":5.159695864}},"iforward_wait":{"duration":{"num":18676,"min":0.000007868,"max":0.001960516,"avg":0.000275009,"var":0.001355509,"sum":5.136070490},"relative_timestamp_from_iforward_end":{"num":18676,"min":0.000000000,"max":0.000002384,"avg":0.000000177,"var":0.000000000,"sum":0.003311872}},"set_input":{"duration":{"num":18676,"min":0.000000000,"max":0.000001669,"avg":0.000000070,"var":0.000000000,"sum":0.001300097},"relative_timestamp_from_iforward_start":{"num":18676,"min":0.000000477,"max":0.000007868,"avg":0.000000703,"var":0.000000000,"sum":0.013125420}},"get_output":{"duration":{"num":18676,"min":0.000000000,"max":0.000002861,"avg":0.000000085,"var":0.000000000,"sum":0.001590252},"relative_timestamp_from_wait_end":{"num":18676,"min":0.000000000,"max":0.000001431,"avg":0.000000155,"var":0.000000000,"sum":0.002888441}}}}}}}