{"address":"","progress_loop":{"progress_with_timeout":{"num":14963,"min":0.000001431,"max":2.695776463,"avg":0.000361148,"var":7.291228151,"sum":5.403859854},"progress_timeout_value_msec":{"num":14963,"min":100.000000000,"max":100.000000000,"avg":100.000000000,"var":0.000000000,"sum":1496300.000000000},"progress_without_timeout":{"num":0,"min":0.000000000,"max":0.000000000,"avg":0.000000000,"var":0.000000000,"sum":0.000000000},"trigger":{"num":14926,"min":0.000000238,"max":0.000008583,"avg":0.000000270,"var":0.000000000,"sum":0.004028797}},"rpcs":{"65535:65535:7940397281847607295:2":{"rpc_id":7940397281847607295,"provider_id":2,"parent_rpc_id":65535,"parent_provider_id":65535,"name":"__identity__","origin":{"sent to ofi+cxi://0x06a6000d":{"iforward":{"duration":{"num":1,"min":0.000127792,"max":0.000127792,"avg":0.000127792,"var":0.000000000,"sum":0.000127792},"relative_timestamp_from_create":{"num":1,"min":0.001886129,"max":0.001886129,"avg":0.001886129,"var":0.000000000,"sum":0.001886129}},"forward_cb":{"duration":{"num":1,"min":0.000001907,"max":0.000001907,"avg":0.000001907,"var":0.000000000,"sum":0.000001907},"relative_timestamp_from_iforward_start":{"num":1,"min":0.039893150,"max":0.039893150,"avg":0.039893150,"var":0.000000000,"sum":0.039893150}},"iforward_wait":{"duration":{"num":1,"min":0.039772749,"max":0.039772749,"avg":0.039772749,"var":0.000000000,"sum":0.039772749},"relative_timestamp_from_iforward_end":{"num":1,"min":0.000000238,"max":0.000000238,"avg":0.000000238,"var":0.000000000,"sum":0.000000238}},"set_input":{"duration":{"num":0,"min":0.000000000,"max":0.000000000,"avg":0.000000000,"var":0.000000000,"sum":0.000000000},"relative_timestamp_from_iforward_start":{"num":0,"min":0.000000000,"max":0.000000000,"avg":0.000000000,"var":0.000000000,"sum":0.000000000}},"get_output":{"duration":{"num":1,"min":0.000016451,"max":0.000016451,"avg":0.000016451,"var":0.000000000,"sum":0.000016451},"relative_timestamp_from_wait_end":{"num":1,"min":0.000001431,"max":0.000001431,"avg":0.000001431,"var":0.000000000,"sum":0.000001431}}}}},"65535:65535:9722976651498815487:2":{"rpc_id":9722976651498815487,"provider_id":2,"parent_rpc_id":65535,"parent_provider_id":65535,"name":"flock_get_view","origin":{"sent to ofi+cxi://0x06a6000d":{"iforward":{"duration":{"num":2,"min":0.000018120,"max":0.000045061,"avg":0.000031590,"var":0.000000000,"sum":0.000063181},"relative_timestamp_from_create":{"num":2,"min":0.000001431,"max":0.000002384,"avg":0.000001907,"var":0.000000000,"sum":0.000003815}},"forward_cb":{"duration":{"num":2,"min":0.000000954,"max":0.000000954,"avg":0.000000954,"var":0.000000000,"sum":0.000001907},"relative_timestamp_from_iforward_start":{"num":2,"min":0.049829006,"max":0.112100124,"avg":0.080964565,"var":0.001938846,"sum":0.161929131}},"iforward_wait":{"duration":{"num":2,"min":0.049814939,"max":0.112056494,"avg":0.080935717,"var":0.001937006,"sum":0.161871433},"relative_timestamp_from_iforward_end":{"num":2,"min":0.000000238,"max":0.000001431,"avg":0.000000834,"var":0.000000000,"sum":0.000001669}},"set_input":{"duration":{"num":2,"min":0.000000238,"max":0.000000238,"avg":0.000000238,"var":0.000000000,"sum":0.000000477},"relative_timestamp_from_iforward_start":{"num":2,"min":0.000006199,"max":0.000015736,"avg":0.000010967,"var":0.000000000,"sum":0.000021935}},"get_output":{"duration":{"num":2,"min":0.000001431,"max":0.000057220,"avg":0.000029325,"var":0.000000002,"sum":0.000058651},"relative_timestamp_from_wait_end":{"num":2,"min":0.000001192,"max":0.000001907,"avg":0.000001550,"var":0.000000000,"sum":0.000003099}}}}},"65535:65535:3669993900245843967:1":{"rpc_id":3669993900245843967,"provider_id":1,"parent_rpc_id":65535,"parent_provider_id":65535,"name":"qtn_work_rpc","origin":{"sent to ofi+cxi://0x06a64415":{"iforward":{"duration":{"num":14922,"min":0.000001192,"max":0.000041723,"avg":0.000001555,"var":0.000000005,"sum":0.023203135},"relative_timestamp_from_create":{"num":14922,"min":0.000000000,"max":0.000000954,"avg":0.000000080,"var":0.000000000,"sum":0.001195908}},"forward_cb":{"duration":{"num":14922,"min":0.000000000,"max":0.000001192,"avg":0.000000119,"var":0.000000000,"sum":0.001777411},"relative_timestamp_from_iforward_start":{"num":14922,"min":0.000008583,"max":2.695780754,"avg":0.000343826,"var":7.266252735,"sum":5.130577803}},"iforward_wait":{"duration":{"num":14922,"min":0.000007391,"max":2.695781708,"avg":0.000342642,"var":7.266264247,"sum":5.112906933},"relative_timestamp_from_iforward_end":{"num":14922,"min":0.000000000,"max":0.000000238,"avg":0.000000180,"var":0.000000000,"sum":0.002683401}},"set_input":{"duration":{"num":14922,"min":0.000000000,"max":0.000001907,"avg":0.000000079,"var":0.000000000,"sum":0.001172543},"relative_timestamp_from_iforward_start":{"num":14922,"min":0.000000477,"max":0.000010490,"avg":0.000000681,"var":0.000000000,"sum":0.010158777}},"get_output":{"duration":{"num":14922,"min":0.000000000,"max":0.000001192,"avg":0.000000088,"var":0.000000000,"sum":0.001310349},"relative_timestamp_from_wait_end":{"num":14922,"min":0.000000000,"max":0.000003099,"avg":0.000000156,"var":0.000000000,"sum":0.002332211}}}}}}}