{"address":"","progress_loop":{"progress_with_timeout":{"num":1699,"min":0.000001192,"max":0.101198912,"avg":0.006432520,"var":0.024633338,"sum":10.928850889},"progress_timeout_value_msec":{"num":1699,"min":100.000000000,"max":100.000000000,"avg":100.000000000,"var":0.000000000,"sum":169900.000000000},"progress_without_timeout":{"num":0,"min":0.000000000,"max":0.000000000,"avg":0.000000000,"var":0.000000000,"sum":0.000000000},"trigger":{"num":1694,"min":0.000000238,"max":0.000009775,"avg":0.000000296,"var":0.000000000,"sum":0.000501394}},"rpcs":{"65535:65535:7940397281847607295:2":{"rpc_id":7940397281847607295,"provider_id":2,"parent_rpc_id":65535,"parent_provider_id":65535,"name":"__identity__","origin":{"sent to ofi+cxi://0x06a6000d":{"iforward":{"duration":{"num":1,"min":0.000080109,"max":0.000080109,"avg":0.000080109,"var":0.000000000,"sum":0.000080109},"relative_timestamp_from_create":{"num":1,"min":0.000003338,"max":0.000003338,"avg":0.000003338,"var":0.000000000,"sum":0.000003338}},"forward_cb":{"duration":{"num":1,"min":0.000000954,"max":0.000000954,"avg":0.000000954,"var":0.000000000,"sum":0.000000954},"relative_timestamp_from_iforward_start":{"num":1,"min":0.001011610,"max":0.001011610,"avg":0.001011610,"var":0.000000000,"sum":0.001011610}},"iforward_wait":{"duration":{"num":1,"min":0.000935793,"max":0.000935793,"avg":0.000935793,"var":0.000000000,"sum":0.000935793},"relative_timestamp_from_iforward_end":{"num":1,"min":0.000000238,"max":0.000000238,"avg":0.000000238,"var":0.000000000,"sum":0.000000238}},"set_input":{"duration":{"num":0,"min":0.000000000,"max":0.000000000,"avg":0.000000000,"var":0.000000000,"sum":0.000000000},"relative_timestamp_from_iforward_start":{"num":0,"min":0.000000000,"max":0.000000000,"avg":0.000000000,"var":0.000000000,"sum":0.000000000}},"get_output":{"duration":{"num":1,"min":0.000052214,"max":0.000052214,"avg":0.000052214,"var":0.000000000,"sum":0.000052214},"relative_timestamp_from_wait_end":{"num":1,"min":0.000001192,"max":0.000001192,"avg":0.000001192,"var":0.000000000,"sum":0.000001192}}}}},"65535:65535:9722976651498815487:2":{"rpc_id":9722976651498815487,"provider_id":2,"parent_rpc_id":65535,"parent_provider_id":65535,"name":"flock_get_view","origin":{"sent to ofi+cxi://0x06a6000d":{"iforward":{"duration":{"num":2,"min":0.000020742,"max":0.000024319,"avg":0.000022531,"var":0.000000000,"sum":0.000045061},"relative_timestamp_from_create":{"num":2,"min":0.000000715,"max":0.000001669,"avg":0.000001192,"var":0.000000000,"sum":0.000002384}},"forward_cb":{"duration":{"num":2,"min":0.000000000,"max":0.000001192,"avg":0.000000596,"var":0.000000000,"sum":0.000001192},"relative_timestamp_from_iforward_start":{"num":2,"min":0.005945921,"max":0.028618097,"avg":0.017282009,"var":0.000257014,"sum":0.034564018}},"iforward_wait":{"duration":{"num":2,"min":0.005923986,"max":0.028597832,"avg":0.017260909,"var":0.000257052,"sum":0.034521818},"relative_timestamp_from_iforward_end":{"num":2,"min":0.000000238,"max":0.000001192,"avg":0.000000715,"var":0.000000000,"sum":0.000001431}},"set_input":{"duration":{"num":2,"min":0.000000238,"max":0.000006676,"avg":0.000003457,"var":0.000000000,"sum":0.000006914},"relative_timestamp_from_iforward_start":{"num":2,"min":0.000005007,"max":0.000007153,"avg":0.000006080,"var":0.000000000,"sum":0.000012159}},"get_output":{"duration":{"num":2,"min":0.000000477,"max":0.000056267,"avg":0.000028372,"var":0.000000002,"sum":0.000056744},"relative_timestamp_from_wait_end":{"num":2,"min":0.000000238,"max":0.000002384,"avg":0.000001311,"var":0.000000000,"sum":0.000002623}}}}},"65535:65535:3669993900245843967:1":{"rpc_id":3669993900245843967,"provider_id":1,"parent_rpc_id":65535,"parent_provider_id":65535,"name":"qtn_work_rpc","origin":{"sent to ofi+cxi://0x06a7e20d":{"iforward":{"duration":{"num":1690,"min":0.000001431,"max":0.000032902,"avg":0.000001798,"var":0.000000004,"sum":0.003037930},"relative_timestamp_from_create":{"num":1690,"min":0.000002623,"max":0.001285076,"avg":0.000003662,"var":0.000001643,"sum":0.006189585}},"forward_cb":{"duration":{"num":1690,"min":0.000000000,"max":0.000001192,"avg":0.000000134,"var":0.000000000,"sum":0.000226021},"relative_timestamp_from_iforward_start":{"num":1690,"min":0.000198841,"max":0.029096603,"avg":0.006388328,"var":0.014916791,"sum":10.796273708}},"iforward_wait":{"duration":{"num":1690,"min":0.000193357,"max":0.029095173,"avg":0.006386950,"var":0.014920537,"sum":10.793945789},"relative_timestamp_from_iforward_end":{"num":1690,"min":0.000000000,"max":0.000000954,"avg":0.000000185,"var":0.000000000,"sum":0.000312328}},"set_input":{"duration":{"num":1690,"min":0.000000000,"max":0.000005007,"avg":0.000000135,"var":0.000000000,"sum":0.000228167},"relative_timestamp_from_iforward_start":{"num":1690,"min":0.000000477,"max":0.000007153,"avg":0.000000715,"var":0.000000000,"sum":0.001208067}},"get_output":{"duration":{"num":1690,"min":0.000000000,"max":0.000000477,"avg":0.000000084,"var":0.000000000,"sum":0.000141859},"relative_timestamp_from_wait_end":{"num":1690,"min":0.000000000,"max":0.000002861,"avg":0.000000165,"var":0.000000000,"sum":0.000278473}}}}},"65535:65535:65535:65535":{"rpc_id":65535,"provider_id":65535,"parent_rpc_id":65535,"parent_provider_id":65535,"name":"","target":{"received from <unknown>":{"bulk":{"create":{"duration":{"num":1690,"min":0.000002384,"max":0.001281500,"avg":0.000003458,"var":0.000001635,"sum":0.005844831},"size":{"num":1690,"min":4194304.000000000,"max":4194304.000000000,"avg":4194304.000000000,"var":0.000000000,"sum":7088373760.000000000}}}}}}}}