{"address":"","progress_loop":{"progress_with_timeout":{"num":22570,"min":0.000000954,"max":0.104090929,"avg":0.000237507,"var":0.024302772,"sum":5.360526800},"progress_timeout_value_msec":{"num":22570,"min":100.000000000,"max":100.000000000,"avg":100.000000000,"var":0.000000000,"sum":2257000.000000000},"progress_without_timeout":{"num":0,"min":0.000000000,"max":0.000000000,"avg":0.000000000,"var":0.000000000,"sum":0.000000000},"trigger":{"num":22504,"min":0.000000238,"max":0.000008345,"avg":0.000000272,"var":0.000000000,"sum":0.006118298}},"rpcs":{"65535:65535:7940397281847607295:2":{"rpc_id":7940397281847607295,"provider_id":2,"parent_rpc_id":65535,"parent_provider_id":65535,"name":"__identity__","origin":{"sent to ofi+cxi://0x06a6000d":{"iforward":{"duration":{"num":1,"min":0.000121832,"max":0.000121832,"avg":0.000121832,"var":0.000000000,"sum":0.000121832},"relative_timestamp_from_create":{"num":1,"min":0.000004530,"max":0.000004530,"avg":0.000004530,"var":0.000000000,"sum":0.000004530}},"forward_cb":{"duration":{"num":1,"min":0.000002384,"max":0.000002384,"avg":0.000002384,"var":0.000000000,"sum":0.000002384},"relative_timestamp_from_iforward_start":{"num":1,"min":0.003166676,"max":0.003166676,"avg":0.003166676,"var":0.000000000,"sum":0.003166676}},"iforward_wait":{"duration":{"num":1,"min":0.003053904,"max":0.003053904,"avg":0.003053904,"var":0.000000000,"sum":0.003053904},"relative_timestamp_from_iforward_end":{"num":1,"min":0.000000238,"max":0.000000238,"avg":0.000000238,"var":0.000000000,"sum":0.000000238}},"set_input":{"duration":{"num":0,"min":0.000000000,"max":0.000000000,"avg":0.000000000,"var":0.000000000,"sum":0.000000000},"relative_timestamp_from_iforward_start":{"num":0,"min":0.000000000,"max":0.000000000,"avg":0.000000000,"var":0.000000000,"sum":0.000000000}},"get_output":{"duration":{"num":1,"min":0.000010014,"max":0.000010014,"avg":0.000010014,"var":0.000000000,"sum":0.000010014},"relative_timestamp_from_wait_end":{"num":1,"min":0.000001431,"max":0.000001431,"avg":0.000001431,"var":0.000000000,"sum":0.000001431}}}}},"65535:65535:9722976651498815487:2":{"rpc_id":9722976651498815487,"provider_id":2,"parent_rpc_id":65535,"parent_provider_id":65535,"name":"flock_get_view","origin":{"sent to ofi+cxi://0x06a6000d":{"iforward":{"duration":{"num":2,"min":0.000012398,"max":0.000042200,"avg":0.000027299,"var":0.000000000,"sum":0.000054598},"relative_timestamp_from_create":{"num":2,"min":0.000000238,"max":0.000001669,"avg":0.000000954,"var":0.000000000,"sum":0.000001907}},"forward_cb":{"duration":{"num":2,"min":0.000000715,"max":0.000000954,"avg":0.000000834,"var":0.000000000,"sum":0.000001669},"relative_timestamp_from_iforward_start":{"num":2,"min":0.038723707,"max":0.108681679,"avg":0.073702693,"var":0.002447059,"sum":0.147405386}},"iforward_wait":{"duration":{"num":2,"min":0.038681507,"max":0.108672380,"avg":0.073676944,"var":0.002449361,"sum":0.147353888},"relative_timestamp_from_iforward_end":{"num":2,"min":0.000000238,"max":0.000001431,"avg":0.000000834,"var":0.000000000,"sum":0.000001669}},"set_input":{"duration":{"num":2,"min":0.000000238,"max":0.000000477,"avg":0.000000358,"var":0.000000000,"sum":0.000000715},"relative_timestamp_from_iforward_start":{"num":2,"min":0.000001669,"max":0.000012398,"avg":0.000007033,"var":0.000000000,"sum":0.000014067}},"get_output":{"duration":{"num":2,"min":0.000001192,"max":0.000063419,"avg":0.000032306,"var":0.000000002,"sum":0.000064611},"relative_timestamp_from_wait_end":{"num":2,"min":0.000001192,"max":0.000001431,"avg":0.000001311,"var":0.000000000,"sum":0.000002623}}}}},"65535:65535:3669993900245843967:1":{"rpc_id":3669993900245843967,"provider_id":1,"parent_rpc_id":65535,"parent_provider_id":65535,"name":"qtn_work_rpc","origin":{"sent to ofi+cxi://0x06a7e416":{"iforward":{"duration":{"num":22500,"min":0.000001192,"max":0.000053406,"avg":0.000001524,"var":0.000000009,"sum":0.034287930},"relative_timestamp_from_create":{"num":22500,"min":0.000000000,"max":0.000001192,"avg":0.000000074,"var":0.000000000,"sum":0.001655579}},"forward_cb":{"duration":{"num":22500,"min":0.000000000,"max":0.000001669,"avg":0.000000123,"var":0.000000000,"sum":0.002771854},"relative_timestamp_from_iforward_start":{"num":22500,"min":0.000008345,"max":0.000972986,"avg":0.000229101,"var":0.001559205,"sum":5.154775381}},"iforward_wait":{"duration":{"num":22500,"min":0.000004530,"max":0.000971556,"avg":0.000227942,"var":0.001559125,"sum":5.128691912},"relative_timestamp_from_iforward_end":{"num":22500,"min":0.000000000,"max":0.000006199,"avg":0.000000183,"var":0.000000000,"sum":0.004127264}},"set_input":{"duration":{"num":22500,"min":0.000000000,"max":0.000002861,"avg":0.000000074,"var":0.000000000,"sum":0.001657248},"relative_timestamp_from_iforward_start":{"num":22500,"min":0.000000477,"max":0.000017881,"avg":0.000000690,"var":0.000000001,"sum":0.015531063}},"get_output":{"duration":{"num":22500,"min":0.000000000,"max":0.000000954,"avg":0.000000089,"var":0.000000000,"sum":0.002001286},"relative_timestamp_from_wait_end":{"num":22500,"min":0.000000000,"max":0.000003099,"avg":0.000000156,"var":0.000000000,"sum":0.003499746}}}}}}}