{"address":"","progress_loop":{"progress_with_timeout":{"num":32999,"min":0.000001192,"max":0.102788210,"avg":0.000161848,"var":0.026243749,"sum":5.340828419},"progress_timeout_value_msec":{"num":32999,"min":100.000000000,"max":100.000000000,"avg":100.000000000,"var":0.000000000,"sum":3299900.000000000},"progress_without_timeout":{"num":0,"min":0.000000000,"max":0.000000000,"avg":0.000000000,"var":0.000000000,"sum":0.000000000},"trigger":{"num":32896,"min":0.000000238,"max":0.000008106,"avg":0.000000274,"var":0.000000001,"sum":0.009000540}},"rpcs":{"65535:65535:7940397281847607295:2":{"rpc_id":7940397281847607295,"provider_id":2,"parent_rpc_id":65535,"parent_provider_id":65535,"name":"__identity__","origin":{"sent to ofi+cxi://0x06a6000d":{"iforward":{"duration":{"num":1,"min":0.000202894,"max":0.000202894,"avg":0.000202894,"var":0.000000000,"sum":0.000202894},"relative_timestamp_from_create":{"num":1,"min":0.000014305,"max":0.000014305,"avg":0.000014305,"var":0.000000000,"sum":0.000014305}},"forward_cb":{"duration":{"num":1,"min":0.000002146,"max":0.000002146,"avg":0.000002146,"var":0.000000000,"sum":0.000002146},"relative_timestamp_from_iforward_start":{"num":1,"min":0.058771849,"max":0.058771849,"avg":0.058771849,"var":0.000000000,"sum":0.058771849}},"iforward_wait":{"duration":{"num":1,"min":0.058576822,"max":0.058576822,"avg":0.058576822,"var":0.000000000,"sum":0.058576822},"relative_timestamp_from_iforward_end":{"num":1,"min":0.000000238,"max":0.000000238,"avg":0.000000238,"var":0.000000000,"sum":0.000000238}},"set_input":{"duration":{"num":0,"min":0.000000000,"max":0.000000000,"avg":0.000000000,"var":0.000000000,"sum":0.000000000},"relative_timestamp_from_iforward_start":{"num":0,"min":0.000000000,"max":0.000000000,"avg":0.000000000,"var":0.000000000,"sum":0.000000000}},"get_output":{"duration":{"num":1,"min":0.000015974,"max":0.000015974,"avg":0.000015974,"var":0.000000000,"sum":0.000015974},"relative_timestamp_from_wait_end":{"num":1,"min":0.000001431,"max":0.000001431,"avg":0.000001431,"var":0.000000000,"sum":0.000001431}}}}},"65535:65535:9722976651498815487:2":{"rpc_id":9722976651498815487,"provider_id":2,"parent_rpc_id":65535,"parent_provider_id":65535,"name":"flock_get_view","origin":{"sent to ofi+cxi://0x06a6000d":{"iforward":{"duration":{"num":2,"min":0.000019312,"max":0.000037909,"avg":0.000028610,"var":0.000000000,"sum":0.000057220},"relative_timestamp_from_create":{"num":2,"min":0.000000715,"max":0.000001192,"avg":0.000000954,"var":0.000000000,"sum":0.000001907}},"forward_cb":{"duration":{"num":2,"min":0.000000238,"max":0.000000954,"avg":0.000000596,"var":0.000000000,"sum":0.000001192},"relative_timestamp_from_iforward_start":{"num":2,"min":0.027777195,"max":0.120001554,"avg":0.073889375,"var":0.004252666,"sum":0.147778749}},"iforward_wait":{"duration":{"num":2,"min":0.027758598,"max":0.119965792,"avg":0.073862195,"var":0.004251083,"sum":0.147724390},"relative_timestamp_from_iforward_end":{"num":2,"min":0.000000238,"max":0.000001192,"avg":0.000000715,"var":0.000000000,"sum":0.000001431}},"set_input":{"duration":{"num":2,"min":0.000000238,"max":0.000000238,"avg":0.000000238,"var":0.000000000,"sum":0.000000477},"relative_timestamp_from_iforward_start":{"num":2,"min":0.000006199,"max":0.000011206,"avg":0.000008702,"var":0.000000000,"sum":0.000017405}},"get_output":{"duration":{"num":2,"min":0.000000477,"max":0.000056267,"avg":0.000028372,"var":0.000000002,"sum":0.000056744},"relative_timestamp_from_wait_end":{"num":2,"min":0.000000477,"max":0.000002146,"avg":0.000001311,"var":0.000000000,"sum":0.000002623}}}}},"65535:65535:3669993900245843967:1":{"rpc_id":3669993900245843967,"provider_id":1,"parent_rpc_id":65535,"parent_provider_id":65535,"name":"qtn_work_rpc","origin":{"sent to ofi+cxi://0x06a70419":{"iforward":{"duration":{"num":32892,"min":0.000001192,"max":0.000033617,"avg":0.000001545,"var":0.000000005,"sum":0.050821781},"relative_timestamp_from_create":{"num":32892,"min":0.000000000,"max":0.000002384,"avg":0.000000072,"var":0.000000000,"sum":0.002384663}},"forward_cb":{"duration":{"num":32892,"min":0.000000000,"max":0.000003099,"avg":0.000000123,"var":0.000000001,"sum":0.004050970},"relative_timestamp_from_iforward_start":{"num":32892,"min":0.000008345,"max":0.000657797,"avg":0.000155100,"var":0.000820537,"sum":5.101557016}},"iforward_wait":{"duration":{"num":32892,"min":0.000007153,"max":0.000656605,"avg":0.000153930,"var":0.000820428,"sum":5.063073397},"relative_timestamp_from_iforward_end":{"num":32892,"min":0.000000000,"max":0.000003815,"avg":0.000000177,"var":0.000000000,"sum":0.005828619}},"set_input":{"duration":{"num":32892,"min":0.000000000,"max":0.000001431,"avg":0.000000081,"var":0.000000000,"sum":0.002660275},"relative_timestamp_from_iforward_start":{"num":32892,"min":0.000000477,"max":0.000010490,"avg":0.000000698,"var":0.000000001,"sum":0.022974730}},"get_output":{"duration":{"num":32892,"min":0.000000000,"max":0.000008106,"avg":0.000000089,"var":0.000000001,"sum":0.002934217},"relative_timestamp_from_wait_end":{"num":32892,"min":0.000000000,"max":0.000003099,"avg":0.000000158,"var":0.000000001,"sum":0.005211115}}}}}}}