{"address":"","progress_loop":{"progress_with_timeout":{"num":31728,"min":0.000000954,"max":0.103533506,"avg":0.000168502,"var":0.026198539,"sum":5.346241951},"progress_timeout_value_msec":{"num":31728,"min":100.000000000,"max":100.000000000,"avg":100.000000000,"var":0.000000000,"sum":3172800.000000000},"progress_without_timeout":{"num":0,"min":0.000000000,"max":0.000000000,"avg":0.000000000,"var":0.000000000,"sum":0.000000000},"trigger":{"num":31608,"min":0.000000238,"max":0.000008583,"avg":0.000000270,"var":0.000000001,"sum":0.008532047}},"rpcs":{"65535:65535:7940397281847607295:2":{"rpc_id":7940397281847607295,"provider_id":2,"parent_rpc_id":65535,"parent_provider_id":65535,"name":"__identity__","origin":{"sent to ofi+cxi://0x06a6000d":{"iforward":{"duration":{"num":1,"min":0.000137091,"max":0.000137091,"avg":0.000137091,"var":0.000000000,"sum":0.000137091},"relative_timestamp_from_create":{"num":1,"min":0.000006199,"max":0.000006199,"avg":0.000006199,"var":0.000000000,"sum":0.000006199}},"forward_cb":{"duration":{"num":1,"min":0.000002146,"max":0.000002146,"avg":0.000002146,"var":0.000000000,"sum":0.000002146},"relative_timestamp_from_iforward_start":{"num":1,"min":0.058634520,"max":0.058634520,"avg":0.058634520,"var":0.000000000,"sum":0.058634520}},"iforward_wait":{"duration":{"num":1,"min":0.058504820,"max":0.058504820,"avg":0.058504820,"var":0.000000000,"sum":0.058504820},"relative_timestamp_from_iforward_end":{"num":1,"min":0.000000954,"max":0.000000954,"avg":0.000000954,"var":0.000000000,"sum":0.000000954}},"set_input":{"duration":{"num":0,"min":0.000000000,"max":0.000000000,"avg":0.000000000,"var":0.000000000,"sum":0.000000000},"relative_timestamp_from_iforward_start":{"num":0,"min":0.000000000,"max":0.000000000,"avg":0.000000000,"var":0.000000000,"sum":0.000000000}},"get_output":{"duration":{"num":1,"min":0.000015736,"max":0.000015736,"avg":0.000015736,"var":0.000000000,"sum":0.000015736},"relative_timestamp_from_wait_end":{"num":1,"min":0.000001669,"max":0.000001669,"avg":0.000001669,"var":0.000000000,"sum":0.000001669}}}}},"65535:65535:9722976651498815487:2":{"rpc_id":9722976651498815487,"provider_id":2,"parent_rpc_id":65535,"parent_provider_id":65535,"name":"flock_get_view","origin":{"sent to ofi+cxi://0x06a6000d":{"iforward":{"duration":{"num":2,"min":0.000018358,"max":0.000040054,"avg":0.000029206,"var":0.000000000,"sum":0.000058413},"relative_timestamp_from_create":{"num":2,"min":0.000000477,"max":0.000001669,"avg":0.000001073,"var":0.000000000,"sum":0.000002146}},"forward_cb":{"duration":{"num":2,"min":0.000000238,"max":0.000001192,"avg":0.000000715,"var":0.000000000,"sum":0.000001431},"relative_timestamp_from_iforward_start":{"num":2,"min":0.027805328,"max":0.120141029,"avg":0.073973179,"var":0.004262941,"sum":0.147946358}},"iforward_wait":{"duration":{"num":2,"min":0.027787685,"max":0.120103121,"avg":0.073945403,"var":0.004261070,"sum":0.147890806},"relative_timestamp_from_iforward_end":{"num":2,"min":0.000000238,"max":0.000001431,"avg":0.000000834,"var":0.000000000,"sum":0.000001669}},"set_input":{"duration":{"num":2,"min":0.000000238,"max":0.000000238,"avg":0.000000238,"var":0.000000000,"sum":0.000000477},"relative_timestamp_from_iforward_start":{"num":2,"min":0.000005960,"max":0.000011683,"avg":0.000008821,"var":0.000000000,"sum":0.000017643}},"get_output":{"duration":{"num":2,"min":0.000000477,"max":0.000055552,"avg":0.000028014,"var":0.000000002,"sum":0.000056028},"relative_timestamp_from_wait_end":{"num":2,"min":0.000000238,"max":0.000002146,"avg":0.000001192,"var":0.000000000,"sum":0.000002384}}}}},"65535:65535:3669993900245843967:1":{"rpc_id":3669993900245843967,"provider_id":1,"parent_rpc_id":65535,"parent_provider_id":65535,"name":"qtn_work_rpc","origin":{"sent to ofi+cxi://0x06a70217":{"iforward":{"duration":{"num":31604,"min":0.000001192,"max":0.000036478,"avg":0.000001548,"var":0.000000005,"sum":0.048925400},"relative_timestamp_from_create":{"num":31604,"min":0.000000000,"max":0.000001192,"avg":0.000000075,"var":0.000000000,"sum":0.002359152}},"forward_cb":{"duration":{"num":31604,"min":0.000000000,"max":0.000007629,"avg":0.000000117,"var":0.000000001,"sum":0.003712416},"relative_timestamp_from_iforward_start":{"num":31604,"min":0.000008345,"max":0.000835419,"avg":0.000161508,"var":0.000654276,"sum":5.104283094}},"iforward_wait":{"duration":{"num":31604,"min":0.000006676,"max":0.000838757,"avg":0.000160321,"var":0.000654171,"sum":5.066799402},"relative_timestamp_from_iforward_end":{"num":31604,"min":0.000000000,"max":0.000003576,"avg":0.000000176,"var":0.000000000,"sum":0.005557060}},"set_input":{"duration":{"num":31604,"min":0.000000000,"max":0.000006199,"avg":0.000000070,"var":0.000000000,"sum":0.002218008},"relative_timestamp_from_iforward_start":{"num":31604,"min":0.000000477,"max":0.000007153,"avg":0.000000680,"var":0.000000000,"sum":0.021488428}},"get_output":{"duration":{"num":31604,"min":0.000000000,"max":0.000001192,"avg":0.000000091,"var":0.000000000,"sum":0.002864599},"relative_timestamp_from_wait_end":{"num":31604,"min":0.000000000,"max":0.000002384,"avg":0.000000158,"var":0.000000001,"sum":0.004998684}}}}}}}