{"address":"","progress_loop":{"progress_with_timeout":{"num":33605,"min":0.000000954,"max":0.102299452,"avg":0.000159623,"var":0.025435849,"sum":5.364121199},"progress_timeout_value_msec":{"num":33605,"min":100.000000000,"max":100.000000000,"avg":100.000000000,"var":0.000000000,"sum":3360500.000000000},"progress_without_timeout":{"num":0,"min":0.000000000,"max":0.000000000,"avg":0.000000000,"var":0.000000000,"sum":0.000000000},"trigger":{"num":33488,"min":0.000000238,"max":0.000008106,"avg":0.000000277,"var":0.000000001,"sum":0.009271383}},"rpcs":{"65535:65535:7940397281847607295:2":{"rpc_id":7940397281847607295,"provider_id":2,"parent_rpc_id":65535,"parent_provider_id":65535,"name":"__identity__","origin":{"sent to ofi+cxi://0x06a6000d":{"iforward":{"duration":{"num":1,"min":0.001514435,"max":0.001514435,"avg":0.001514435,"var":0.000000000,"sum":0.001514435},"relative_timestamp_from_create":{"num":1,"min":0.000004530,"max":0.000004530,"avg":0.000004530,"var":0.000000000,"sum":0.000004530}},"forward_cb":{"duration":{"num":1,"min":0.000002384,"max":0.000002384,"avg":0.000002384,"var":0.000000000,"sum":0.000002384},"relative_timestamp_from_iforward_start":{"num":1,"min":0.042856455,"max":0.042856455,"avg":0.042856455,"var":0.000000000,"sum":0.042856455}},"iforward_wait":{"duration":{"num":1,"min":0.041348934,"max":0.041348934,"avg":0.041348934,"var":0.000000000,"sum":0.041348934},"relative_timestamp_from_iforward_end":{"num":1,"min":0.000001192,"max":0.000001192,"avg":0.000001192,"var":0.000000000,"sum":0.000001192}},"set_input":{"duration":{"num":0,"min":0.000000000,"max":0.000000000,"avg":0.000000000,"var":0.000000000,"sum":0.000000000},"relative_timestamp_from_iforward_start":{"num":0,"min":0.000000000,"max":0.000000000,"avg":0.000000000,"var":0.000000000,"sum":0.000000000}},"get_output":{"duration":{"num":1,"min":0.000015736,"max":0.000015736,"avg":0.000015736,"var":0.000000000,"sum":0.000015736},"relative_timestamp_from_wait_end":{"num":1,"min":0.000001669,"max":0.000001669,"avg":0.000001669,"var":0.000000000,"sum":0.000001669}}}}},"65535:65535:9722976651498815487:2":{"rpc_id":9722976651498815487,"provider_id":2,"parent_rpc_id":65535,"parent_provider_id":65535,"name":"flock_get_view","origin":{"sent to ofi+cxi://0x06a6000d":{"iforward":{"duration":{"num":2,"min":0.000017881,"max":0.000038624,"avg":0.000028253,"var":0.000000000,"sum":0.000056505},"relative_timestamp_from_create":{"num":2,"min":0.000000715,"max":0.000001431,"avg":0.000001073,"var":0.000000000,"sum":0.000002146}},"forward_cb":{"duration":{"num":2,"min":0.000000000,"max":0.000000954,"avg":0.000000477,"var":0.000000000,"sum":0.000000954},"relative_timestamp_from_iforward_start":{"num":2,"min":0.048723221,"max":0.111979008,"avg":0.080351114,"var":0.002000647,"sum":0.160702229}},"iforward_wait":{"duration":{"num":2,"min":0.048705578,"max":0.111942291,"avg":0.080323935,"var":0.001999441,"sum":0.160647869},"relative_timestamp_from_iforward_end":{"num":2,"min":0.000000477,"max":0.000001192,"avg":0.000000834,"var":0.000000000,"sum":0.000001669}},"set_input":{"duration":{"num":2,"min":0.000000238,"max":0.000000238,"avg":0.000000238,"var":0.000000000,"sum":0.000000477},"relative_timestamp_from_iforward_start":{"num":2,"min":0.000005960,"max":0.000011444,"avg":0.000008702,"var":0.000000000,"sum":0.000017405}},"get_output":{"duration":{"num":2,"min":0.000000238,"max":0.000058174,"avg":0.000029206,"var":0.000000002,"sum":0.000058413},"relative_timestamp_from_wait_end":{"num":2,"min":0.000000477,"max":0.000002146,"avg":0.000001311,"var":0.000000000,"sum":0.000002623}}}}},"65535:65535:3669993900245843967:1":{"rpc_id":3669993900245843967,"provider_id":1,"parent_rpc_id":65535,"parent_provider_id":65535,"name":"qtn_work_rpc","origin":{"sent to ofi+cxi://0x06a76013":{"iforward":{"duration":{"num":33484,"min":0.000001431,"max":0.000034809,"avg":0.000001589,"var":0.000000005,"sum":0.053202868},"relative_timestamp_from_create":{"num":33484,"min":0.000000000,"max":0.000001431,"avg":0.000000072,"var":0.000000000,"sum":0.002411604}},"forward_cb":{"duration":{"num":33484,"min":0.000000000,"max":0.000001431,"avg":0.000000121,"var":0.000000001,"sum":0.004066944},"relative_timestamp_from_iforward_start":{"num":33484,"min":0.000008345,"max":0.000713348,"avg":0.000153276,"var":0.000598260,"sum":5.132293940}},"iforward_wait":{"duration":{"num":33484,"min":0.000002384,"max":0.000712156,"avg":0.000152056,"var":0.000598158,"sum":5.091456652},"relative_timestamp_from_iforward_end":{"num":33484,"min":0.000000000,"max":0.000005960,"avg":0.000000186,"var":0.000000000,"sum":0.006232738}},"set_input":{"duration":{"num":33484,"min":0.000000000,"max":0.000005245,"avg":0.000000079,"var":0.000000000,"sum":0.002653122},"relative_timestamp_from_iforward_start":{"num":33484,"min":0.000000477,"max":0.000009060,"avg":0.000000704,"var":0.000000000,"sum":0.023587704}},"get_output":{"duration":{"num":33484,"min":0.000000000,"max":0.000001669,"avg":0.000000091,"var":0.000000000,"sum":0.003047228},"relative_timestamp_from_wait_end":{"num":33484,"min":0.000000000,"max":0.000008821,"avg":0.000000160,"var":0.000000001,"sum":0.005350828}}}}}}}