{"address":"","progress_loop":{"progress_with_timeout":{"num":1699,"min":0.000002384,"max":0.101338625,"avg":0.007080945,"var":0.024779655,"sum":12.030524969},"progress_timeout_value_msec":{"num":1699,"min":100.000000000,"max":100.000000000,"avg":100.000000000,"var":0.000000000,"sum":169900.000000000},"progress_without_timeout":{"num":0,"min":0.000000000,"max":0.000000000,"avg":0.000000000,"var":0.000000000,"sum":0.000000000},"trigger":{"num":1694,"min":0.000000238,"max":0.000009060,"avg":0.000000299,"var":0.000000000,"sum":0.000506878}},"rpcs":{"65535:65535:7940397281847607295:2":{"rpc_id":7940397281847607295,"provider_id":2,"parent_rpc_id":65535,"parent_provider_id":65535,"name":"__identity__","origin":{"sent to ofi+cxi://0x06a6000d":{"iforward":{"duration":{"num":1,"min":0.000097275,"max":0.000097275,"avg":0.000097275,"var":0.000000000,"sum":0.000097275},"relative_timestamp_from_create":{"num":1,"min":0.000003099,"max":0.000003099,"avg":0.000003099,"var":0.000000000,"sum":0.000003099}},"forward_cb":{"duration":{"num":1,"min":0.000002623,"max":0.000002623,"avg":0.000002623,"var":0.000000000,"sum":0.000002623},"relative_timestamp_from_iforward_start":{"num":1,"min":0.019735098,"max":0.019735098,"avg":0.019735098,"var":0.000000000,"sum":0.019735098}},"iforward_wait":{"duration":{"num":1,"min":0.019646645,"max":0.019646645,"avg":0.019646645,"var":0.000000000,"sum":0.019646645},"relative_timestamp_from_iforward_end":{"num":1,"min":0.000000238,"max":0.000000238,"avg":0.000000238,"var":0.000000000,"sum":0.000000238}},"set_input":{"duration":{"num":0,"min":0.000000000,"max":0.000000000,"avg":0.000000000,"var":0.000000000,"sum":0.000000000},"relative_timestamp_from_iforward_start":{"num":0,"min":0.000000000,"max":0.000000000,"avg":0.000000000,"var":0.000000000,"sum":0.000000000}},"get_output":{"duration":{"num":1,"min":0.000017405,"max":0.000017405,"avg":0.000017405,"var":0.000000000,"sum":0.000017405},"relative_timestamp_from_wait_end":{"num":1,"min":0.000001907,"max":0.000001907,"avg":0.000001907,"var":0.000000000,"sum":0.000001907}}}}},"65535:65535:9722976651498815487:2":{"rpc_id":9722976651498815487,"provider_id":2,"parent_rpc_id":65535,"parent_provider_id":65535,"name":"flock_get_view","origin":{"sent to ofi+cxi://0x06a6000d":{"iforward":{"duration":{"num":2,"min":0.000019073,"max":0.000040531,"avg":0.000029802,"var":0.000000000,"sum":0.000059605},"relative_timestamp_from_create":{"num":2,"min":0.000000715,"max":0.000001669,"avg":0.000001192,"var":0.000000000,"sum":0.000002384}},"forward_cb":{"duration":{"num":2,"min":0.000000238,"max":0.000001192,"avg":0.000000715,"var":0.000000000,"sum":0.000001431},"relative_timestamp_from_iforward_start":{"num":2,"min":0.064557552,"max":0.072557211,"avg":0.068557382,"var":0.000031997,"sum":0.137114763}},"iforward_wait":{"duration":{"num":2,"min":0.064539194,"max":0.072519064,"avg":0.068529129,"var":0.000031839,"sum":0.137058258},"relative_timestamp_from_iforward_end":{"num":2,"min":0.000000238,"max":0.000001431,"avg":0.000000834,"var":0.000000000,"sum":0.000001669}},"set_input":{"duration":{"num":2,"min":0.000000000,"max":0.000000238,"avg":0.000000119,"var":0.000000000,"sum":0.000000238},"relative_timestamp_from_iforward_start":{"num":2,"min":0.000006199,"max":0.000012159,"avg":0.000009179,"var":0.000000000,"sum":0.000018358}},"get_output":{"duration":{"num":2,"min":0.000000477,"max":0.000054836,"avg":0.000027657,"var":0.000000001,"sum":0.000055313},"relative_timestamp_from_wait_end":{"num":2,"min":0.000000477,"max":0.000002146,"avg":0.000001311,"var":0.000000000,"sum":0.000002623}}}}},"65535:65535:3669993900245843967:1":{"rpc_id":3669993900245843967,"provider_id":1,"parent_rpc_id":65535,"parent_provider_id":65535,"name":"qtn_work_rpc","origin":{"sent to ofi+cxi://0x06a76012":{"iforward":{"duration":{"num":1690,"min":0.000001431,"max":0.000035048,"avg":0.000001852,"var":0.000000004,"sum":0.003129721},"relative_timestamp_from_create":{"num":1690,"min":0.000002623,"max":0.001497507,"avg":0.000003812,"var":0.000002233,"sum":0.006441593}},"forward_cb":{"duration":{"num":1690,"min":0.000000000,"max":0.000001192,"avg":0.000000135,"var":0.000000000,"sum":0.000227451},"relative_timestamp_from_iforward_start":{"num":1690,"min":0.000572920,"max":0.020501614,"avg":0.006968463,"var":0.007887672,"sum":11.776701927}},"iforward_wait":{"duration":{"num":1690,"min":0.000571728,"max":0.020500422,"avg":0.006967036,"var":0.007888318,"sum":11.774290085},"relative_timestamp_from_iforward_end":{"num":1690,"min":0.000000000,"max":0.000000954,"avg":0.000000189,"var":0.000000000,"sum":0.000318766}},"set_input":{"duration":{"num":1690,"min":0.000000000,"max":0.000004530,"avg":0.000000124,"var":0.000000000,"sum":0.000210285},"relative_timestamp_from_iforward_start":{"num":1690,"min":0.000000477,"max":0.000009060,"avg":0.000000735,"var":0.000000000,"sum":0.001242876}},"get_output":{"duration":{"num":1690,"min":0.000000000,"max":0.000000477,"avg":0.000000089,"var":0.000000000,"sum":0.000150204},"relative_timestamp_from_wait_end":{"num":1690,"min":0.000000000,"max":0.000001431,"avg":0.000000157,"var":0.000000000,"sum":0.000266075}}}}},"65535:65535:65535:65535":{"rpc_id":65535,"provider_id":65535,"parent_rpc_id":65535,"parent_provider_id":65535,"name":"","target":{"received from <unknown>":{"bulk":{"create":{"duration":{"num":1690,"min":0.000002384,"max":0.001493454,"avg":0.000003613,"var":0.000002221,"sum":0.006105423},"size":{"num":1690,"min":4194304.000000000,"max":4194304.000000000,"avg":4194304.000000000,"var":0.000000000,"sum":7088373760.000000000}}}}}}}}