{"address":"","progress_loop":{"progress_with_timeout":{"num":32894,"min":0.000001192,"max":0.103343487,"avg":0.000162381,"var":0.026577678,"sum":5.341346979},"progress_timeout_value_msec":{"num":32894,"min":100.000000000,"max":100.000000000,"avg":100.000000000,"var":0.000000000,"sum":3289400.000000000},"progress_without_timeout":{"num":0,"min":0.000000000,"max":0.000000000,"avg":0.000000000,"var":0.000000000,"sum":0.000000000},"trigger":{"num":32863,"min":0.000000238,"max":0.000008821,"avg":0.000000273,"var":0.000000001,"sum":0.008987904}},"rpcs":{"65535:65535:7940397281847607295:2":{"rpc_id":7940397281847607295,"provider_id":2,"parent_rpc_id":65535,"parent_provider_id":65535,"name":"__identity__","origin":{"sent to ofi+cxi://0x06a6000d":{"iforward":{"duration":{"num":1,"min":0.000259638,"max":0.000259638,"avg":0.000259638,"var":0.000000000,"sum":0.000259638},"relative_timestamp_from_create":{"num":1,"min":0.000004053,"max":0.000004053,"avg":0.000004053,"var":0.000000000,"sum":0.000004053}},"forward_cb":{"duration":{"num":1,"min":0.000002384,"max":0.000002384,"avg":0.000002384,"var":0.000000000,"sum":0.000002384},"relative_timestamp_from_iforward_start":{"num":1,"min":0.058794975,"max":0.058794975,"avg":0.058794975,"var":0.000000000,"sum":0.058794975}},"iforward_wait":{"duration":{"num":1,"min":0.058543444,"max":0.058543444,"avg":0.058543444,"var":0.000000000,"sum":0.058543444},"relative_timestamp_from_iforward_end":{"num":1,"min":0.000000477,"max":0.000000477,"avg":0.000000477,"var":0.000000000,"sum":0.000000477}},"set_input":{"duration":{"num":0,"min":0.000000000,"max":0.000000000,"avg":0.000000000,"var":0.000000000,"sum":0.000000000},"relative_timestamp_from_iforward_start":{"num":0,"min":0.000000000,"max":0.000000000,"avg":0.000000000,"var":0.000000000,"sum":0.000000000}},"get_output":{"duration":{"num":1,"min":0.000015736,"max":0.000015736,"avg":0.000015736,"var":0.000000000,"sum":0.000015736},"relative_timestamp_from_wait_end":{"num":1,"min":0.000001669,"max":0.000001669,"avg":0.000001669,"var":0.000000000,"sum":0.000001669}}}}},"65535:65535:9722976651498815487:2":{"rpc_id":9722976651498815487,"provider_id":2,"parent_rpc_id":65535,"parent_provider_id":65535,"name":"flock_get_view","origin":{"sent to ofi+cxi://0x06a6000d":{"iforward":{"duration":{"num":2,"min":0.000019789,"max":0.000040054,"avg":0.000029922,"var":0.000000000,"sum":0.000059843},"relative_timestamp_from_create":{"num":2,"min":0.000000477,"max":0.000001907,"avg":0.000001192,"var":0.000000000,"sum":0.000002384}},"forward_cb":{"duration":{"num":2,"min":0.000000477,"max":0.000000715,"avg":0.000000596,"var":0.000000000,"sum":0.000001192},"relative_timestamp_from_iforward_start":{"num":2,"min":0.027995348,"max":0.119786263,"avg":0.073890805,"var":0.004212786,"sum":0.147781610}},"iforward_wait":{"duration":{"num":2,"min":0.027976513,"max":0.119747877,"avg":0.073862195,"var":0.004210992,"sum":0.147724390},"relative_timestamp_from_iforward_end":{"num":2,"min":0.000000238,"max":0.000001669,"avg":0.000000954,"var":0.000000000,"sum":0.000001907}},"set_input":{"duration":{"num":2,"min":0.000000238,"max":0.000000238,"avg":0.000000238,"var":0.000000000,"sum":0.000000477},"relative_timestamp_from_iforward_start":{"num":2,"min":0.000006199,"max":0.000012398,"avg":0.000009298,"var":0.000000000,"sum":0.000018597}},"get_output":{"duration":{"num":2,"min":0.000000477,"max":0.000053406,"avg":0.000026941,"var":0.000000001,"sum":0.000053883},"relative_timestamp_from_wait_end":{"num":2,"min":0.000000477,"max":0.000002146,"avg":0.000001311,"var":0.000000000,"sum":0.000002623}}}}},"65535:65535:3669993900245843967:1":{"rpc_id":3669993900245843967,"provider_id":1,"parent_rpc_id":65535,"parent_provider_id":65535,"name":"qtn_work_rpc","origin":{"sent to ofi+cxi://0x06a70616":{"iforward":{"duration":{"num":32859,"min":0.000001431,"max":0.000036001,"avg":0.000001570,"var":0.000000005,"sum":0.051596165},"relative_timestamp_from_create":{"num":32859,"min":0.000000000,"max":0.000007153,"avg":0.000000073,"var":0.000000000,"sum":0.002400398}},"forward_cb":{"duration":{"num":32859,"min":0.000000000,"max":0.000006676,"avg":0.000000119,"var":0.000000001,"sum":0.003918648},"relative_timestamp_from_iforward_start":{"num":32859,"min":0.000008345,"max":0.001160622,"avg":0.000155272,"var":0.000941770,"sum":5.102098942}},"iforward_wait":{"duration":{"num":32859,"min":0.000003815,"max":0.001159668,"avg":0.000154076,"var":0.000941713,"sum":5.062770844},"relative_timestamp_from_iforward_end":{"num":32859,"min":0.000000000,"max":0.000005484,"avg":0.000000178,"var":0.000000000,"sum":0.005859137}},"set_input":{"duration":{"num":32859,"min":0.000000000,"max":0.000004053,"avg":0.000000079,"var":0.000000000,"sum":0.002596855},"relative_timestamp_from_iforward_start":{"num":32859,"min":0.000000477,"max":0.000007391,"avg":0.000000699,"var":0.000000000,"sum":0.022970438}},"get_output":{"duration":{"num":32859,"min":0.000000000,"max":0.000003815,"avg":0.000000089,"var":0.000000000,"sum":0.002922297},"relative_timestamp_from_wait_end":{"num":32859,"min":0.000000000,"max":0.000002384,"avg":0.000000155,"var":0.000000000,"sum":0.005103588}}}}}}}