{"address":"","progress_loop":{"progress_with_timeout":{"num":1718,"min":0.000002861,"max":0.102351665,"avg":0.007050898,"var":0.034585726,"sum":12.113443375},"progress_timeout_value_msec":{"num":1718,"min":100.000000000,"max":100.000000000,"avg":100.000000000,"var":0.000000000,"sum":171800.000000000},"progress_without_timeout":{"num":0,"min":0.000000000,"max":0.000000000,"avg":0.000000000,"var":0.000000000,"sum":0.000000000},"trigger":{"num":1705,"min":0.000000238,"max":0.000010729,"avg":0.000000515,"var":0.000000001,"sum":0.000878572}},"rpcs":{"65535:65535:7940397281847607295:2":{"rpc_id":7940397281847607295,"provider_id":2,"parent_rpc_id":65535,"parent_provider_id":65535,"name":"__identity__","origin":{"sent to ofi+cxi://0x06a6000d":{"iforward":{"duration":{"num":1,"min":0.000212908,"max":0.000212908,"avg":0.000212908,"var":0.000000000,"sum":0.000212908},"relative_timestamp_from_create":{"num":1,"min":0.000049353,"max":0.000049353,"avg":0.000049353,"var":0.000000000,"sum":0.000049353}},"forward_cb":{"duration":{"num":1,"min":0.000002861,"max":0.000002861,"avg":0.000002861,"var":0.000000000,"sum":0.000002861},"relative_timestamp_from_iforward_start":{"num":1,"min":0.007313967,"max":0.007313967,"avg":0.007313967,"var":0.000000000,"sum":0.007313967}},"iforward_wait":{"duration":{"num":1,"min":0.007110596,"max":0.007110596,"avg":0.007110596,"var":0.000000000,"sum":0.007110596},"relative_timestamp_from_iforward_end":{"num":1,"min":0.000000238,"max":0.000000238,"avg":0.000000238,"var":0.000000000,"sum":0.000000238}},"set_input":{"duration":{"num":0,"min":0.000000000,"max":0.000000000,"avg":0.000000000,"var":0.000000000,"sum":0.000000000},"relative_timestamp_from_iforward_start":{"num":0,"min":0.000000000,"max":0.000000000,"avg":0.000000000,"var":0.000000000,"sum":0.000000000}},"get_output":{"duration":{"num":1,"min":0.000018358,"max":0.000018358,"avg":0.000018358,"var":0.000000000,"sum":0.000018358},"relative_timestamp_from_wait_end":{"num":1,"min":0.000001669,"max":0.000001669,"avg":0.000001669,"var":0.000000000,"sum":0.000001669}}}}},"65535:65535:9722976651498815487:2":{"rpc_id":9722976651498815487,"provider_id":2,"parent_rpc_id":65535,"parent_provider_id":65535,"name":"flock_get_view","origin":{"sent to ofi+cxi://0x06a6000d":{"iforward":{"duration":{"num":2,"min":0.000020027,"max":0.000043392,"avg":0.000031710,"var":0.000000000,"sum":0.000063419},"relative_timestamp_from_create":{"num":2,"min":0.000000477,"max":0.000002146,"avg":0.000001311,"var":0.000000000,"sum":0.000002623}},"forward_cb":{"duration":{"num":2,"min":0.000000954,"max":0.000001192,"avg":0.000001073,"var":0.000000000,"sum":0.000002146},"relative_timestamp_from_iforward_start":{"num":2,"min":0.033758879,"max":0.102698326,"avg":0.068228602,"var":0.002376324,"sum":0.136457205}},"iforward_wait":{"duration":{"num":2,"min":0.033717632,"max":0.102681637,"avg":0.068199635,"var":0.002378017,"sum":0.136399269},"relative_timestamp_from_iforward_end":{"num":2,"min":0.000000238,"max":0.000001431,"avg":0.000000834,"var":0.000000000,"sum":0.000001669}},"set_input":{"duration":{"num":2,"min":0.000000000,"max":0.000000238,"avg":0.000000119,"var":0.000000000,"sum":0.000000238},"relative_timestamp_from_iforward_start":{"num":2,"min":0.000006437,"max":0.000012636,"avg":0.000009537,"var":0.000000000,"sum":0.000019073}},"get_output":{"duration":{"num":2,"min":0.000001192,"max":0.000054359,"avg":0.000027776,"var":0.000000001,"sum":0.000055552},"relative_timestamp_from_wait_end":{"num":2,"min":0.000001192,"max":0.000002623,"avg":0.000001907,"var":0.000000000,"sum":0.000003815}}}}},"65535:65535:3669993900245843967:1":{"rpc_id":3669993900245843967,"provider_id":1,"parent_rpc_id":65535,"parent_provider_id":65535,"name":"qtn_work_rpc","origin":{"sent to ofi+cxi://0x06a6e614":{"iforward":{"duration":{"num":1701,"min":0.000001431,"max":0.000926018,"avg":0.000004309,"var":0.000001561,"sum":0.007330418},"relative_timestamp_from_create":{"num":1701,"min":0.000002623,"max":0.002009630,"avg":0.000004771,"var":0.000004024,"sum":0.008115053}},"forward_cb":{"duration":{"num":1701,"min":0.000000000,"max":0.000001431,"avg":0.000000245,"var":0.000000000,"sum":0.000416040},"relative_timestamp_from_iforward_start":{"num":1701,"min":0.000192881,"max":0.032153845,"avg":0.006982144,"var":0.015283352,"sum":11.876627445}},"iforward_wait":{"duration":{"num":1701,"min":0.000191450,"max":0.031315565,"avg":0.006978612,"var":0.015219764,"sum":11.870619774},"relative_timestamp_from_iforward_end":{"num":1701,"min":0.000000000,"max":0.000000715,"avg":0.000000252,"var":0.000000000,"sum":0.000429153}},"set_input":{"duration":{"num":1701,"min":0.000000000,"max":0.000005722,"avg":0.000000345,"var":0.000000000,"sum":0.000586271},"relative_timestamp_from_iforward_start":{"num":1701,"min":0.000000477,"max":0.000811100,"avg":0.000001884,"var":0.000000658,"sum":0.003205299}},"get_output":{"duration":{"num":1701,"min":0.000000000,"max":0.000000477,"avg":0.000000125,"var":0.000000000,"sum":0.000212431},"relative_timestamp_from_wait_end":{"num":1701,"min":0.000000000,"max":0.000003576,"avg":0.000000237,"var":0.000000000,"sum":0.000403404}}}}},"65535:65535:65535:65535":{"rpc_id":65535,"provider_id":65535,"parent_rpc_id":65535,"parent_provider_id":65535,"name":"","target":{"received from <unknown>":{"bulk":{"create":{"duration":{"num":1701,"min":0.000002384,"max":0.002003193,"avg":0.000004491,"var":0.000003999,"sum":0.007639885},"size":{"num":1701,"min":4194304.000000000,"max":4194304.000000000,"avg":4194304.000000000,"var":0.000000000,"sum":7134511104.000000000}}}}}}}}