{"address":"","progress_loop":{"progress_with_timeout":{"num":32058,"min":0.000000954,"max":0.102285147,"avg":0.000166797,"var":0.025477930,"sum":5.347173929},"progress_timeout_value_msec":{"num":32058,"min":100.000000000,"max":100.000000000,"avg":100.000000000,"var":0.000000000,"sum":3205800.000000000},"progress_without_timeout":{"num":0,"min":0.000000000,"max":0.000000000,"avg":0.000000000,"var":0.000000000,"sum":0.000000000},"trigger":{"num":31927,"min":0.000000238,"max":0.000008106,"avg":0.000000277,"var":0.000000001,"sum":0.008848429}},"rpcs":{"65535:65535:7940397281847607295:2":{"rpc_id":7940397281847607295,"provider_id":2,"parent_rpc_id":65535,"parent_provider_id":65535,"name":"__identity__","origin":{"sent to ofi+cxi://0x06a6000d":{"iforward":{"duration":{"num":1,"min":0.001309395,"max":0.001309395,"avg":0.001309395,"var":0.000000000,"sum":0.001309395},"relative_timestamp_from_create":{"num":1,"min":0.000003815,"max":0.000003815,"avg":0.000003815,"var":0.000000000,"sum":0.000003815}},"forward_cb":{"duration":{"num":1,"min":0.000002146,"max":0.000002146,"avg":0.000002146,"var":0.000000000,"sum":0.000002146},"relative_timestamp_from_iforward_start":{"num":1,"min":0.049841881,"max":0.049841881,"avg":0.049841881,"var":0.000000000,"sum":0.049841881}},"iforward_wait":{"duration":{"num":1,"min":0.048540354,"max":0.048540354,"avg":0.048540354,"var":0.000000000,"sum":0.048540354},"relative_timestamp_from_iforward_end":{"num":1,"min":0.000000238,"max":0.000000238,"avg":0.000000238,"var":0.000000000,"sum":0.000000238}},"set_input":{"duration":{"num":0,"min":0.000000000,"max":0.000000000,"avg":0.000000000,"var":0.000000000,"sum":0.000000000},"relative_timestamp_from_iforward_start":{"num":0,"min":0.000000000,"max":0.000000000,"avg":0.000000000,"var":0.000000000,"sum":0.000000000}},"get_output":{"duration":{"num":1,"min":0.000015259,"max":0.000015259,"avg":0.000015259,"var":0.000000000,"sum":0.000015259},"relative_timestamp_from_wait_end":{"num":1,"min":0.000001431,"max":0.000001431,"avg":0.000001431,"var":0.000000000,"sum":0.000001431}}}}},"65535:65535:9722976651498815487:2":{"rpc_id":9722976651498815487,"provider_id":2,"parent_rpc_id":65535,"parent_provider_id":65535,"name":"flock_get_view","origin":{"sent to ofi+cxi://0x06a6000d":{"iforward":{"duration":{"num":2,"min":0.000015974,"max":0.000035763,"avg":0.000025868,"var":0.000000000,"sum":0.000051737},"relative_timestamp_from_create":{"num":2,"min":0.000000477,"max":0.000001669,"avg":0.000001073,"var":0.000000000,"sum":0.000002146}},"forward_cb":{"duration":{"num":2,"min":0.000000238,"max":0.000000954,"avg":0.000000596,"var":0.000000000,"sum":0.000001192},"relative_timestamp_from_iforward_start":{"num":2,"min":0.038139582,"max":0.118007183,"avg":0.078073382,"var":0.003189417,"sum":0.156146765}},"iforward_wait":{"duration":{"num":2,"min":0.038124323,"max":0.117973566,"avg":0.078048944,"var":0.003187951,"sum":0.156097889},"relative_timestamp_from_iforward_end":{"num":2,"min":0.000000238,"max":0.000001192,"avg":0.000000715,"var":0.000000000,"sum":0.000001431}},"set_input":{"duration":{"num":2,"min":0.000000238,"max":0.000000238,"avg":0.000000238,"var":0.000000000,"sum":0.000000477},"relative_timestamp_from_iforward_start":{"num":2,"min":0.000005245,"max":0.000010967,"avg":0.000008106,"var":0.000000000,"sum":0.000016212}},"get_output":{"duration":{"num":2,"min":0.000000477,"max":0.000051260,"avg":0.000025868,"var":0.000000001,"sum":0.000051737},"relative_timestamp_from_wait_end":{"num":2,"min":0.000000238,"max":0.000001907,"avg":0.000001073,"var":0.000000000,"sum":0.000002146}}}}},"65535:65535:3669993900245843967:1":{"rpc_id":3669993900245843967,"provider_id":1,"parent_rpc_id":65535,"parent_provider_id":65535,"name":"qtn_work_rpc","origin":{"sent to ofi+cxi://0x06a60416":{"iforward":{"duration":{"num":31923,"min":0.000001192,"max":0.000035524,"avg":0.000001537,"var":0.000000005,"sum":0.049072981},"relative_timestamp_from_create":{"num":31923,"min":0.000000000,"max":0.000001192,"avg":0.000000072,"var":0.000000000,"sum":0.002313852}},"forward_cb":{"duration":{"num":31923,"min":0.000000000,"max":0.000003338,"avg":0.000000126,"var":0.000000001,"sum":0.004027128},"relative_timestamp_from_iforward_start":{"num":31923,"min":0.000008345,"max":0.000651121,"avg":0.000159985,"var":0.000660372,"sum":5.107187986}},"iforward_wait":{"duration":{"num":31923,"min":0.000007391,"max":0.000649929,"avg":0.000158828,"var":0.000660259,"sum":5.070253849},"relative_timestamp_from_iforward_end":{"num":31923,"min":0.000000000,"max":0.000002146,"avg":0.000000180,"var":0.000000000,"sum":0.005743027}},"set_input":{"duration":{"num":31923,"min":0.000000000,"max":0.000001669,"avg":0.000000082,"var":0.000000000,"sum":0.002610445},"relative_timestamp_from_iforward_start":{"num":31923,"min":0.000000477,"max":0.000006437,"avg":0.000000691,"var":0.000000000,"sum":0.022067785}},"get_output":{"duration":{"num":31923,"min":0.000000000,"max":0.000002146,"avg":0.000000090,"var":0.000000000,"sum":0.002873659},"relative_timestamp_from_wait_end":{"num":31923,"min":0.000000000,"max":0.000003815,"avg":0.000000157,"var":0.000000001,"sum":0.004998446}}}}}}}