{"address":"","progress_loop":{"progress_with_timeout":{"num":1942,"min":0.000001192,"max":0.102279186,"avg":0.005569614,"var":0.028102325,"sum":10.816190481},"progress_timeout_value_msec":{"num":1942,"min":100.000000000,"max":100.000000000,"avg":100.000000000,"var":0.000000000,"sum":194200.000000000},"progress_without_timeout":{"num":0,"min":0.000000000,"max":0.000000000,"avg":0.000000000,"var":0.000000000,"sum":0.000000000},"trigger":{"num":1939,"min":0.000000238,"max":0.000006676,"avg":0.000000313,"var":0.000000000,"sum":0.000607491}},"rpcs":{"65535:65535:7940397281847607295:2":{"rpc_id":7940397281847607295,"provider_id":2,"parent_rpc_id":65535,"parent_provider_id":65535,"name":"__identity__","origin":{"sent to ofi+cxi://0x06a6000d":{"iforward":{"duration":{"num":1,"min":0.000100374,"max":0.000100374,"avg":0.000100374,"var":0.000000000,"sum":0.000100374},"relative_timestamp_from_create":{"num":1,"min":0.000003815,"max":0.000003815,"avg":0.000003815,"var":0.000000000,"sum":0.000003815}},"forward_cb":{"duration":{"num":1,"min":0.000001192,"max":0.000001192,"avg":0.000001192,"var":0.000000000,"sum":0.000001192},"relative_timestamp_from_iforward_start":{"num":1,"min":0.016810656,"max":0.016810656,"avg":0.016810656,"var":0.000000000,"sum":0.016810656}},"iforward_wait":{"duration":{"num":1,"min":0.016716003,"max":0.016716003,"avg":0.016716003,"var":0.000000000,"sum":0.016716003},"relative_timestamp_from_iforward_end":{"num":1,"min":0.000000477,"max":0.000000477,"avg":0.000000477,"var":0.000000000,"sum":0.000000477}},"set_input":{"duration":{"num":0,"min":0.000000000,"max":0.000000000,"avg":0.000000000,"var":0.000000000,"sum":0.000000000},"relative_timestamp_from_iforward_start":{"num":0,"min":0.000000000,"max":0.000000000,"avg":0.000000000,"var":0.000000000,"sum":0.000000000}},"get_output":{"duration":{"num":1,"min":0.000008106,"max":0.000008106,"avg":0.000008106,"var":0.000000000,"sum":0.000008106},"relative_timestamp_from_wait_end":{"num":1,"min":0.000001192,"max":0.000001192,"avg":0.000001192,"var":0.000000000,"sum":0.000001192}}}}},"65535:65535:9722976651498815487:2":{"rpc_id":9722976651498815487,"provider_id":2,"parent_rpc_id":65535,"parent_provider_id":65535,"name":"flock_get_view","origin":{"sent to ofi+cxi://0x06a6000d":{"iforward":{"duration":{"num":2,"min":0.000011206,"max":0.000021935,"avg":0.000016570,"var":0.000000000,"sum":0.000033140},"relative_timestamp_from_create":{"num":2,"min":0.000000238,"max":0.000001431,"avg":0.000000834,"var":0.000000000,"sum":0.000001669}},"forward_cb":{"duration":{"num":2,"min":0.000000000,"max":0.000000238,"avg":0.000000119,"var":0.000000000,"sum":0.000000238},"relative_timestamp_from_iforward_start":{"num":2,"min":0.059119701,"max":0.075864553,"avg":0.067492127,"var":0.000140195,"sum":0.134984255}},"iforward_wait":{"duration":{"num":2,"min":0.059097290,"max":0.075854063,"avg":0.067475677,"var":0.000140395,"sum":0.134951353},"relative_timestamp_from_iforward_end":{"num":2,"min":0.000000238,"max":0.000001192,"avg":0.000000715,"var":0.000000000,"sum":0.000001431}},"set_input":{"duration":{"num":2,"min":0.000000238,"max":0.000000238,"avg":0.000000238,"var":0.000000000,"sum":0.000000477},"relative_timestamp_from_iforward_start":{"num":2,"min":0.000001431,"max":0.000006199,"avg":0.000003815,"var":0.000000000,"sum":0.000007629}},"get_output":{"duration":{"num":2,"min":0.000000238,"max":0.000048399,"avg":0.000024319,"var":0.000000001,"sum":0.000048637},"relative_timestamp_from_wait_end":{"num":2,"min":0.000000238,"max":0.000000954,"avg":0.000000596,"var":0.000000000,"sum":0.000001192}}}}},"65535:65535:3669993900245843967:1":{"rpc_id":3669993900245843967,"provider_id":1,"parent_rpc_id":65535,"parent_provider_id":65535,"name":"qtn_work_rpc","origin":{"sent to ofi+cxi://0x06a72210":{"iforward":{"duration":{"num":1935,"min":0.000001431,"max":0.000031710,"avg":0.000001835,"var":0.000000004,"sum":0.003551006},"relative_timestamp_from_create":{"num":1935,"min":0.000002623,"max":0.001412153,"avg":0.000003643,"var":0.000001985,"sum":0.007048607}},"forward_cb":{"duration":{"num":1935,"min":0.000000000,"max":0.000001431,"avg":0.000000149,"var":0.000000000,"sum":0.000288725},"relative_timestamp_from_iforward_start":{"num":1935,"min":0.000215769,"max":0.029204845,"avg":0.005461033,"var":0.010707138,"sum":10.567098618}},"iforward_wait":{"duration":{"num":1935,"min":0.000214338,"max":0.029203653,"avg":0.005459587,"var":0.010707390,"sum":10.564300776},"relative_timestamp_from_iforward_end":{"num":1935,"min":0.000000000,"max":0.000000715,"avg":0.000000231,"var":0.000000000,"sum":0.000447273}},"set_input":{"duration":{"num":1935,"min":0.000000000,"max":0.000004292,"avg":0.000000128,"var":0.000000000,"sum":0.000248194},"relative_timestamp_from_iforward_start":{"num":1935,"min":0.000000477,"max":0.000007391,"avg":0.000000743,"var":0.000000000,"sum":0.001438618}},"get_output":{"duration":{"num":1935,"min":0.000000000,"max":0.000000238,"avg":0.000000090,"var":0.000000000,"sum":0.000174046},"relative_timestamp_from_wait_end":{"num":1935,"min":0.000000000,"max":0.000002861,"avg":0.000000158,"var":0.000000000,"sum":0.000306368}}}}},"65535:65535:65535:65535":{"rpc_id":65535,"provider_id":65535,"parent_rpc_id":65535,"parent_provider_id":65535,"name":"","target":{"received from <unknown>":{"bulk":{"create":{"duration":{"num":1935,"min":0.000002384,"max":0.001407862,"avg":0.000003447,"var":0.000001974,"sum":0.006670475},"size":{"num":1935,"min":4194304.000000000,"max":4194304.000000000,"avg":4194304.000000000,"var":0.000000000,"sum":8115978240.000000000}}}}}}}}