{"address":"","progress_loop":{"progress_with_timeout":{"num":32986,"min":0.000001431,"max":0.101352930,"avg":0.000160443,"var":0.026709355,"sum":5.292361021},"progress_timeout_value_msec":{"num":32986,"min":100.000000000,"max":100.000000000,"avg":100.000000000,"var":0.000000000,"sum":3298600.000000000},"progress_without_timeout":{"num":0,"min":0.000000000,"max":0.000000000,"avg":0.000000000,"var":0.000000000,"sum":0.000000000},"trigger":{"num":32956,"min":0.000000238,"max":0.000007153,"avg":0.000000307,"var":0.000000001,"sum":0.010119915}},"rpcs":{"65535:65535:7940397281847607295:2":{"rpc_id":7940397281847607295,"provider_id":2,"parent_rpc_id":65535,"parent_provider_id":65535,"name":"__identity__","origin":{"sent to ofi+cxi://0x06a6000d":{"iforward":{"duration":{"num":1,"min":0.000404596,"max":0.000404596,"avg":0.000404596,"var":0.000000000,"sum":0.000404596},"relative_timestamp_from_create":{"num":1,"min":0.000032902,"max":0.000032902,"avg":0.000032902,"var":0.000000000,"sum":0.000032902}},"forward_cb":{"duration":{"num":1,"min":0.000002623,"max":0.000002623,"avg":0.000002623,"var":0.000000000,"sum":0.000002623},"relative_timestamp_from_iforward_start":{"num":1,"min":0.014027357,"max":0.014027357,"avg":0.014027357,"var":0.000000000,"sum":0.014027357}},"iforward_wait":{"duration":{"num":1,"min":0.013631821,"max":0.013631821,"avg":0.013631821,"var":0.000000000,"sum":0.013631821},"relative_timestamp_from_iforward_end":{"num":1,"min":0.000000238,"max":0.000000238,"avg":0.000000238,"var":0.000000000,"sum":0.000000238}},"set_input":{"duration":{"num":0,"min":0.000000000,"max":0.000000000,"avg":0.000000000,"var":0.000000000,"sum":0.000000000},"relative_timestamp_from_iforward_start":{"num":0,"min":0.000000000,"max":0.000000000,"avg":0.000000000,"var":0.000000000,"sum":0.000000000}},"get_output":{"duration":{"num":1,"min":0.000017405,"max":0.000017405,"avg":0.000017405,"var":0.000000000,"sum":0.000017405},"relative_timestamp_from_wait_end":{"num":1,"min":0.000001431,"max":0.000001431,"avg":0.000001431,"var":0.000000000,"sum":0.000001431}}}}},"65535:65535:9722976651498815487:2":{"rpc_id":9722976651498815487,"provider_id":2,"parent_rpc_id":65535,"parent_provider_id":65535,"name":"flock_get_view","origin":{"sent to ofi+cxi://0x06a6000d":{"iforward":{"duration":{"num":2,"min":0.000011444,"max":0.000041485,"avg":0.000026464,"var":0.000000000,"sum":0.000052929},"relative_timestamp_from_create":{"num":2,"min":0.000000238,"max":0.000001669,"avg":0.000000954,"var":0.000000000,"sum":0.000001907}},"forward_cb":{"duration":{"num":2,"min":0.000000238,"max":0.000001431,"avg":0.000000834,"var":0.000000000,"sum":0.000001669},"relative_timestamp_from_iforward_start":{"num":2,"min":0.075870037,"max":0.099894285,"avg":0.087882161,"var":0.000288582,"sum":0.175764322}},"iforward_wait":{"duration":{"num":2,"min":0.075827837,"max":0.099887371,"avg":0.087857604,"var":0.000289431,"sum":0.175715208},"relative_timestamp_from_iforward_end":{"num":2,"min":0.000000238,"max":0.000001669,"avg":0.000000954,"var":0.000000000,"sum":0.000001907}},"set_input":{"duration":{"num":2,"min":0.000000000,"max":0.000000238,"avg":0.000000119,"var":0.000000000,"sum":0.000000238},"relative_timestamp_from_iforward_start":{"num":2,"min":0.000002146,"max":0.000012398,"avg":0.000007272,"var":0.000000000,"sum":0.000014544}},"get_output":{"duration":{"num":2,"min":0.000001431,"max":0.000040293,"avg":0.000020862,"var":0.000000001,"sum":0.000041723},"relative_timestamp_from_wait_end":{"num":2,"min":0.000000954,"max":0.000001192,"avg":0.000001073,"var":0.000000000,"sum":0.000002146}}}}},"65535:65535:3669993900245843967:1":{"rpc_id":3669993900245843967,"provider_id":1,"parent_rpc_id":65535,"parent_provider_id":65535,"name":"qtn_work_rpc","origin":{"sent to ofi+cxi://0x06a68616":{"iforward":{"duration":{"num":32952,"min":0.000001669,"max":0.000054121,"avg":0.000002051,"var":0.000000007,"sum":0.067571878},"relative_timestamp_from_create":{"num":32952,"min":0.000000000,"max":0.000003338,"avg":0.000000087,"var":0.000000000,"sum":0.002856255}},"forward_cb":{"duration":{"num":32952,"min":0.000000000,"max":0.000005722,"avg":0.000000140,"var":0.000000001,"sum":0.004606962},"relative_timestamp_from_iforward_start":{"num":32952,"min":0.000009060,"max":0.001800776,"avg":0.000154459,"var":0.000661740,"sum":5.089724064}},"iforward_wait":{"duration":{"num":32952,"min":0.000002623,"max":0.001799345,"avg":0.000152882,"var":0.000661787,"sum":5.037781000},"relative_timestamp_from_iforward_end":{"num":32952,"min":0.000000000,"max":0.000009060,"avg":0.000000166,"var":0.000000001,"sum":0.005455732}},"set_input":{"duration":{"num":32952,"min":0.000000000,"max":0.000005484,"avg":0.000000103,"var":0.000000001,"sum":0.003387451},"relative_timestamp_from_iforward_start":{"num":32952,"min":0.000000715,"max":0.000011921,"avg":0.000000858,"var":0.000000001,"sum":0.028263807}},"get_output":{"duration":{"num":32952,"min":0.000000000,"max":0.000002384,"avg":0.000000104,"var":0.000000000,"sum":0.003424883},"relative_timestamp_from_wait_end":{"num":32952,"min":0.000000000,"max":0.000008106,"avg":0.000000169,"var":0.000000000,"sum":0.005578518}}}}}}}