{"address":"","progress_loop":{"progress_with_timeout":{"num":33650,"min":0.000001431,"max":0.103327990,"avg":0.000158296,"var":0.026193406,"sum":5.326653004},"progress_timeout_value_msec":{"num":33650,"min":100.000000000,"max":100.000000000,"avg":100.000000000,"var":0.000000000,"sum":3365000.000000000},"progress_without_timeout":{"num":0,"min":0.000000000,"max":0.000000000,"avg":0.000000000,"var":0.000000000,"sum":0.000000000},"trigger":{"num":33595,"min":0.000000238,"max":0.000009537,"avg":0.000000309,"var":0.000000001,"sum":0.010370493}},"rpcs":{"65535:65535:7940397281847607295:2":{"rpc_id":7940397281847607295,"provider_id":2,"parent_rpc_id":65535,"parent_provider_id":65535,"name":"__identity__","origin":{"sent to ofi+cxi://0x06a6000d":{"iforward":{"duration":{"num":1,"min":0.000182867,"max":0.000182867,"avg":0.000182867,"var":0.000000000,"sum":0.000182867},"relative_timestamp_from_create":{"num":1,"min":0.000003576,"max":0.000003576,"avg":0.000003576,"var":0.000000000,"sum":0.000003576}},"forward_cb":{"duration":{"num":1,"min":0.000002384,"max":0.000002384,"avg":0.000002384,"var":0.000000000,"sum":0.000002384},"relative_timestamp_from_iforward_start":{"num":1,"min":0.032515764,"max":0.032515764,"avg":0.032515764,"var":0.000000000,"sum":0.032515764}},"iforward_wait":{"duration":{"num":1,"min":0.032341480,"max":0.032341480,"avg":0.032341480,"var":0.000000000,"sum":0.032341480},"relative_timestamp_from_iforward_end":{"num":1,"min":0.000000238,"max":0.000000238,"avg":0.000000238,"var":0.000000000,"sum":0.000000238}},"set_input":{"duration":{"num":0,"min":0.000000000,"max":0.000000000,"avg":0.000000000,"var":0.000000000,"sum":0.000000000},"relative_timestamp_from_iforward_start":{"num":0,"min":0.000000000,"max":0.000000000,"avg":0.000000000,"var":0.000000000,"sum":0.000000000}},"get_output":{"duration":{"num":1,"min":0.000018120,"max":0.000018120,"avg":0.000018120,"var":0.000000000,"sum":0.000018120},"relative_timestamp_from_wait_end":{"num":1,"min":0.000001907,"max":0.000001907,"avg":0.000001907,"var":0.000000000,"sum":0.000001907}}}}},"65535:65535:9722976651498815487:2":{"rpc_id":9722976651498815487,"provider_id":2,"parent_rpc_id":65535,"parent_provider_id":65535,"name":"flock_get_view","origin":{"sent to ofi+cxi://0x06a6000d":{"iforward":{"duration":{"num":2,"min":0.000018120,"max":0.000047445,"avg":0.000032783,"var":0.000000000,"sum":0.000065565},"relative_timestamp_from_create":{"num":2,"min":0.000000477,"max":0.000001431,"avg":0.000000954,"var":0.000000000,"sum":0.000001907}},"forward_cb":{"duration":{"num":2,"min":0.000000238,"max":0.000000954,"avg":0.000000596,"var":0.000000000,"sum":0.000001192},"relative_timestamp_from_iforward_start":{"num":2,"min":0.060787439,"max":0.105691671,"avg":0.083239555,"var":0.001008195,"sum":0.166479111}},"iforward_wait":{"duration":{"num":2,"min":0.060769558,"max":0.105646610,"avg":0.083208084,"var":0.001006975,"sum":0.166416168},"relative_timestamp_from_iforward_end":{"num":2,"min":0.000000477,"max":0.000001431,"avg":0.000000954,"var":0.000000000,"sum":0.000001907}},"set_input":{"duration":{"num":2,"min":0.000000238,"max":0.000000238,"avg":0.000000238,"var":0.000000000,"sum":0.000000477},"relative_timestamp_from_iforward_start":{"num":2,"min":0.000006437,"max":0.000014305,"avg":0.000010371,"var":0.000000000,"sum":0.000020742}},"get_output":{"duration":{"num":2,"min":0.000000477,"max":0.000054598,"avg":0.000027537,"var":0.000000001,"sum":0.000055075},"relative_timestamp_from_wait_end":{"num":2,"min":0.000000477,"max":0.000002384,"avg":0.000001431,"var":0.000000000,"sum":0.000002861}}}}},"65535:65535:3669993900245843967:1":{"rpc_id":3669993900245843967,"provider_id":1,"parent_rpc_id":65535,"parent_provider_id":65535,"name":"qtn_work_rpc","origin":{"sent to ofi+cxi://0x06a7c215":{"iforward":{"duration":{"num":33591,"min":0.000001431,"max":0.000034571,"avg":0.000002121,"var":0.000000005,"sum":0.071258783},"relative_timestamp_from_create":{"num":33591,"min":0.000000000,"max":0.000001431,"avg":0.000000086,"var":0.000000000,"sum":0.002893686}},"forward_cb":{"duration":{"num":33591,"min":0.000000000,"max":0.000006199,"avg":0.000000137,"var":0.000000001,"sum":0.004585743},"relative_timestamp_from_iforward_start":{"num":33591,"min":0.000009298,"max":0.000652552,"avg":0.000152348,"var":0.000571686,"sum":5.117525816}},"iforward_wait":{"duration":{"num":33591,"min":0.000007391,"max":0.000651121,"avg":0.000150706,"var":0.000571701,"sum":5.062359095},"relative_timestamp_from_iforward_end":{"num":33591,"min":0.000000000,"max":0.000000954,"avg":0.000000166,"var":0.000000000,"sum":0.005587578}},"set_input":{"duration":{"num":33591,"min":0.000000000,"max":0.000004292,"avg":0.000000105,"var":0.000000000,"sum":0.003526449},"relative_timestamp_from_iforward_start":{"num":33591,"min":0.000000477,"max":0.000008345,"avg":0.000000887,"var":0.000000001,"sum":0.029793501}},"get_output":{"duration":{"num":33591,"min":0.000000000,"max":0.000000477,"avg":0.000000103,"var":0.000000000,"sum":0.003458500},"relative_timestamp_from_wait_end":{"num":33591,"min":0.000000000,"max":0.000002623,"avg":0.000000175,"var":0.000000000,"sum":0.005866051}}}}}}}