{"address":"","progress_loop":{"progress_with_timeout":{"num":1805,"min":0.000001431,"max":0.101331949,"avg":0.006387826,"var":0.030219699,"sum":11.530025721},"progress_timeout_value_msec":{"num":1805,"min":100.000000000,"max":100.000000000,"avg":100.000000000,"var":0.000000000,"sum":180500.000000000},"progress_without_timeout":{"num":0,"min":0.000000000,"max":0.000000000,"avg":0.000000000,"var":0.000000000,"sum":0.000000000},"trigger":{"num":1800,"min":0.000000238,"max":0.000008345,"avg":0.000000303,"var":0.000000000,"sum":0.000546217}},"rpcs":{"65535:65535:7940397281847607295:2":{"rpc_id":7940397281847607295,"provider_id":2,"parent_rpc_id":65535,"parent_provider_id":65535,"name":"__identity__","origin":{"sent to ofi+cxi://0x06a6000d":{"iforward":{"duration":{"num":1,"min":0.000077724,"max":0.000077724,"avg":0.000077724,"var":0.000000000,"sum":0.000077724},"relative_timestamp_from_create":{"num":1,"min":0.000003338,"max":0.000003338,"avg":0.000003338,"var":0.000000000,"sum":0.000003338}},"forward_cb":{"duration":{"num":1,"min":0.000002384,"max":0.000002384,"avg":0.000002384,"var":0.000000000,"sum":0.000002384},"relative_timestamp_from_iforward_start":{"num":1,"min":0.013510942,"max":0.013510942,"avg":0.013510942,"var":0.000000000,"sum":0.013510942}},"iforward_wait":{"duration":{"num":1,"min":0.013440847,"max":0.013440847,"avg":0.013440847,"var":0.000000000,"sum":0.013440847},"relative_timestamp_from_iforward_end":{"num":1,"min":0.000000477,"max":0.000000477,"avg":0.000000477,"var":0.000000000,"sum":0.000000477}},"set_input":{"duration":{"num":0,"min":0.000000000,"max":0.000000000,"avg":0.000000000,"var":0.000000000,"sum":0.000000000},"relative_timestamp_from_iforward_start":{"num":0,"min":0.000000000,"max":0.000000000,"avg":0.000000000,"var":0.000000000,"sum":0.000000000}},"get_output":{"duration":{"num":1,"min":0.000015974,"max":0.000015974,"avg":0.000015974,"var":0.000000000,"sum":0.000015974},"relative_timestamp_from_wait_end":{"num":1,"min":0.000001669,"max":0.000001669,"avg":0.000001669,"var":0.000000000,"sum":0.000001669}}}}},"65535:65535:9722976651498815487:2":{"rpc_id":9722976651498815487,"provider_id":2,"parent_rpc_id":65535,"parent_provider_id":65535,"name":"flock_get_view","origin":{"sent to ofi+cxi://0x06a6000d":{"iforward":{"duration":{"num":2,"min":0.000017405,"max":0.000041723,"avg":0.000029564,"var":0.000000000,"sum":0.000059128},"relative_timestamp_from_create":{"num":2,"min":0.000000477,"max":0.000001431,"avg":0.000000954,"var":0.000000000,"sum":0.000001907}},"forward_cb":{"duration":{"num":2,"min":0.000000238,"max":0.000000954,"avg":0.000000596,"var":0.000000000,"sum":0.000001192},"relative_timestamp_from_iforward_start":{"num":2,"min":0.053023338,"max":0.082195044,"avg":0.067609191,"var":0.000425494,"sum":0.135218382}},"iforward_wait":{"duration":{"num":2,"min":0.052983284,"max":0.082178354,"avg":0.067580819,"var":0.000426176,"sum":0.135161638},"relative_timestamp_from_iforward_end":{"num":2,"min":0.000000238,"max":0.000001431,"avg":0.000000834,"var":0.000000000,"sum":0.000001669}},"set_input":{"duration":{"num":2,"min":0.000000238,"max":0.000000238,"avg":0.000000238,"var":0.000000000,"sum":0.000000477},"relative_timestamp_from_iforward_start":{"num":2,"min":0.000005484,"max":0.000012398,"avg":0.000008941,"var":0.000000000,"sum":0.000017881}},"get_output":{"duration":{"num":2,"min":0.000000477,"max":0.000048876,"avg":0.000024676,"var":0.000000001,"sum":0.000049353},"relative_timestamp_from_wait_end":{"num":2,"min":0.000000477,"max":0.000002146,"avg":0.000001311,"var":0.000000000,"sum":0.000002623}}}}},"65535:65535:3669993900245843967:1":{"rpc_id":3669993900245843967,"provider_id":1,"parent_rpc_id":65535,"parent_provider_id":65535,"name":"qtn_work_rpc","origin":{"sent to ofi+cxi://0x06a60410":{"iforward":{"duration":{"num":1796,"min":0.000001431,"max":0.000032902,"avg":0.000001765,"var":0.000000004,"sum":0.003170490},"relative_timestamp_from_create":{"num":1796,"min":0.000002623,"max":0.001682997,"avg":0.000003789,"var":0.000002821,"sum":0.006804943}},"forward_cb":{"duration":{"num":1796,"min":0.000000000,"max":0.000001192,"avg":0.000000132,"var":0.000000000,"sum":0.000236988},"relative_timestamp_from_iforward_start":{"num":1796,"min":0.000843763,"max":0.026055574,"avg":0.006283082,"var":0.013021153,"sum":11.284415960}},"iforward_wait":{"duration":{"num":1796,"min":0.000842571,"max":0.026054144,"avg":0.006281706,"var":0.013021418,"sum":11.281943321},"relative_timestamp_from_iforward_end":{"num":1796,"min":0.000000000,"max":0.000002384,"avg":0.000000200,"var":0.000000000,"sum":0.000360012}},"set_input":{"duration":{"num":1796,"min":0.000000000,"max":0.000004768,"avg":0.000000119,"var":0.000000000,"sum":0.000213385},"relative_timestamp_from_iforward_start":{"num":1796,"min":0.000000477,"max":0.000008583,"avg":0.000000718,"var":0.000000000,"sum":0.001289606}},"get_output":{"duration":{"num":1796,"min":0.000000000,"max":0.000000238,"avg":0.000000086,"var":0.000000000,"sum":0.000155210},"relative_timestamp_from_wait_end":{"num":1796,"min":0.000000000,"max":0.000002861,"avg":0.000000159,"var":0.000000000,"sum":0.000285864}}}}},"65535:65535:65535:65535":{"rpc_id":65535,"provider_id":65535,"parent_rpc_id":65535,"parent_provider_id":65535,"name":"","target":{"received from <unknown>":{"bulk":{"create":{"duration":{"num":1796,"min":0.000002384,"max":0.001677275,"avg":0.000003583,"var":0.000002803,"sum":0.006434202},"size":{"num":1796,"min":4194304.000000000,"max":4194304.000000000,"avg":4194304.000000000,"var":0.000000000,"sum":7532969984.000000000}}}}}}}}