{"address":"","progress_loop":{"progress_with_timeout":{"num":33031,"min":0.000001192,"max":0.103317738,"avg":0.000161467,"var":0.025631800,"sum":5.333428860},"progress_timeout_value_msec":{"num":33031,"min":100.000000000,"max":100.000000000,"avg":100.000000000,"var":0.000000000,"sum":3303100.000000000},"progress_without_timeout":{"num":0,"min":0.000000000,"max":0.000000000,"avg":0.000000000,"var":0.000000000,"sum":0.000000000},"trigger":{"num":33005,"min":0.000000238,"max":0.000009298,"avg":0.000000275,"var":0.000000001,"sum":0.009069204}},"rpcs":{"65535:65535:7940397281847607295:2":{"rpc_id":7940397281847607295,"provider_id":2,"parent_rpc_id":65535,"parent_provider_id":65535,"name":"__identity__","origin":{"sent to ofi+cxi://0x06a6000d":{"iforward":{"duration":{"num":1,"min":0.001198530,"max":0.001198530,"avg":0.001198530,"var":0.000000000,"sum":0.001198530},"relative_timestamp_from_create":{"num":1,"min":0.000004053,"max":0.000004053,"avg":0.000004053,"var":0.000000000,"sum":0.000004053}},"forward_cb":{"duration":{"num":1,"min":0.000002146,"max":0.000002146,"avg":0.000002146,"var":0.000000000,"sum":0.000002146},"relative_timestamp_from_iforward_start":{"num":1,"min":0.038889170,"max":0.038889170,"avg":0.038889170,"var":0.000000000,"sum":0.038889170}},"iforward_wait":{"duration":{"num":1,"min":0.037698030,"max":0.037698030,"avg":0.037698030,"var":0.000000000,"sum":0.037698030},"relative_timestamp_from_iforward_end":{"num":1,"min":0.000000238,"max":0.000000238,"avg":0.000000238,"var":0.000000000,"sum":0.000000238}},"set_input":{"duration":{"num":0,"min":0.000000000,"max":0.000000000,"avg":0.000000000,"var":0.000000000,"sum":0.000000000},"relative_timestamp_from_iforward_start":{"num":0,"min":0.000000000,"max":0.000000000,"avg":0.000000000,"var":0.000000000,"sum":0.000000000}},"get_output":{"duration":{"num":1,"min":0.000016451,"max":0.000016451,"avg":0.000016451,"var":0.000000000,"sum":0.000016451},"relative_timestamp_from_wait_end":{"num":1,"min":0.000001431,"max":0.000001431,"avg":0.000001431,"var":0.000000000,"sum":0.000001431}}}}},"65535:65535:9722976651498815487:2":{"rpc_id":9722976651498815487,"provider_id":2,"parent_rpc_id":65535,"parent_provider_id":65535,"name":"flock_get_view","origin":{"sent to ofi+cxi://0x06a6000d":{"iforward":{"duration":{"num":2,"min":0.000020266,"max":0.000040054,"avg":0.000030160,"var":0.000000000,"sum":0.000060320},"relative_timestamp_from_create":{"num":2,"min":0.000000715,"max":0.000001431,"avg":0.000001073,"var":0.000000000,"sum":0.000002146}},"forward_cb":{"duration":{"num":2,"min":0.000000000,"max":0.000000954,"avg":0.000000477,"var":0.000000000,"sum":0.000000954},"relative_timestamp_from_iforward_start":{"num":2,"min":0.054480076,"max":0.108301640,"avg":0.081390858,"var":0.001448380,"sum":0.162781715}},"iforward_wait":{"duration":{"num":2,"min":0.054460287,"max":0.108263969,"avg":0.081362128,"var":0.001447418,"sum":0.162724257},"relative_timestamp_from_iforward_end":{"num":2,"min":0.000000238,"max":0.000001192,"avg":0.000000715,"var":0.000000000,"sum":0.000001431}},"set_input":{"duration":{"num":2,"min":0.000000000,"max":0.000000238,"avg":0.000000119,"var":0.000000000,"sum":0.000000238},"relative_timestamp_from_iforward_start":{"num":2,"min":0.000008106,"max":0.000013590,"avg":0.000010848,"var":0.000000000,"sum":0.000021696}},"get_output":{"duration":{"num":2,"min":0.000000477,"max":0.000054836,"avg":0.000027657,"var":0.000000001,"sum":0.000055313},"relative_timestamp_from_wait_end":{"num":2,"min":0.000000238,"max":0.000002623,"avg":0.000001431,"var":0.000000000,"sum":0.000002861}}}}},"65535:65535:3669993900245843967:1":{"rpc_id":3669993900245843967,"provider_id":1,"parent_rpc_id":65535,"parent_provider_id":65535,"name":"qtn_work_rpc","origin":{"sent to ofi+cxi://0x06a68415":{"iforward":{"duration":{"num":33001,"min":0.000001192,"max":0.000041723,"avg":0.000001543,"var":0.000000006,"sum":0.050905943},"relative_timestamp_from_create":{"num":33001,"min":0.000000000,"max":0.000002384,"avg":0.000000072,"var":0.000000000,"sum":0.002385855}},"forward_cb":{"duration":{"num":33001,"min":0.000000000,"max":0.000007153,"avg":0.000000124,"var":0.000000001,"sum":0.004105806},"relative_timestamp_from_iforward_start":{"num":33001,"min":0.000008583,"max":0.000612497,"avg":0.000154521,"var":0.000260138,"sum":5.099343777}},"iforward_wait":{"duration":{"num":33001,"min":0.000004530,"max":0.000611305,"avg":0.000153348,"var":0.000260082,"sum":5.060625076},"relative_timestamp_from_iforward_end":{"num":33001,"min":0.000000000,"max":0.000002861,"avg":0.000000182,"var":0.000000000,"sum":0.005996704}},"set_input":{"duration":{"num":33001,"min":0.000000000,"max":0.000003338,"avg":0.000000081,"var":0.000000000,"sum":0.002675295},"relative_timestamp_from_iforward_start":{"num":33001,"min":0.000000477,"max":0.000008821,"avg":0.000000710,"var":0.000000000,"sum":0.023429155}},"get_output":{"duration":{"num":33001,"min":0.000000000,"max":0.000005960,"avg":0.000000090,"var":0.000000000,"sum":0.002985477},"relative_timestamp_from_wait_end":{"num":33001,"min":0.000000000,"max":0.000003576,"avg":0.000000152,"var":0.000000001,"sum":0.005019903}}}}}}}