{"address":"","progress_loop":{"progress_with_timeout":{"num":1709,"min":0.000001907,"max":0.100224733,"avg":0.007121212,"var":0.033905571,"sum":12.170151234},"progress_timeout_value_msec":{"num":1709,"min":100.000000000,"max":100.000000000,"avg":100.000000000,"var":0.000000000,"sum":170900.000000000},"progress_without_timeout":{"num":0,"min":0.000000000,"max":0.000000000,"avg":0.000000000,"var":0.000000000,"sum":0.000000000},"trigger":{"num":1691,"min":0.000000238,"max":0.000007629,"avg":0.000000442,"var":0.000000000,"sum":0.000747204}},"rpcs":{"65535:65535:7940397281847607295:2":{"rpc_id":7940397281847607295,"provider_id":2,"parent_rpc_id":65535,"parent_provider_id":65535,"name":"__identity__","origin":{"sent to ofi+cxi://0x06a6000d":{"iforward":{"duration":{"num":1,"min":0.000155926,"max":0.000155926,"avg":0.000155926,"var":0.000000000,"sum":0.000155926},"relative_timestamp_from_create":{"num":1,"min":0.000003099,"max":0.000003099,"avg":0.000003099,"var":0.000000000,"sum":0.000003099}},"forward_cb":{"duration":{"num":1,"min":0.000002384,"max":0.000002384,"avg":0.000002384,"var":0.000000000,"sum":0.000002384},"relative_timestamp_from_iforward_start":{"num":1,"min":0.007889032,"max":0.007889032,"avg":0.007889032,"var":0.000000000,"sum":0.007889032}},"iforward_wait":{"duration":{"num":1,"min":0.007741690,"max":0.007741690,"avg":0.007741690,"var":0.000000000,"sum":0.007741690},"relative_timestamp_from_iforward_end":{"num":1,"min":0.000000238,"max":0.000000238,"avg":0.000000238,"var":0.000000000,"sum":0.000000238}},"set_input":{"duration":{"num":0,"min":0.000000000,"max":0.000000000,"avg":0.000000000,"var":0.000000000,"sum":0.000000000},"relative_timestamp_from_iforward_start":{"num":0,"min":0.000000000,"max":0.000000000,"avg":0.000000000,"var":0.000000000,"sum":0.000000000}},"get_output":{"duration":{"num":1,"min":0.000015736,"max":0.000015736,"avg":0.000015736,"var":0.000000000,"sum":0.000015736},"relative_timestamp_from_wait_end":{"num":1,"min":0.000001431,"max":0.000001431,"avg":0.000001431,"var":0.000000000,"sum":0.000001431}}}}},"65535:65535:9722976651498815487:2":{"rpc_id":9722976651498815487,"provider_id":2,"parent_rpc_id":65535,"parent_provider_id":65535,"name":"flock_get_view","origin":{"sent to ofi+cxi://0x06a6000d":{"iforward":{"duration":{"num":2,"min":0.000013351,"max":0.000041485,"avg":0.000027418,"var":0.000000000,"sum":0.000054836},"relative_timestamp_from_create":{"num":2,"min":0.000001431,"max":0.000002623,"avg":0.000002027,"var":0.000000000,"sum":0.000004053}},"forward_cb":{"duration":{"num":2,"min":0.000000238,"max":0.000001192,"avg":0.000000715,"var":0.000000000,"sum":0.000001431},"relative_timestamp_from_iforward_start":{"num":2,"min":0.036286831,"max":0.100240946,"avg":0.068263888,"var":0.002045064,"sum":0.136527777}},"iforward_wait":{"duration":{"num":2,"min":0.036245584,"max":0.100232124,"avg":0.068238854,"var":0.002047139,"sum":0.136477709},"relative_timestamp_from_iforward_end":{"num":2,"min":0.000000238,"max":0.000001192,"avg":0.000000715,"var":0.000000000,"sum":0.000001431}},"set_input":{"duration":{"num":2,"min":0.000000000,"max":0.000000477,"avg":0.000000238,"var":0.000000000,"sum":0.000000477},"relative_timestamp_from_iforward_start":{"num":2,"min":0.000002861,"max":0.000015259,"avg":0.000009060,"var":0.000000000,"sum":0.000018120}},"get_output":{"duration":{"num":2,"min":0.000001431,"max":0.000078678,"avg":0.000040054,"var":0.000000003,"sum":0.000080109},"relative_timestamp_from_wait_end":{"num":2,"min":0.000001192,"max":0.000001192,"avg":0.000001192,"var":0.000000000,"sum":0.000002384}}}}},"65535:65535:3669993900245843967:1":{"rpc_id":3669993900245843967,"provider_id":1,"parent_rpc_id":65535,"parent_provider_id":65535,"name":"qtn_work_rpc","origin":{"sent to ofi+cxi://0x06a6e417":{"iforward":{"duration":{"num":1687,"min":0.000001431,"max":0.000046015,"avg":0.000003005,"var":0.000000012,"sum":0.005069256},"relative_timestamp_from_create":{"num":1687,"min":0.000002623,"max":0.001784563,"avg":0.000005483,"var":0.000005762,"sum":0.009249687}},"forward_cb":{"duration":{"num":1687,"min":0.000000000,"max":0.000001431,"avg":0.000000204,"var":0.000000000,"sum":0.000343800},"relative_timestamp_from_iforward_start":{"num":1687,"min":0.000243902,"max":0.023392439,"avg":0.007073166,"var":0.014947119,"sum":11.932430267}},"iforward_wait":{"duration":{"num":1687,"min":0.000231981,"max":0.023390293,"avg":0.007070812,"var":0.014949497,"sum":11.928459644},"relative_timestamp_from_iforward_end":{"num":1687,"min":0.000000000,"max":0.000000715,"avg":0.000000253,"var":0.000000000,"sum":0.000427008}},"set_input":{"duration":{"num":1687,"min":0.000000000,"max":0.000005484,"avg":0.000000313,"var":0.000000000,"sum":0.000528574},"relative_timestamp_from_iforward_start":{"num":1687,"min":0.000000477,"max":0.000017881,"avg":0.000001229,"var":0.000000003,"sum":0.002073050}},"get_output":{"duration":{"num":1687,"min":0.000000000,"max":0.000000477,"avg":0.000000126,"var":0.000000000,"sum":0.000213146},"relative_timestamp_from_wait_end":{"num":1687,"min":0.000000000,"max":0.000002146,"avg":0.000000209,"var":0.000000000,"sum":0.000352859}}}}},"65535:65535:65535:65535":{"rpc_id":65535,"provider_id":65535,"parent_rpc_id":65535,"parent_provider_id":65535,"name":"","target":{"received from <unknown>":{"bulk":{"create":{"duration":{"num":1687,"min":0.000002384,"max":0.001778364,"avg":0.000005219,"var":0.000005742,"sum":0.008803844},"size":{"num":1687,"min":4194304.000000000,"max":4194304.000000000,"avg":4194304.000000000,"var":0.000000000,"sum":7075790848.000000000}}}}}}}}