{"address":"","progress_loop":{"progress_with_timeout":{"num":28574,"min":0.000000954,"max":0.104457378,"avg":0.000187437,"var":0.026628504,"sum":5.355819941},"progress_timeout_value_msec":{"num":28574,"min":100.000000000,"max":100.000000000,"avg":100.000000000,"var":0.000000000,"sum":2857400.000000000},"progress_without_timeout":{"num":0,"min":0.000000000,"max":0.000000000,"avg":0.000000000,"var":0.000000000,"sum":0.000000000},"trigger":{"num":28528,"min":0.000000238,"max":0.000012398,"avg":0.000000289,"var":0.000000001,"sum":0.008250475}},"rpcs":{"65535:65535:7940397281847607295:2":{"rpc_id":7940397281847607295,"provider_id":2,"parent_rpc_id":65535,"parent_provider_id":65535,"name":"__identity__","origin":{"sent to ofi+cxi://0x06a6000d":{"iforward":{"duration":{"num":1,"min":0.000153303,"max":0.000153303,"avg":0.000153303,"var":0.000000000,"sum":0.000153303},"relative_timestamp_from_create":{"num":1,"min":0.000005722,"max":0.000005722,"avg":0.000005722,"var":0.000000000,"sum":0.000005722}},"forward_cb":{"duration":{"num":1,"min":0.000002146,"max":0.000002146,"avg":0.000002146,"var":0.000000000,"sum":0.000002146},"relative_timestamp_from_iforward_start":{"num":1,"min":0.023874521,"max":0.023874521,"avg":0.023874521,"var":0.000000000,"sum":0.023874521}},"iforward_wait":{"duration":{"num":1,"min":0.023729324,"max":0.023729324,"avg":0.023729324,"var":0.000000000,"sum":0.023729324},"relative_timestamp_from_iforward_end":{"num":1,"min":0.000000238,"max":0.000000238,"avg":0.000000238,"var":0.000000000,"sum":0.000000238}},"set_input":{"duration":{"num":0,"min":0.000000000,"max":0.000000000,"avg":0.000000000,"var":0.000000000,"sum":0.000000000},"relative_timestamp_from_iforward_start":{"num":0,"min":0.000000000,"max":0.000000000,"avg":0.000000000,"var":0.000000000,"sum":0.000000000}},"get_output":{"duration":{"num":1,"min":0.000022411,"max":0.000022411,"avg":0.000022411,"var":0.000000000,"sum":0.000022411},"relative_timestamp_from_wait_end":{"num":1,"min":0.000001669,"max":0.000001669,"avg":0.000001669,"var":0.000000000,"sum":0.000001669}}}}},"65535:65535:9722976651498815487:2":{"rpc_id":9722976651498815487,"provider_id":2,"parent_rpc_id":65535,"parent_provider_id":65535,"name":"flock_get_view","origin":{"sent to ofi+cxi://0x06a6000d":{"iforward":{"duration":{"num":2,"min":0.000011683,"max":0.000037909,"avg":0.000024796,"var":0.000000000,"sum":0.000049591},"relative_timestamp_from_create":{"num":2,"min":0.000000238,"max":0.000001431,"avg":0.000000834,"var":0.000000000,"sum":0.000001669}},"forward_cb":{"duration":{"num":2,"min":0.000000238,"max":0.000000238,"avg":0.000000238,"var":0.000000000,"sum":0.000000477},"relative_timestamp_from_iforward_start":{"num":2,"min":0.077364922,"max":0.092524052,"avg":0.084944487,"var":0.000114900,"sum":0.169888973}},"iforward_wait":{"duration":{"num":2,"min":0.077353954,"max":0.092485905,"avg":0.084919930,"var":0.000114488,"sum":0.169839859},"relative_timestamp_from_iforward_end":{"num":2,"min":0.000000000,"max":0.000001192,"avg":0.000000596,"var":0.000000000,"sum":0.000001192}},"set_input":{"duration":{"num":2,"min":0.000000000,"max":0.000000238,"avg":0.000000119,"var":0.000000000,"sum":0.000000238},"relative_timestamp_from_iforward_start":{"num":2,"min":0.000002384,"max":0.000011683,"avg":0.000007033,"var":0.000000000,"sum":0.000014067}},"get_output":{"duration":{"num":2,"min":0.000000477,"max":0.000060081,"avg":0.000030279,"var":0.000000002,"sum":0.000060558},"relative_timestamp_from_wait_end":{"num":2,"min":0.000000238,"max":0.000001192,"avg":0.000000715,"var":0.000000000,"sum":0.000001431}}}}},"65535:65535:3669993900245843967:1":{"rpc_id":3669993900245843967,"provider_id":1,"parent_rpc_id":65535,"parent_provider_id":65535,"name":"qtn_work_rpc","origin":{"sent to ofi+cxi://0x06a66011":{"iforward":{"duration":{"num":28524,"min":0.000001431,"max":0.000033855,"avg":0.000001872,"var":0.000000006,"sum":0.053388357},"relative_timestamp_from_create":{"num":28524,"min":0.000000000,"max":0.000000954,"avg":0.000000081,"var":0.000000000,"sum":0.002318859}},"forward_cb":{"duration":{"num":28524,"min":0.000000000,"max":0.000003338,"avg":0.000000127,"var":0.000000000,"sum":0.003612518},"relative_timestamp_from_iforward_start":{"num":28524,"min":0.000008345,"max":0.001061678,"avg":0.000179780,"var":0.000753381,"sum":5.128054380}},"iforward_wait":{"duration":{"num":28524,"min":0.000005722,"max":0.001060963,"avg":0.000178318,"var":0.000753607,"sum":5.086334467},"relative_timestamp_from_iforward_end":{"num":28524,"min":0.000000000,"max":0.000004053,"avg":0.000000178,"var":0.000000000,"sum":0.005072355}},"set_input":{"duration":{"num":28524,"min":0.000000000,"max":0.000001669,"avg":0.000000093,"var":0.000000000,"sum":0.002650738},"relative_timestamp_from_iforward_start":{"num":28524,"min":0.000000477,"max":0.000009060,"avg":0.000000784,"var":0.000000001,"sum":0.022364378}},"get_output":{"duration":{"num":28524,"min":0.000000000,"max":0.000003338,"avg":0.000000096,"var":0.000000000,"sum":0.002727509},"relative_timestamp_from_wait_end":{"num":28524,"min":0.000000000,"max":0.000014544,"avg":0.000000170,"var":0.000000001,"sum":0.004836798}}}}}}}