{"address":"","progress_loop":{"progress_with_timeout":{"num":32780,"min":0.000001431,"max":0.104102850,"avg":0.000162180,"var":0.026366311,"sum":5.316259623},"progress_timeout_value_msec":{"num":32780,"min":100.000000000,"max":100.000000000,"avg":100.000000000,"var":0.000000000,"sum":3278000.000000000},"progress_without_timeout":{"num":0,"min":0.000000000,"max":0.000000000,"avg":0.000000000,"var":0.000000000,"sum":0.000000000},"trigger":{"num":32761,"min":0.000000238,"max":0.000008106,"avg":0.000000311,"var":0.000000001,"sum":0.010187626}},"rpcs":{"65535:65535:7940397281847607295:2":{"rpc_id":7940397281847607295,"provider_id":2,"parent_rpc_id":65535,"parent_provider_id":65535,"name":"__identity__","origin":{"sent to ofi+cxi://0x06a6000d":{"iforward":{"duration":{"num":1,"min":0.001287937,"max":0.001287937,"avg":0.001287937,"var":0.000000000,"sum":0.001287937},"relative_timestamp_from_create":{"num":1,"min":0.000004053,"max":0.000004053,"avg":0.000004053,"var":0.000000000,"sum":0.000004053}},"forward_cb":{"duration":{"num":1,"min":0.000000954,"max":0.000000954,"avg":0.000000954,"var":0.000000000,"sum":0.000000954},"relative_timestamp_from_iforward_start":{"num":1,"min":0.060139179,"max":0.060139179,"avg":0.060139179,"var":0.000000000,"sum":0.060139179}},"iforward_wait":{"duration":{"num":1,"min":0.058855534,"max":0.058855534,"avg":0.058855534,"var":0.000000000,"sum":0.058855534},"relative_timestamp_from_iforward_end":{"num":1,"min":0.000000477,"max":0.000000477,"avg":0.000000477,"var":0.000000000,"sum":0.000000477}},"set_input":{"duration":{"num":0,"min":0.000000000,"max":0.000000000,"avg":0.000000000,"var":0.000000000,"sum":0.000000000},"relative_timestamp_from_iforward_start":{"num":0,"min":0.000000000,"max":0.000000000,"avg":0.000000000,"var":0.000000000,"sum":0.000000000}},"get_output":{"duration":{"num":1,"min":0.000007153,"max":0.000007153,"avg":0.000007153,"var":0.000000000,"sum":0.000007153},"relative_timestamp_from_wait_end":{"num":1,"min":0.000001192,"max":0.000001192,"avg":0.000001192,"var":0.000000000,"sum":0.000001192}}}}},"65535:65535:9722976651498815487:2":{"rpc_id":9722976651498815487,"provider_id":2,"parent_rpc_id":65535,"parent_provider_id":65535,"name":"flock_get_view","origin":{"sent to ofi+cxi://0x06a6000d":{"iforward":{"duration":{"num":2,"min":0.000018358,"max":0.000018358,"avg":0.000018358,"var":0.000000000,"sum":0.000036716},"relative_timestamp_from_create":{"num":2,"min":0.000000715,"max":0.000001431,"avg":0.000001073,"var":0.000000000,"sum":0.000002146}},"forward_cb":{"duration":{"num":2,"min":0.000000954,"max":0.000001192,"avg":0.000001073,"var":0.000000000,"sum":0.000002146},"relative_timestamp_from_iforward_start":{"num":2,"min":0.027269840,"max":0.120369196,"avg":0.073819518,"var":0.004333745,"sum":0.147639036}},"iforward_wait":{"duration":{"num":2,"min":0.027256012,"max":0.120352983,"avg":0.073804498,"var":0.004333523,"sum":0.147608995},"relative_timestamp_from_iforward_end":{"num":2,"min":0.000000477,"max":0.000001192,"avg":0.000000834,"var":0.000000000,"sum":0.000001669}},"set_input":{"duration":{"num":2,"min":0.000000238,"max":0.000000238,"avg":0.000000238,"var":0.000000000,"sum":0.000000477},"relative_timestamp_from_iforward_start":{"num":2,"min":0.000005245,"max":0.000006199,"avg":0.000005722,"var":0.000000000,"sum":0.000011444}},"get_output":{"duration":{"num":2,"min":0.000001192,"max":0.000041723,"avg":0.000021458,"var":0.000000001,"sum":0.000042915},"relative_timestamp_from_wait_end":{"num":2,"min":0.000001192,"max":0.000002146,"avg":0.000001669,"var":0.000000000,"sum":0.000003338}}}}},"65535:65535:3669993900245843967:1":{"rpc_id":3669993900245843967,"provider_id":1,"parent_rpc_id":65535,"parent_provider_id":65535,"name":"qtn_work_rpc","origin":{"sent to ofi+cxi://0x06a6e00d":{"iforward":{"duration":{"num":32757,"min":0.000001669,"max":0.000051498,"avg":0.000002063,"var":0.000000007,"sum":0.067570686},"relative_timestamp_from_create":{"num":32757,"min":0.000000000,"max":0.000007153,"avg":0.000000090,"var":0.000000001,"sum":0.002935410}},"forward_cb":{"duration":{"num":32757,"min":0.000000000,"max":0.000004768,"avg":0.000000140,"var":0.000000001,"sum":0.004576445},"relative_timestamp_from_iforward_start":{"num":32757,"min":0.000008821,"max":0.000790119,"avg":0.000155537,"var":0.000695851,"sum":5.094933748}},"iforward_wait":{"duration":{"num":32757,"min":0.000003815,"max":0.000789165,"avg":0.000153937,"var":0.000695934,"sum":5.042503595},"relative_timestamp_from_iforward_end":{"num":32757,"min":0.000000000,"max":0.000005722,"avg":0.000000172,"var":0.000000000,"sum":0.005646467}},"set_input":{"duration":{"num":32757,"min":0.000000000,"max":0.000006437,"avg":0.000000100,"var":0.000000001,"sum":0.003290653},"relative_timestamp_from_iforward_start":{"num":32757,"min":0.000000715,"max":0.000013113,"avg":0.000000859,"var":0.000000001,"sum":0.028153419}},"get_output":{"duration":{"num":32757,"min":0.000000000,"max":0.000000477,"avg":0.000000101,"var":0.000000000,"sum":0.003312111},"relative_timestamp_from_wait_end":{"num":32757,"min":0.000000000,"max":0.000008106,"avg":0.000000180,"var":0.000000000,"sum":0.005884409}}}}}}}