{"address":"","progress_loop":{"progress_with_timeout":{"num":1779,"min":0.000001431,"max":0.103058815,"avg":0.006412864,"var":0.026650093,"sum":11.408485174},"progress_timeout_value_msec":{"num":1779,"min":100.000000000,"max":100.000000000,"avg":100.000000000,"var":0.000000000,"sum":177900.000000000},"progress_without_timeout":{"num":0,"min":0.000000000,"max":0.000000000,"avg":0.000000000,"var":0.000000000,"sum":0.000000000},"trigger":{"num":1776,"min":0.000000238,"max":0.000007153,"avg":0.000000292,"var":0.000000000,"sum":0.000518560}},"rpcs":{"65535:65535:7940397281847607295:2":{"rpc_id":7940397281847607295,"provider_id":2,"parent_rpc_id":65535,"parent_provider_id":65535,"name":"__identity__","origin":{"sent to ofi+cxi://0x06a6000d":{"iforward":{"duration":{"num":1,"min":0.000103712,"max":0.000103712,"avg":0.000103712,"var":0.000000000,"sum":0.000103712},"relative_timestamp_from_create":{"num":1,"min":0.000004053,"max":0.000004053,"avg":0.000004053,"var":0.000000000,"sum":0.000004053}},"forward_cb":{"duration":{"num":1,"min":0.000001192,"max":0.000001192,"avg":0.000001192,"var":0.000000000,"sum":0.000001192},"relative_timestamp_from_iforward_start":{"num":1,"min":0.013098478,"max":0.013098478,"avg":0.013098478,"var":0.000000000,"sum":0.013098478}},"iforward_wait":{"duration":{"num":1,"min":0.012999535,"max":0.012999535,"avg":0.012999535,"var":0.000000000,"sum":0.012999535},"relative_timestamp_from_iforward_end":{"num":1,"min":0.000000477,"max":0.000000477,"avg":0.000000477,"var":0.000000000,"sum":0.000000477}},"set_input":{"duration":{"num":0,"min":0.000000000,"max":0.000000000,"avg":0.000000000,"var":0.000000000,"sum":0.000000000},"relative_timestamp_from_iforward_start":{"num":0,"min":0.000000000,"max":0.000000000,"avg":0.000000000,"var":0.000000000,"sum":0.000000000}},"get_output":{"duration":{"num":1,"min":0.000007629,"max":0.000007629,"avg":0.000007629,"var":0.000000000,"sum":0.000007629},"relative_timestamp_from_wait_end":{"num":1,"min":0.000001192,"max":0.000001192,"avg":0.000001192,"var":0.000000000,"sum":0.000001192}}}}},"65535:65535:9722976651498815487:2":{"rpc_id":9722976651498815487,"provider_id":2,"parent_rpc_id":65535,"parent_provider_id":65535,"name":"flock_get_view","origin":{"sent to ofi+cxi://0x06a6000d":{"iforward":{"duration":{"num":2,"min":0.000010967,"max":0.000020742,"avg":0.000015855,"var":0.000000000,"sum":0.000031710},"relative_timestamp_from_create":{"num":2,"min":0.000000238,"max":0.000001907,"avg":0.000001073,"var":0.000000000,"sum":0.000002146}},"forward_cb":{"duration":{"num":2,"min":0.000000000,"max":0.000000000,"avg":0.000000000,"var":0.000000000,"sum":0.000000000},"relative_timestamp_from_iforward_start":{"num":2,"min":0.051036119,"max":0.084086418,"avg":0.067561269,"var":0.000546161,"sum":0.135122538}},"iforward_wait":{"duration":{"num":2,"min":0.051014662,"max":0.084075928,"avg":0.067545295,"var":0.000546524,"sum":0.135090590},"relative_timestamp_from_iforward_end":{"num":2,"min":0.000000238,"max":0.000001431,"avg":0.000000834,"var":0.000000000,"sum":0.000001669}},"set_input":{"duration":{"num":2,"min":0.000000238,"max":0.000000238,"avg":0.000000238,"var":0.000000000,"sum":0.000000477},"relative_timestamp_from_iforward_start":{"num":2,"min":0.000000954,"max":0.000006199,"avg":0.000003576,"var":0.000000000,"sum":0.000007153}},"get_output":{"duration":{"num":2,"min":0.000000238,"max":0.000057220,"avg":0.000028729,"var":0.000000002,"sum":0.000057459},"relative_timestamp_from_wait_end":{"num":2,"min":0.000000238,"max":0.000001192,"avg":0.000000715,"var":0.000000000,"sum":0.000001431}}}}},"65535:65535:3669993900245843967:1":{"rpc_id":3669993900245843967,"provider_id":1,"parent_rpc_id":65535,"parent_provider_id":65535,"name":"qtn_work_rpc","origin":{"sent to ofi+cxi://0x06a7260e":{"iforward":{"duration":{"num":1772,"min":0.000001431,"max":0.000034809,"avg":0.000001805,"var":0.000000004,"sum":0.003198385},"relative_timestamp_from_create":{"num":1772,"min":0.000002623,"max":0.001440763,"avg":0.000003710,"var":0.000002066,"sum":0.006573439}},"forward_cb":{"duration":{"num":1772,"min":0.000000000,"max":0.000001431,"avg":0.000000134,"var":0.000000000,"sum":0.000237226},"relative_timestamp_from_iforward_start":{"num":1772,"min":0.000321865,"max":0.022045135,"avg":0.006298911,"var":0.009099514,"sum":11.161670208}},"iforward_wait":{"duration":{"num":1772,"min":0.000320435,"max":0.022033691,"avg":0.006297484,"var":0.009100468,"sum":11.159141302},"relative_timestamp_from_iforward_end":{"num":1772,"min":0.000000000,"max":0.000000715,"avg":0.000000219,"var":0.000000000,"sum":0.000387669}},"set_input":{"duration":{"num":1772,"min":0.000000000,"max":0.000004530,"avg":0.000000119,"var":0.000000000,"sum":0.000211000},"relative_timestamp_from_iforward_start":{"num":1772,"min":0.000000477,"max":0.000007629,"avg":0.000000703,"var":0.000000000,"sum":0.001245975}},"get_output":{"duration":{"num":1772,"min":0.000000000,"max":0.000000238,"avg":0.000000088,"var":0.000000000,"sum":0.000155449},"relative_timestamp_from_wait_end":{"num":1772,"min":0.000000000,"max":0.000003338,"avg":0.000000164,"var":0.000000000,"sum":0.000290155}}}}},"65535:65535:65535:65535":{"rpc_id":65535,"provider_id":65535,"parent_rpc_id":65535,"parent_provider_id":65535,"name":"","target":{"received from <unknown>":{"bulk":{"create":{"duration":{"num":1772,"min":0.000002384,"max":0.001436710,"avg":0.000003504,"var":0.000002055,"sum":0.006208897},"size":{"num":1772,"min":4194304.000000000,"max":4194304.000000000,"avg":4194304.000000000,"var":0.000000000,"sum":7432306688.000000000}}}}}}}}