{"address":"","progress_loop":{"progress_with_timeout":{"num":24038,"min":0.000000954,"max":0.104130268,"avg":0.000225050,"var":0.026802371,"sum":5.409753323},"progress_timeout_value_msec":{"num":24038,"min":100.000000000,"max":100.000000000,"avg":100.000000000,"var":0.000000000,"sum":2403800.000000000},"progress_without_timeout":{"num":0,"min":0.000000000,"max":0.000000000,"avg":0.000000000,"var":0.000000000,"sum":0.000000000},"trigger":{"num":23987,"min":0.000000238,"max":0.000008821,"avg":0.000000270,"var":0.000000000,"sum":0.006476879}},"rpcs":{"65535:65535:7940397281847607295:2":{"rpc_id":7940397281847607295,"provider_id":2,"parent_rpc_id":65535,"parent_provider_id":65535,"name":"__identity__","origin":{"sent to ofi+cxi://0x06a6000d":{"iforward":{"duration":{"num":1,"min":0.000102282,"max":0.000102282,"avg":0.000102282,"var":0.000000000,"sum":0.000102282},"relative_timestamp_from_create":{"num":1,"min":0.000004292,"max":0.000004292,"avg":0.000004292,"var":0.000000000,"sum":0.000004292}},"forward_cb":{"duration":{"num":1,"min":0.000002146,"max":0.000002146,"avg":0.000002146,"var":0.000000000,"sum":0.000002146},"relative_timestamp_from_iforward_start":{"num":1,"min":0.037334442,"max":0.037334442,"avg":0.037334442,"var":0.000000000,"sum":0.037334442}},"iforward_wait":{"duration":{"num":1,"min":0.037240505,"max":0.037240505,"avg":0.037240505,"var":0.000000000,"sum":0.037240505},"relative_timestamp_from_iforward_end":{"num":1,"min":0.000000477,"max":0.000000477,"avg":0.000000477,"var":0.000000000,"sum":0.000000477}},"set_input":{"duration":{"num":0,"min":0.000000000,"max":0.000000000,"avg":0.000000000,"var":0.000000000,"sum":0.000000000},"relative_timestamp_from_iforward_start":{"num":0,"min":0.000000000,"max":0.000000000,"avg":0.000000000,"var":0.000000000,"sum":0.000000000}},"get_output":{"duration":{"num":1,"min":0.000017643,"max":0.000017643,"avg":0.000017643,"var":0.000000000,"sum":0.000017643},"relative_timestamp_from_wait_end":{"num":1,"min":0.000001669,"max":0.000001669,"avg":0.000001669,"var":0.000000000,"sum":0.000001669}}}}},"65535:65535:9722976651498815487:2":{"rpc_id":9722976651498815487,"provider_id":2,"parent_rpc_id":65535,"parent_provider_id":65535,"name":"flock_get_view","origin":{"sent to ofi+cxi://0x06a6000d":{"iforward":{"duration":{"num":2,"min":0.000018358,"max":0.000043154,"avg":0.000030756,"var":0.000000000,"sum":0.000061512},"relative_timestamp_from_create":{"num":2,"min":0.000000715,"max":0.000001907,"avg":0.000001311,"var":0.000000000,"sum":0.000002623}},"forward_cb":{"duration":{"num":2,"min":0.000000954,"max":0.000001192,"avg":0.000001073,"var":0.000000000,"sum":0.000002146},"relative_timestamp_from_iforward_start":{"num":2,"min":0.054433823,"max":0.108847857,"avg":0.081640840,"var":0.001480444,"sum":0.163281679}},"iforward_wait":{"duration":{"num":2,"min":0.054419756,"max":0.108806610,"avg":0.081613183,"var":0.001478965,"sum":0.163226366},"relative_timestamp_from_iforward_end":{"num":2,"min":0.000000238,"max":0.000001431,"avg":0.000000834,"var":0.000000000,"sum":0.000001669}},"set_input":{"duration":{"num":2,"min":0.000000238,"max":0.000000238,"avg":0.000000238,"var":0.000000000,"sum":0.000000477},"relative_timestamp_from_iforward_start":{"num":2,"min":0.000006437,"max":0.000013113,"avg":0.000009775,"var":0.000000000,"sum":0.000019550}},"get_output":{"duration":{"num":2,"min":0.000001431,"max":0.000040770,"avg":0.000021100,"var":0.000000001,"sum":0.000042200},"relative_timestamp_from_wait_end":{"num":2,"min":0.000000954,"max":0.000002384,"avg":0.000001669,"var":0.000000000,"sum":0.000003338}}}}},"65535:65535:3669993900245843967:1":{"rpc_id":3669993900245843967,"provider_id":1,"parent_rpc_id":65535,"parent_provider_id":65535,"name":"qtn_work_rpc","origin":{"sent to ofi+cxi://0x06a6a018":{"iforward":{"duration":{"num":23983,"min":0.000001192,"max":0.000057697,"avg":0.000001540,"var":0.000000008,"sum":0.036936998},"relative_timestamp_from_create":{"num":23983,"min":0.000000000,"max":0.000001431,"avg":0.000000072,"var":0.000000000,"sum":0.001726389}},"forward_cb":{"duration":{"num":23983,"min":0.000000000,"max":0.000001431,"avg":0.000000123,"var":0.000000000,"sum":0.002941608},"relative_timestamp_from_iforward_start":{"num":23983,"min":0.000008583,"max":0.001185894,"avg":0.000214990,"var":0.001152257,"sum":5.156106472}},"iforward_wait":{"duration":{"num":23983,"min":0.000007391,"max":0.001183510,"avg":0.000213812,"var":0.001152207,"sum":5.127847910},"relative_timestamp_from_iforward_end":{"num":23983,"min":0.000000000,"max":0.000001192,"avg":0.000000180,"var":0.000000000,"sum":0.004317522}},"set_input":{"duration":{"num":23983,"min":0.000000000,"max":0.000001907,"avg":0.000000081,"var":0.000000000,"sum":0.001933098},"relative_timestamp_from_iforward_start":{"num":23983,"min":0.000000477,"max":0.000014782,"avg":0.000000699,"var":0.000000000,"sum":0.016769886}},"get_output":{"duration":{"num":23983,"min":0.000000000,"max":0.000001431,"avg":0.000000089,"var":0.000000000,"sum":0.002137661},"relative_timestamp_from_wait_end":{"num":23983,"min":0.000000000,"max":0.000003099,"avg":0.000000155,"var":0.000000000,"sum":0.003729343}}}}}}}