{"address":"","progress_loop":{"progress_with_timeout":{"num":1784,"min":0.000000954,"max":0.104485273,"avg":0.006443762,"var":0.036647242,"sum":11.495671511},"progress_timeout_value_msec":{"num":1784,"min":100.000000000,"max":100.000000000,"avg":100.000000000,"var":0.000000000,"sum":178400.000000000},"progress_without_timeout":{"num":0,"min":0.000000000,"max":0.000000000,"avg":0.000000000,"var":0.000000000,"sum":0.000000000},"trigger":{"num":1779,"min":0.000000238,"max":0.000006437,"avg":0.000000292,"var":0.000000000,"sum":0.000519514}},"rpcs":{"65535:65535:7940397281847607295:2":{"rpc_id":7940397281847607295,"provider_id":2,"parent_rpc_id":65535,"parent_provider_id":65535,"name":"__identity__","origin":{"sent to ofi+cxi://0x06a6000d":{"iforward":{"duration":{"num":1,"min":0.000127316,"max":0.000127316,"avg":0.000127316,"var":0.000000000,"sum":0.000127316},"relative_timestamp_from_create":{"num":1,"min":0.000017166,"max":0.000017166,"avg":0.000017166,"var":0.000000000,"sum":0.000017166}},"forward_cb":{"duration":{"num":1,"min":0.000000954,"max":0.000000954,"avg":0.000000954,"var":0.000000000,"sum":0.000000954},"relative_timestamp_from_iforward_start":{"num":1,"min":0.024936438,"max":0.024936438,"avg":0.024936438,"var":0.000000000,"sum":0.024936438}},"iforward_wait":{"duration":{"num":1,"min":0.024813652,"max":0.024813652,"avg":0.024813652,"var":0.000000000,"sum":0.024813652},"relative_timestamp_from_iforward_end":{"num":1,"min":0.000000477,"max":0.000000477,"avg":0.000000477,"var":0.000000000,"sum":0.000000477}},"set_input":{"duration":{"num":0,"min":0.000000000,"max":0.000000000,"avg":0.000000000,"var":0.000000000,"sum":0.000000000},"relative_timestamp_from_iforward_start":{"num":0,"min":0.000000000,"max":0.000000000,"avg":0.000000000,"var":0.000000000,"sum":0.000000000}},"get_output":{"duration":{"num":1,"min":0.000008106,"max":0.000008106,"avg":0.000008106,"var":0.000000000,"sum":0.000008106},"relative_timestamp_from_wait_end":{"num":1,"min":0.000000954,"max":0.000000954,"avg":0.000000954,"var":0.000000000,"sum":0.000000954}}}}},"65535:65535:9722976651498815487:2":{"rpc_id":9722976651498815487,"provider_id":2,"parent_rpc_id":65535,"parent_provider_id":65535,"name":"flock_get_view","origin":{"sent to ofi+cxi://0x06a6000d":{"iforward":{"duration":{"num":2,"min":0.000010490,"max":0.000018120,"avg":0.000014305,"var":0.000000000,"sum":0.000028610},"relative_timestamp_from_create":{"num":2,"min":0.000000477,"max":0.000001192,"avg":0.000000834,"var":0.000000000,"sum":0.000001669}},"forward_cb":{"duration":{"num":2,"min":0.000000000,"max":0.000000238,"avg":0.000000119,"var":0.000000000,"sum":0.000000238},"relative_timestamp_from_iforward_start":{"num":2,"min":0.038891792,"max":0.103754997,"avg":0.071323395,"var":0.002103618,"sum":0.142646790}},"iforward_wait":{"duration":{"num":2,"min":0.038881779,"max":0.103736877,"avg":0.071309328,"var":0.002103092,"sum":0.142618656},"relative_timestamp_from_iforward_end":{"num":2,"min":0.000000238,"max":0.000000954,"avg":0.000000596,"var":0.000000000,"sum":0.000001192}},"set_input":{"duration":{"num":2,"min":0.000000238,"max":0.000000238,"avg":0.000000238,"var":0.000000000,"sum":0.000000477},"relative_timestamp_from_iforward_start":{"num":2,"min":0.000001192,"max":0.000005245,"avg":0.000003219,"var":0.000000000,"sum":0.000006437}},"get_output":{"duration":{"num":2,"min":0.000000477,"max":0.000051737,"avg":0.000026107,"var":0.000000001,"sum":0.000052214},"relative_timestamp_from_wait_end":{"num":2,"min":0.000000238,"max":0.000000954,"avg":0.000000596,"var":0.000000000,"sum":0.000001192}}}}},"65535:65535:3669993900245843967:1":{"rpc_id":3669993900245843967,"provider_id":1,"parent_rpc_id":65535,"parent_provider_id":65535,"name":"qtn_work_rpc","origin":{"sent to ofi+cxi://0x06a64618":{"iforward":{"duration":{"num":1775,"min":0.000001431,"max":0.000027180,"avg":0.000001799,"var":0.000000004,"sum":0.003194094},"relative_timestamp_from_create":{"num":1775,"min":0.000002623,"max":0.001443624,"avg":0.000003724,"var":0.000002075,"sum":0.006609678}},"forward_cb":{"duration":{"num":1775,"min":0.000000000,"max":0.000001431,"avg":0.000000126,"var":0.000000000,"sum":0.000223637},"relative_timestamp_from_iforward_start":{"num":1775,"min":0.000318050,"max":0.027644634,"avg":0.006325673,"var":0.016024426,"sum":11.228069544}},"iforward_wait":{"duration":{"num":1775,"min":0.000317097,"max":0.027643204,"avg":0.006324251,"var":0.016024814,"sum":11.225544930},"relative_timestamp_from_iforward_end":{"num":1775,"min":0.000000000,"max":0.000006676,"avg":0.000000202,"var":0.000000000,"sum":0.000358343}},"set_input":{"duration":{"num":1775,"min":0.000000000,"max":0.000004768,"avg":0.000000130,"var":0.000000000,"sum":0.000230789},"relative_timestamp_from_iforward_start":{"num":1775,"min":0.000000477,"max":0.000006676,"avg":0.000000722,"var":0.000000000,"sum":0.001280785}},"get_output":{"duration":{"num":1775,"min":0.000000000,"max":0.000001907,"avg":0.000000089,"var":0.000000000,"sum":0.000157595},"relative_timestamp_from_wait_end":{"num":1775,"min":0.000000000,"max":0.000001192,"avg":0.000000156,"var":0.000000000,"sum":0.000277042}}}}},"65535:65535:65535:65535":{"rpc_id":65535,"provider_id":65535,"parent_rpc_id":65535,"parent_provider_id":65535,"name":"","target":{"received from <unknown>":{"bulk":{"create":{"duration":{"num":1775,"min":0.000002384,"max":0.001439095,"avg":0.000003520,"var":0.000002062,"sum":0.006248236},"size":{"num":1775,"min":4194304.000000000,"max":4194304.000000000,"avg":4194304.000000000,"var":0.000000000,"sum":7444889600.000000000}}}}}}}}