{"address":"","progress_loop":{"progress_with_timeout":{"num":23611,"min":0.000001431,"max":0.104410887,"avg":0.000228916,"var":0.027008508,"sum":5.404926777},"progress_timeout_value_msec":{"num":23611,"min":100.000000000,"max":100.000000000,"avg":100.000000000,"var":0.000000000,"sum":2361100.000000000},"progress_without_timeout":{"num":0,"min":0.000000000,"max":0.000000000,"avg":0.000000000,"var":0.000000000,"sum":0.000000000},"trigger":{"num":23575,"min":0.000000238,"max":0.000009060,"avg":0.000000268,"var":0.000000000,"sum":0.006322861}},"rpcs":{"65535:65535:7940397281847607295:2":{"rpc_id":7940397281847607295,"provider_id":2,"parent_rpc_id":65535,"parent_provider_id":65535,"name":"__identity__","origin":{"sent to ofi+cxi://0x06a6000d":{"iforward":{"duration":{"num":1,"min":0.000178099,"max":0.000178099,"avg":0.000178099,"var":0.000000000,"sum":0.000178099},"relative_timestamp_from_create":{"num":1,"min":0.000010014,"max":0.000010014,"avg":0.000010014,"var":0.000000000,"sum":0.000010014}},"forward_cb":{"duration":{"num":1,"min":0.000002384,"max":0.000002384,"avg":0.000002384,"var":0.000000000,"sum":0.000002384},"relative_timestamp_from_iforward_start":{"num":1,"min":0.023372650,"max":0.023372650,"avg":0.023372650,"var":0.000000000,"sum":0.023372650}},"iforward_wait":{"duration":{"num":1,"min":0.023202896,"max":0.023202896,"avg":0.023202896,"var":0.000000000,"sum":0.023202896},"relative_timestamp_from_iforward_end":{"num":1,"min":0.000000477,"max":0.000000477,"avg":0.000000477,"var":0.000000000,"sum":0.000000477}},"set_input":{"duration":{"num":0,"min":0.000000000,"max":0.000000000,"avg":0.000000000,"var":0.000000000,"sum":0.000000000},"relative_timestamp_from_iforward_start":{"num":0,"min":0.000000000,"max":0.000000000,"avg":0.000000000,"var":0.000000000,"sum":0.000000000}},"get_output":{"duration":{"num":1,"min":0.000016928,"max":0.000016928,"avg":0.000016928,"var":0.000000000,"sum":0.000016928},"relative_timestamp_from_wait_end":{"num":1,"min":0.000001669,"max":0.000001669,"avg":0.000001669,"var":0.000000000,"sum":0.000001669}}}}},"65535:65535:9722976651498815487:2":{"rpc_id":9722976651498815487,"provider_id":2,"parent_rpc_id":65535,"parent_provider_id":65535,"name":"flock_get_view","origin":{"sent to ofi+cxi://0x06a6000d":{"iforward":{"duration":{"num":2,"min":0.000019073,"max":0.000040531,"avg":0.000029802,"var":0.000000000,"sum":0.000059605},"relative_timestamp_from_create":{"num":2,"min":0.000000477,"max":0.000001907,"avg":0.000001192,"var":0.000000000,"sum":0.000002384}},"forward_cb":{"duration":{"num":2,"min":0.000000954,"max":0.000001192,"avg":0.000001073,"var":0.000000000,"sum":0.000002146},"relative_timestamp_from_iforward_start":{"num":2,"min":0.077867985,"max":0.092404366,"avg":0.085136175,"var":0.000105653,"sum":0.170272350}},"iforward_wait":{"duration":{"num":2,"min":0.077853441,"max":0.092365503,"avg":0.085109472,"var":0.000105300,"sum":0.170218945},"relative_timestamp_from_iforward_end":{"num":2,"min":0.000000238,"max":0.000001669,"avg":0.000000954,"var":0.000000000,"sum":0.000001907}},"set_input":{"duration":{"num":2,"min":0.000000000,"max":0.000000477,"avg":0.000000238,"var":0.000000000,"sum":0.000000477},"relative_timestamp_from_iforward_start":{"num":2,"min":0.000006437,"max":0.000012159,"avg":0.000009298,"var":0.000000000,"sum":0.000018597}},"get_output":{"duration":{"num":2,"min":0.000001431,"max":0.000056982,"avg":0.000029206,"var":0.000000002,"sum":0.000058413},"relative_timestamp_from_wait_end":{"num":2,"min":0.000000954,"max":0.000002384,"avg":0.000001669,"var":0.000000000,"sum":0.000003338}}}}},"65535:65535:3669993900245843967:1":{"rpc_id":3669993900245843967,"provider_id":1,"parent_rpc_id":65535,"parent_provider_id":65535,"name":"qtn_work_rpc","origin":{"sent to ofi+cxi://0x06a6e218":{"iforward":{"duration":{"num":23571,"min":0.000001431,"max":0.000048876,"avg":0.000001580,"var":0.000000007,"sum":0.037231922},"relative_timestamp_from_create":{"num":23571,"min":0.000000000,"max":0.000001669,"avg":0.000000072,"var":0.000000000,"sum":0.001692772}},"forward_cb":{"duration":{"num":23571,"min":0.000000000,"max":0.000001907,"avg":0.000000121,"var":0.000000000,"sum":0.002840757},"relative_timestamp_from_iforward_start":{"num":23571,"min":0.000008821,"max":0.000923634,"avg":0.000218812,"var":0.001161295,"sum":5.157624483}},"iforward_wait":{"duration":{"num":23571,"min":0.000007629,"max":0.000920773,"avg":0.000217596,"var":0.001161328,"sum":5.128956079},"relative_timestamp_from_iforward_end":{"num":23571,"min":0.000000000,"max":0.000002384,"avg":0.000000185,"var":0.000000000,"sum":0.004364491}},"set_input":{"duration":{"num":23571,"min":0.000000000,"max":0.000002861,"avg":0.000000076,"var":0.000000000,"sum":0.001787424},"relative_timestamp_from_iforward_start":{"num":23571,"min":0.000000477,"max":0.000013590,"avg":0.000000688,"var":0.000000000,"sum":0.016208172}},"get_output":{"duration":{"num":23571,"min":0.000000000,"max":0.000001907,"avg":0.000000089,"var":0.000000000,"sum":0.002092600},"relative_timestamp_from_wait_end":{"num":23571,"min":0.000000000,"max":0.000002623,"avg":0.000000154,"var":0.000000000,"sum":0.003629446}}}}}}}