{"address":"","progress_loop":{"progress_with_timeout":{"num":34713,"min":0.000000954,"max":0.102253675,"avg":0.000152268,"var":0.026089725,"sum":5.285673857},"progress_timeout_value_msec":{"num":34713,"min":100.000000000,"max":100.000000000,"avg":100.000000000,"var":0.000000000,"sum":3471300.000000000},"progress_without_timeout":{"num":0,"min":0.000000000,"max":0.000000000,"avg":0.000000000,"var":0.000000000,"sum":0.000000000},"trigger":{"num":34682,"min":0.000000238,"max":0.000005722,"avg":0.000000298,"var":0.000000000,"sum":0.010344267}},"rpcs":{"65535:65535:7940397281847607295:2":{"rpc_id":7940397281847607295,"provider_id":2,"parent_rpc_id":65535,"parent_provider_id":65535,"name":"__identity__","origin":{"sent to ofi+cxi://0x06a6000d":{"iforward":{"duration":{"num":1,"min":0.000094652,"max":0.000094652,"avg":0.000094652,"var":0.000000000,"sum":0.000094652},"relative_timestamp_from_create":{"num":1,"min":0.001279116,"max":0.001279116,"avg":0.001279116,"var":0.000000000,"sum":0.001279116}},"forward_cb":{"duration":{"num":1,"min":0.000001907,"max":0.000001907,"avg":0.000001907,"var":0.000000000,"sum":0.000001907},"relative_timestamp_from_iforward_start":{"num":1,"min":0.031019688,"max":0.031019688,"avg":0.031019688,"var":0.000000000,"sum":0.031019688}},"iforward_wait":{"duration":{"num":1,"min":0.030932426,"max":0.030932426,"avg":0.030932426,"var":0.000000000,"sum":0.030932426},"relative_timestamp_from_iforward_end":{"num":1,"min":0.000000238,"max":0.000000238,"avg":0.000000238,"var":0.000000000,"sum":0.000000238}},"set_input":{"duration":{"num":0,"min":0.000000000,"max":0.000000000,"avg":0.000000000,"var":0.000000000,"sum":0.000000000},"relative_timestamp_from_iforward_start":{"num":0,"min":0.000000000,"max":0.000000000,"avg":0.000000000,"var":0.000000000,"sum":0.000000000}},"get_output":{"duration":{"num":1,"min":0.000015736,"max":0.000015736,"avg":0.000015736,"var":0.000000000,"sum":0.000015736},"relative_timestamp_from_wait_end":{"num":1,"min":0.000001431,"max":0.000001431,"avg":0.000001431,"var":0.000000000,"sum":0.000001431}}}}},"65535:65535:9722976651498815487:2":{"rpc_id":9722976651498815487,"provider_id":2,"parent_rpc_id":65535,"parent_provider_id":65535,"name":"flock_get_view","origin":{"sent to ofi+cxi://0x06a6000d":{"iforward":{"duration":{"num":2,"min":0.000008583,"max":0.000037909,"avg":0.000023246,"var":0.000000000,"sum":0.000046492},"relative_timestamp_from_create":{"num":2,"min":0.000000238,"max":0.000001669,"avg":0.000000954,"var":0.000000000,"sum":0.000001907}},"forward_cb":{"duration":{"num":2,"min":0.000000238,"max":0.000001431,"avg":0.000000834,"var":0.000000000,"sum":0.000001669},"relative_timestamp_from_iforward_start":{"num":2,"min":0.064255953,"max":0.102672100,"avg":0.083464026,"var":0.000737900,"sum":0.166928053}},"iforward_wait":{"duration":{"num":2,"min":0.064251661,"max":0.102633476,"avg":0.083442569,"var":0.000736582,"sum":0.166885138},"relative_timestamp_from_iforward_end":{"num":2,"min":0.000000238,"max":0.000001431,"avg":0.000000834,"var":0.000000000,"sum":0.000001669}},"set_input":{"duration":{"num":2,"min":0.000000000,"max":0.000000238,"avg":0.000000119,"var":0.000000000,"sum":0.000000238},"relative_timestamp_from_iforward_start":{"num":2,"min":0.000000954,"max":0.000011921,"avg":0.000006437,"var":0.000000000,"sum":0.000012875}},"get_output":{"duration":{"num":2,"min":0.000001431,"max":0.000029564,"avg":0.000015497,"var":0.000000000,"sum":0.000030994},"relative_timestamp_from_wait_end":{"num":2,"min":0.000000954,"max":0.000000954,"avg":0.000000954,"var":0.000000000,"sum":0.000001907}}}}},"65535:65535:3669993900245843967:1":{"rpc_id":3669993900245843967,"provider_id":1,"parent_rpc_id":65535,"parent_provider_id":65535,"name":"qtn_work_rpc","origin":{"sent to ofi+cxi://0x06a68015":{"iforward":{"duration":{"num":34678,"min":0.000001669,"max":0.000049591,"avg":0.000002075,"var":0.000000006,"sum":0.071958542},"relative_timestamp_from_create":{"num":34678,"min":0.000000000,"max":0.000002623,"avg":0.000000086,"var":0.000000000,"sum":0.002998590}},"forward_cb":{"duration":{"num":34678,"min":0.000000000,"max":0.000002384,"avg":0.000000134,"var":0.000000000,"sum":0.004653692},"relative_timestamp_from_iforward_start":{"num":34678,"min":0.000009060,"max":0.001107931,"avg":0.000146438,"var":0.000594899,"sum":5.078169107}},"iforward_wait":{"duration":{"num":34678,"min":0.000005245,"max":0.001106501,"avg":0.000144824,"var":0.000594962,"sum":5.022206068},"relative_timestamp_from_iforward_end":{"num":34678,"min":0.000000000,"max":0.000004530,"avg":0.000000164,"var":0.000000000,"sum":0.005690575}},"set_input":{"duration":{"num":34678,"min":0.000000000,"max":0.000005960,"avg":0.000000103,"var":0.000000001,"sum":0.003580093},"relative_timestamp_from_iforward_start":{"num":34678,"min":0.000000715,"max":0.000013351,"avg":0.000000862,"var":0.000000001,"sum":0.029888630}},"get_output":{"duration":{"num":34678,"min":0.000000000,"max":0.000003576,"avg":0.000000104,"var":0.000000001,"sum":0.003616333},"relative_timestamp_from_wait_end":{"num":34678,"min":0.000000000,"max":0.000007153,"avg":0.000000166,"var":0.000000000,"sum":0.005757093}}}}}}}