{"address":"","progress_loop":{"progress_with_timeout":{"num":1728,"min":0.000002384,"max":0.102274656,"avg":0.006638291,"var":0.026774595,"sum":11.470967293},"progress_timeout_value_msec":{"num":1728,"min":100.000000000,"max":100.000000000,"avg":100.000000000,"var":0.000000000,"sum":172800.000000000},"progress_without_timeout":{"num":0,"min":0.000000000,"max":0.000000000,"avg":0.000000000,"var":0.000000000,"sum":0.000000000},"trigger":{"num":1696,"min":0.000000238,"max":0.000009775,"avg":0.000000924,"var":0.000000001,"sum":0.001566648}},"rpcs":{"65535:65535:7940397281847607295:2":{"rpc_id":7940397281847607295,"provider_id":2,"parent_rpc_id":65535,"parent_provider_id":65535,"name":"__identity__","origin":{"sent to ofi+cxi://0x06a6000d":{"iforward":{"duration":{"num":1,"min":0.000079632,"max":0.000079632,"avg":0.000079632,"var":0.000000000,"sum":0.000079632},"relative_timestamp_from_create":{"num":1,"min":0.000002861,"max":0.000002861,"avg":0.000002861,"var":0.000000000,"sum":0.000002861}},"forward_cb":{"duration":{"num":1,"min":0.000003338,"max":0.000003338,"avg":0.000003338,"var":0.000000000,"sum":0.000003338},"relative_timestamp_from_iforward_start":{"num":1,"min":0.001388788,"max":0.001388788,"avg":0.001388788,"var":0.000000000,"sum":0.001388788}},"iforward_wait":{"duration":{"num":1,"min":0.001320124,"max":0.001320124,"avg":0.001320124,"var":0.000000000,"sum":0.001320124},"relative_timestamp_from_iforward_end":{"num":1,"min":0.000000477,"max":0.000000477,"avg":0.000000477,"var":0.000000000,"sum":0.000000477}},"set_input":{"duration":{"num":0,"min":0.000000000,"max":0.000000000,"avg":0.000000000,"var":0.000000000,"sum":0.000000000},"relative_timestamp_from_iforward_start":{"num":0,"min":0.000000000,"max":0.000000000,"avg":0.000000000,"var":0.000000000,"sum":0.000000000}},"get_output":{"duration":{"num":1,"min":0.000014782,"max":0.000014782,"avg":0.000014782,"var":0.000000000,"sum":0.000014782},"relative_timestamp_from_wait_end":{"num":1,"min":0.000002146,"max":0.000002146,"avg":0.000002146,"var":0.000000000,"sum":0.000002146}}}}},"65535:65535:9722976651498815487:2":{"rpc_id":9722976651498815487,"provider_id":2,"parent_rpc_id":65535,"parent_provider_id":65535,"name":"flock_get_view","origin":{"sent to ofi+cxi://0x06a6000d":{"iforward":{"duration":{"num":2,"min":0.000019789,"max":0.000034332,"avg":0.000027061,"var":0.000000000,"sum":0.000054121},"relative_timestamp_from_create":{"num":2,"min":0.000000954,"max":0.000002623,"avg":0.000001788,"var":0.000000000,"sum":0.000003576}},"forward_cb":{"duration":{"num":2,"min":0.000000238,"max":0.000001192,"avg":0.000000715,"var":0.000000000,"sum":0.000001431},"relative_timestamp_from_iforward_start":{"num":2,"min":0.009419918,"max":0.042782784,"avg":0.026101351,"var":0.000556540,"sum":0.052202702}},"iforward_wait":{"duration":{"num":2,"min":0.009388685,"max":0.042763472,"avg":0.026076078,"var":0.000556938,"sum":0.052152157},"relative_timestamp_from_iforward_end":{"num":2,"min":0.000000477,"max":0.000001431,"avg":0.000000954,"var":0.000000000,"sum":0.000001907}},"set_input":{"duration":{"num":2,"min":0.000000238,"max":0.000000477,"avg":0.000000358,"var":0.000000000,"sum":0.000000715},"relative_timestamp_from_iforward_start":{"num":2,"min":0.000007153,"max":0.000011444,"avg":0.000009298,"var":0.000000000,"sum":0.000018597}},"get_output":{"duration":{"num":2,"min":0.000000238,"max":0.000045776,"avg":0.000023007,"var":0.000000001,"sum":0.000046015},"relative_timestamp_from_wait_end":{"num":2,"min":0.000000477,"max":0.000002146,"avg":0.000001311,"var":0.000000000,"sum":0.000002623}}}}},"65535:65535:3669993900245843967:1":{"rpc_id":3669993900245843967,"provider_id":1,"parent_rpc_id":65535,"parent_provider_id":65535,"name":"qtn_work_rpc","origin":{"sent to ofi+cxi://0x06a6a40f":{"iforward":{"duration":{"num":1692,"min":0.000001431,"max":0.000036955,"avg":0.000005165,"var":0.000000028,"sum":0.008739948},"relative_timestamp_from_create":{"num":1692,"min":0.000002623,"max":0.001348257,"avg":0.000005480,"var":0.000001812,"sum":0.009272814}},"forward_cb":{"duration":{"num":1692,"min":0.000000000,"max":0.000001669,"avg":0.000000472,"var":0.000000000,"sum":0.000799179},"relative_timestamp_from_iforward_start":{"num":1692,"min":0.000261545,"max":0.025520563,"avg":0.006694095,"var":0.014878530,"sum":11.326409578}},"iforward_wait":{"duration":{"num":1692,"min":0.000258684,"max":0.025520563,"avg":0.006690550,"var":0.014882845,"sum":11.320410967},"relative_timestamp_from_iforward_end":{"num":1692,"min":0.000000000,"max":0.000001192,"avg":0.000000217,"var":0.000000000,"sum":0.000367403}},"set_input":{"duration":{"num":1692,"min":0.000000000,"max":0.000004530,"avg":0.000000541,"var":0.000000000,"sum":0.000915527},"relative_timestamp_from_iforward_start":{"num":1692,"min":0.000000477,"max":0.000007868,"avg":0.000002430,"var":0.000000007,"sum":0.004112005}},"get_output":{"duration":{"num":1692,"min":0.000000000,"max":0.000000715,"avg":0.000000189,"var":0.000000000,"sum":0.000320435},"relative_timestamp_from_wait_end":{"num":1692,"min":0.000000000,"max":0.000001192,"avg":0.000000361,"var":0.000000000,"sum":0.000610590}}}}},"65535:65535:65535:65535":{"rpc_id":65535,"provider_id":65535,"parent_rpc_id":65535,"parent_provider_id":65535,"name":"","target":{"received from <unknown>":{"bulk":{"create":{"duration":{"num":1692,"min":0.000002384,"max":0.001343966,"avg":0.000005098,"var":0.000001800,"sum":0.008625984},"size":{"num":1692,"min":4194304.000000000,"max":4194304.000000000,"avg":4194304.000000000,"var":0.000000000,"sum":7096762368.000000000}}}}}}}}