{"address":"","progress_loop":{"progress_with_timeout":{"num":22413,"min":0.000000954,"max":0.104830742,"avg":0.000241233,"var":0.026214949,"sum":5.406754971},"progress_timeout_value_msec":{"num":22413,"min":100.000000000,"max":100.000000000,"avg":100.000000000,"var":0.000000000,"sum":2241300.000000000},"progress_without_timeout":{"num":0,"min":0.000000000,"max":0.000000000,"avg":0.000000000,"var":0.000000000,"sum":0.000000000},"trigger":{"num":22391,"min":0.000000238,"max":0.000008583,"avg":0.000000274,"var":0.000000000,"sum":0.006142378}},"rpcs":{"65535:65535:7940397281847607295:2":{"rpc_id":7940397281847607295,"provider_id":2,"parent_rpc_id":65535,"parent_provider_id":65535,"name":"__identity__","origin":{"sent to ofi+cxi://0x06a6000d":{"iforward":{"duration":{"num":1,"min":0.000137329,"max":0.000137329,"avg":0.000137329,"var":0.000000000,"sum":0.000137329},"relative_timestamp_from_create":{"num":1,"min":0.000060558,"max":0.000060558,"avg":0.000060558,"var":0.000000000,"sum":0.000060558}},"forward_cb":{"duration":{"num":1,"min":0.000002146,"max":0.000002146,"avg":0.000002146,"var":0.000000000,"sum":0.000002146},"relative_timestamp_from_iforward_start":{"num":1,"min":0.050120354,"max":0.050120354,"avg":0.050120354,"var":0.000000000,"sum":0.050120354}},"iforward_wait":{"duration":{"num":1,"min":0.049990416,"max":0.049990416,"avg":0.049990416,"var":0.000000000,"sum":0.049990416},"relative_timestamp_from_iforward_end":{"num":1,"min":0.000000477,"max":0.000000477,"avg":0.000000477,"var":0.000000000,"sum":0.000000477}},"set_input":{"duration":{"num":0,"min":0.000000000,"max":0.000000000,"avg":0.000000000,"var":0.000000000,"sum":0.000000000},"relative_timestamp_from_iforward_start":{"num":0,"min":0.000000000,"max":0.000000000,"avg":0.000000000,"var":0.000000000,"sum":0.000000000}},"get_output":{"duration":{"num":1,"min":0.000015974,"max":0.000015974,"avg":0.000015974,"var":0.000000000,"sum":0.000015974},"relative_timestamp_from_wait_end":{"num":1,"min":0.000001669,"max":0.000001669,"avg":0.000001669,"var":0.000000000,"sum":0.000001669}}}}},"65535:65535:9722976651498815487:2":{"rpc_id":9722976651498815487,"provider_id":2,"parent_rpc_id":65535,"parent_provider_id":65535,"name":"flock_get_view","origin":{"sent to ofi+cxi://0x06a6000d":{"iforward":{"duration":{"num":2,"min":0.000018120,"max":0.000040054,"avg":0.000029087,"var":0.000000000,"sum":0.000058174},"relative_timestamp_from_create":{"num":2,"min":0.000000477,"max":0.000001669,"avg":0.000001073,"var":0.000000000,"sum":0.000002146}},"forward_cb":{"duration":{"num":2,"min":0.000000000,"max":0.000001192,"avg":0.000000596,"var":0.000000000,"sum":0.000001192},"relative_timestamp_from_iforward_start":{"num":2,"min":0.036158085,"max":0.118944407,"avg":0.077551246,"var":0.003426788,"sum":0.155102491}},"iforward_wait":{"duration":{"num":2,"min":0.036140203,"max":0.118906498,"avg":0.077523351,"var":0.003425130,"sum":0.155046701},"relative_timestamp_from_iforward_end":{"num":2,"min":0.000000477,"max":0.000001431,"avg":0.000000954,"var":0.000000000,"sum":0.000001907}},"set_input":{"duration":{"num":2,"min":0.000000238,"max":0.000000238,"avg":0.000000238,"var":0.000000000,"sum":0.000000477},"relative_timestamp_from_iforward_start":{"num":2,"min":0.000006437,"max":0.000011444,"avg":0.000008941,"var":0.000000000,"sum":0.000017881}},"get_output":{"duration":{"num":2,"min":0.000000477,"max":0.000052691,"avg":0.000026584,"var":0.000000001,"sum":0.000053167},"relative_timestamp_from_wait_end":{"num":2,"min":0.000000238,"max":0.000002623,"avg":0.000001431,"var":0.000000000,"sum":0.000002861}}}}},"65535:65535:3669993900245843967:1":{"rpc_id":3669993900245843967,"provider_id":1,"parent_rpc_id":65535,"parent_provider_id":65535,"name":"qtn_work_rpc","origin":{"sent to ofi+cxi://0x06a6400d":{"iforward":{"duration":{"num":22387,"min":0.000001192,"max":0.000037193,"avg":0.000001526,"var":0.000000005,"sum":0.034161091},"relative_timestamp_from_create":{"num":22387,"min":0.000000000,"max":0.000002146,"avg":0.000000073,"var":0.000000000,"sum":0.001633644}},"forward_cb":{"duration":{"num":22387,"min":0.000000000,"max":0.000002146,"avg":0.000000123,"var":0.000000000,"sum":0.002762556},"relative_timestamp_from_iforward_start":{"num":22387,"min":0.000008583,"max":0.000937700,"avg":0.000229829,"var":0.000697950,"sum":5.145192385}},"iforward_wait":{"duration":{"num":22387,"min":0.000007629,"max":0.000936747,"avg":0.000228674,"var":0.000697886,"sum":5.119331360},"relative_timestamp_from_iforward_end":{"num":22387,"min":0.000000000,"max":0.000002384,"avg":0.000000183,"var":0.000000000,"sum":0.004098654}},"set_input":{"duration":{"num":22387,"min":0.000000000,"max":0.000001669,"avg":0.000000078,"var":0.000000000,"sum":0.001747608},"relative_timestamp_from_iforward_start":{"num":22387,"min":0.000000477,"max":0.000006914,"avg":0.000000694,"var":0.000000000,"sum":0.015527725}},"get_output":{"duration":{"num":22387,"min":0.000000000,"max":0.000003815,"avg":0.000000093,"var":0.000000000,"sum":0.002074242},"relative_timestamp_from_wait_end":{"num":22387,"min":0.000000000,"max":0.000003099,"avg":0.000000159,"var":0.000000000,"sum":0.003556252}}}}}}}