{"address":"","progress_loop":{"progress_with_timeout":{"num":32752,"min":0.000000954,"max":0.104358673,"avg":0.000157562,"var":0.024164108,"sum":5.160461426},"progress_timeout_value_msec":{"num":32752,"min":100.000000000,"max":100.000000000,"avg":100.000000000,"var":0.000000000,"sum":3275200.000000000},"progress_without_timeout":{"num":0,"min":0.000000000,"max":0.000000000,"avg":0.000000000,"var":0.000000000,"sum":0.000000000},"trigger":{"num":32646,"min":0.000000238,"max":0.000009060,"avg":0.000000275,"var":0.000000000,"sum":0.008965492}},"rpcs":{"65535:65535:7940397281847607295:2":{"rpc_id":7940397281847607295,"provider_id":2,"parent_rpc_id":65535,"parent_provider_id":65535,"name":"__identity__","origin":{"sent to ofi+cxi://0x06a6000d":{"iforward":{"duration":{"num":1,"min":0.000079393,"max":0.000079393,"avg":0.000079393,"var":0.000000000,"sum":0.000079393},"relative_timestamp_from_create":{"num":1,"min":0.000004292,"max":0.000004292,"avg":0.000004292,"var":0.000000000,"sum":0.000004292}},"forward_cb":{"duration":{"num":1,"min":0.000000954,"max":0.000000954,"avg":0.000000954,"var":0.000000000,"sum":0.000000954},"relative_timestamp_from_iforward_start":{"num":1,"min":0.003827333,"max":0.003827333,"avg":0.003827333,"var":0.000000000,"sum":0.003827333}},"iforward_wait":{"duration":{"num":1,"min":0.003751755,"max":0.003751755,"avg":0.003751755,"var":0.000000000,"sum":0.003751755},"relative_timestamp_from_iforward_end":{"num":1,"min":0.000000238,"max":0.000000238,"avg":0.000000238,"var":0.000000000,"sum":0.000000238}},"set_input":{"duration":{"num":0,"min":0.000000000,"max":0.000000000,"avg":0.000000000,"var":0.000000000,"sum":0.000000000},"relative_timestamp_from_iforward_start":{"num":0,"min":0.000000000,"max":0.000000000,"avg":0.000000000,"var":0.000000000,"sum":0.000000000}},"get_output":{"duration":{"num":1,"min":0.000053883,"max":0.000053883,"avg":0.000053883,"var":0.000000000,"sum":0.000053883},"relative_timestamp_from_wait_end":{"num":1,"min":0.000001431,"max":0.000001431,"avg":0.000001431,"var":0.000000000,"sum":0.000001431}}}}},"65535:65535:9722976651498815487:2":{"rpc_id":9722976651498815487,"provider_id":2,"parent_rpc_id":65535,"parent_provider_id":65535,"name":"flock_get_view","origin":{"sent to ofi+cxi://0x06a6000d":{"iforward":{"duration":{"num":2,"min":0.000016212,"max":0.000020981,"avg":0.000018597,"var":0.000000000,"sum":0.000037193},"relative_timestamp_from_create":{"num":2,"min":0.000000477,"max":0.000001431,"avg":0.000000954,"var":0.000000000,"sum":0.000001907}},"forward_cb":{"duration":{"num":2,"min":0.000000954,"max":0.000000954,"avg":0.000000954,"var":0.000000000,"sum":0.000001907},"relative_timestamp_from_iforward_start":{"num":2,"min":0.045194387,"max":0.115002155,"avg":0.080098271,"var":0.002436562,"sum":0.160196543}},"iforward_wait":{"duration":{"num":2,"min":0.045180559,"max":0.114984512,"avg":0.080082536,"var":0.002436296,"sum":0.160165071},"relative_timestamp_from_iforward_end":{"num":2,"min":0.000000238,"max":0.000000954,"avg":0.000000596,"var":0.000000000,"sum":0.000001192}},"set_input":{"duration":{"num":2,"min":0.000000238,"max":0.000000238,"avg":0.000000238,"var":0.000000000,"sum":0.000000477},"relative_timestamp_from_iforward_start":{"num":2,"min":0.000004053,"max":0.000006676,"avg":0.000005364,"var":0.000000000,"sum":0.000010729}},"get_output":{"duration":{"num":2,"min":0.000001431,"max":0.000063896,"avg":0.000032663,"var":0.000000002,"sum":0.000065327},"relative_timestamp_from_wait_end":{"num":2,"min":0.000001192,"max":0.000002384,"avg":0.000001788,"var":0.000000000,"sum":0.000003576}}}}},"65535:65535:3669993900245843967:1":{"rpc_id":3669993900245843967,"provider_id":1,"parent_rpc_id":65535,"parent_provider_id":65535,"name":"qtn_work_rpc","origin":{"sent to ofi+cxi://0x06a78612":{"iforward":{"duration":{"num":32642,"min":0.000001192,"max":0.000054359,"avg":0.000001550,"var":0.000000007,"sum":0.050610065},"relative_timestamp_from_create":{"num":32642,"min":0.000000000,"max":0.000002146,"avg":0.000000073,"var":0.000000000,"sum":0.002377510}},"forward_cb":{"duration":{"num":32642,"min":0.000000000,"max":0.000002146,"avg":0.000000124,"var":0.000000001,"sum":0.004058838},"relative_timestamp_from_iforward_start":{"num":32642,"min":0.000008583,"max":0.001048803,"avg":0.000152066,"var":0.000725218,"sum":4.963745117}},"iforward_wait":{"duration":{"num":32642,"min":0.000007391,"max":0.001045942,"avg":0.000150899,"var":0.000725255,"sum":4.925637484},"relative_timestamp_from_iforward_end":{"num":32642,"min":0.000000000,"max":0.000002384,"avg":0.000000182,"var":0.000000000,"sum":0.005929708}},"set_input":{"duration":{"num":32642,"min":0.000000000,"max":0.000001907,"avg":0.000000080,"var":0.000000000,"sum":0.002603292},"relative_timestamp_from_iforward_start":{"num":32642,"min":0.000000477,"max":0.000013590,"avg":0.000000709,"var":0.000000000,"sum":0.023157835}},"get_output":{"duration":{"num":32642,"min":0.000000000,"max":0.000003576,"avg":0.000000091,"var":0.000000000,"sum":0.002960443},"relative_timestamp_from_wait_end":{"num":32642,"min":0.000000000,"max":0.000005484,"avg":0.000000157,"var":0.000000001,"sum":0.005126715}}}}}}}