{"address":"","progress_loop":{"progress_with_timeout":{"num":1781,"min":0.000001669,"max":0.102400780,"avg":0.006466573,"var":0.031103918,"sum":11.516966343},"progress_timeout_value_msec":{"num":1781,"min":100.000000000,"max":100.000000000,"avg":100.000000000,"var":0.000000000,"sum":178100.000000000},"progress_without_timeout":{"num":0,"min":0.000000000,"max":0.000000000,"avg":0.000000000,"var":0.000000000,"sum":0.000000000},"trigger":{"num":1772,"min":0.000000238,"max":0.000007868,"avg":0.000000361,"var":0.000000000,"sum":0.000639677}},"rpcs":{"65535:65535:7940397281847607295:2":{"rpc_id":7940397281847607295,"provider_id":2,"parent_rpc_id":65535,"parent_provider_id":65535,"name":"__identity__","origin":{"sent to ofi+cxi://0x06a6000d":{"iforward":{"duration":{"num":1,"min":0.000146866,"max":0.000146866,"avg":0.000146866,"var":0.000000000,"sum":0.000146866},"relative_timestamp_from_create":{"num":1,"min":0.000005007,"max":0.000005007,"avg":0.000005007,"var":0.000000000,"sum":0.000005007}},"forward_cb":{"duration":{"num":1,"min":0.000002384,"max":0.000002384,"avg":0.000002384,"var":0.000000000,"sum":0.000002384},"relative_timestamp_from_iforward_start":{"num":1,"min":0.019622326,"max":0.019622326,"avg":0.019622326,"var":0.000000000,"sum":0.019622326}},"iforward_wait":{"duration":{"num":1,"min":0.019483328,"max":0.019483328,"avg":0.019483328,"var":0.000000000,"sum":0.019483328},"relative_timestamp_from_iforward_end":{"num":1,"min":0.000000477,"max":0.000000477,"avg":0.000000477,"var":0.000000000,"sum":0.000000477}},"set_input":{"duration":{"num":0,"min":0.000000000,"max":0.000000000,"avg":0.000000000,"var":0.000000000,"sum":0.000000000},"relative_timestamp_from_iforward_start":{"num":0,"min":0.000000000,"max":0.000000000,"avg":0.000000000,"var":0.000000000,"sum":0.000000000}},"get_output":{"duration":{"num":1,"min":0.000017166,"max":0.000017166,"avg":0.000017166,"var":0.000000000,"sum":0.000017166},"relative_timestamp_from_wait_end":{"num":1,"min":0.000001431,"max":0.000001431,"avg":0.000001431,"var":0.000000000,"sum":0.000001431}}}}},"65535:65535:9722976651498815487:2":{"rpc_id":9722976651498815487,"provider_id":2,"parent_rpc_id":65535,"parent_provider_id":65535,"name":"flock_get_view","origin":{"sent to ofi+cxi://0x06a6000d":{"iforward":{"duration":{"num":2,"min":0.000017405,"max":0.000040054,"avg":0.000028729,"var":0.000000000,"sum":0.000057459},"relative_timestamp_from_create":{"num":2,"min":0.000000477,"max":0.000001669,"avg":0.000001073,"var":0.000000000,"sum":0.000002146}},"forward_cb":{"duration":{"num":2,"min":0.000000238,"max":0.000000954,"avg":0.000000596,"var":0.000000000,"sum":0.000001192},"relative_timestamp_from_iforward_start":{"num":2,"min":0.065119982,"max":0.072012186,"avg":0.068566084,"var":0.000023751,"sum":0.137132168}},"iforward_wait":{"duration":{"num":2,"min":0.065103292,"max":0.071974039,"avg":0.068538666,"var":0.000023604,"sum":0.137077332},"relative_timestamp_from_iforward_end":{"num":2,"min":0.000000238,"max":0.000001192,"avg":0.000000715,"var":0.000000000,"sum":0.000001431}},"set_input":{"duration":{"num":2,"min":0.000000238,"max":0.000000238,"avg":0.000000238,"var":0.000000000,"sum":0.000000477},"relative_timestamp_from_iforward_start":{"num":2,"min":0.000005960,"max":0.000011444,"avg":0.000008702,"var":0.000000000,"sum":0.000017405}},"get_output":{"duration":{"num":2,"min":0.000000715,"max":0.000061035,"avg":0.000030875,"var":0.000000002,"sum":0.000061750},"relative_timestamp_from_wait_end":{"num":2,"min":0.000000238,"max":0.000002146,"avg":0.000001192,"var":0.000000000,"sum":0.000002384}}}}},"65535:65535:3669993900245843967:1":{"rpc_id":3669993900245843967,"provider_id":1,"parent_rpc_id":65535,"parent_provider_id":65535,"name":"qtn_work_rpc","origin":{"sent to ofi+cxi://0x06a64614":{"iforward":{"duration":{"num":1768,"min":0.000001669,"max":0.000029087,"avg":0.000002605,"var":0.000000005,"sum":0.004605770},"relative_timestamp_from_create":{"num":1768,"min":0.000002623,"max":0.005081654,"avg":0.000009404,"var":0.000039649,"sum":0.016626358}},"forward_cb":{"duration":{"num":1768,"min":0.000000000,"max":0.000001192,"avg":0.000000159,"var":0.000000000,"sum":0.000281811},"relative_timestamp_from_iforward_start":{"num":1768,"min":0.000252962,"max":0.022625923,"avg":0.006372632,"var":0.013625918,"sum":11.266814232}},"iforward_wait":{"duration":{"num":1768,"min":0.000251055,"max":0.022623777,"avg":0.006370869,"var":0.013620450,"sum":11.263695717},"relative_timestamp_from_iforward_end":{"num":1768,"min":0.000000000,"max":0.002779007,"avg":0.000001840,"var":0.000007717,"sum":0.003253222}},"set_input":{"duration":{"num":1768,"min":0.000000000,"max":0.000005007,"avg":0.000000273,"var":0.000000000,"sum":0.000482559},"relative_timestamp_from_iforward_start":{"num":1768,"min":0.000000477,"max":0.000008106,"avg":0.000001036,"var":0.000000001,"sum":0.001831293}},"get_output":{"duration":{"num":1768,"min":0.000000000,"max":0.000000477,"avg":0.000000102,"var":0.000000000,"sum":0.000180483},"relative_timestamp_from_wait_end":{"num":1768,"min":0.000000000,"max":0.000001907,"avg":0.000000184,"var":0.000000000,"sum":0.000325918}}}}},"65535:65535:65535:65535":{"rpc_id":65535,"provider_id":65535,"parent_rpc_id":65535,"parent_provider_id":65535,"name":"","target":{"received from <unknown>":{"bulk":{"create":{"duration":{"num":1768,"min":0.000002384,"max":0.005081177,"avg":0.000009168,"var":0.000039635,"sum":0.016208172},"size":{"num":1768,"min":4194304.000000000,"max":4194304.000000000,"avg":4194304.000000000,"var":0.000000000,"sum":7415529472.000000000}}}}}}}}