{"address":"","progress_loop":{"progress_with_timeout":{"num":93153,"min":0.000000954,"max":0.103890419,"avg":0.000054582,"var":0.025809833,"sum":5.084504604},"progress_timeout_value_msec":{"num":93153,"min":100.000000000,"max":100.000000000,"avg":100.000000000,"var":0.000000000,"sum":9315300.000000000},"progress_without_timeout":{"num":0,"min":0.000000000,"max":0.000000000,"avg":0.000000000,"var":0.000000000,"sum":0.000000000},"trigger":{"num":91934,"min":0.000000238,"max":0.000010490,"avg":0.000000315,"var":0.000000005,"sum":0.028974056}},"rpcs":{"65535:65535:7940397281847607295:2":{"rpc_id":7940397281847607295,"provider_id":2,"parent_rpc_id":65535,"parent_provider_id":65535,"name":"__identity__","origin":{"sent to ofi+cxi://0x06a6000d":{"iforward":{"duration":{"num":1,"min":0.001746178,"max":0.001746178,"avg":0.001746178,"var":0.000000000,"sum":0.001746178},"relative_timestamp_from_create":{"num":1,"min":0.000005007,"max":0.000005007,"avg":0.000005007,"var":0.000000000,"sum":0.000005007}},"forward_cb":{"duration":{"num":1,"min":0.000002146,"max":0.000002146,"avg":0.000002146,"var":0.000000000,"sum":0.000002146},"relative_timestamp_from_iforward_start":{"num":1,"min":0.037718058,"max":0.037718058,"avg":0.037718058,"var":0.000000000,"sum":0.037718058}},"iforward_wait":{"duration":{"num":1,"min":0.035979509,"max":0.035979509,"avg":0.035979509,"var":0.000000000,"sum":0.035979509},"relative_timestamp_from_iforward_end":{"num":1,"min":0.000000477,"max":0.000000477,"avg":0.000000477,"var":0.000000000,"sum":0.000000477}},"set_input":{"duration":{"num":0,"min":0.000000000,"max":0.000000000,"avg":0.000000000,"var":0.000000000,"sum":0.000000000},"relative_timestamp_from_iforward_start":{"num":0,"min":0.000000000,"max":0.000000000,"avg":0.000000000,"var":0.000000000,"sum":0.000000000}},"get_output":{"duration":{"num":1,"min":0.000015974,"max":0.000015974,"avg":0.000015974,"var":0.000000000,"sum":0.000015974},"relative_timestamp_from_wait_end":{"num":1,"min":0.000001669,"max":0.000001669,"avg":0.000001669,"var":0.000000000,"sum":0.000001669}}}}},"65535:65535:9722976651498815487:2":{"rpc_id":9722976651498815487,"provider_id":2,"parent_rpc_id":65535,"parent_provider_id":65535,"name":"flock_get_view","origin":{"sent to ofi+cxi://0x06a6000d":{"iforward":{"duration":{"num":2,"min":0.000018835,"max":0.000038624,"avg":0.000028729,"var":0.000000000,"sum":0.000057459},"relative_timestamp_from_create":{"num":2,"min":0.000000477,"max":0.000001669,"avg":0.000001073,"var":0.000000000,"sum":0.000002146}},"forward_cb":{"duration":{"num":2,"min":0.000000954,"max":0.000001907,"avg":0.000001431,"var":0.000000000,"sum":0.000002861},"relative_timestamp_from_iforward_start":{"num":2,"min":0.056601286,"max":0.107326269,"avg":0.081963778,"var":0.001286512,"sum":0.163927555}},"iforward_wait":{"duration":{"num":2,"min":0.056587696,"max":0.107289791,"avg":0.081938744,"var":0.001285351,"sum":0.163877487},"relative_timestamp_from_iforward_end":{"num":2,"min":0.000000477,"max":0.000001192,"avg":0.000000834,"var":0.000000000,"sum":0.000001669}},"set_input":{"duration":{"num":2,"min":0.000000238,"max":0.000000238,"avg":0.000000238,"var":0.000000000,"sum":0.000000477},"relative_timestamp_from_iforward_start":{"num":2,"min":0.000006199,"max":0.000011683,"avg":0.000008941,"var":0.000000000,"sum":0.000017881}},"get_output":{"duration":{"num":2,"min":0.000002384,"max":0.000054836,"avg":0.000028610,"var":0.000000001,"sum":0.000057220},"relative_timestamp_from_wait_end":{"num":2,"min":0.000001669,"max":0.000002146,"avg":0.000001907,"var":0.000000000,"sum":0.000003815}}}}},"65535:65535:3669993900245843967:1":{"rpc_id":3669993900245843967,"provider_id":1,"parent_rpc_id":65535,"parent_provider_id":65535,"name":"qtn_work_rpc","origin":{"sent to ofi+cxi://0x06a6060c":{"iforward":{"duration":{"num":91930,"min":0.000001192,"max":0.000048399,"avg":0.000001600,"var":0.000000011,"sum":0.147055626},"relative_timestamp_from_create":{"num":91930,"min":0.000000000,"max":0.000019789,"avg":0.000000075,"var":0.000000002,"sum":0.006936312}},"forward_cb":{"duration":{"num":91930,"min":0.000000000,"max":0.000010252,"avg":0.000000140,"var":0.000000002,"sum":0.012825012},"relative_timestamp_from_iforward_start":{"num":91930,"min":0.000007629,"max":0.000585556,"avg":0.000054216,"var":0.000111630,"sum":4.984122276}},"iforward_wait":{"duration":{"num":91930,"min":0.000002146,"max":0.000584126,"avg":0.000053101,"var":0.000110853,"sum":4.881559134},"relative_timestamp_from_iforward_end":{"num":91930,"min":0.000000000,"max":0.000008821,"avg":0.000000184,"var":0.000000001,"sum":0.016896486}},"set_input":{"duration":{"num":91930,"min":0.000000000,"max":0.000002384,"avg":0.000000081,"var":0.000000001,"sum":0.007450342},"relative_timestamp_from_iforward_start":{"num":91930,"min":0.000000477,"max":0.000012159,"avg":0.000000707,"var":0.000000002,"sum":0.065006495}},"get_output":{"duration":{"num":91930,"min":0.000000000,"max":0.000002384,"avg":0.000000100,"var":0.000000002,"sum":0.009210110},"relative_timestamp_from_wait_end":{"num":91930,"min":0.000000000,"max":0.000006676,"avg":0.000000183,"var":0.000000004,"sum":0.016853571}}}}}}}