{"address":"","progress_loop":{"progress_with_timeout":{"num":1801,"min":0.000001669,"max":0.104500055,"avg":0.006325709,"var":0.027902658,"sum":11.392601252},"progress_timeout_value_msec":{"num":1801,"min":100.000000000,"max":100.000000000,"avg":100.000000000,"var":0.000000000,"sum":180100.000000000},"progress_without_timeout":{"num":0,"min":0.000000000,"max":0.000000000,"avg":0.000000000,"var":0.000000000,"sum":0.000000000},"trigger":{"num":1791,"min":0.000000238,"max":0.000006437,"avg":0.000000300,"var":0.000000000,"sum":0.000537157}},"rpcs":{"65535:65535:7940397281847607295:2":{"rpc_id":7940397281847607295,"provider_id":2,"parent_rpc_id":65535,"parent_provider_id":65535,"name":"__identity__","origin":{"sent to ofi+cxi://0x06a6000d":{"iforward":{"duration":{"num":1,"min":0.000122309,"max":0.000122309,"avg":0.000122309,"var":0.000000000,"sum":0.000122309},"relative_timestamp_from_create":{"num":1,"min":0.000016451,"max":0.000016451,"avg":0.000016451,"var":0.000000000,"sum":0.000016451}},"forward_cb":{"duration":{"num":1,"min":0.000001907,"max":0.000001907,"avg":0.000001907,"var":0.000000000,"sum":0.000001907},"relative_timestamp_from_iforward_start":{"num":1,"min":0.020572424,"max":0.020572424,"avg":0.020572424,"var":0.000000000,"sum":0.020572424}},"iforward_wait":{"duration":{"num":1,"min":0.020457268,"max":0.020457268,"avg":0.020457268,"var":0.000000000,"sum":0.020457268},"relative_timestamp_from_iforward_end":{"num":1,"min":0.000000238,"max":0.000000238,"avg":0.000000238,"var":0.000000000,"sum":0.000000238}},"set_input":{"duration":{"num":0,"min":0.000000000,"max":0.000000000,"avg":0.000000000,"var":0.000000000,"sum":0.000000000},"relative_timestamp_from_iforward_start":{"num":0,"min":0.000000000,"max":0.000000000,"avg":0.000000000,"var":0.000000000,"sum":0.000000000}},"get_output":{"duration":{"num":1,"min":0.000015259,"max":0.000015259,"avg":0.000015259,"var":0.000000000,"sum":0.000015259},"relative_timestamp_from_wait_end":{"num":1,"min":0.000001669,"max":0.000001669,"avg":0.000001669,"var":0.000000000,"sum":0.000001669}}}}},"65535:65535:9722976651498815487:2":{"rpc_id":9722976651498815487,"provider_id":2,"parent_rpc_id":65535,"parent_provider_id":65535,"name":"flock_get_view","origin":{"sent to ofi+cxi://0x06a6000d":{"iforward":{"duration":{"num":2,"min":0.000010490,"max":0.000036240,"avg":0.000023365,"var":0.000000000,"sum":0.000046730},"relative_timestamp_from_create":{"num":2,"min":0.000000238,"max":0.000001192,"avg":0.000000715,"var":0.000000000,"sum":0.000001431}},"forward_cb":{"duration":{"num":2,"min":0.000000238,"max":0.000000954,"avg":0.000000596,"var":0.000000000,"sum":0.000001192},"relative_timestamp_from_iforward_start":{"num":2,"min":0.060930967,"max":0.076781034,"avg":0.068856001,"var":0.000125612,"sum":0.137712002}},"iforward_wait":{"duration":{"num":2,"min":0.060924292,"max":0.076744318,"avg":0.068834305,"var":0.000125137,"sum":0.137668610},"relative_timestamp_from_iforward_end":{"num":2,"min":0.000000238,"max":0.000001192,"avg":0.000000715,"var":0.000000000,"sum":0.000001431}},"set_input":{"duration":{"num":2,"min":0.000000238,"max":0.000000238,"avg":0.000000238,"var":0.000000000,"sum":0.000000477},"relative_timestamp_from_iforward_start":{"num":2,"min":0.000001431,"max":0.000010252,"avg":0.000005841,"var":0.000000000,"sum":0.000011683}},"get_output":{"duration":{"num":2,"min":0.000001431,"max":0.000063419,"avg":0.000032425,"var":0.000000002,"sum":0.000064850},"relative_timestamp_from_wait_end":{"num":2,"min":0.000000954,"max":0.000000954,"avg":0.000000954,"var":0.000000000,"sum":0.000001907}}}}},"65535:65535:3669993900245843967:1":{"rpc_id":3669993900245843967,"provider_id":1,"parent_rpc_id":65535,"parent_provider_id":65535,"name":"qtn_work_rpc","origin":{"sent to ofi+cxi://0x06a7e00e":{"iforward":{"duration":{"num":1787,"min":0.000001431,"max":0.000032902,"avg":0.000001825,"var":0.000000004,"sum":0.003260851},"relative_timestamp_from_create":{"num":1787,"min":0.000002623,"max":0.001349688,"avg":0.000003681,"var":0.000001813,"sum":0.006577253}},"forward_cb":{"duration":{"num":1787,"min":0.000000000,"max":0.000001431,"avg":0.000000136,"var":0.000000000,"sum":0.000243187},"relative_timestamp_from_iforward_start":{"num":1787,"min":0.000439405,"max":0.021592617,"avg":0.006230763,"var":0.009714012,"sum":11.134373665}},"iforward_wait":{"duration":{"num":1787,"min":0.000437737,"max":0.021591425,"avg":0.006229380,"var":0.009713372,"sum":11.131901264},"relative_timestamp_from_iforward_end":{"num":1787,"min":0.000000000,"max":0.000000715,"avg":0.000000190,"var":0.000000000,"sum":0.000339985}},"set_input":{"duration":{"num":1787,"min":0.000000000,"max":0.000005007,"avg":0.000000127,"var":0.000000000,"sum":0.000227690},"relative_timestamp_from_iforward_start":{"num":1787,"min":0.000000477,"max":0.000010967,"avg":0.000000704,"var":0.000000000,"sum":0.001257181}},"get_output":{"duration":{"num":1787,"min":0.000000000,"max":0.000000477,"avg":0.000000093,"var":0.000000000,"sum":0.000166178},"relative_timestamp_from_wait_end":{"num":1787,"min":0.000000000,"max":0.000003099,"avg":0.000000156,"var":0.000000000,"sum":0.000278711}}}}},"65535:65535:65535:65535":{"rpc_id":65535,"provider_id":65535,"parent_rpc_id":65535,"parent_provider_id":65535,"name":"","target":{"received from <unknown>":{"bulk":{"create":{"duration":{"num":1787,"min":0.000002384,"max":0.001345634,"avg":0.000003489,"var":0.000001803,"sum":0.006234884},"size":{"num":1787,"min":4194304.000000000,"max":4194304.000000000,"avg":4194304.000000000,"var":0.000000000,"sum":7495221248.000000000}}}}}}}}