{"address":"","progress_loop":{"progress_with_timeout":{"num":1898,"min":0.000001192,"max":0.103424549,"avg":0.005731424,"var":0.020417137,"sum":10.878242254},"progress_timeout_value_msec":{"num":1898,"min":100.000000000,"max":100.000000000,"avg":100.000000000,"var":0.000000000,"sum":189800.000000000},"progress_without_timeout":{"num":0,"min":0.000000000,"max":0.000000000,"avg":0.000000000,"var":0.000000000,"sum":0.000000000},"trigger":{"num":1892,"min":0.000000238,"max":0.000007153,"avg":0.000000296,"var":0.000000000,"sum":0.000560522}},"rpcs":{"65535:65535:7940397281847607295:2":{"rpc_id":7940397281847607295,"provider_id":2,"parent_rpc_id":65535,"parent_provider_id":65535,"name":"__identity__","origin":{"sent to ofi+cxi://0x06a6000d":{"iforward":{"duration":{"num":1,"min":0.000075579,"max":0.000075579,"avg":0.000075579,"var":0.000000000,"sum":0.000075579},"relative_timestamp_from_create":{"num":1,"min":0.000007391,"max":0.000007391,"avg":0.000007391,"var":0.000000000,"sum":0.000007391}},"forward_cb":{"duration":{"num":1,"min":0.000002384,"max":0.000002384,"avg":0.000002384,"var":0.000000000,"sum":0.000002384},"relative_timestamp_from_iforward_start":{"num":1,"min":0.018344641,"max":0.018344641,"avg":0.018344641,"var":0.000000000,"sum":0.018344641}},"iforward_wait":{"duration":{"num":1,"min":0.018276930,"max":0.018276930,"avg":0.018276930,"var":0.000000000,"sum":0.018276930},"relative_timestamp_from_iforward_end":{"num":1,"min":0.000000238,"max":0.000000238,"avg":0.000000238,"var":0.000000000,"sum":0.000000238}},"set_input":{"duration":{"num":0,"min":0.000000000,"max":0.000000000,"avg":0.000000000,"var":0.000000000,"sum":0.000000000},"relative_timestamp_from_iforward_start":{"num":0,"min":0.000000000,"max":0.000000000,"avg":0.000000000,"var":0.000000000,"sum":0.000000000}},"get_output":{"duration":{"num":1,"min":0.000015020,"max":0.000015020,"avg":0.000015020,"var":0.000000000,"sum":0.000015020},"relative_timestamp_from_wait_end":{"num":1,"min":0.000001431,"max":0.000001431,"avg":0.000001431,"var":0.000000000,"sum":0.000001431}}}}},"65535:65535:9722976651498815487:2":{"rpc_id":9722976651498815487,"provider_id":2,"parent_rpc_id":65535,"parent_provider_id":65535,"name":"flock_get_view","origin":{"sent to ofi+cxi://0x06a6000d":{"iforward":{"duration":{"num":2,"min":0.000012159,"max":0.000039577,"avg":0.000025868,"var":0.000000000,"sum":0.000051737},"relative_timestamp_from_create":{"num":2,"min":0.000000238,"max":0.000001431,"avg":0.000000834,"var":0.000000000,"sum":0.000001669}},"forward_cb":{"duration":{"num":2,"min":0.000000238,"max":0.000001192,"avg":0.000000715,"var":0.000000000,"sum":0.000001431},"relative_timestamp_from_iforward_start":{"num":2,"min":0.066376209,"max":0.070054531,"avg":0.068215370,"var":0.000006765,"sum":0.136430740}},"iforward_wait":{"duration":{"num":2,"min":0.066336155,"max":0.070046663,"avg":0.068191409,"var":0.000006884,"sum":0.136382818},"relative_timestamp_from_iforward_end":{"num":2,"min":0.000000238,"max":0.000001431,"avg":0.000000834,"var":0.000000000,"sum":0.000001669}},"set_input":{"duration":{"num":2,"min":0.000000000,"max":0.000000238,"avg":0.000000119,"var":0.000000000,"sum":0.000000238},"relative_timestamp_from_iforward_start":{"num":2,"min":0.000001907,"max":0.000011206,"avg":0.000006557,"var":0.000000000,"sum":0.000013113}},"get_output":{"duration":{"num":2,"min":0.000001431,"max":0.000053644,"avg":0.000027537,"var":0.000000001,"sum":0.000055075},"relative_timestamp_from_wait_end":{"num":2,"min":0.000000954,"max":0.000001192,"avg":0.000001073,"var":0.000000000,"sum":0.000002146}}}}},"65535:65535:3669993900245843967:1":{"rpc_id":3669993900245843967,"provider_id":1,"parent_rpc_id":65535,"parent_provider_id":65535,"name":"qtn_work_rpc","origin":{"sent to ofi+cxi://0x06a66613":{"iforward":{"duration":{"num":1888,"min":0.000001431,"max":0.000035048,"avg":0.000001764,"var":0.000000005,"sum":0.003330231},"relative_timestamp_from_create":{"num":1888,"min":0.000002384,"max":0.001550436,"avg":0.000003643,"var":0.000002394,"sum":0.006877184}},"forward_cb":{"duration":{"num":1888,"min":0.000000000,"max":0.000001431,"avg":0.000000136,"var":0.000000000,"sum":0.000257254},"relative_timestamp_from_iforward_start":{"num":1888,"min":0.000638485,"max":0.019895077,"avg":0.005627483,"var":0.002694035,"sum":10.624687433}},"iforward_wait":{"duration":{"num":1888,"min":0.000637531,"max":0.019893646,"avg":0.005626129,"var":0.002693650,"sum":10.622131586},"relative_timestamp_from_iforward_end":{"num":1888,"min":0.000000000,"max":0.000000715,"avg":0.000000198,"var":0.000000000,"sum":0.000373125}},"set_input":{"duration":{"num":1888,"min":0.000000000,"max":0.000004768,"avg":0.000000122,"var":0.000000000,"sum":0.000230074},"relative_timestamp_from_iforward_start":{"num":1888,"min":0.000000477,"max":0.000011206,"avg":0.000000697,"var":0.000000000,"sum":0.001315117}},"get_output":{"duration":{"num":1888,"min":0.000000000,"max":0.000000715,"avg":0.000000091,"var":0.000000000,"sum":0.000172615},"relative_timestamp_from_wait_end":{"num":1888,"min":0.000000000,"max":0.000002861,"avg":0.000000151,"var":0.000000000,"sum":0.000285864}}}}},"65535:65535:65535:65535":{"rpc_id":65535,"provider_id":65535,"parent_rpc_id":65535,"parent_provider_id":65535,"name":"","target":{"received from <unknown>":{"bulk":{"create":{"duration":{"num":1888,"min":0.000002146,"max":0.001546621,"avg":0.000003425,"var":0.000002383,"sum":0.006466389},"size":{"num":1888,"min":4194304.000000000,"max":4194304.000000000,"avg":4194304.000000000,"var":0.000000000,"sum":7918845952.000000000}}}}}}}}