{"address":"","progress_loop":{"progress_with_timeout":{"num":24136,"min":0.000000954,"max":0.101238966,"avg":0.000223129,"var":0.026617163,"sum":5.385435581},"progress_timeout_value_msec":{"num":24136,"min":100.000000000,"max":100.000000000,"avg":100.000000000,"var":0.000000000,"sum":2413600.000000000},"progress_without_timeout":{"num":0,"min":0.000000000,"max":0.000000000,"avg":0.000000000,"var":0.000000000,"sum":0.000000000},"trigger":{"num":24083,"min":0.000000238,"max":0.000008583,"avg":0.000000271,"var":0.000000000,"sum":0.006531239}},"rpcs":{"65535:65535:7940397281847607295:2":{"rpc_id":7940397281847607295,"provider_id":2,"parent_rpc_id":65535,"parent_provider_id":65535,"name":"__identity__","origin":{"sent to ofi+cxi://0x06a6000d":{"iforward":{"duration":{"num":1,"min":0.000325918,"max":0.000325918,"avg":0.000325918,"var":0.000000000,"sum":0.000325918},"relative_timestamp_from_create":{"num":1,"min":0.000006437,"max":0.000006437,"avg":0.000006437,"var":0.000000000,"sum":0.000006437}},"forward_cb":{"duration":{"num":1,"min":0.000001192,"max":0.000001192,"avg":0.000001192,"var":0.000000000,"sum":0.000001192},"relative_timestamp_from_iforward_start":{"num":1,"min":0.022667646,"max":0.022667646,"avg":0.022667646,"var":0.000000000,"sum":0.022667646}},"iforward_wait":{"duration":{"num":1,"min":0.022346258,"max":0.022346258,"avg":0.022346258,"var":0.000000000,"sum":0.022346258},"relative_timestamp_from_iforward_end":{"num":1,"min":0.000000715,"max":0.000000715,"avg":0.000000715,"var":0.000000000,"sum":0.000000715}},"set_input":{"duration":{"num":0,"min":0.000000000,"max":0.000000000,"avg":0.000000000,"var":0.000000000,"sum":0.000000000},"relative_timestamp_from_iforward_start":{"num":0,"min":0.000000000,"max":0.000000000,"avg":0.000000000,"var":0.000000000,"sum":0.000000000}},"get_output":{"duration":{"num":1,"min":0.000007868,"max":0.000007868,"avg":0.000007868,"var":0.000000000,"sum":0.000007868},"relative_timestamp_from_wait_end":{"num":1,"min":0.000001192,"max":0.000001192,"avg":0.000001192,"var":0.000000000,"sum":0.000001192}}}}},"65535:65535:9722976651498815487:2":{"rpc_id":9722976651498815487,"provider_id":2,"parent_rpc_id":65535,"parent_provider_id":65535,"name":"flock_get_view","origin":{"sent to ofi+cxi://0x06a6000d":{"iforward":{"duration":{"num":2,"min":0.000018120,"max":0.000018120,"avg":0.000018120,"var":0.000000000,"sum":0.000036240},"relative_timestamp_from_create":{"num":2,"min":0.000000477,"max":0.000001431,"avg":0.000000954,"var":0.000000000,"sum":0.000001907}},"forward_cb":{"duration":{"num":2,"min":0.000000715,"max":0.000001431,"avg":0.000001073,"var":0.000000000,"sum":0.000002146},"relative_timestamp_from_iforward_start":{"num":2,"min":0.079596519,"max":0.090929508,"avg":0.085263014,"var":0.000064218,"sum":0.170526028}},"iforward_wait":{"duration":{"num":2,"min":0.079582453,"max":0.090913296,"avg":0.085247874,"var":0.000064194,"sum":0.170495749},"relative_timestamp_from_iforward_end":{"num":2,"min":0.000000477,"max":0.000001192,"avg":0.000000834,"var":0.000000000,"sum":0.000001669}},"set_input":{"duration":{"num":2,"min":0.000000238,"max":0.000000238,"avg":0.000000238,"var":0.000000000,"sum":0.000000477},"relative_timestamp_from_iforward_start":{"num":2,"min":0.000005245,"max":0.000006199,"avg":0.000005722,"var":0.000000000,"sum":0.000011444}},"get_output":{"duration":{"num":2,"min":0.000001431,"max":0.000064135,"avg":0.000032783,"var":0.000000002,"sum":0.000065565},"relative_timestamp_from_wait_end":{"num":2,"min":0.000000954,"max":0.000001907,"avg":0.000001431,"var":0.000000000,"sum":0.000002861}}}}},"65535:65535:3669993900245843967:1":{"rpc_id":3669993900245843967,"provider_id":1,"parent_rpc_id":65535,"parent_provider_id":65535,"name":"qtn_work_rpc","origin":{"sent to ofi+cxi://0x06a6240d":{"iforward":{"duration":{"num":24079,"min":0.000001431,"max":0.000046968,"avg":0.000001561,"var":0.000000006,"sum":0.037590027},"relative_timestamp_from_create":{"num":24079,"min":0.000000000,"max":0.000000954,"avg":0.000000072,"var":0.000000000,"sum":0.001732588}},"forward_cb":{"duration":{"num":24079,"min":0.000000000,"max":0.000001431,"avg":0.000000122,"var":0.000000000,"sum":0.002944231},"relative_timestamp_from_iforward_start":{"num":24079,"min":0.000008583,"max":0.001167774,"avg":0.000213580,"var":0.001459305,"sum":5.142798662}},"iforward_wait":{"duration":{"num":24079,"min":0.000007153,"max":0.001166821,"avg":0.000212384,"var":0.001459242,"sum":5.113988161},"relative_timestamp_from_iforward_end":{"num":24079,"min":0.000000000,"max":0.000000715,"avg":0.000000184,"var":0.000000000,"sum":0.004432440}},"set_input":{"duration":{"num":24079,"min":0.000000000,"max":0.000002146,"avg":0.000000078,"var":0.000000000,"sum":0.001884937},"relative_timestamp_from_iforward_start":{"num":24079,"min":0.000000477,"max":0.000014782,"avg":0.000000710,"var":0.000000000,"sum":0.017086744}},"get_output":{"duration":{"num":24079,"min":0.000000000,"max":0.000001192,"avg":0.000000090,"var":0.000000000,"sum":0.002176046},"relative_timestamp_from_wait_end":{"num":24079,"min":0.000000000,"max":0.000001431,"avg":0.000000157,"var":0.000000000,"sum":0.003788471}}}}}}}