{"address":"","progress_loop":{"progress_with_timeout":{"num":32881,"min":0.000000954,"max":0.104023457,"avg":0.000161986,"var":0.026832863,"sum":5.326259375},"progress_timeout_value_msec":{"num":32881,"min":100.000000000,"max":100.000000000,"avg":100.000000000,"var":0.000000000,"sum":3288100.000000000},"progress_without_timeout":{"num":0,"min":0.000000000,"max":0.000000000,"avg":0.000000000,"var":0.000000000,"sum":0.000000000},"trigger":{"num":32736,"min":0.000000238,"max":0.000007629,"avg":0.000000269,"var":0.000000000,"sum":0.008816957}},"rpcs":{"65535:65535:7940397281847607295:2":{"rpc_id":7940397281847607295,"provider_id":2,"parent_rpc_id":65535,"parent_provider_id":65535,"name":"__identity__","origin":{"sent to ofi+cxi://0x06a6000d":{"iforward":{"duration":{"num":1,"min":0.000626802,"max":0.000626802,"avg":0.000626802,"var":0.000000000,"sum":0.000626802},"relative_timestamp_from_create":{"num":1,"min":0.000003815,"max":0.000003815,"avg":0.000003815,"var":0.000000000,"sum":0.000003815}},"forward_cb":{"duration":{"num":1,"min":0.000000954,"max":0.000000954,"avg":0.000000954,"var":0.000000000,"sum":0.000000954},"relative_timestamp_from_iforward_start":{"num":1,"min":0.032860756,"max":0.032860756,"avg":0.032860756,"var":0.000000000,"sum":0.032860756}},"iforward_wait":{"duration":{"num":1,"min":0.032238483,"max":0.032238483,"avg":0.032238483,"var":0.000000000,"sum":0.032238483},"relative_timestamp_from_iforward_end":{"num":1,"min":0.000000715,"max":0.000000715,"avg":0.000000715,"var":0.000000000,"sum":0.000000715}},"set_input":{"duration":{"num":0,"min":0.000000000,"max":0.000000000,"avg":0.000000000,"var":0.000000000,"sum":0.000000000},"relative_timestamp_from_iforward_start":{"num":0,"min":0.000000000,"max":0.000000000,"avg":0.000000000,"var":0.000000000,"sum":0.000000000}},"get_output":{"duration":{"num":1,"min":0.000007391,"max":0.000007391,"avg":0.000007391,"var":0.000000000,"sum":0.000007391},"relative_timestamp_from_wait_end":{"num":1,"min":0.000001192,"max":0.000001192,"avg":0.000001192,"var":0.000000000,"sum":0.000001192}}}}},"65535:65535:9722976651498815487:2":{"rpc_id":9722976651498815487,"provider_id":2,"parent_rpc_id":65535,"parent_provider_id":65535,"name":"flock_get_view","origin":{"sent to ofi+cxi://0x06a6000d":{"iforward":{"duration":{"num":2,"min":0.000018120,"max":0.000018358,"avg":0.000018239,"var":0.000000000,"sum":0.000036478},"relative_timestamp_from_create":{"num":2,"min":0.000000715,"max":0.000001669,"avg":0.000001192,"var":0.000000000,"sum":0.000002384}},"forward_cb":{"duration":{"num":2,"min":0.000000238,"max":0.000000954,"avg":0.000000596,"var":0.000000000,"sum":0.000001192},"relative_timestamp_from_iforward_start":{"num":2,"min":0.061636925,"max":0.104704380,"avg":0.083170652,"var":0.000927403,"sum":0.166341305}},"iforward_wait":{"duration":{"num":2,"min":0.061619520,"max":0.104687691,"avg":0.083153605,"var":0.000927434,"sum":0.166307211},"relative_timestamp_from_iforward_end":{"num":2,"min":0.000000238,"max":0.000001192,"avg":0.000000715,"var":0.000000000,"sum":0.000001431}},"set_input":{"duration":{"num":2,"min":0.000000238,"max":0.000000238,"avg":0.000000238,"var":0.000000000,"sum":0.000000477},"relative_timestamp_from_iforward_start":{"num":2,"min":0.000005484,"max":0.000005960,"avg":0.000005722,"var":0.000000000,"sum":0.000011444}},"get_output":{"duration":{"num":2,"min":0.000000477,"max":0.000049829,"avg":0.000025153,"var":0.000000001,"sum":0.000050306},"relative_timestamp_from_wait_end":{"num":2,"min":0.000000238,"max":0.000001669,"avg":0.000000954,"var":0.000000000,"sum":0.000001907}}}}},"65535:65535:3669993900245843967:1":{"rpc_id":3669993900245843967,"provider_id":1,"parent_rpc_id":65535,"parent_provider_id":65535,"name":"qtn_work_rpc","origin":{"sent to ofi+cxi://0x06a60218":{"iforward":{"duration":{"num":32732,"min":0.000001431,"max":0.000034571,"avg":0.000001626,"var":0.000000005,"sum":0.053228855},"relative_timestamp_from_create":{"num":32732,"min":0.000000000,"max":0.000001431,"avg":0.000000074,"var":0.000000000,"sum":0.002436876}},"forward_cb":{"duration":{"num":32732,"min":0.000000000,"max":0.000002623,"avg":0.000000122,"var":0.000000001,"sum":0.003977060},"relative_timestamp_from_iforward_start":{"num":32732,"min":0.000008583,"max":0.000913858,"avg":0.000155715,"var":0.000794405,"sum":5.096867561}},"iforward_wait":{"duration":{"num":32732,"min":0.000007153,"max":0.000913143,"avg":0.000154459,"var":0.000794331,"sum":5.055759192},"relative_timestamp_from_iforward_end":{"num":32732,"min":0.000000000,"max":0.000001907,"avg":0.000000177,"var":0.000000000,"sum":0.005807877}},"set_input":{"duration":{"num":32732,"min":0.000000000,"max":0.000002146,"avg":0.000000083,"var":0.000000000,"sum":0.002732038},"relative_timestamp_from_iforward_start":{"num":32732,"min":0.000000477,"max":0.000007391,"avg":0.000000714,"var":0.000000000,"sum":0.023359776}},"get_output":{"duration":{"num":32732,"min":0.000000000,"max":0.000004053,"avg":0.000000090,"var":0.000000000,"sum":0.002962112},"relative_timestamp_from_wait_end":{"num":32732,"min":0.000000000,"max":0.000002861,"avg":0.000000160,"var":0.000000001,"sum":0.005241632}}}}}}}