{"address":"","progress_loop":{"progress_with_timeout":{"num":35250,"min":0.000000954,"max":0.104622841,"avg":0.000150883,"var":0.026977509,"sum":5.318627596},"progress_timeout_value_msec":{"num":35250,"min":100.000000000,"max":100.000000000,"avg":100.000000000,"var":0.000000000,"sum":3525000.000000000},"progress_without_timeout":{"num":0,"min":0.000000000,"max":0.000000000,"avg":0.000000000,"var":0.000000000,"sum":0.000000000},"trigger":{"num":35122,"min":0.000000238,"max":0.000007868,"avg":0.000000286,"var":0.000000001,"sum":0.010029554}},"rpcs":{"65535:65535:7940397281847607295:2":{"rpc_id":7940397281847607295,"provider_id":2,"parent_rpc_id":65535,"parent_provider_id":65535,"name":"__identity__","origin":{"sent to ofi+cxi://0x06a6000d":{"iforward":{"duration":{"num":1,"min":0.001294613,"max":0.001294613,"avg":0.001294613,"var":0.000000000,"sum":0.001294613},"relative_timestamp_from_create":{"num":1,"min":0.000004053,"max":0.000004053,"avg":0.000004053,"var":0.000000000,"sum":0.000004053}},"forward_cb":{"duration":{"num":1,"min":0.000002384,"max":0.000002384,"avg":0.000002384,"var":0.000000000,"sum":0.000002384},"relative_timestamp_from_iforward_start":{"num":1,"min":0.060301542,"max":0.060301542,"avg":0.060301542,"var":0.000000000,"sum":0.060301542}},"iforward_wait":{"duration":{"num":1,"min":0.059014320,"max":0.059014320,"avg":0.059014320,"var":0.000000000,"sum":0.059014320},"relative_timestamp_from_iforward_end":{"num":1,"min":0.000000477,"max":0.000000477,"avg":0.000000477,"var":0.000000000,"sum":0.000000477}},"set_input":{"duration":{"num":0,"min":0.000000000,"max":0.000000000,"avg":0.000000000,"var":0.000000000,"sum":0.000000000},"relative_timestamp_from_iforward_start":{"num":0,"min":0.000000000,"max":0.000000000,"avg":0.000000000,"var":0.000000000,"sum":0.000000000}},"get_output":{"duration":{"num":1,"min":0.000015736,"max":0.000015736,"avg":0.000015736,"var":0.000000000,"sum":0.000015736},"relative_timestamp_from_wait_end":{"num":1,"min":0.000001192,"max":0.000001192,"avg":0.000001192,"var":0.000000000,"sum":0.000001192}}}}},"65535:65535:9722976651498815487:2":{"rpc_id":9722976651498815487,"provider_id":2,"parent_rpc_id":65535,"parent_provider_id":65535,"name":"flock_get_view","origin":{"sent to ofi+cxi://0x06a6000d":{"iforward":{"duration":{"num":2,"min":0.000019073,"max":0.000035763,"avg":0.000027418,"var":0.000000000,"sum":0.000054836},"relative_timestamp_from_create":{"num":2,"min":0.000000477,"max":0.000001431,"avg":0.000000954,"var":0.000000000,"sum":0.000001907}},"forward_cb":{"duration":{"num":2,"min":0.000000238,"max":0.000000954,"avg":0.000000596,"var":0.000000000,"sum":0.000001192},"relative_timestamp_from_iforward_start":{"num":2,"min":0.026639938,"max":0.120852947,"avg":0.073746443,"var":0.004438046,"sum":0.147492886}},"iforward_wait":{"duration":{"num":2,"min":0.026621580,"max":0.120819092,"avg":0.073720336,"var":0.004436586,"sum":0.147440672},"relative_timestamp_from_iforward_end":{"num":2,"min":0.000000238,"max":0.000001431,"avg":0.000000834,"var":0.000000000,"sum":0.000001669}},"set_input":{"duration":{"num":2,"min":0.000000000,"max":0.000000477,"avg":0.000000238,"var":0.000000000,"sum":0.000000477},"relative_timestamp_from_iforward_start":{"num":2,"min":0.000006199,"max":0.000011206,"avg":0.000008702,"var":0.000000000,"sum":0.000017405}},"get_output":{"duration":{"num":2,"min":0.000000477,"max":0.000052691,"avg":0.000026584,"var":0.000000001,"sum":0.000053167},"relative_timestamp_from_wait_end":{"num":2,"min":0.000000238,"max":0.000002146,"avg":0.000001192,"var":0.000000000,"sum":0.000002384}}}}},"65535:65535:3669993900245843967:1":{"rpc_id":3669993900245843967,"provider_id":1,"parent_rpc_id":65535,"parent_provider_id":65535,"name":"qtn_work_rpc","origin":{"sent to ofi+cxi://0x06a6c210":{"iforward":{"duration":{"num":35118,"min":0.000001431,"max":0.000034571,"avg":0.000001553,"var":0.000000006,"sum":0.054527521},"relative_timestamp_from_create":{"num":35118,"min":0.000000000,"max":0.000001192,"avg":0.000000078,"var":0.000000000,"sum":0.002742767}},"forward_cb":{"duration":{"num":35118,"min":0.000000000,"max":0.000001431,"avg":0.000000134,"var":0.000000001,"sum":0.004712105},"relative_timestamp_from_iforward_start":{"num":35118,"min":0.000008345,"max":0.000873566,"avg":0.000144710,"var":0.000833278,"sum":5.081942797}},"iforward_wait":{"duration":{"num":35118,"min":0.000005484,"max":0.000873089,"avg":0.000143544,"var":0.000833226,"sum":5.040994406},"relative_timestamp_from_iforward_end":{"num":35118,"min":0.000000000,"max":0.000000477,"avg":0.000000177,"var":0.000000000,"sum":0.006221056}},"set_input":{"duration":{"num":35118,"min":0.000000000,"max":0.000001907,"avg":0.000000085,"var":0.000000000,"sum":0.002981901},"relative_timestamp_from_iforward_start":{"num":35118,"min":0.000000477,"max":0.000010490,"avg":0.000000715,"var":0.000000000,"sum":0.025110006}},"get_output":{"duration":{"num":35118,"min":0.000000000,"max":0.000002384,"avg":0.000000091,"var":0.000000000,"sum":0.003178596},"relative_timestamp_from_wait_end":{"num":35118,"min":0.000000000,"max":0.000001431,"avg":0.000000156,"var":0.000000001,"sum":0.005481482}}}}}}}