{"address":"","progress_loop":{"progress_with_timeout":{"num":1800,"min":0.000002623,"max":0.102421522,"avg":0.006297005,"var":0.019785880,"sum":11.334609747},"progress_timeout_value_msec":{"num":1800,"min":100.000000000,"max":100.000000000,"avg":100.000000000,"var":0.000000000,"sum":180000.000000000},"progress_without_timeout":{"num":0,"min":0.000000000,"max":0.000000000,"avg":0.000000000,"var":0.000000000,"sum":0.000000000},"trigger":{"num":1797,"min":0.000000238,"max":0.000008821,"avg":0.000000293,"var":0.000000000,"sum":0.000527143}},"rpcs":{"65535:65535:7940397281847607295:2":{"rpc_id":7940397281847607295,"provider_id":2,"parent_rpc_id":65535,"parent_provider_id":65535,"name":"__identity__","origin":{"sent to ofi+cxi://0x06a6000d":{"iforward":{"duration":{"num":1,"min":0.000150204,"max":0.000150204,"avg":0.000150204,"var":0.000000000,"sum":0.000150204},"relative_timestamp_from_create":{"num":1,"min":0.000003099,"max":0.000003099,"avg":0.000003099,"var":0.000000000,"sum":0.000003099}},"forward_cb":{"duration":{"num":1,"min":0.000002384,"max":0.000002384,"avg":0.000002384,"var":0.000000000,"sum":0.000002384},"relative_timestamp_from_iforward_start":{"num":1,"min":0.021530151,"max":0.021530151,"avg":0.021530151,"var":0.000000000,"sum":0.021530151}},"iforward_wait":{"duration":{"num":1,"min":0.021388054,"max":0.021388054,"avg":0.021388054,"var":0.000000000,"sum":0.021388054},"relative_timestamp_from_iforward_end":{"num":1,"min":0.000000477,"max":0.000000477,"avg":0.000000477,"var":0.000000000,"sum":0.000000477}},"set_input":{"duration":{"num":0,"min":0.000000000,"max":0.000000000,"avg":0.000000000,"var":0.000000000,"sum":0.000000000},"relative_timestamp_from_iforward_start":{"num":0,"min":0.000000000,"max":0.000000000,"avg":0.000000000,"var":0.000000000,"sum":0.000000000}},"get_output":{"duration":{"num":1,"min":0.000017405,"max":0.000017405,"avg":0.000017405,"var":0.000000000,"sum":0.000017405},"relative_timestamp_from_wait_end":{"num":1,"min":0.000001431,"max":0.000001431,"avg":0.000001431,"var":0.000000000,"sum":0.000001431}}}}},"65535:65535:9722976651498815487:2":{"rpc_id":9722976651498815487,"provider_id":2,"parent_rpc_id":65535,"parent_provider_id":65535,"name":"flock_get_view","origin":{"sent to ofi+cxi://0x06a6000d":{"iforward":{"duration":{"num":2,"min":0.000019073,"max":0.000042200,"avg":0.000030637,"var":0.000000000,"sum":0.000061274},"relative_timestamp_from_create":{"num":2,"min":0.000000477,"max":0.000002146,"avg":0.000001311,"var":0.000000000,"sum":0.000002623}},"forward_cb":{"duration":{"num":2,"min":0.000000715,"max":0.000000954,"avg":0.000000834,"var":0.000000000,"sum":0.000001669},"relative_timestamp_from_iforward_start":{"num":2,"min":0.057200670,"max":0.081390858,"avg":0.069295764,"var":0.000292583,"sum":0.138591528}},"iforward_wait":{"duration":{"num":2,"min":0.057185411,"max":0.081350327,"avg":0.069267869,"var":0.000291972,"sum":0.138535738},"relative_timestamp_from_iforward_end":{"num":2,"min":0.000000477,"max":0.000001669,"avg":0.000001073,"var":0.000000000,"sum":0.000002146}},"set_input":{"duration":{"num":2,"min":0.000000238,"max":0.000000238,"avg":0.000000238,"var":0.000000000,"sum":0.000000477},"relative_timestamp_from_iforward_start":{"num":2,"min":0.000006437,"max":0.000012398,"avg":0.000009418,"var":0.000000000,"sum":0.000018835}},"get_output":{"duration":{"num":2,"min":0.000001192,"max":0.000042200,"avg":0.000021696,"var":0.000000001,"sum":0.000043392},"relative_timestamp_from_wait_end":{"num":2,"min":0.000001192,"max":0.000002384,"avg":0.000001788,"var":0.000000000,"sum":0.000003576}}}}},"65535:65535:3669993900245843967:1":{"rpc_id":3669993900245843967,"provider_id":1,"parent_rpc_id":65535,"parent_provider_id":65535,"name":"qtn_work_rpc","origin":{"sent to ofi+cxi://0x06a76015":{"iforward":{"duration":{"num":1793,"min":0.000001431,"max":0.000032902,"avg":0.000001848,"var":0.000000004,"sum":0.003314018},"relative_timestamp_from_create":{"num":1793,"min":0.000002623,"max":0.001581192,"avg":0.000003783,"var":0.000002490,"sum":0.006783247}},"forward_cb":{"duration":{"num":1793,"min":0.000000000,"max":0.000001192,"avg":0.000000131,"var":0.000000000,"sum":0.000234127},"relative_timestamp_from_iforward_start":{"num":1793,"min":0.000762224,"max":0.011808395,"avg":0.006177761,"var":0.001956020,"sum":11.076725245}},"iforward_wait":{"duration":{"num":1793,"min":0.000761032,"max":0.011776209,"avg":0.006176280,"var":0.001956405,"sum":11.074069977},"relative_timestamp_from_iforward_end":{"num":1793,"min":0.000000000,"max":0.000000715,"avg":0.000000208,"var":0.000000000,"sum":0.000373363}},"set_input":{"duration":{"num":1793,"min":0.000000000,"max":0.000004530,"avg":0.000000123,"var":0.000000000,"sum":0.000220537},"relative_timestamp_from_iforward_start":{"num":1793,"min":0.000000477,"max":0.000011444,"avg":0.000000750,"var":0.000000000,"sum":0.001345634}},"get_output":{"duration":{"num":1793,"min":0.000000000,"max":0.000000477,"avg":0.000000089,"var":0.000000000,"sum":0.000159264},"relative_timestamp_from_wait_end":{"num":1793,"min":0.000000000,"max":0.000003099,"avg":0.000000155,"var":0.000000000,"sum":0.000278711}}}}},"65535:65535:65535:65535":{"rpc_id":65535,"provider_id":65535,"parent_rpc_id":65535,"parent_provider_id":65535,"name":"","target":{"received from <unknown>":{"bulk":{"create":{"duration":{"num":1793,"min":0.000002384,"max":0.001576662,"avg":0.000003588,"var":0.000002476,"sum":0.006433725},"size":{"num":1793,"min":4194304.000000000,"max":4194304.000000000,"avg":4194304.000000000,"var":0.000000000,"sum":7520387072.000000000}}}}}}}}