{"address":"","progress_loop":{"progress_with_timeout":{"num":28411,"min":0.000000954,"max":0.103091478,"avg":0.000187279,"var":0.025527537,"sum":5.320780277},"progress_timeout_value_msec":{"num":28411,"min":100.000000000,"max":100.000000000,"avg":100.000000000,"var":0.000000000,"sum":2841100.000000000},"progress_without_timeout":{"num":0,"min":0.000000000,"max":0.000000000,"avg":0.000000000,"var":0.000000000,"sum":0.000000000},"trigger":{"num":28272,"min":0.000000238,"max":0.000008821,"avg":0.000000270,"var":0.000000001,"sum":0.007634163}},"rpcs":{"65535:65535:7940397281847607295:2":{"rpc_id":7940397281847607295,"provider_id":2,"parent_rpc_id":65535,"parent_provider_id":65535,"name":"__identity__","origin":{"sent to ofi+cxi://0x06a6000d":{"iforward":{"duration":{"num":1,"min":0.000073433,"max":0.000073433,"avg":0.000073433,"var":0.000000000,"sum":0.000073433},"relative_timestamp_from_create":{"num":1,"min":0.000002861,"max":0.000002861,"avg":0.000002861,"var":0.000000000,"sum":0.000002861}},"forward_cb":{"duration":{"num":1,"min":0.000000715,"max":0.000000715,"avg":0.000000715,"var":0.000000000,"sum":0.000000715},"relative_timestamp_from_iforward_start":{"num":1,"min":0.004785061,"max":0.004785061,"avg":0.004785061,"var":0.000000000,"sum":0.004785061}},"iforward_wait":{"duration":{"num":1,"min":0.004715443,"max":0.004715443,"avg":0.004715443,"var":0.000000000,"sum":0.004715443},"relative_timestamp_from_iforward_end":{"num":1,"min":0.000000238,"max":0.000000238,"avg":0.000000238,"var":0.000000000,"sum":0.000000238}},"set_input":{"duration":{"num":0,"min":0.000000000,"max":0.000000000,"avg":0.000000000,"var":0.000000000,"sum":0.000000000},"relative_timestamp_from_iforward_start":{"num":0,"min":0.000000000,"max":0.000000000,"avg":0.000000000,"var":0.000000000,"sum":0.000000000}},"get_output":{"duration":{"num":1,"min":0.000006199,"max":0.000006199,"avg":0.000006199,"var":0.000000000,"sum":0.000006199},"relative_timestamp_from_wait_end":{"num":1,"min":0.000000954,"max":0.000000954,"avg":0.000000954,"var":0.000000000,"sum":0.000000954}}}}},"65535:65535:9722976651498815487:2":{"rpc_id":9722976651498815487,"provider_id":2,"parent_rpc_id":65535,"parent_provider_id":65535,"name":"flock_get_view","origin":{"sent to ofi+cxi://0x06a6000d":{"iforward":{"duration":{"num":2,"min":0.000015974,"max":0.000019073,"avg":0.000017524,"var":0.000000000,"sum":0.000035048},"relative_timestamp_from_create":{"num":2,"min":0.000000477,"max":0.000001192,"avg":0.000000834,"var":0.000000000,"sum":0.000001669}},"forward_cb":{"duration":{"num":2,"min":0.000000954,"max":0.000000954,"avg":0.000000954,"var":0.000000000,"sum":0.000001907},"relative_timestamp_from_iforward_start":{"num":2,"min":0.054191351,"max":0.122032642,"avg":0.088111997,"var":0.002301220,"sum":0.176223993}},"iforward_wait":{"duration":{"num":2,"min":0.054177761,"max":0.122017622,"avg":0.088097692,"var":0.002301123,"sum":0.176195383},"relative_timestamp_from_iforward_end":{"num":2,"min":0.000000238,"max":0.000000954,"avg":0.000000596,"var":0.000000000,"sum":0.000001192}},"set_input":{"duration":{"num":2,"min":0.000000238,"max":0.000000238,"avg":0.000000238,"var":0.000000000,"sum":0.000000477},"relative_timestamp_from_iforward_start":{"num":2,"min":0.000003815,"max":0.000005960,"avg":0.000004888,"var":0.000000000,"sum":0.000009775}},"get_output":{"duration":{"num":2,"min":0.000001192,"max":0.000052214,"avg":0.000026703,"var":0.000000001,"sum":0.000053406},"relative_timestamp_from_wait_end":{"num":2,"min":0.000001192,"max":0.000002384,"avg":0.000001788,"var":0.000000000,"sum":0.000003576}}}}},"65535:65535:3669993900245843967:1":{"rpc_id":3669993900245843967,"provider_id":1,"parent_rpc_id":65535,"parent_provider_id":65535,"name":"qtn_work_rpc","origin":{"sent to ofi+cxi://0x06a7c60f":{"iforward":{"duration":{"num":28268,"min":0.000001431,"max":0.000049114,"avg":0.000001570,"var":0.000000008,"sum":0.044384003},"relative_timestamp_from_create":{"num":28268,"min":0.000000000,"max":0.000002384,"avg":0.000000073,"var":0.000000000,"sum":0.002074242}},"forward_cb":{"duration":{"num":28268,"min":0.000000000,"max":0.000003099,"avg":0.000000119,"var":0.000000000,"sum":0.003356695},"relative_timestamp_from_iforward_start":{"num":28268,"min":0.000008345,"max":0.001016140,"avg":0.000180385,"var":0.001447061,"sum":5.099130630}},"iforward_wait":{"duration":{"num":28268,"min":0.000007391,"max":0.001015902,"avg":0.000179197,"var":0.001446955,"sum":5.065533876},"relative_timestamp_from_iforward_end":{"num":28268,"min":0.000000000,"max":0.000002146,"avg":0.000000182,"var":0.000000000,"sum":0.005158663}},"set_input":{"duration":{"num":28268,"min":0.000000000,"max":0.000002861,"avg":0.000000077,"var":0.000000000,"sum":0.002185345},"relative_timestamp_from_iforward_start":{"num":28268,"min":0.000000477,"max":0.000014067,"avg":0.000000701,"var":0.000000001,"sum":0.019824028}},"get_output":{"duration":{"num":28268,"min":0.000000000,"max":0.000001192,"avg":0.000000091,"var":0.000000000,"sum":0.002569199},"relative_timestamp_from_wait_end":{"num":28268,"min":0.000000000,"max":0.000002861,"avg":0.000000162,"var":0.000000001,"sum":0.004579782}}}}}}}