{"address":"","progress_loop":{"progress_with_timeout":{"num":40376,"min":0.000001431,"max":0.101228952,"avg":0.000130754,"var":0.026333096,"sum":5.279327393},"progress_timeout_value_msec":{"num":40376,"min":100.000000000,"max":100.000000000,"avg":100.000000000,"var":0.000000000,"sum":4037600.000000000},"progress_without_timeout":{"num":0,"min":0.000000000,"max":0.000000000,"avg":0.000000000,"var":0.000000000,"sum":0.000000000},"trigger":{"num":40345,"min":0.000000238,"max":0.000009060,"avg":0.000000288,"var":0.000000001,"sum":0.011626482}},"rpcs":{"65535:65535:7940397281847607295:2":{"rpc_id":7940397281847607295,"provider_id":2,"parent_rpc_id":65535,"parent_provider_id":65535,"name":"__identity__","origin":{"sent to ofi+cxi://0x06a6000d":{"iforward":{"duration":{"num":1,"min":0.000245571,"max":0.000245571,"avg":0.000245571,"var":0.000000000,"sum":0.000245571},"relative_timestamp_from_create":{"num":1,"min":0.000019312,"max":0.000019312,"avg":0.000019312,"var":0.000000000,"sum":0.000019312}},"forward_cb":{"duration":{"num":1,"min":0.000002384,"max":0.000002384,"avg":0.000002384,"var":0.000000000,"sum":0.000002384},"relative_timestamp_from_iforward_start":{"num":1,"min":0.014473677,"max":0.014473677,"avg":0.014473677,"var":0.000000000,"sum":0.014473677}},"iforward_wait":{"duration":{"num":1,"min":0.014236450,"max":0.014236450,"avg":0.014236450,"var":0.000000000,"sum":0.014236450},"relative_timestamp_from_iforward_end":{"num":1,"min":0.000000238,"max":0.000000238,"avg":0.000000238,"var":0.000000000,"sum":0.000000238}},"set_input":{"duration":{"num":0,"min":0.000000000,"max":0.000000000,"avg":0.000000000,"var":0.000000000,"sum":0.000000000},"relative_timestamp_from_iforward_start":{"num":0,"min":0.000000000,"max":0.000000000,"avg":0.000000000,"var":0.000000000,"sum":0.000000000}},"get_output":{"duration":{"num":1,"min":0.000016928,"max":0.000016928,"avg":0.000016928,"var":0.000000000,"sum":0.000016928},"relative_timestamp_from_wait_end":{"num":1,"min":0.000001669,"max":0.000001669,"avg":0.000001669,"var":0.000000000,"sum":0.000001669}}}}},"65535:65535:9722976651498815487:2":{"rpc_id":9722976651498815487,"provider_id":2,"parent_rpc_id":65535,"parent_provider_id":65535,"name":"flock_get_view","origin":{"sent to ofi+cxi://0x06a6000d":{"iforward":{"duration":{"num":2,"min":0.000017881,"max":0.000043392,"avg":0.000030637,"var":0.000000000,"sum":0.000061274},"relative_timestamp_from_create":{"num":2,"min":0.000000477,"max":0.000001431,"avg":0.000000954,"var":0.000000000,"sum":0.000001907}},"forward_cb":{"duration":{"num":2,"min":0.000000954,"max":0.000000954,"avg":0.000000954,"var":0.000000000,"sum":0.000001907},"relative_timestamp_from_iforward_start":{"num":2,"min":0.077151537,"max":0.098186255,"avg":0.087668896,"var":0.000221230,"sum":0.175337791}},"iforward_wait":{"duration":{"num":2,"min":0.077110052,"max":0.098172426,"avg":0.087641239,"var":0.000221812,"sum":0.175282478},"relative_timestamp_from_iforward_end":{"num":2,"min":0.000000238,"max":0.000001431,"avg":0.000000834,"var":0.000000000,"sum":0.000001669}},"set_input":{"duration":{"num":2,"min":0.000000000,"max":0.000000238,"avg":0.000000119,"var":0.000000000,"sum":0.000000238},"relative_timestamp_from_iforward_start":{"num":2,"min":0.000006199,"max":0.000015497,"avg":0.000010848,"var":0.000000000,"sum":0.000021696}},"get_output":{"duration":{"num":2,"min":0.000001669,"max":0.000061750,"avg":0.000031710,"var":0.000000002,"sum":0.000063419},"relative_timestamp_from_wait_end":{"num":2,"min":0.000000954,"max":0.000002146,"avg":0.000001550,"var":0.000000000,"sum":0.000003099}}}}},"65535:65535:3669993900245843967:1":{"rpc_id":3669993900245843967,"provider_id":1,"parent_rpc_id":65535,"parent_provider_id":65535,"name":"qtn_work_rpc","origin":{"sent to ofi+cxi://0x06a6420e":{"iforward":{"duration":{"num":40341,"min":0.000001431,"max":0.000043392,"avg":0.000001626,"var":0.000000008,"sum":0.065606833},"relative_timestamp_from_create":{"num":40341,"min":0.000000000,"max":0.000002861,"avg":0.000000073,"var":0.000000000,"sum":0.002943754}},"forward_cb":{"duration":{"num":40341,"min":0.000000000,"max":0.000008821,"avg":0.000000134,"var":0.000000001,"sum":0.005388021},"relative_timestamp_from_iforward_start":{"num":40341,"min":0.000008345,"max":0.000601292,"avg":0.000125920,"var":0.000447375,"sum":5.079732895}},"iforward_wait":{"duration":{"num":40341,"min":0.000004292,"max":0.000599861,"avg":0.000124689,"var":0.000447440,"sum":5.030073166},"relative_timestamp_from_iforward_end":{"num":40341,"min":0.000000000,"max":0.000005007,"avg":0.000000179,"var":0.000000000,"sum":0.007205963}},"set_input":{"duration":{"num":40341,"min":0.000000000,"max":0.000008106,"avg":0.000000079,"var":0.000000001,"sum":0.003168106},"relative_timestamp_from_iforward_start":{"num":40341,"min":0.000000477,"max":0.000010014,"avg":0.000000699,"var":0.000000001,"sum":0.028187752}},"get_output":{"duration":{"num":40341,"min":0.000000000,"max":0.000013113,"avg":0.000000091,"var":0.000000001,"sum":0.003665447},"relative_timestamp_from_wait_end":{"num":40341,"min":0.000000000,"max":0.000007391,"avg":0.000000159,"var":0.000000001,"sum":0.006398439}}}}}}}