{"address":"","progress_loop":{"progress_with_timeout":{"num":1740,"min":0.000002146,"max":0.101177931,"avg":0.006995622,"var":0.071431613,"sum":12.172381639},"progress_timeout_value_msec":{"num":1740,"min":100.000000000,"max":100.000000000,"avg":100.000000000,"var":0.000000000,"sum":174000.000000000},"progress_without_timeout":{"num":0,"min":0.000000000,"max":0.000000000,"avg":0.000000000,"var":0.000000000,"sum":0.000000000},"trigger":{"num":1727,"min":0.000000238,"max":0.000010014,"avg":0.000000359,"var":0.000000000,"sum":0.000619411}},"rpcs":{"65535:65535:7940397281847607295:2":{"rpc_id":7940397281847607295,"provider_id":2,"parent_rpc_id":65535,"parent_provider_id":65535,"name":"__identity__","origin":{"sent to ofi+cxi://0x06a6000d":{"iforward":{"duration":{"num":1,"min":0.000089884,"max":0.000089884,"avg":0.000089884,"var":0.000000000,"sum":0.000089884},"relative_timestamp_from_create":{"num":1,"min":0.000003338,"max":0.000003338,"avg":0.000003338,"var":0.000000000,"sum":0.000003338}},"forward_cb":{"duration":{"num":1,"min":0.000001431,"max":0.000001431,"avg":0.000001431,"var":0.000000000,"sum":0.000001431},"relative_timestamp_from_iforward_start":{"num":1,"min":0.024347067,"max":0.024347067,"avg":0.024347067,"var":0.000000000,"sum":0.024347067}},"iforward_wait":{"duration":{"num":1,"min":0.024262667,"max":0.024262667,"avg":0.024262667,"var":0.000000000,"sum":0.024262667},"relative_timestamp_from_iforward_end":{"num":1,"min":0.000000238,"max":0.000000238,"avg":0.000000238,"var":0.000000000,"sum":0.000000238}},"set_input":{"duration":{"num":0,"min":0.000000000,"max":0.000000000,"avg":0.000000000,"var":0.000000000,"sum":0.000000000},"relative_timestamp_from_iforward_start":{"num":0,"min":0.000000000,"max":0.000000000,"avg":0.000000000,"var":0.000000000,"sum":0.000000000}},"get_output":{"duration":{"num":1,"min":0.000012159,"max":0.000012159,"avg":0.000012159,"var":0.000000000,"sum":0.000012159},"relative_timestamp_from_wait_end":{"num":1,"min":0.000000954,"max":0.000000954,"avg":0.000000954,"var":0.000000000,"sum":0.000000954}}}}},"65535:65535:9722976651498815487:2":{"rpc_id":9722976651498815487,"provider_id":2,"parent_rpc_id":65535,"parent_provider_id":65535,"name":"flock_get_view","origin":{"sent to ofi+cxi://0x06a6000d":{"iforward":{"duration":{"num":2,"min":0.000023603,"max":0.000027180,"avg":0.000025392,"var":0.000000000,"sum":0.000050783},"relative_timestamp_from_create":{"num":2,"min":0.000000715,"max":0.000001192,"avg":0.000000954,"var":0.000000000,"sum":0.000001907}},"forward_cb":{"duration":{"num":2,"min":0.000000954,"max":0.000001431,"avg":0.000001192,"var":0.000000000,"sum":0.000002384},"relative_timestamp_from_iforward_start":{"num":2,"min":0.042248249,"max":0.099131107,"avg":0.070689678,"var":0.001617830,"sum":0.141379356}},"iforward_wait":{"duration":{"num":2,"min":0.042229414,"max":0.099105835,"avg":0.070667624,"var":0.001617464,"sum":0.141335249},"relative_timestamp_from_iforward_end":{"num":2,"min":0.000000238,"max":0.000001192,"avg":0.000000715,"var":0.000000000,"sum":0.000001431}},"set_input":{"duration":{"num":2,"min":0.000000238,"max":0.000000238,"avg":0.000000238,"var":0.000000000,"sum":0.000000477},"relative_timestamp_from_iforward_start":{"num":2,"min":0.000006199,"max":0.000008583,"avg":0.000007391,"var":0.000000000,"sum":0.000014782}},"get_output":{"duration":{"num":2,"min":0.000001192,"max":0.000048399,"avg":0.000024796,"var":0.000000001,"sum":0.000049591},"relative_timestamp_from_wait_end":{"num":2,"min":0.000001907,"max":0.000002146,"avg":0.000002027,"var":0.000000000,"sum":0.000004053}}}}},"65535:65535:3669993900245843967:1":{"rpc_id":3669993900245843967,"provider_id":1,"parent_rpc_id":65535,"parent_provider_id":65535,"name":"qtn_work_rpc","origin":{"sent to ofi+cxi://0x06a7c014":{"iforward":{"duration":{"num":1723,"min":0.000001431,"max":0.001557589,"avg":0.000004011,"var":0.000003667,"sum":0.006910801},"relative_timestamp_from_create":{"num":1723,"min":0.000002384,"max":0.001423120,"avg":0.000004598,"var":0.000002865,"sum":0.007921934}},"forward_cb":{"duration":{"num":1723,"min":0.000000000,"max":0.000001431,"avg":0.000000167,"var":0.000000000,"sum":0.000287771},"relative_timestamp_from_iforward_start":{"num":1723,"min":0.000200272,"max":0.035626173,"avg":0.006914584,"var":0.051986369,"sum":11.913828850}},"iforward_wait":{"duration":{"num":1723,"min":0.000199080,"max":0.035623789,"avg":0.006911080,"var":0.051970984,"sum":11.907790661},"relative_timestamp_from_iforward_end":{"num":1723,"min":0.000000000,"max":0.000000477,"avg":0.000000233,"var":0.000000000,"sum":0.000400782}},"set_input":{"duration":{"num":1723,"min":0.000000000,"max":0.000005245,"avg":0.000000259,"var":0.000000000,"sum":0.000445604},"relative_timestamp_from_iforward_start":{"num":1723,"min":0.000000477,"max":0.001555920,"avg":0.000002513,"var":0.000003652,"sum":0.004330635}},"get_output":{"duration":{"num":1723,"min":0.000000000,"max":0.000000477,"avg":0.000000105,"var":0.000000000,"sum":0.000180244},"relative_timestamp_from_wait_end":{"num":1723,"min":0.000000000,"max":0.000002146,"avg":0.000000182,"var":0.000000000,"sum":0.000313997}}}}},"65535:65535:65535:65535":{"rpc_id":65535,"provider_id":65535,"parent_rpc_id":65535,"parent_provider_id":65535,"name":"","target":{"received from <unknown>":{"bulk":{"create":{"duration":{"num":1723,"min":0.000002384,"max":0.001418591,"avg":0.000004366,"var":0.000002853,"sum":0.007522583},"size":{"num":1723,"min":4194304.000000000,"max":4194304.000000000,"avg":4194304.000000000,"var":0.000000000,"sum":7226785792.000000000}}}}}}}}