{"address":"","progress_loop":{"progress_with_timeout":{"num":31307,"min":0.000000954,"max":0.102318764,"avg":0.000171809,"var":0.025946705,"sum":5.378834009},"progress_timeout_value_msec":{"num":31307,"min":100.000000000,"max":100.000000000,"avg":100.000000000,"var":0.000000000,"sum":3130700.000000000},"progress_without_timeout":{"num":0,"min":0.000000000,"max":0.000000000,"avg":0.000000000,"var":0.000000000,"sum":0.000000000},"trigger":{"num":31222,"min":0.000000238,"max":0.000008345,"avg":0.000000276,"var":0.000000000,"sum":0.008616686}},"rpcs":{"65535:65535:7940397281847607295:2":{"rpc_id":7940397281847607295,"provider_id":2,"parent_rpc_id":65535,"parent_provider_id":65535,"name":"__identity__","origin":{"sent to ofi+cxi://0x06a6000d":{"iforward":{"duration":{"num":1,"min":0.000082254,"max":0.000082254,"avg":0.000082254,"var":0.000000000,"sum":0.000082254},"relative_timestamp_from_create":{"num":1,"min":0.000003338,"max":0.000003338,"avg":0.000003338,"var":0.000000000,"sum":0.000003338}},"forward_cb":{"duration":{"num":1,"min":0.000002146,"max":0.000002146,"avg":0.000002146,"var":0.000000000,"sum":0.000002146},"relative_timestamp_from_iforward_start":{"num":1,"min":0.025687456,"max":0.025687456,"avg":0.025687456,"var":0.000000000,"sum":0.025687456}},"iforward_wait":{"duration":{"num":1,"min":0.025614023,"max":0.025614023,"avg":0.025614023,"var":0.000000000,"sum":0.025614023},"relative_timestamp_from_iforward_end":{"num":1,"min":0.000000000,"max":0.000000000,"avg":0.000000000,"var":0.000000000,"sum":0.000000000}},"set_input":{"duration":{"num":0,"min":0.000000000,"max":0.000000000,"avg":0.000000000,"var":0.000000000,"sum":0.000000000},"relative_timestamp_from_iforward_start":{"num":0,"min":0.000000000,"max":0.000000000,"avg":0.000000000,"var":0.000000000,"sum":0.000000000}},"get_output":{"duration":{"num":1,"min":0.000015736,"max":0.000015736,"avg":0.000015736,"var":0.000000000,"sum":0.000015736},"relative_timestamp_from_wait_end":{"num":1,"min":0.000001669,"max":0.000001669,"avg":0.000001669,"var":0.000000000,"sum":0.000001669}}}}},"65535:65535:9722976651498815487:2":{"rpc_id":9722976651498815487,"provider_id":2,"parent_rpc_id":65535,"parent_provider_id":65535,"name":"flock_get_view","origin":{"sent to ofi+cxi://0x06a6000d":{"iforward":{"duration":{"num":2,"min":0.000018597,"max":0.000041962,"avg":0.000030279,"var":0.000000000,"sum":0.000060558},"relative_timestamp_from_create":{"num":2,"min":0.000000715,"max":0.000001907,"avg":0.000001311,"var":0.000000000,"sum":0.000002623}},"forward_cb":{"duration":{"num":2,"min":0.000000238,"max":0.000000954,"avg":0.000000596,"var":0.000000000,"sum":0.000001192},"relative_timestamp_from_iforward_start":{"num":2,"min":0.072425127,"max":0.097103596,"avg":0.084764361,"var":0.000304513,"sum":0.169528723}},"iforward_wait":{"duration":{"num":2,"min":0.072407007,"max":0.097062826,"avg":0.084734917,"var":0.000303955,"sum":0.169469833},"relative_timestamp_from_iforward_end":{"num":2,"min":0.000000477,"max":0.000001669,"avg":0.000001073,"var":0.000000000,"sum":0.000002146}},"set_input":{"duration":{"num":2,"min":0.000000238,"max":0.000000238,"avg":0.000000238,"var":0.000000000,"sum":0.000000477},"relative_timestamp_from_iforward_start":{"num":2,"min":0.000005960,"max":0.000012159,"avg":0.000009060,"var":0.000000000,"sum":0.000018120}},"get_output":{"duration":{"num":2,"min":0.000000238,"max":0.000053167,"avg":0.000026703,"var":0.000000001,"sum":0.000053406},"relative_timestamp_from_wait_end":{"num":2,"min":0.000000477,"max":0.000002146,"avg":0.000001311,"var":0.000000000,"sum":0.000002623}}}}},"65535:65535:3669993900245843967:1":{"rpc_id":3669993900245843967,"provider_id":1,"parent_rpc_id":65535,"parent_provider_id":65535,"name":"qtn_work_rpc","origin":{"sent to ofi+cxi://0x06a76213":{"iforward":{"duration":{"num":31218,"min":0.000001192,"max":0.000036478,"avg":0.000001535,"var":0.000000005,"sum":0.047928095},"relative_timestamp_from_create":{"num":31218,"min":0.000000000,"max":0.000004053,"avg":0.000000074,"var":0.000000000,"sum":0.002314806}},"forward_cb":{"duration":{"num":31218,"min":0.000000000,"max":0.000001431,"avg":0.000000126,"var":0.000000000,"sum":0.003943920},"relative_timestamp_from_iforward_start":{"num":31218,"min":0.000008583,"max":0.000687361,"avg":0.000164879,"var":0.000291319,"sum":5.147179365}},"iforward_wait":{"duration":{"num":31218,"min":0.000007391,"max":0.000686169,"avg":0.000163714,"var":0.000291247,"sum":5.110820532},"relative_timestamp_from_iforward_end":{"num":31218,"min":0.000000000,"max":0.000002146,"avg":0.000000182,"var":0.000000000,"sum":0.005688190}},"set_input":{"duration":{"num":31218,"min":0.000000000,"max":0.000001669,"avg":0.000000084,"var":0.000000000,"sum":0.002624035},"relative_timestamp_from_iforward_start":{"num":31218,"min":0.000000477,"max":0.000006676,"avg":0.000000686,"var":0.000000000,"sum":0.021427631}},"get_output":{"duration":{"num":31218,"min":0.000000000,"max":0.000002146,"avg":0.000000090,"var":0.000000000,"sum":0.002806664},"relative_timestamp_from_wait_end":{"num":31218,"min":0.000000000,"max":0.000002861,"avg":0.000000156,"var":0.000000001,"sum":0.004860878}}}}}}}