{"address":"","progress_loop":{"progress_with_timeout":{"num":1718,"min":0.000002384,"max":0.101208210,"avg":0.007101884,"var":0.041942579,"sum":12.201037407},"progress_timeout_value_msec":{"num":1718,"min":100.000000000,"max":100.000000000,"avg":100.000000000,"var":0.000000000,"sum":171800.000000000},"progress_without_timeout":{"num":0,"min":0.000000000,"max":0.000000000,"avg":0.000000000,"var":0.000000000,"sum":0.000000000},"trigger":{"num":1713,"min":0.000000238,"max":0.000008583,"avg":0.000000299,"var":0.000000000,"sum":0.000511408}},"rpcs":{"65535:65535:7940397281847607295:2":{"rpc_id":7940397281847607295,"provider_id":2,"parent_rpc_id":65535,"parent_provider_id":65535,"name":"__identity__","origin":{"sent to ofi+cxi://0x06a6000d":{"iforward":{"duration":{"num":1,"min":0.000116587,"max":0.000116587,"avg":0.000116587,"var":0.000000000,"sum":0.000116587},"relative_timestamp_from_create":{"num":1,"min":0.000004053,"max":0.000004053,"avg":0.000004053,"var":0.000000000,"sum":0.000004053}},"forward_cb":{"duration":{"num":1,"min":0.000001907,"max":0.000001907,"avg":0.000001907,"var":0.000000000,"sum":0.000001907},"relative_timestamp_from_iforward_start":{"num":1,"min":0.013340712,"max":0.013340712,"avg":0.013340712,"var":0.000000000,"sum":0.013340712}},"iforward_wait":{"duration":{"num":1,"min":0.013231516,"max":0.013231516,"avg":0.013231516,"var":0.000000000,"sum":0.013231516},"relative_timestamp_from_iforward_end":{"num":1,"min":0.000000238,"max":0.000000238,"avg":0.000000238,"var":0.000000000,"sum":0.000000238}},"set_input":{"duration":{"num":0,"min":0.000000000,"max":0.000000000,"avg":0.000000000,"var":0.000000000,"sum":0.000000000},"relative_timestamp_from_iforward_start":{"num":0,"min":0.000000000,"max":0.000000000,"avg":0.000000000,"var":0.000000000,"sum":0.000000000}},"get_output":{"duration":{"num":1,"min":0.000015020,"max":0.000015020,"avg":0.000015020,"var":0.000000000,"sum":0.000015020},"relative_timestamp_from_wait_end":{"num":1,"min":0.000001431,"max":0.000001431,"avg":0.000001431,"var":0.000000000,"sum":0.000001431}}}}},"65535:65535:9722976651498815487:2":{"rpc_id":9722976651498815487,"provider_id":2,"parent_rpc_id":65535,"parent_provider_id":65535,"name":"flock_get_view","origin":{"sent to ofi+cxi://0x06a6000d":{"iforward":{"duration":{"num":2,"min":0.000018597,"max":0.000035763,"avg":0.000027180,"var":0.000000000,"sum":0.000054359},"relative_timestamp_from_create":{"num":2,"min":0.000000715,"max":0.000001431,"avg":0.000001073,"var":0.000000000,"sum":0.000002146}},"forward_cb":{"duration":{"num":2,"min":0.000000238,"max":0.000000715,"avg":0.000000477,"var":0.000000000,"sum":0.000000954},"relative_timestamp_from_iforward_start":{"num":2,"min":0.052503109,"max":0.082730055,"avg":0.067616582,"var":0.000456834,"sum":0.135233164}},"iforward_wait":{"duration":{"num":2,"min":0.052469015,"max":0.082711935,"avg":0.067590475,"var":0.000457317,"sum":0.135180950},"relative_timestamp_from_iforward_end":{"num":2,"min":0.000000477,"max":0.000001431,"avg":0.000000954,"var":0.000000000,"sum":0.000001907}},"set_input":{"duration":{"num":2,"min":0.000000238,"max":0.000000238,"avg":0.000000238,"var":0.000000000,"sum":0.000000477},"relative_timestamp_from_iforward_start":{"num":2,"min":0.000005960,"max":0.000010252,"avg":0.000008106,"var":0.000000000,"sum":0.000016212}},"get_output":{"duration":{"num":2,"min":0.000000477,"max":0.000063181,"avg":0.000031829,"var":0.000000002,"sum":0.000063658},"relative_timestamp_from_wait_end":{"num":2,"min":0.000000238,"max":0.000002146,"avg":0.000001192,"var":0.000000000,"sum":0.000002384}}}}},"65535:65535:3669993900245843967:1":{"rpc_id":3669993900245843967,"provider_id":1,"parent_rpc_id":65535,"parent_provider_id":65535,"name":"qtn_work_rpc","origin":{"sent to ofi+cxi://0x06a7e613":{"iforward":{"duration":{"num":1709,"min":0.000001431,"max":0.000034094,"avg":0.000001750,"var":0.000000004,"sum":0.002991438},"relative_timestamp_from_create":{"num":1709,"min":0.000002384,"max":0.001594067,"avg":0.000003727,"var":0.000002531,"sum":0.006368637}},"forward_cb":{"duration":{"num":1709,"min":0.000000000,"max":0.000001431,"avg":0.000000134,"var":0.000000000,"sum":0.000228643},"relative_timestamp_from_iforward_start":{"num":1709,"min":0.000395775,"max":0.032285213,"avg":0.006995605,"var":0.025002877,"sum":11.955488920}},"iforward_wait":{"duration":{"num":1709,"min":0.000394821,"max":0.032284021,"avg":0.006994260,"var":0.025004983,"sum":11.953190088},"relative_timestamp_from_iforward_end":{"num":1709,"min":0.000000000,"max":0.000000715,"avg":0.000000201,"var":0.000000000,"sum":0.000343561}},"set_input":{"duration":{"num":1709,"min":0.000000000,"max":0.000004292,"avg":0.000000123,"var":0.000000000,"sum":0.000210762},"relative_timestamp_from_iforward_start":{"num":1709,"min":0.000000477,"max":0.000007629,"avg":0.000000704,"var":0.000000000,"sum":0.001202583}},"get_output":{"duration":{"num":1709,"min":0.000000000,"max":0.000000477,"avg":0.000000086,"var":0.000000000,"sum":0.000146627},"relative_timestamp_from_wait_end":{"num":1709,"min":0.000000000,"max":0.000001192,"avg":0.000000160,"var":0.000000000,"sum":0.000274181}}}}},"65535:65535:65535:65535":{"rpc_id":65535,"provider_id":65535,"parent_rpc_id":65535,"parent_provider_id":65535,"name":"","target":{"received from <unknown>":{"bulk":{"create":{"duration":{"num":1709,"min":0.000002146,"max":0.001589537,"avg":0.000003521,"var":0.000002517,"sum":0.006018162},"size":{"num":1709,"min":4194304.000000000,"max":4194304.000000000,"avg":4194304.000000000,"var":0.000000000,"sum":7168065536.000000000}}}}}}}}