{"address":"","progress_loop":{"progress_with_timeout":{"num":34132,"min":0.000000954,"max":0.103307724,"avg":0.000156168,"var":0.025592578,"sum":5.330342531},"progress_timeout_value_msec":{"num":34132,"min":100.000000000,"max":100.000000000,"avg":100.000000000,"var":0.000000000,"sum":3413200.000000000},"progress_without_timeout":{"num":0,"min":0.000000000,"max":0.000000000,"avg":0.000000000,"var":0.000000000,"sum":0.000000000},"trigger":{"num":34041,"min":0.000000238,"max":0.000008821,"avg":0.000000269,"var":0.000000001,"sum":0.009162188}},"rpcs":{"65535:65535:7940397281847607295:2":{"rpc_id":7940397281847607295,"provider_id":2,"parent_rpc_id":65535,"parent_provider_id":65535,"name":"__identity__","origin":{"sent to ofi+cxi://0x06a6000d":{"iforward":{"duration":{"num":1,"min":0.002141953,"max":0.002141953,"avg":0.002141953,"var":0.000000000,"sum":0.002141953},"relative_timestamp_from_create":{"num":1,"min":0.000010014,"max":0.000010014,"avg":0.000010014,"var":0.000000000,"sum":0.000010014}},"forward_cb":{"duration":{"num":1,"min":0.000002623,"max":0.000002623,"avg":0.000002623,"var":0.000000000,"sum":0.000002623},"relative_timestamp_from_iforward_start":{"num":1,"min":0.054480553,"max":0.054480553,"avg":0.054480553,"var":0.000000000,"sum":0.054480553}},"iforward_wait":{"duration":{"num":1,"min":0.052347422,"max":0.052347422,"avg":0.052347422,"var":0.000000000,"sum":0.052347422},"relative_timestamp_from_iforward_end":{"num":1,"min":0.000000715,"max":0.000000715,"avg":0.000000715,"var":0.000000000,"sum":0.000000715}},"set_input":{"duration":{"num":0,"min":0.000000000,"max":0.000000000,"avg":0.000000000,"var":0.000000000,"sum":0.000000000},"relative_timestamp_from_iforward_start":{"num":0,"min":0.000000000,"max":0.000000000,"avg":0.000000000,"var":0.000000000,"sum":0.000000000}},"get_output":{"duration":{"num":1,"min":0.000016212,"max":0.000016212,"avg":0.000016212,"var":0.000000000,"sum":0.000016212},"relative_timestamp_from_wait_end":{"num":1,"min":0.000001669,"max":0.000001669,"avg":0.000001669,"var":0.000000000,"sum":0.000001669}}}}},"65535:65535:9722976651498815487:2":{"rpc_id":9722976651498815487,"provider_id":2,"parent_rpc_id":65535,"parent_provider_id":65535,"name":"flock_get_view","origin":{"sent to ofi+cxi://0x06a6000d":{"iforward":{"duration":{"num":2,"min":0.000018835,"max":0.000041246,"avg":0.000030041,"var":0.000000000,"sum":0.000060081},"relative_timestamp_from_create":{"num":2,"min":0.000000715,"max":0.000002384,"avg":0.000001550,"var":0.000000000,"sum":0.000003099}},"forward_cb":{"duration":{"num":2,"min":0.000000954,"max":0.000001431,"avg":0.000001192,"var":0.000000000,"sum":0.000002384},"relative_timestamp_from_iforward_start":{"num":2,"min":0.033152580,"max":0.120160580,"avg":0.076656580,"var":0.003785196,"sum":0.153313160}},"iforward_wait":{"duration":{"num":2,"min":0.033138752,"max":0.120121479,"avg":0.076630116,"var":0.003782997,"sum":0.153260231},"relative_timestamp_from_iforward_end":{"num":2,"min":0.000000238,"max":0.000001192,"avg":0.000000715,"var":0.000000000,"sum":0.000001431}},"set_input":{"duration":{"num":2,"min":0.000000238,"max":0.000000238,"avg":0.000000238,"var":0.000000000,"sum":0.000000477},"relative_timestamp_from_iforward_start":{"num":2,"min":0.000006199,"max":0.000012636,"avg":0.000009418,"var":0.000000000,"sum":0.000018835}},"get_output":{"duration":{"num":2,"min":0.000001431,"max":0.000057697,"avg":0.000029564,"var":0.000000002,"sum":0.000059128},"relative_timestamp_from_wait_end":{"num":2,"min":0.000001669,"max":0.000002384,"avg":0.000002027,"var":0.000000000,"sum":0.000004053}}}}},"65535:65535:3669993900245843967:1":{"rpc_id":3669993900245843967,"provider_id":1,"parent_rpc_id":65535,"parent_provider_id":65535,"name":"qtn_work_rpc","origin":{"sent to ofi+cxi://0x06a68017":{"iforward":{"duration":{"num":34037,"min":0.000001431,"max":0.000049114,"avg":0.000001600,"var":0.000000007,"sum":0.054468155},"relative_timestamp_from_create":{"num":34037,"min":0.000000000,"max":0.000002146,"avg":0.000000073,"var":0.000000000,"sum":0.002494097}},"forward_cb":{"duration":{"num":34037,"min":0.000000000,"max":0.000004768,"avg":0.000000118,"var":0.000000001,"sum":0.004006863},"relative_timestamp_from_iforward_start":{"num":34037,"min":0.000008583,"max":0.000810385,"avg":0.000149693,"var":0.000532287,"sum":5.095097303}},"iforward_wait":{"duration":{"num":34037,"min":0.000007153,"max":0.000809908,"avg":0.000148472,"var":0.000532163,"sum":5.053537846},"relative_timestamp_from_iforward_end":{"num":34037,"min":0.000000000,"max":0.000001431,"avg":0.000000179,"var":0.000000000,"sum":0.006088495}},"set_input":{"duration":{"num":34037,"min":0.000000000,"max":0.000002146,"avg":0.000000075,"var":0.000000000,"sum":0.002554417},"relative_timestamp_from_iforward_start":{"num":34037,"min":0.000000477,"max":0.000013113,"avg":0.000000709,"var":0.000000000,"sum":0.024117708}},"get_output":{"duration":{"num":34037,"min":0.000000000,"max":0.000001192,"avg":0.000000088,"var":0.000000000,"sum":0.002992630},"relative_timestamp_from_wait_end":{"num":34037,"min":0.000000000,"max":0.000003099,"avg":0.000000162,"var":0.000000001,"sum":0.005527496}}}}}}}