{"address":"","progress_loop":{"progress_with_timeout":{"num":22573,"min":0.000001431,"max":0.101201057,"avg":0.000239735,"var":0.026961554,"sum":5.411538601},"progress_timeout_value_msec":{"num":22573,"min":100.000000000,"max":100.000000000,"avg":100.000000000,"var":0.000000000,"sum":2257300.000000000},"progress_without_timeout":{"num":0,"min":0.000000000,"max":0.000000000,"avg":0.000000000,"var":0.000000000,"sum":0.000000000},"trigger":{"num":22433,"min":0.000000238,"max":0.000009060,"avg":0.000000283,"var":0.000000001,"sum":0.006347656}},"rpcs":{"65535:65535:7940397281847607295:2":{"rpc_id":7940397281847607295,"provider_id":2,"parent_rpc_id":65535,"parent_provider_id":65535,"name":"__identity__","origin":{"sent to ofi+cxi://0x06a6000d":{"iforward":{"duration":{"num":1,"min":0.000114679,"max":0.000114679,"avg":0.000114679,"var":0.000000000,"sum":0.000114679},"relative_timestamp_from_create":{"num":1,"min":0.000009775,"max":0.000009775,"avg":0.000009775,"var":0.000000000,"sum":0.000009775}},"forward_cb":{"duration":{"num":1,"min":0.000001907,"max":0.000001907,"avg":0.000001907,"var":0.000000000,"sum":0.000001907},"relative_timestamp_from_iforward_start":{"num":1,"min":0.008411884,"max":0.008411884,"avg":0.008411884,"var":0.000000000,"sum":0.008411884}},"iforward_wait":{"duration":{"num":1,"min":0.008305073,"max":0.008305073,"avg":0.008305073,"var":0.000000000,"sum":0.008305073},"relative_timestamp_from_iforward_end":{"num":1,"min":0.000000238,"max":0.000000238,"avg":0.000000238,"var":0.000000000,"sum":0.000000238}},"set_input":{"duration":{"num":0,"min":0.000000000,"max":0.000000000,"avg":0.000000000,"var":0.000000000,"sum":0.000000000},"relative_timestamp_from_iforward_start":{"num":0,"min":0.000000000,"max":0.000000000,"avg":0.000000000,"var":0.000000000,"sum":0.000000000}},"get_output":{"duration":{"num":1,"min":0.000010729,"max":0.000010729,"avg":0.000010729,"var":0.000000000,"sum":0.000010729},"relative_timestamp_from_wait_end":{"num":1,"min":0.000001192,"max":0.000001192,"avg":0.000001192,"var":0.000000000,"sum":0.000001192}}}}},"65535:65535:9722976651498815487:2":{"rpc_id":9722976651498815487,"provider_id":2,"parent_rpc_id":65535,"parent_provider_id":65535,"name":"flock_get_view","origin":{"sent to ofi+cxi://0x06a6000d":{"iforward":{"duration":{"num":2,"min":0.000019312,"max":0.000039101,"avg":0.000029206,"var":0.000000000,"sum":0.000058413},"relative_timestamp_from_create":{"num":2,"min":0.000000715,"max":0.000002384,"avg":0.000001550,"var":0.000000000,"sum":0.000003099}},"forward_cb":{"duration":{"num":2,"min":0.000000715,"max":0.000001669,"avg":0.000001192,"var":0.000000000,"sum":0.000002384},"relative_timestamp_from_iforward_start":{"num":2,"min":0.064591408,"max":0.114799023,"avg":0.089695215,"var":0.001260402,"sum":0.179390430}},"iforward_wait":{"duration":{"num":2,"min":0.064553738,"max":0.114784241,"avg":0.089668989,"var":0.001261552,"sum":0.179337978},"relative_timestamp_from_iforward_end":{"num":2,"min":0.000000477,"max":0.000001669,"avg":0.000001073,"var":0.000000000,"sum":0.000002146}},"set_input":{"duration":{"num":2,"min":0.000000238,"max":0.000000477,"avg":0.000000358,"var":0.000000000,"sum":0.000000715},"relative_timestamp_from_iforward_start":{"num":2,"min":0.000006437,"max":0.000011683,"avg":0.000009060,"var":0.000000000,"sum":0.000018120}},"get_output":{"duration":{"num":2,"min":0.000001192,"max":0.000055790,"avg":0.000028491,"var":0.000000001,"sum":0.000056982},"relative_timestamp_from_wait_end":{"num":2,"min":0.000001192,"max":0.000002146,"avg":0.000001669,"var":0.000000000,"sum":0.000003338}}}}},"65535:65535:3669993900245843967:1":{"rpc_id":3669993900245843967,"provider_id":1,"parent_rpc_id":65535,"parent_provider_id":65535,"name":"qtn_work_rpc","origin":{"sent to ofi+cxi://0x06a74014":{"iforward":{"duration":{"num":22429,"min":0.000001431,"max":0.000053406,"avg":0.000001580,"var":0.000000007,"sum":0.035437584},"relative_timestamp_from_create":{"num":22429,"min":0.000000000,"max":0.000000954,"avg":0.000000073,"var":0.000000000,"sum":0.001640797}},"forward_cb":{"duration":{"num":22429,"min":0.000000000,"max":0.000001431,"avg":0.000000129,"var":0.000000000,"sum":0.002901316},"relative_timestamp_from_iforward_start":{"num":22429,"min":0.000008345,"max":0.003291368,"avg":0.000230586,"var":0.002435609,"sum":5.171812534}},"iforward_wait":{"duration":{"num":22429,"min":0.000005722,"max":0.003290176,"avg":0.000229405,"var":0.002435493,"sum":5.145327568},"relative_timestamp_from_iforward_end":{"num":22429,"min":0.000000000,"max":0.000003338,"avg":0.000000178,"var":0.000000000,"sum":0.004000902}},"set_input":{"duration":{"num":22429,"min":0.000000000,"max":0.000001907,"avg":0.000000082,"var":0.000000000,"sum":0.001830816},"relative_timestamp_from_iforward_start":{"num":22429,"min":0.000000477,"max":0.000013351,"avg":0.000000695,"var":0.000000000,"sum":0.015588522}},"get_output":{"duration":{"num":22429,"min":0.000000000,"max":0.000001192,"avg":0.000000091,"var":0.000000000,"sum":0.002030849},"relative_timestamp_from_wait_end":{"num":22429,"min":0.000000000,"max":0.000005960,"avg":0.000000161,"var":0.000000000,"sum":0.003606319}}}}}}}