{"address":"","progress_loop":{"progress_with_timeout":{"num":1723,"min":0.000001192,"max":0.104428053,"avg":0.006771747,"var":0.064001307,"sum":11.667720556},"progress_timeout_value_msec":{"num":1723,"min":100.000000000,"max":100.000000000,"avg":100.000000000,"var":0.000000000,"sum":172300.000000000},"progress_without_timeout":{"num":0,"min":0.000000000,"max":0.000000000,"avg":0.000000000,"var":0.000000000,"sum":0.000000000},"trigger":{"num":1717,"min":0.000000238,"max":0.000006437,"avg":0.000000294,"var":0.000000000,"sum":0.000504971}},"rpcs":{"65535:65535:7940397281847607295:2":{"rpc_id":7940397281847607295,"provider_id":2,"parent_rpc_id":65535,"parent_provider_id":65535,"name":"__identity__","origin":{"sent to ofi+cxi://0x06a6000d":{"iforward":{"duration":{"num":1,"min":0.000105381,"max":0.000105381,"avg":0.000105381,"var":0.000000000,"sum":0.000105381},"relative_timestamp_from_create":{"num":1,"min":0.000003815,"max":0.000003815,"avg":0.000003815,"var":0.000000000,"sum":0.000003815}},"forward_cb":{"duration":{"num":1,"min":0.000000954,"max":0.000000954,"avg":0.000000954,"var":0.000000000,"sum":0.000000954},"relative_timestamp_from_iforward_start":{"num":1,"min":0.024472237,"max":0.024472237,"avg":0.024472237,"var":0.000000000,"sum":0.024472237}},"iforward_wait":{"duration":{"num":1,"min":0.024372101,"max":0.024372101,"avg":0.024372101,"var":0.000000000,"sum":0.024372101},"relative_timestamp_from_iforward_end":{"num":1,"min":0.000000477,"max":0.000000477,"avg":0.000000477,"var":0.000000000,"sum":0.000000477}},"set_input":{"duration":{"num":0,"min":0.000000000,"max":0.000000000,"avg":0.000000000,"var":0.000000000,"sum":0.000000000},"relative_timestamp_from_iforward_start":{"num":0,"min":0.000000000,"max":0.000000000,"avg":0.000000000,"var":0.000000000,"sum":0.000000000}},"get_output":{"duration":{"num":1,"min":0.000006676,"max":0.000006676,"avg":0.000006676,"var":0.000000000,"sum":0.000006676},"relative_timestamp_from_wait_end":{"num":1,"min":0.000001192,"max":0.000001192,"avg":0.000001192,"var":0.000000000,"sum":0.000001192}}}}},"65535:65535:9722976651498815487:2":{"rpc_id":9722976651498815487,"provider_id":2,"parent_rpc_id":65535,"parent_provider_id":65535,"name":"flock_get_view","origin":{"sent to ofi+cxi://0x06a6000d":{"iforward":{"duration":{"num":2,"min":0.000012159,"max":0.000018597,"avg":0.000015378,"var":0.000000000,"sum":0.000030756},"relative_timestamp_from_create":{"num":2,"min":0.000000477,"max":0.000002384,"avg":0.000001431,"var":0.000000000,"sum":0.000002861}},"forward_cb":{"duration":{"num":2,"min":0.000000238,"max":0.000000238,"avg":0.000000238,"var":0.000000000,"sum":0.000000477},"relative_timestamp_from_iforward_start":{"num":2,"min":0.041567087,"max":0.099929571,"avg":0.070748329,"var":0.001703090,"sum":0.141496658}},"iforward_wait":{"duration":{"num":2,"min":0.041555643,"max":0.099910498,"avg":0.070733070,"var":0.001702645,"sum":0.141466141},"relative_timestamp_from_iforward_end":{"num":2,"min":0.000000000,"max":0.000001192,"avg":0.000000596,"var":0.000000000,"sum":0.000001192}},"set_input":{"duration":{"num":2,"min":0.000000000,"max":0.000000238,"avg":0.000000119,"var":0.000000000,"sum":0.000000238},"relative_timestamp_from_iforward_start":{"num":2,"min":0.000000954,"max":0.000005007,"avg":0.000002980,"var":0.000000000,"sum":0.000005960}},"get_output":{"duration":{"num":2,"min":0.000000238,"max":0.000059366,"avg":0.000029802,"var":0.000000002,"sum":0.000059605},"relative_timestamp_from_wait_end":{"num":2,"min":0.000000477,"max":0.000000715,"avg":0.000000596,"var":0.000000000,"sum":0.000001192}}}}},"65535:65535:3669993900245843967:1":{"rpc_id":3669993900245843967,"provider_id":1,"parent_rpc_id":65535,"parent_provider_id":65535,"name":"qtn_work_rpc","origin":{"sent to ofi+cxi://0x06a64212":{"iforward":{"duration":{"num":1713,"min":0.000001431,"max":0.000026703,"avg":0.000001829,"var":0.000000003,"sum":0.003132582},"relative_timestamp_from_create":{"num":1713,"min":0.000002384,"max":0.001368046,"avg":0.000003682,"var":0.000001863,"sum":0.006307364}},"forward_cb":{"duration":{"num":1713,"min":0.000000000,"max":0.000001192,"avg":0.000000138,"var":0.000000000,"sum":0.000236750},"relative_timestamp_from_iforward_start":{"num":1713,"min":0.000195742,"max":0.034014225,"avg":0.006656026,"var":0.043977126,"sum":11.401772261}},"iforward_wait":{"duration":{"num":1713,"min":0.000194550,"max":0.034013033,"avg":0.006654550,"var":0.043977638,"sum":11.399244547},"relative_timestamp_from_iforward_end":{"num":1713,"min":0.000000000,"max":0.000005484,"avg":0.000000238,"var":0.000000000,"sum":0.000407219}},"set_input":{"duration":{"num":1713,"min":0.000000000,"max":0.000004530,"avg":0.000000129,"var":0.000000000,"sum":0.000220299},"relative_timestamp_from_iforward_start":{"num":1713,"min":0.000000477,"max":0.000007153,"avg":0.000000717,"var":0.000000000,"sum":0.001228571}},"get_output":{"duration":{"num":1713,"min":0.000000000,"max":0.000000477,"avg":0.000000095,"var":0.000000000,"sum":0.000163555},"relative_timestamp_from_wait_end":{"num":1713,"min":0.000000000,"max":0.000001192,"avg":0.000000155,"var":0.000000000,"sum":0.000265121}}}}},"65535:65535:65535:65535":{"rpc_id":65535,"provider_id":65535,"parent_rpc_id":65535,"parent_provider_id":65535,"name":"","target":{"received from <unknown>":{"bulk":{"create":{"duration":{"num":1713,"min":0.000002384,"max":0.001364231,"avg":0.000003476,"var":0.000001853,"sum":0.005954027},"size":{"num":1713,"min":4194304.000000000,"max":4194304.000000000,"avg":4194304.000000000,"var":0.000000000,"sum":7184842752.000000000}}}}}}}}