{"address":"","progress_loop":{"progress_with_timeout":{"num":1733,"min":0.000001907,"max":0.100288391,"avg":0.006754702,"var":0.020480935,"sum":11.705897808},"progress_timeout_value_msec":{"num":1733,"min":100.000000000,"max":100.000000000,"avg":100.000000000,"var":0.000000000,"sum":173300.000000000},"progress_without_timeout":{"num":0,"min":0.000000000,"max":0.000000000,"avg":0.000000000,"var":0.000000000,"sum":0.000000000},"trigger":{"num":1730,"min":0.000000238,"max":0.000007868,"avg":0.000000291,"var":0.000000000,"sum":0.000503302}},"rpcs":{"65535:65535:7940397281847607295:2":{"rpc_id":7940397281847607295,"provider_id":2,"parent_rpc_id":65535,"parent_provider_id":65535,"name":"__identity__","origin":{"sent to ofi+cxi://0x06a6000d":{"iforward":{"duration":{"num":1,"min":0.000113487,"max":0.000113487,"avg":0.000113487,"var":0.000000000,"sum":0.000113487},"relative_timestamp_from_create":{"num":1,"min":0.000002861,"max":0.000002861,"avg":0.000002861,"var":0.000000000,"sum":0.000002861}},"forward_cb":{"duration":{"num":1,"min":0.000002146,"max":0.000002146,"avg":0.000002146,"var":0.000000000,"sum":0.000002146},"relative_timestamp_from_iforward_start":{"num":1,"min":0.018828630,"max":0.018828630,"avg":0.018828630,"var":0.000000000,"sum":0.018828630}},"iforward_wait":{"duration":{"num":1,"min":0.018722773,"max":0.018722773,"avg":0.018722773,"var":0.000000000,"sum":0.018722773},"relative_timestamp_from_iforward_end":{"num":1,"min":0.000000238,"max":0.000000238,"avg":0.000000238,"var":0.000000000,"sum":0.000000238}},"set_input":{"duration":{"num":0,"min":0.000000000,"max":0.000000000,"avg":0.000000000,"var":0.000000000,"sum":0.000000000},"relative_timestamp_from_iforward_start":{"num":0,"min":0.000000000,"max":0.000000000,"avg":0.000000000,"var":0.000000000,"sum":0.000000000}},"get_output":{"duration":{"num":1,"min":0.000014782,"max":0.000014782,"avg":0.000014782,"var":0.000000000,"sum":0.000014782},"relative_timestamp_from_wait_end":{"num":1,"min":0.000001431,"max":0.000001431,"avg":0.000001431,"var":0.000000000,"sum":0.000001431}}}}},"65535:65535:9722976651498815487:2":{"rpc_id":9722976651498815487,"provider_id":2,"parent_rpc_id":65535,"parent_provider_id":65535,"name":"flock_get_view","origin":{"sent to ofi+cxi://0x06a6000d":{"iforward":{"duration":{"num":2,"min":0.000016689,"max":0.000036478,"avg":0.000026584,"var":0.000000000,"sum":0.000053167},"relative_timestamp_from_create":{"num":2,"min":0.000000477,"max":0.000001431,"avg":0.000000954,"var":0.000000000,"sum":0.000001907}},"forward_cb":{"duration":{"num":2,"min":0.000000954,"max":0.000001431,"avg":0.000001192,"var":0.000000000,"sum":0.000002384},"relative_timestamp_from_iforward_start":{"num":2,"min":0.067838430,"max":0.069150448,"avg":0.068494439,"var":0.000000861,"sum":0.136988878}},"iforward_wait":{"duration":{"num":2,"min":0.067803621,"max":0.069138288,"avg":0.068470955,"var":0.000000891,"sum":0.136941910},"relative_timestamp_from_iforward_end":{"num":2,"min":0.000000238,"max":0.000001192,"avg":0.000000715,"var":0.000000000,"sum":0.000001431}},"set_input":{"duration":{"num":2,"min":0.000000238,"max":0.000000477,"avg":0.000000358,"var":0.000000000,"sum":0.000000715},"relative_timestamp_from_iforward_start":{"num":2,"min":0.000005245,"max":0.000009775,"avg":0.000007510,"var":0.000000000,"sum":0.000015020}},"get_output":{"duration":{"num":2,"min":0.000001431,"max":0.000058889,"avg":0.000030160,"var":0.000000002,"sum":0.000060320},"relative_timestamp_from_wait_end":{"num":2,"min":0.000000954,"max":0.000001907,"avg":0.000001431,"var":0.000000000,"sum":0.000002861}}}}},"65535:65535:3669993900245843967:1":{"rpc_id":3669993900245843967,"provider_id":1,"parent_rpc_id":65535,"parent_provider_id":65535,"name":"qtn_work_rpc","origin":{"sent to ofi+cxi://0x06a6e414":{"iforward":{"duration":{"num":1726,"min":0.000001431,"max":0.000033140,"avg":0.000001783,"var":0.000000004,"sum":0.003077984},"relative_timestamp_from_create":{"num":1726,"min":0.000002384,"max":0.001476526,"avg":0.000003660,"var":0.000002171,"sum":0.006316423}},"forward_cb":{"duration":{"num":1726,"min":0.000000000,"max":0.000001192,"avg":0.000000132,"var":0.000000000,"sum":0.000227451},"relative_timestamp_from_iforward_start":{"num":1726,"min":0.000374317,"max":0.021119356,"avg":0.006636241,"var":0.003814007,"sum":11.454151154}},"iforward_wait":{"duration":{"num":1726,"min":0.000373125,"max":0.021118164,"avg":0.006634841,"var":0.003813323,"sum":11.451734781},"relative_timestamp_from_iforward_end":{"num":1726,"min":0.000000000,"max":0.000000715,"avg":0.000000220,"var":0.000000000,"sum":0.000380039}},"set_input":{"duration":{"num":1726,"min":0.000000000,"max":0.000005007,"avg":0.000000124,"var":0.000000000,"sum":0.000213861},"relative_timestamp_from_iforward_start":{"num":1726,"min":0.000000477,"max":0.000011444,"avg":0.000000708,"var":0.000000000,"sum":0.001221895}},"get_output":{"duration":{"num":1726,"min":0.000000000,"max":0.000000477,"avg":0.000000089,"var":0.000000000,"sum":0.000154018},"relative_timestamp_from_wait_end":{"num":1726,"min":0.000000000,"max":0.000002861,"avg":0.000000164,"var":0.000000000,"sum":0.000282526}}}}},"65535:65535:65535:65535":{"rpc_id":65535,"provider_id":65535,"parent_rpc_id":65535,"parent_provider_id":65535,"name":"","target":{"received from <unknown>":{"bulk":{"create":{"duration":{"num":1726,"min":0.000002146,"max":0.001471519,"avg":0.000003463,"var":0.000002157,"sum":0.005976915},"size":{"num":1726,"min":4194304.000000000,"max":4194304.000000000,"avg":4194304.000000000,"var":0.000000000,"sum":7239368704.000000000}}}}}}}}