{"address":"","progress_loop":{"progress_with_timeout":{"num":1687,"min":0.000002384,"max":0.101286888,"avg":0.007171274,"var":0.064906926,"sum":12.097939730},"progress_timeout_value_msec":{"num":1687,"min":100.000000000,"max":100.000000000,"avg":100.000000000,"var":0.000000000,"sum":168700.000000000},"progress_without_timeout":{"num":0,"min":0.000000000,"max":0.000000000,"avg":0.000000000,"var":0.000000000,"sum":0.000000000},"trigger":{"num":1682,"min":0.000000238,"max":0.000009537,"avg":0.000000297,"var":0.000000000,"sum":0.000498772}},"rpcs":{"65535:65535:7940397281847607295:2":{"rpc_id":7940397281847607295,"provider_id":2,"parent_rpc_id":65535,"parent_provider_id":65535,"name":"__identity__","origin":{"sent to ofi+cxi://0x06a6000d":{"iforward":{"duration":{"num":1,"min":0.000217199,"max":0.000217199,"avg":0.000217199,"var":0.000000000,"sum":0.000217199},"relative_timestamp_from_create":{"num":1,"min":0.000011683,"max":0.000011683,"avg":0.000011683,"var":0.000000000,"sum":0.000011683}},"forward_cb":{"duration":{"num":1,"min":0.000001431,"max":0.000001431,"avg":0.000001431,"var":0.000000000,"sum":0.000001431},"relative_timestamp_from_iforward_start":{"num":1,"min":0.018940210,"max":0.018940210,"avg":0.018940210,"var":0.000000000,"sum":0.018940210}},"iforward_wait":{"duration":{"num":1,"min":0.018728018,"max":0.018728018,"avg":0.018728018,"var":0.000000000,"sum":0.018728018},"relative_timestamp_from_iforward_end":{"num":1,"min":0.000000477,"max":0.000000477,"avg":0.000000477,"var":0.000000000,"sum":0.000000477}},"set_input":{"duration":{"num":0,"min":0.000000000,"max":0.000000000,"avg":0.000000000,"var":0.000000000,"sum":0.000000000},"relative_timestamp_from_iforward_start":{"num":0,"min":0.000000000,"max":0.000000000,"avg":0.000000000,"var":0.000000000,"sum":0.000000000}},"get_output":{"duration":{"num":1,"min":0.000007629,"max":0.000007629,"avg":0.000007629,"var":0.000000000,"sum":0.000007629},"relative_timestamp_from_wait_end":{"num":1,"min":0.000001192,"max":0.000001192,"avg":0.000001192,"var":0.000000000,"sum":0.000001192}}}}},"65535:65535:9722976651498815487:2":{"rpc_id":9722976651498815487,"provider_id":2,"parent_rpc_id":65535,"parent_provider_id":65535,"name":"flock_get_view","origin":{"sent to ofi+cxi://0x06a6000d":{"iforward":{"duration":{"num":2,"min":0.000017166,"max":0.000019550,"avg":0.000018358,"var":0.000000000,"sum":0.000036716},"relative_timestamp_from_create":{"num":2,"min":0.000000715,"max":0.000004053,"avg":0.000002384,"var":0.000000000,"sum":0.000004768}},"forward_cb":{"duration":{"num":2,"min":0.000000238,"max":0.000001192,"avg":0.000000715,"var":0.000000000,"sum":0.000001431},"relative_timestamp_from_iforward_start":{"num":2,"min":0.067751408,"max":0.068742752,"avg":0.068247080,"var":0.000000491,"sum":0.136494160}},"iforward_wait":{"duration":{"num":2,"min":0.067736864,"max":0.068723679,"avg":0.068230271,"var":0.000000487,"sum":0.136460543},"relative_timestamp_from_iforward_end":{"num":2,"min":0.000000477,"max":0.000001192,"avg":0.000000834,"var":0.000000000,"sum":0.000001669}},"set_input":{"duration":{"num":2,"min":0.000000238,"max":0.000000477,"avg":0.000000358,"var":0.000000000,"sum":0.000000715},"relative_timestamp_from_iforward_start":{"num":2,"min":0.000004768,"max":0.000006199,"avg":0.000005484,"var":0.000000000,"sum":0.000010967}},"get_output":{"duration":{"num":2,"min":0.000000477,"max":0.000067472,"avg":0.000033975,"var":0.000000002,"sum":0.000067949},"relative_timestamp_from_wait_end":{"num":2,"min":0.000000238,"max":0.000002384,"avg":0.000001311,"var":0.000000000,"sum":0.000002623}}}}},"65535:65535:3669993900245843967:1":{"rpc_id":3669993900245843967,"provider_id":1,"parent_rpc_id":65535,"parent_provider_id":65535,"name":"qtn_work_rpc","origin":{"sent to ofi+cxi://0x06a6420e":{"iforward":{"duration":{"num":1678,"min":0.000001431,"max":0.000034332,"avg":0.000001828,"var":0.000000005,"sum":0.003067017},"relative_timestamp_from_create":{"num":1678,"min":0.000002384,"max":0.001457930,"avg":0.000003690,"var":0.000002116,"sum":0.006191730}},"forward_cb":{"duration":{"num":1678,"min":0.000000000,"max":0.000001669,"avg":0.000000131,"var":0.000000000,"sum":0.000219584},"relative_timestamp_from_iforward_start":{"num":1678,"min":0.000226974,"max":0.036067486,"avg":0.007059364,"var":0.048185697,"sum":11.845612526}},"iforward_wait":{"duration":{"num":1678,"min":0.000225782,"max":0.036066294,"avg":0.007057936,"var":0.048185612,"sum":11.843216419},"relative_timestamp_from_iforward_end":{"num":1678,"min":0.000000000,"max":0.000002861,"avg":0.000000202,"var":0.000000000,"sum":0.000338554}},"set_input":{"duration":{"num":1678,"min":0.000000000,"max":0.000004292,"avg":0.000000127,"var":0.000000000,"sum":0.000212431},"relative_timestamp_from_iforward_start":{"num":1678,"min":0.000000477,"max":0.000010014,"avg":0.000000720,"var":0.000000000,"sum":0.001207352}},"get_output":{"duration":{"num":1678,"min":0.000000000,"max":0.000000477,"avg":0.000000087,"var":0.000000000,"sum":0.000145435},"relative_timestamp_from_wait_end":{"num":1678,"min":0.000000000,"max":0.000002861,"avg":0.000000166,"var":0.000000000,"sum":0.000278234}}}}},"65535:65535:65535:65535":{"rpc_id":65535,"provider_id":65535,"parent_rpc_id":65535,"parent_provider_id":65535,"name":"","target":{"received from <unknown>":{"bulk":{"create":{"duration":{"num":1678,"min":0.000002146,"max":0.001453400,"avg":0.000003485,"var":0.000002104,"sum":0.005848408},"size":{"num":1678,"min":4194304.000000000,"max":4194304.000000000,"avg":4194304.000000000,"var":0.000000000,"sum":7038042112.000000000}}}}}}}}