{"address":"","progress_loop":{"progress_with_timeout":{"num":40073,"min":0.000001192,"max":0.103975534,"avg":0.000132412,"var":0.025433193,"sum":5.306132793},"progress_timeout_value_msec":{"num":40073,"min":100.000000000,"max":100.000000000,"avg":100.000000000,"var":0.000000000,"sum":4007300.000000000},"progress_without_timeout":{"num":0,"min":0.000000000,"max":0.000000000,"avg":0.000000000,"var":0.000000000,"sum":0.000000000},"trigger":{"num":39944,"min":0.000000238,"max":0.000008821,"avg":0.000000275,"var":0.000000001,"sum":0.010987282}},"rpcs":{"65535:65535:7940397281847607295:2":{"rpc_id":7940397281847607295,"provider_id":2,"parent_rpc_id":65535,"parent_provider_id":65535,"name":"__identity__","origin":{"sent to ofi+cxi://0x06a6000d":{"iforward":{"duration":{"num":1,"min":0.000171185,"max":0.000171185,"avg":0.000171185,"var":0.000000000,"sum":0.000171185},"relative_timestamp_from_create":{"num":1,"min":0.000004053,"max":0.000004053,"avg":0.000004053,"var":0.000000000,"sum":0.000004053}},"forward_cb":{"duration":{"num":1,"min":0.000000954,"max":0.000000954,"avg":0.000000954,"var":0.000000000,"sum":0.000000954},"relative_timestamp_from_iforward_start":{"num":1,"min":0.048070192,"max":0.048070192,"avg":0.048070192,"var":0.000000000,"sum":0.048070192}},"iforward_wait":{"duration":{"num":1,"min":0.047903776,"max":0.047903776,"avg":0.047903776,"var":0.000000000,"sum":0.047903776},"relative_timestamp_from_iforward_end":{"num":1,"min":0.000000238,"max":0.000000238,"avg":0.000000238,"var":0.000000000,"sum":0.000000238}},"set_input":{"duration":{"num":0,"min":0.000000000,"max":0.000000000,"avg":0.000000000,"var":0.000000000,"sum":0.000000000},"relative_timestamp_from_iforward_start":{"num":0,"min":0.000000000,"max":0.000000000,"avg":0.000000000,"var":0.000000000,"sum":0.000000000}},"get_output":{"duration":{"num":1,"min":0.000007868,"max":0.000007868,"avg":0.000007868,"var":0.000000000,"sum":0.000007868},"relative_timestamp_from_wait_end":{"num":1,"min":0.000001192,"max":0.000001192,"avg":0.000001192,"var":0.000000000,"sum":0.000001192}}}}},"65535:65535:9722976651498815487:2":{"rpc_id":9722976651498815487,"provider_id":2,"parent_rpc_id":65535,"parent_provider_id":65535,"name":"flock_get_view","origin":{"sent to ofi+cxi://0x06a6000d":{"iforward":{"duration":{"num":2,"min":0.000018120,"max":0.000018120,"avg":0.000018120,"var":0.000000000,"sum":0.000036240},"relative_timestamp_from_create":{"num":2,"min":0.000000477,"max":0.000001192,"avg":0.000000834,"var":0.000000000,"sum":0.000001669}},"forward_cb":{"duration":{"num":2,"min":0.000000238,"max":0.000001192,"avg":0.000000715,"var":0.000000000,"sum":0.000001431},"relative_timestamp_from_iforward_start":{"num":2,"min":0.038575172,"max":0.118072748,"avg":0.078323960,"var":0.003159932,"sum":0.156647921}},"iforward_wait":{"duration":{"num":2,"min":0.038557768,"max":0.118056774,"avg":0.078307271,"var":0.003160046,"sum":0.156614542},"relative_timestamp_from_iforward_end":{"num":2,"min":0.000000238,"max":0.000001192,"avg":0.000000715,"var":0.000000000,"sum":0.000001431}},"set_input":{"duration":{"num":2,"min":0.000000238,"max":0.000000238,"avg":0.000000238,"var":0.000000000,"sum":0.000000477},"relative_timestamp_from_iforward_start":{"num":2,"min":0.000004768,"max":0.000005722,"avg":0.000005245,"var":0.000000000,"sum":0.000010490}},"get_output":{"duration":{"num":2,"min":0.000000238,"max":0.000063896,"avg":0.000032067,"var":0.000000002,"sum":0.000064135},"relative_timestamp_from_wait_end":{"num":2,"min":0.000000238,"max":0.000002146,"avg":0.000001192,"var":0.000000000,"sum":0.000002384}}}}},"65535:65535:3669993900245843967:1":{"rpc_id":3669993900245843967,"provider_id":1,"parent_rpc_id":65535,"parent_provider_id":65535,"name":"qtn_work_rpc","origin":{"sent to ofi+cxi://0x06a64613":{"iforward":{"duration":{"num":39940,"min":0.000001192,"max":0.000036478,"avg":0.000001538,"var":0.000000007,"sum":0.061434746},"relative_timestamp_from_create":{"num":39940,"min":0.000000000,"max":0.000005484,"avg":0.000000078,"var":0.000000001,"sum":0.003112316}},"forward_cb":{"duration":{"num":39940,"min":0.000000000,"max":0.000003338,"avg":0.000000127,"var":0.000000001,"sum":0.005061865},"relative_timestamp_from_iforward_start":{"num":39940,"min":0.000008345,"max":0.000621796,"avg":0.000127301,"var":0.000472586,"sum":5.084395885}},"iforward_wait":{"duration":{"num":39940,"min":0.000002623,"max":0.000622272,"avg":0.000126149,"var":0.000472419,"sum":5.038408279},"relative_timestamp_from_iforward_end":{"num":39940,"min":0.000000000,"max":0.000010014,"avg":0.000000179,"var":0.000000001,"sum":0.007162333}},"set_input":{"duration":{"num":39940,"min":0.000000000,"max":0.000010729,"avg":0.000000077,"var":0.000000001,"sum":0.003091097},"relative_timestamp_from_iforward_start":{"num":39940,"min":0.000000477,"max":0.000009060,"avg":0.000000687,"var":0.000000001,"sum":0.027424812}},"get_output":{"duration":{"num":39940,"min":0.000000000,"max":0.000002146,"avg":0.000000093,"var":0.000000001,"sum":0.003709555},"relative_timestamp_from_wait_end":{"num":39940,"min":0.000000000,"max":0.000012159,"avg":0.000000159,"var":0.000000001,"sum":0.006357193}}}}}}}