{"address":"","progress_loop":{"progress_with_timeout":{"num":1734,"min":0.000002861,"max":0.103503227,"avg":0.007000264,"var":0.037445735,"sum":12.138458014},"progress_timeout_value_msec":{"num":1734,"min":100.000000000,"max":100.000000000,"avg":100.000000000,"var":0.000000000,"sum":173400.000000000},"progress_without_timeout":{"num":0,"min":0.000000000,"max":0.000000000,"avg":0.000000000,"var":0.000000000,"sum":0.000000000},"trigger":{"num":1727,"min":0.000000238,"max":0.000010014,"avg":0.000000305,"var":0.000000000,"sum":0.000525951}},"rpcs":{"65535:65535:7940397281847607295:2":{"rpc_id":7940397281847607295,"provider_id":2,"parent_rpc_id":65535,"parent_provider_id":65535,"name":"__identity__","origin":{"sent to ofi+cxi://0x06a6000d":{"iforward":{"duration":{"num":1,"min":0.000145674,"max":0.000145674,"avg":0.000145674,"var":0.000000000,"sum":0.000145674},"relative_timestamp_from_create":{"num":1,"min":0.000005484,"max":0.000005484,"avg":0.000005484,"var":0.000000000,"sum":0.000005484}},"forward_cb":{"duration":{"num":1,"min":0.000002861,"max":0.000002861,"avg":0.000002861,"var":0.000000000,"sum":0.000002861},"relative_timestamp_from_iforward_start":{"num":1,"min":0.009052753,"max":0.009052753,"avg":0.009052753,"var":0.000000000,"sum":0.009052753}},"iforward_wait":{"duration":{"num":1,"min":0.008915901,"max":0.008915901,"avg":0.008915901,"var":0.000000000,"sum":0.008915901},"relative_timestamp_from_iforward_end":{"num":1,"min":0.000000477,"max":0.000000477,"avg":0.000000477,"var":0.000000000,"sum":0.000000477}},"set_input":{"duration":{"num":0,"min":0.000000000,"max":0.000000000,"avg":0.000000000,"var":0.000000000,"sum":0.000000000},"relative_timestamp_from_iforward_start":{"num":0,"min":0.000000000,"max":0.000000000,"avg":0.000000000,"var":0.000000000,"sum":0.000000000}},"get_output":{"duration":{"num":1,"min":0.000018358,"max":0.000018358,"avg":0.000018358,"var":0.000000000,"sum":0.000018358},"relative_timestamp_from_wait_end":{"num":1,"min":0.000001907,"max":0.000001907,"avg":0.000001907,"var":0.000000000,"sum":0.000001907}}}}},"65535:65535:9722976651498815487:2":{"rpc_id":9722976651498815487,"provider_id":2,"parent_rpc_id":65535,"parent_provider_id":65535,"name":"flock_get_view","origin":{"sent to ofi+cxi://0x06a6000d":{"iforward":{"duration":{"num":2,"min":0.000020504,"max":0.000043392,"avg":0.000031948,"var":0.000000000,"sum":0.000063896},"relative_timestamp_from_create":{"num":2,"min":0.000000715,"max":0.000002146,"avg":0.000001431,"var":0.000000000,"sum":0.000002861}},"forward_cb":{"duration":{"num":2,"min":0.000000954,"max":0.000001431,"avg":0.000001192,"var":0.000000000,"sum":0.000002384},"relative_timestamp_from_iforward_start":{"num":2,"min":0.040958643,"max":0.095436573,"avg":0.068197608,"var":0.001483922,"sum":0.136395216}},"iforward_wait":{"duration":{"num":2,"min":0.040917397,"max":0.095420361,"avg":0.068168879,"var":0.001485287,"sum":0.136337757},"relative_timestamp_from_iforward_end":{"num":2,"min":0.000000477,"max":0.000001431,"avg":0.000000954,"var":0.000000000,"sum":0.000001907}},"set_input":{"duration":{"num":2,"min":0.000000238,"max":0.000000477,"avg":0.000000358,"var":0.000000000,"sum":0.000000715},"relative_timestamp_from_iforward_start":{"num":2,"min":0.000006437,"max":0.000012398,"avg":0.000009418,"var":0.000000000,"sum":0.000018835}},"get_output":{"duration":{"num":2,"min":0.000001192,"max":0.000057459,"avg":0.000029325,"var":0.000000002,"sum":0.000058651},"relative_timestamp_from_wait_end":{"num":2,"min":0.000001192,"max":0.000002384,"avg":0.000001788,"var":0.000000000,"sum":0.000003576}}}}},"65535:65535:3669993900245843967:1":{"rpc_id":3669993900245843967,"provider_id":1,"parent_rpc_id":65535,"parent_provider_id":65535,"name":"qtn_work_rpc","origin":{"sent to ofi+cxi://0x06a78412":{"iforward":{"duration":{"num":1723,"min":0.000001431,"max":0.000035048,"avg":0.000001823,"var":0.000000004,"sum":0.003141403},"relative_timestamp_from_create":{"num":1723,"min":0.000002384,"max":0.001610518,"avg":0.000003781,"var":0.000002583,"sum":0.006514549}},"forward_cb":{"duration":{"num":1723,"min":0.000000000,"max":0.000001431,"avg":0.000000136,"var":0.000000000,"sum":0.000233650},"relative_timestamp_from_iforward_start":{"num":1723,"min":0.000495911,"max":0.029566526,"avg":0.006903187,"var":0.018807482,"sum":11.894191980}},"iforward_wait":{"duration":{"num":1723,"min":0.000494480,"max":0.029565096,"avg":0.006901757,"var":0.018807751,"sum":11.891728163},"relative_timestamp_from_iforward_end":{"num":1723,"min":0.000000000,"max":0.000000715,"avg":0.000000194,"var":0.000000000,"sum":0.000333548}},"set_input":{"duration":{"num":1723,"min":0.000000000,"max":0.000004530,"avg":0.000000131,"var":0.000000000,"sum":0.000225782},"relative_timestamp_from_iforward_start":{"num":1723,"min":0.000000477,"max":0.000011444,"avg":0.000000719,"var":0.000000000,"sum":0.001239538}},"get_output":{"duration":{"num":1723,"min":0.000000000,"max":0.000000477,"avg":0.000000087,"var":0.000000000,"sum":0.000149250},"relative_timestamp_from_wait_end":{"num":1723,"min":0.000000000,"max":0.000006676,"avg":0.000000169,"var":0.000000000,"sum":0.000290871}}}}},"65535:65535:65535:65535":{"rpc_id":65535,"provider_id":65535,"parent_rpc_id":65535,"parent_provider_id":65535,"name":"","target":{"received from <unknown>":{"bulk":{"create":{"duration":{"num":1723,"min":0.000002384,"max":0.001605272,"avg":0.000003575,"var":0.000002567,"sum":0.006160021},"size":{"num":1723,"min":4194304.000000000,"max":4194304.000000000,"avg":4194304.000000000,"var":0.000000000,"sum":7226785792.000000000}}}}}}}}