{"address":"","progress_loop":{"progress_with_timeout":{"num":23904,"min":0.000001192,"max":0.102459192,"avg":0.000225026,"var":0.025845867,"sum":5.379017591},"progress_timeout_value_msec":{"num":23904,"min":100.000000000,"max":100.000000000,"avg":100.000000000,"var":0.000000000,"sum":2390400.000000000},"progress_without_timeout":{"num":0,"min":0.000000000,"max":0.000000000,"avg":0.000000000,"var":0.000000000,"sum":0.000000000},"trigger":{"num":23886,"min":0.000000238,"max":0.000008106,"avg":0.000000307,"var":0.000000000,"sum":0.007332563}},"rpcs":{"65535:65535:7940397281847607295:2":{"rpc_id":7940397281847607295,"provider_id":2,"parent_rpc_id":65535,"parent_provider_id":65535,"name":"__identity__","origin":{"sent to ofi+cxi://0x06a6000d":{"iforward":{"duration":{"num":1,"min":0.000094414,"max":0.000094414,"avg":0.000094414,"var":0.000000000,"sum":0.000094414},"relative_timestamp_from_create":{"num":1,"min":0.000003338,"max":0.000003338,"avg":0.000003338,"var":0.000000000,"sum":0.000003338}},"forward_cb":{"duration":{"num":1,"min":0.000002146,"max":0.000002146,"avg":0.000002146,"var":0.000000000,"sum":0.000002146},"relative_timestamp_from_iforward_start":{"num":1,"min":0.036047935,"max":0.036047935,"avg":0.036047935,"var":0.000000000,"sum":0.036047935}},"iforward_wait":{"duration":{"num":1,"min":0.035960197,"max":0.035960197,"avg":0.035960197,"var":0.000000000,"sum":0.035960197},"relative_timestamp_from_iforward_end":{"num":1,"min":0.000000477,"max":0.000000477,"avg":0.000000477,"var":0.000000000,"sum":0.000000477}},"set_input":{"duration":{"num":0,"min":0.000000000,"max":0.000000000,"avg":0.000000000,"var":0.000000000,"sum":0.000000000},"relative_timestamp_from_iforward_start":{"num":0,"min":0.000000000,"max":0.000000000,"avg":0.000000000,"var":0.000000000,"sum":0.000000000}},"get_output":{"duration":{"num":1,"min":0.000013590,"max":0.000013590,"avg":0.000013590,"var":0.000000000,"sum":0.000013590},"relative_timestamp_from_wait_end":{"num":1,"min":0.000001431,"max":0.000001431,"avg":0.000001431,"var":0.000000000,"sum":0.000001431}}}}},"65535:65535:9722976651498815487:2":{"rpc_id":9722976651498815487,"provider_id":2,"parent_rpc_id":65535,"parent_provider_id":65535,"name":"flock_get_view","origin":{"sent to ofi+cxi://0x06a6000d":{"iforward":{"duration":{"num":2,"min":0.000018835,"max":0.000035763,"avg":0.000027299,"var":0.000000000,"sum":0.000054598},"relative_timestamp_from_create":{"num":2,"min":0.000000715,"max":0.000001907,"avg":0.000001311,"var":0.000000000,"sum":0.000002623}},"forward_cb":{"duration":{"num":2,"min":0.000000000,"max":0.000000954,"avg":0.000000477,"var":0.000000000,"sum":0.000000954},"relative_timestamp_from_iforward_start":{"num":2,"min":0.056797504,"max":0.107149839,"avg":0.081973672,"var":0.001267679,"sum":0.163947344}},"iforward_wait":{"duration":{"num":2,"min":0.056779385,"max":0.107115984,"avg":0.081947684,"var":0.001266887,"sum":0.163895369},"relative_timestamp_from_iforward_end":{"num":2,"min":0.000000238,"max":0.000001192,"avg":0.000000715,"var":0.000000000,"sum":0.000001431}},"set_input":{"duration":{"num":2,"min":0.000000238,"max":0.000000238,"avg":0.000000238,"var":0.000000000,"sum":0.000000477},"relative_timestamp_from_iforward_start":{"num":2,"min":0.000005960,"max":0.000010252,"avg":0.000008106,"var":0.000000000,"sum":0.000016212}},"get_output":{"duration":{"num":2,"min":0.000000477,"max":0.000041008,"avg":0.000020742,"var":0.000000001,"sum":0.000041485},"relative_timestamp_from_wait_end":{"num":2,"min":0.000000238,"max":0.000002146,"avg":0.000001192,"var":0.000000000,"sum":0.000002384}}}}},"65535:65535:3669993900245843967:1":{"rpc_id":3669993900245843967,"provider_id":1,"parent_rpc_id":65535,"parent_provider_id":65535,"name":"qtn_work_rpc","origin":{"sent to ofi+cxi://0x06a7a40f":{"iforward":{"duration":{"num":23882,"min":0.000001669,"max":0.000034094,"avg":0.000002112,"var":0.000000005,"sum":0.050445795},"relative_timestamp_from_create":{"num":23882,"min":0.000000000,"max":0.000005960,"avg":0.000000087,"var":0.000000000,"sum":0.002074480}},"forward_cb":{"duration":{"num":23882,"min":0.000000000,"max":0.000005960,"avg":0.000000138,"var":0.000000000,"sum":0.003293514},"relative_timestamp_from_iforward_start":{"num":23882,"min":0.000009060,"max":0.000841618,"avg":0.000215284,"var":0.000662486,"sum":5.141400814}},"iforward_wait":{"duration":{"num":23882,"min":0.000002623,"max":0.000840425,"avg":0.000213650,"var":0.000662552,"sum":5.102378845},"relative_timestamp_from_iforward_end":{"num":23882,"min":0.000000000,"max":0.000001907,"avg":0.000000164,"var":0.000000000,"sum":0.003910303}},"set_input":{"duration":{"num":23882,"min":0.000000000,"max":0.000006199,"avg":0.000000103,"var":0.000000000,"sum":0.002466917},"relative_timestamp_from_iforward_start":{"num":23882,"min":0.000000715,"max":0.000009537,"avg":0.000000885,"var":0.000000001,"sum":0.021143675}},"get_output":{"duration":{"num":23882,"min":0.000000000,"max":0.000004768,"avg":0.000000101,"var":0.000000000,"sum":0.002423048},"relative_timestamp_from_wait_end":{"num":23882,"min":0.000000000,"max":0.000003576,"avg":0.000000171,"var":0.000000000,"sum":0.004082441}}}}}}}