{"address":"","progress_loop":{"progress_with_timeout":{"num":1737,"min":0.000001431,"max":0.103079796,"avg":0.006899632,"var":0.065718200,"sum":11.984660149},"progress_timeout_value_msec":{"num":1737,"min":100.000000000,"max":100.000000000,"avg":100.000000000,"var":0.000000000,"sum":173700.000000000},"progress_without_timeout":{"num":0,"min":0.000000000,"max":0.000000000,"avg":0.000000000,"var":0.000000000,"sum":0.000000000},"trigger":{"num":1733,"min":0.000000238,"max":0.000006437,"avg":0.000000308,"var":0.000000000,"sum":0.000533342}},"rpcs":{"65535:65535:7940397281847607295:2":{"rpc_id":7940397281847607295,"provider_id":2,"parent_rpc_id":65535,"parent_provider_id":65535,"name":"__identity__","origin":{"sent to ofi+cxi://0x06a6000d":{"iforward":{"duration":{"num":1,"min":0.000160217,"max":0.000160217,"avg":0.000160217,"var":0.000000000,"sum":0.000160217},"relative_timestamp_from_create":{"num":1,"min":0.000034809,"max":0.000034809,"avg":0.000034809,"var":0.000000000,"sum":0.000034809}},"forward_cb":{"duration":{"num":1,"min":0.000002146,"max":0.000002146,"avg":0.000002146,"var":0.000000000,"sum":0.000002146},"relative_timestamp_from_iforward_start":{"num":1,"min":0.025177002,"max":0.025177002,"avg":0.025177002,"var":0.000000000,"sum":0.025177002}},"iforward_wait":{"duration":{"num":1,"min":0.025024414,"max":0.025024414,"avg":0.025024414,"var":0.000000000,"sum":0.025024414},"relative_timestamp_from_iforward_end":{"num":1,"min":0.000000238,"max":0.000000238,"avg":0.000000238,"var":0.000000000,"sum":0.000000238}},"set_input":{"duration":{"num":0,"min":0.000000000,"max":0.000000000,"avg":0.000000000,"var":0.000000000,"sum":0.000000000},"relative_timestamp_from_iforward_start":{"num":0,"min":0.000000000,"max":0.000000000,"avg":0.000000000,"var":0.000000000,"sum":0.000000000}},"get_output":{"duration":{"num":1,"min":0.000015736,"max":0.000015736,"avg":0.000015736,"var":0.000000000,"sum":0.000015736},"relative_timestamp_from_wait_end":{"num":1,"min":0.000001431,"max":0.000001431,"avg":0.000001431,"var":0.000000000,"sum":0.000001431}}}}},"65535:65535:9722976651498815487:2":{"rpc_id":9722976651498815487,"provider_id":2,"parent_rpc_id":65535,"parent_provider_id":65535,"name":"flock_get_view","origin":{"sent to ofi+cxi://0x06a6000d":{"iforward":{"duration":{"num":2,"min":0.000011206,"max":0.000037909,"avg":0.000024557,"var":0.000000000,"sum":0.000049114},"relative_timestamp_from_create":{"num":2,"min":0.000000238,"max":0.000001431,"avg":0.000000834,"var":0.000000000,"sum":0.000001669}},"forward_cb":{"duration":{"num":2,"min":0.000000000,"max":0.000000238,"avg":0.000000119,"var":0.000000000,"sum":0.000000238},"relative_timestamp_from_iforward_start":{"num":2,"min":0.037499189,"max":0.105354309,"avg":0.071426749,"var":0.002302159,"sum":0.142853498}},"iforward_wait":{"duration":{"num":2,"min":0.037489176,"max":0.105315685,"avg":0.071402431,"var":0.002300218,"sum":0.142804861},"relative_timestamp_from_iforward_end":{"num":2,"min":0.000000000,"max":0.000001431,"avg":0.000000715,"var":0.000000000,"sum":0.000001431}},"set_input":{"duration":{"num":2,"min":0.000000238,"max":0.000000238,"avg":0.000000238,"var":0.000000000,"sum":0.000000477},"relative_timestamp_from_iforward_start":{"num":2,"min":0.000001907,"max":0.000010967,"avg":0.000006437,"var":0.000000000,"sum":0.000012875}},"get_output":{"duration":{"num":2,"min":0.000000238,"max":0.000041246,"avg":0.000020742,"var":0.000000001,"sum":0.000041485},"relative_timestamp_from_wait_end":{"num":2,"min":0.000000238,"max":0.000001192,"avg":0.000000715,"var":0.000000000,"sum":0.000001431}}}}},"65535:65535:3669993900245843967:1":{"rpc_id":3669993900245843967,"provider_id":1,"parent_rpc_id":65535,"parent_provider_id":65535,"name":"qtn_work_rpc","origin":{"sent to ofi+cxi://0x06a64211":{"iforward":{"duration":{"num":1729,"min":0.000001431,"max":0.000030756,"avg":0.000001951,"var":0.000000004,"sum":0.003373384},"relative_timestamp_from_create":{"num":1729,"min":0.000002384,"max":0.001368523,"avg":0.000003701,"var":0.000001864,"sum":0.006399870}},"forward_cb":{"duration":{"num":1729,"min":0.000000000,"max":0.000002146,"avg":0.000000137,"var":0.000000000,"sum":0.000237703},"relative_timestamp_from_iforward_start":{"num":1729,"min":0.000350237,"max":0.031766653,"avg":0.006778449,"var":0.046081543,"sum":11.719938755}},"iforward_wait":{"duration":{"num":1729,"min":0.000348806,"max":0.031765223,"avg":0.006776845,"var":0.046081873,"sum":11.717165232},"relative_timestamp_from_iforward_end":{"num":1729,"min":0.000000000,"max":0.000000715,"avg":0.000000274,"var":0.000000000,"sum":0.000473976}},"set_input":{"duration":{"num":1729,"min":0.000000000,"max":0.000004292,"avg":0.000000137,"var":0.000000000,"sum":0.000236034},"relative_timestamp_from_iforward_start":{"num":1729,"min":0.000000477,"max":0.000009298,"avg":0.000000797,"var":0.000000000,"sum":0.001378298}},"get_output":{"duration":{"num":1729,"min":0.000000000,"max":0.000000477,"avg":0.000000089,"var":0.000000000,"sum":0.000154734},"relative_timestamp_from_wait_end":{"num":1729,"min":0.000000000,"max":0.000002861,"avg":0.000000154,"var":0.000000000,"sum":0.000266314}}}}},"65535:65535:65535:65535":{"rpc_id":65535,"provider_id":65535,"parent_rpc_id":65535,"parent_provider_id":65535,"name":"","target":{"received from <unknown>":{"bulk":{"create":{"duration":{"num":1729,"min":0.000002384,"max":0.001365185,"avg":0.000003500,"var":0.000001855,"sum":0.006052017},"size":{"num":1729,"min":4194304.000000000,"max":4194304.000000000,"avg":4194304.000000000,"var":0.000000000,"sum":7251951616.000000000}}}}}}}}