{"address":"","progress_loop":{"progress_with_timeout":{"num":1720,"min":0.000001669,"max":0.102292061,"avg":0.007021458,"var":0.037015393,"sum":12.076908350},"progress_timeout_value_msec":{"num":1720,"min":100.000000000,"max":100.000000000,"avg":100.000000000,"var":0.000000000,"sum":172000.000000000},"progress_without_timeout":{"num":0,"min":0.000000000,"max":0.000000000,"avg":0.000000000,"var":0.000000000,"sum":0.000000000},"trigger":{"num":1717,"min":0.000000238,"max":0.000007629,"avg":0.000000304,"var":0.000000000,"sum":0.000521898}},"rpcs":{"65535:65535:7940397281847607295:2":{"rpc_id":7940397281847607295,"provider_id":2,"parent_rpc_id":65535,"parent_provider_id":65535,"name":"__identity__","origin":{"sent to ofi+cxi://0x06a6000d":{"iforward":{"duration":{"num":1,"min":0.000361919,"max":0.000361919,"avg":0.000361919,"var":0.000000000,"sum":0.000361919},"relative_timestamp_from_create":{"num":1,"min":0.000022650,"max":0.000022650,"avg":0.000022650,"var":0.000000000,"sum":0.000022650}},"forward_cb":{"duration":{"num":1,"min":0.000002623,"max":0.000002623,"avg":0.000002623,"var":0.000000000,"sum":0.000002623},"relative_timestamp_from_iforward_start":{"num":1,"min":0.013475657,"max":0.013475657,"avg":0.013475657,"var":0.000000000,"sum":0.013475657}},"iforward_wait":{"duration":{"num":1,"min":0.013122559,"max":0.013122559,"avg":0.013122559,"var":0.000000000,"sum":0.013122559},"relative_timestamp_from_iforward_end":{"num":1,"min":0.000000477,"max":0.000000477,"avg":0.000000477,"var":0.000000000,"sum":0.000000477}},"set_input":{"duration":{"num":0,"min":0.000000000,"max":0.000000000,"avg":0.000000000,"var":0.000000000,"sum":0.000000000},"relative_timestamp_from_iforward_start":{"num":0,"min":0.000000000,"max":0.000000000,"avg":0.000000000,"var":0.000000000,"sum":0.000000000}},"get_output":{"duration":{"num":1,"min":0.000018120,"max":0.000018120,"avg":0.000018120,"var":0.000000000,"sum":0.000018120},"relative_timestamp_from_wait_end":{"num":1,"min":0.000001907,"max":0.000001907,"avg":0.000001907,"var":0.000000000,"sum":0.000001907}}}}},"65535:65535:9722976651498815487:2":{"rpc_id":9722976651498815487,"provider_id":2,"parent_rpc_id":65535,"parent_provider_id":65535,"name":"flock_get_view","origin":{"sent to ofi+cxi://0x06a6000d":{"iforward":{"duration":{"num":2,"min":0.000012636,"max":0.000042915,"avg":0.000027776,"var":0.000000000,"sum":0.000055552},"relative_timestamp_from_create":{"num":2,"min":0.000000238,"max":0.000002146,"avg":0.000001192,"var":0.000000000,"sum":0.000002384}},"forward_cb":{"duration":{"num":2,"min":0.000000238,"max":0.000000238,"avg":0.000000238,"var":0.000000000,"sum":0.000000477},"relative_timestamp_from_iforward_start":{"num":2,"min":0.051721096,"max":0.083639622,"avg":0.067680359,"var":0.000509396,"sum":0.135360718}},"iforward_wait":{"duration":{"num":2,"min":0.051677227,"max":0.083627701,"avg":0.067652464,"var":0.000510416,"sum":0.135304928},"relative_timestamp_from_iforward_end":{"num":2,"min":0.000000238,"max":0.000001907,"avg":0.000001073,"var":0.000000000,"sum":0.000002146}},"set_input":{"duration":{"num":2,"min":0.000000238,"max":0.000000238,"avg":0.000000238,"var":0.000000000,"sum":0.000000477},"relative_timestamp_from_iforward_start":{"num":2,"min":0.000001907,"max":0.000012875,"avg":0.000007391,"var":0.000000000,"sum":0.000014782}},"get_output":{"duration":{"num":2,"min":0.000000238,"max":0.000061989,"avg":0.000031114,"var":0.000000002,"sum":0.000062227},"relative_timestamp_from_wait_end":{"num":2,"min":0.000000238,"max":0.000001192,"avg":0.000000715,"var":0.000000000,"sum":0.000001431}}}}},"65535:65535:3669993900245843967:1":{"rpc_id":3669993900245843967,"provider_id":1,"parent_rpc_id":65535,"parent_provider_id":65535,"name":"qtn_work_rpc","origin":{"sent to ofi+cxi://0x06a72412":{"iforward":{"duration":{"num":1713,"min":0.000001431,"max":0.000032187,"avg":0.000001843,"var":0.000000004,"sum":0.003156424},"relative_timestamp_from_create":{"num":1713,"min":0.000002623,"max":0.001553297,"avg":0.000003763,"var":0.000002403,"sum":0.006445408}},"forward_cb":{"duration":{"num":1713,"min":0.000000000,"max":0.000001192,"avg":0.000000134,"var":0.000000000,"sum":0.000229836},"relative_timestamp_from_iforward_start":{"num":1713,"min":0.000543833,"max":0.030360460,"avg":0.006906350,"var":0.019876386,"sum":11.830578327}},"iforward_wait":{"duration":{"num":1713,"min":0.000542641,"max":0.030360937,"avg":0.006904913,"var":0.019876262,"sum":11.828115225},"relative_timestamp_from_iforward_end":{"num":1713,"min":0.000000000,"max":0.000000715,"avg":0.000000208,"var":0.000000000,"sum":0.000355482}},"set_input":{"duration":{"num":1713,"min":0.000000000,"max":0.000004768,"avg":0.000000127,"var":0.000000000,"sum":0.000217438},"relative_timestamp_from_iforward_start":{"num":1713,"min":0.000000477,"max":0.000007153,"avg":0.000000756,"var":0.000000000,"sum":0.001294851}},"get_output":{"duration":{"num":1713,"min":0.000000000,"max":0.000000477,"avg":0.000000088,"var":0.000000000,"sum":0.000151396},"relative_timestamp_from_wait_end":{"num":1713,"min":0.000000000,"max":0.000002861,"avg":0.000000160,"var":0.000000000,"sum":0.000273705}}}}},"65535:65535:65535:65535":{"rpc_id":65535,"provider_id":65535,"parent_rpc_id":65535,"parent_provider_id":65535,"name":"","target":{"received from <unknown>":{"bulk":{"create":{"duration":{"num":1713,"min":0.000002384,"max":0.001548290,"avg":0.000003562,"var":0.000002388,"sum":0.006102324},"size":{"num":1713,"min":4194304.000000000,"max":4194304.000000000,"avg":4194304.000000000,"var":0.000000000,"sum":7184842752.000000000}}}}}}}}