{"address":"","progress_loop":{"progress_with_timeout":{"num":22691,"min":0.000000954,"max":0.103823900,"avg":0.000237750,"var":0.025586243,"sum":5.394785643},"progress_timeout_value_msec":{"num":22691,"min":100.000000000,"max":100.000000000,"avg":100.000000000,"var":0.000000000,"sum":2269100.000000000},"progress_without_timeout":{"num":0,"min":0.000000000,"max":0.000000000,"avg":0.000000000,"var":0.000000000,"sum":0.000000000},"trigger":{"num":22650,"min":0.000000238,"max":0.000007391,"avg":0.000000269,"var":0.000000000,"sum":0.006092548}},"rpcs":{"65535:65535:7940397281847607295:2":{"rpc_id":7940397281847607295,"provider_id":2,"parent_rpc_id":65535,"parent_provider_id":65535,"name":"__identity__","origin":{"sent to ofi+cxi://0x06a6000d":{"iforward":{"duration":{"num":1,"min":0.000105381,"max":0.000105381,"avg":0.000105381,"var":0.000000000,"sum":0.000105381},"relative_timestamp_from_create":{"num":1,"min":0.000005960,"max":0.000005960,"avg":0.000005960,"var":0.000000000,"sum":0.000005960}},"forward_cb":{"duration":{"num":1,"min":0.000002146,"max":0.000002146,"avg":0.000002146,"var":0.000000000,"sum":0.000002146},"relative_timestamp_from_iforward_start":{"num":1,"min":0.004291534,"max":0.004291534,"avg":0.004291534,"var":0.000000000,"sum":0.004291534}},"iforward_wait":{"duration":{"num":1,"min":0.004194021,"max":0.004194021,"avg":0.004194021,"var":0.000000000,"sum":0.004194021},"relative_timestamp_from_iforward_end":{"num":1,"min":0.000000477,"max":0.000000477,"avg":0.000000477,"var":0.000000000,"sum":0.000000477}},"set_input":{"duration":{"num":0,"min":0.000000000,"max":0.000000000,"avg":0.000000000,"var":0.000000000,"sum":0.000000000},"relative_timestamp_from_iforward_start":{"num":0,"min":0.000000000,"max":0.000000000,"avg":0.000000000,"var":0.000000000,"sum":0.000000000}},"get_output":{"duration":{"num":1,"min":0.000017166,"max":0.000017166,"avg":0.000017166,"var":0.000000000,"sum":0.000017166},"relative_timestamp_from_wait_end":{"num":1,"min":0.000001907,"max":0.000001907,"avg":0.000001907,"var":0.000000000,"sum":0.000001907}}}}},"65535:65535:9722976651498815487:2":{"rpc_id":9722976651498815487,"provider_id":2,"parent_rpc_id":65535,"parent_provider_id":65535,"name":"flock_get_view","origin":{"sent to ofi+cxi://0x06a6000d":{"iforward":{"duration":{"num":2,"min":0.000013113,"max":0.000046253,"avg":0.000029683,"var":0.000000001,"sum":0.000059366},"relative_timestamp_from_create":{"num":2,"min":0.000000238,"max":0.000001431,"avg":0.000000834,"var":0.000000000,"sum":0.000001669}},"forward_cb":{"duration":{"num":2,"min":0.000000238,"max":0.000000954,"avg":0.000000596,"var":0.000000000,"sum":0.000001192},"relative_timestamp_from_iforward_start":{"num":2,"min":0.051058769,"max":0.119302034,"avg":0.085180402,"var":0.002328572,"sum":0.170360804}},"iforward_wait":{"duration":{"num":2,"min":0.051012039,"max":0.119292259,"avg":0.085152149,"var":0.002331094,"sum":0.170304298},"relative_timestamp_from_iforward_end":{"num":2,"min":0.000000238,"max":0.000001669,"avg":0.000000954,"var":0.000000000,"sum":0.000001907}},"set_input":{"duration":{"num":2,"min":0.000000238,"max":0.000000477,"avg":0.000000358,"var":0.000000000,"sum":0.000000715},"relative_timestamp_from_iforward_start":{"num":2,"min":0.000001907,"max":0.000012636,"avg":0.000007272,"var":0.000000000,"sum":0.000014544}},"get_output":{"duration":{"num":2,"min":0.000001192,"max":0.000056505,"avg":0.000028849,"var":0.000000002,"sum":0.000057697},"relative_timestamp_from_wait_end":{"num":2,"min":0.000001192,"max":0.000001431,"avg":0.000001311,"var":0.000000000,"sum":0.000002623}}}}},"65535:65535:3669993900245843967:1":{"rpc_id":3669993900245843967,"provider_id":1,"parent_rpc_id":65535,"parent_provider_id":65535,"name":"qtn_work_rpc","origin":{"sent to ofi+cxi://0x06a72612":{"iforward":{"duration":{"num":22646,"min":0.000001192,"max":0.000051737,"avg":0.000001528,"var":0.000000008,"sum":0.034595728},"relative_timestamp_from_create":{"num":22646,"min":0.000000000,"max":0.000003576,"avg":0.000000073,"var":0.000000000,"sum":0.001647472}},"forward_cb":{"duration":{"num":22646,"min":0.000000000,"max":0.000001192,"avg":0.000000119,"var":0.000000000,"sum":0.002705097},"relative_timestamp_from_iforward_start":{"num":22646,"min":0.000008345,"max":0.000966311,"avg":0.000228091,"var":0.001597682,"sum":5.165350676}},"iforward_wait":{"duration":{"num":22646,"min":0.000005007,"max":0.000964880,"avg":0.000226943,"var":0.001597716,"sum":5.139340878},"relative_timestamp_from_iforward_end":{"num":22646,"min":0.000000000,"max":0.000002861,"avg":0.000000176,"var":0.000000000,"sum":0.003988981}},"set_input":{"duration":{"num":22646,"min":0.000000000,"max":0.000002384,"avg":0.000000076,"var":0.000000000,"sum":0.001714945},"relative_timestamp_from_iforward_start":{"num":22646,"min":0.000000477,"max":0.000014544,"avg":0.000000681,"var":0.000000001,"sum":0.015414238}},"get_output":{"duration":{"num":22646,"min":0.000000000,"max":0.000007391,"avg":0.000000089,"var":0.000000000,"sum":0.002021551},"relative_timestamp_from_wait_end":{"num":22646,"min":0.000000000,"max":0.000003099,"avg":0.000000159,"var":0.000000000,"sum":0.003602505}}}}}}}