{"address":"","progress_loop":{"progress_with_timeout":{"num":33361,"min":0.000001192,"max":0.104439259,"avg":0.000159358,"var":0.025989271,"sum":5.316342354},"progress_timeout_value_msec":{"num":33361,"min":100.000000000,"max":100.000000000,"avg":100.000000000,"var":0.000000000,"sum":3336100.000000000},"progress_without_timeout":{"num":0,"min":0.000000000,"max":0.000000000,"avg":0.000000000,"var":0.000000000,"sum":0.000000000},"trigger":{"num":33303,"min":0.000000238,"max":0.000011683,"avg":0.000000276,"var":0.000000001,"sum":0.009189606}},"rpcs":{"65535:65535:7940397281847607295:2":{"rpc_id":7940397281847607295,"provider_id":2,"parent_rpc_id":65535,"parent_provider_id":65535,"name":"__identity__","origin":{"sent to ofi+cxi://0x06a6000d":{"iforward":{"duration":{"num":1,"min":0.000095844,"max":0.000095844,"avg":0.000095844,"var":0.000000000,"sum":0.000095844},"relative_timestamp_from_create":{"num":1,"min":0.000003815,"max":0.000003815,"avg":0.000003815,"var":0.000000000,"sum":0.000003815}},"forward_cb":{"duration":{"num":1,"min":0.000002384,"max":0.000002384,"avg":0.000002384,"var":0.000000000,"sum":0.000002384},"relative_timestamp_from_iforward_start":{"num":1,"min":0.005603552,"max":0.005603552,"avg":0.005603552,"var":0.000000000,"sum":0.005603552}},"iforward_wait":{"duration":{"num":1,"min":0.005517483,"max":0.005517483,"avg":0.005517483,"var":0.000000000,"sum":0.005517483},"relative_timestamp_from_iforward_end":{"num":1,"min":0.000000238,"max":0.000000238,"avg":0.000000238,"var":0.000000000,"sum":0.000000238}},"set_input":{"duration":{"num":0,"min":0.000000000,"max":0.000000000,"avg":0.000000000,"var":0.000000000,"sum":0.000000000},"relative_timestamp_from_iforward_start":{"num":0,"min":0.000000000,"max":0.000000000,"avg":0.000000000,"var":0.000000000,"sum":0.000000000}},"get_output":{"duration":{"num":1,"min":0.000013590,"max":0.000013590,"avg":0.000013590,"var":0.000000000,"sum":0.000013590},"relative_timestamp_from_wait_end":{"num":1,"min":0.000001431,"max":0.000001431,"avg":0.000001431,"var":0.000000000,"sum":0.000001431}}}}},"65535:65535:9722976651498815487:2":{"rpc_id":9722976651498815487,"provider_id":2,"parent_rpc_id":65535,"parent_provider_id":65535,"name":"flock_get_view","origin":{"sent to ofi+cxi://0x06a6000d":{"iforward":{"duration":{"num":2,"min":0.000020742,"max":0.000044823,"avg":0.000032783,"var":0.000000000,"sum":0.000065565},"relative_timestamp_from_create":{"num":2,"min":0.000000715,"max":0.000002146,"avg":0.000001431,"var":0.000000000,"sum":0.000002861}},"forward_cb":{"duration":{"num":2,"min":0.000001192,"max":0.000001192,"avg":0.000001192,"var":0.000000000,"sum":0.000002384},"relative_timestamp_from_iforward_start":{"num":2,"min":0.060417175,"max":0.120049715,"avg":0.090233445,"var":0.001778020,"sum":0.180466890}},"iforward_wait":{"duration":{"num":2,"min":0.060374498,"max":0.120033026,"avg":0.090203762,"var":0.001779570,"sum":0.180407524},"relative_timestamp_from_iforward_end":{"num":2,"min":0.000000238,"max":0.000001431,"avg":0.000000834,"var":0.000000000,"sum":0.000001669}},"set_input":{"duration":{"num":2,"min":0.000000238,"max":0.000000477,"avg":0.000000358,"var":0.000000000,"sum":0.000000715},"relative_timestamp_from_iforward_start":{"num":2,"min":0.000006676,"max":0.000014305,"avg":0.000010490,"var":0.000000000,"sum":0.000020981}},"get_output":{"duration":{"num":2,"min":0.000001192,"max":0.000060081,"avg":0.000030637,"var":0.000000002,"sum":0.000061274},"relative_timestamp_from_wait_end":{"num":2,"min":0.000001192,"max":0.000002384,"avg":0.000001788,"var":0.000000000,"sum":0.000003576}}}}},"65535:65535:3669993900245843967:1":{"rpc_id":3669993900245843967,"provider_id":1,"parent_rpc_id":65535,"parent_provider_id":65535,"name":"qtn_work_rpc","origin":{"sent to ofi+cxi://0x06a78019":{"iforward":{"duration":{"num":33299,"min":0.000001192,"max":0.000047445,"avg":0.000001563,"var":0.000000007,"sum":0.052043915},"relative_timestamp_from_create":{"num":33299,"min":0.000000000,"max":0.000004292,"avg":0.000000073,"var":0.000000000,"sum":0.002414703}},"forward_cb":{"duration":{"num":33299,"min":0.000000000,"max":0.000011444,"avg":0.000000131,"var":0.000000001,"sum":0.004353285},"relative_timestamp_from_iforward_start":{"num":33299,"min":0.000008345,"max":0.000869036,"avg":0.000153058,"var":0.000521902,"sum":5.096685886}},"iforward_wait":{"duration":{"num":33299,"min":0.000002384,"max":0.000868082,"avg":0.000151868,"var":0.000521886,"sum":5.057067633},"relative_timestamp_from_iforward_end":{"num":33299,"min":0.000000000,"max":0.000005722,"avg":0.000000179,"var":0.000000000,"sum":0.005961418}},"set_input":{"duration":{"num":33299,"min":0.000000000,"max":0.000002623,"avg":0.000000084,"var":0.000000000,"sum":0.002809525},"relative_timestamp_from_iforward_start":{"num":33299,"min":0.000000477,"max":0.000012159,"avg":0.000000695,"var":0.000000001,"sum":0.023128986}},"get_output":{"duration":{"num":33299,"min":0.000000000,"max":0.000001192,"avg":0.000000089,"var":0.000000000,"sum":0.002961636},"relative_timestamp_from_wait_end":{"num":33299,"min":0.000000000,"max":0.000011444,"avg":0.000000160,"var":0.000000001,"sum":0.005327225}}}}}}}