{"address":"","progress_loop":{"progress_with_timeout":{"num":23229,"min":0.000000954,"max":0.103374004,"avg":0.000232734,"var":0.026712297,"sum":5.406168938},"progress_timeout_value_msec":{"num":23229,"min":100.000000000,"max":100.000000000,"avg":100.000000000,"var":0.000000000,"sum":2322900.000000000},"progress_without_timeout":{"num":0,"min":0.000000000,"max":0.000000000,"avg":0.000000000,"var":0.000000000,"sum":0.000000000},"trigger":{"num":23173,"min":0.000000238,"max":0.000008345,"avg":0.000000271,"var":0.000000000,"sum":0.006273508}},"rpcs":{"65535:65535:7940397281847607295:2":{"rpc_id":7940397281847607295,"provider_id":2,"parent_rpc_id":65535,"parent_provider_id":65535,"name":"__identity__","origin":{"sent to ofi+cxi://0x06a6000d":{"iforward":{"duration":{"num":1,"min":0.000147104,"max":0.000147104,"avg":0.000147104,"var":0.000000000,"sum":0.000147104},"relative_timestamp_from_create":{"num":1,"min":0.000004292,"max":0.000004292,"avg":0.000004292,"var":0.000000000,"sum":0.000004292}},"forward_cb":{"duration":{"num":1,"min":0.000002146,"max":0.000002146,"avg":0.000002146,"var":0.000000000,"sum":0.000002146},"relative_timestamp_from_iforward_start":{"num":1,"min":0.027432919,"max":0.027432919,"avg":0.027432919,"var":0.000000000,"sum":0.027432919}},"iforward_wait":{"duration":{"num":1,"min":0.027294159,"max":0.027294159,"avg":0.027294159,"var":0.000000000,"sum":0.027294159},"relative_timestamp_from_iforward_end":{"num":1,"min":0.000000238,"max":0.000000238,"avg":0.000000238,"var":0.000000000,"sum":0.000000238}},"set_input":{"duration":{"num":0,"min":0.000000000,"max":0.000000000,"avg":0.000000000,"var":0.000000000,"sum":0.000000000},"relative_timestamp_from_iforward_start":{"num":0,"min":0.000000000,"max":0.000000000,"avg":0.000000000,"var":0.000000000,"sum":0.000000000}},"get_output":{"duration":{"num":1,"min":0.000015974,"max":0.000015974,"avg":0.000015974,"var":0.000000000,"sum":0.000015974},"relative_timestamp_from_wait_end":{"num":1,"min":0.000001669,"max":0.000001669,"avg":0.000001669,"var":0.000000000,"sum":0.000001669}}}}},"65535:65535:9722976651498815487:2":{"rpc_id":9722976651498815487,"provider_id":2,"parent_rpc_id":65535,"parent_provider_id":65535,"name":"flock_get_view","origin":{"sent to ofi+cxi://0x06a6000d":{"iforward":{"duration":{"num":2,"min":0.000016451,"max":0.000040770,"avg":0.000028610,"var":0.000000000,"sum":0.000057220},"relative_timestamp_from_create":{"num":2,"min":0.000000477,"max":0.000001669,"avg":0.000001073,"var":0.000000000,"sum":0.000002146}},"forward_cb":{"duration":{"num":2,"min":0.000000477,"max":0.000000954,"avg":0.000000715,"var":0.000000000,"sum":0.000001431},"relative_timestamp_from_iforward_start":{"num":2,"min":0.069785833,"max":0.099157333,"avg":0.084471583,"var":0.000431343,"sum":0.168943167}},"iforward_wait":{"duration":{"num":2,"min":0.069773674,"max":0.099117756,"avg":0.084445715,"var":0.000430538,"sum":0.168891430},"relative_timestamp_from_iforward_end":{"num":2,"min":0.000000238,"max":0.000001431,"avg":0.000000834,"var":0.000000000,"sum":0.000001669}},"set_input":{"duration":{"num":2,"min":0.000000238,"max":0.000000238,"avg":0.000000238,"var":0.000000000,"sum":0.000000477},"relative_timestamp_from_iforward_start":{"num":2,"min":0.000005245,"max":0.000011921,"avg":0.000008583,"var":0.000000000,"sum":0.000017166}},"get_output":{"duration":{"num":2,"min":0.000001192,"max":0.000049114,"avg":0.000025153,"var":0.000000001,"sum":0.000050306},"relative_timestamp_from_wait_end":{"num":2,"min":0.000001192,"max":0.000001907,"avg":0.000001550,"var":0.000000000,"sum":0.000003099}}}}},"65535:65535:3669993900245843967:1":{"rpc_id":3669993900245843967,"provider_id":1,"parent_rpc_id":65535,"parent_provider_id":65535,"name":"qtn_work_rpc","origin":{"sent to ofi+cxi://0x06a7a417":{"iforward":{"duration":{"num":23169,"min":0.000001192,"max":0.000048876,"avg":0.000001557,"var":0.000000006,"sum":0.036077261},"relative_timestamp_from_create":{"num":23169,"min":0.000000000,"max":0.000002384,"avg":0.000000073,"var":0.000000000,"sum":0.001698732}},"forward_cb":{"duration":{"num":23169,"min":0.000000000,"max":0.000001431,"avg":0.000000120,"var":0.000000000,"sum":0.002770424},"relative_timestamp_from_iforward_start":{"num":23169,"min":0.000008583,"max":0.000961542,"avg":0.000222525,"var":0.000732022,"sum":5.155672550}},"iforward_wait":{"duration":{"num":23169,"min":0.000007391,"max":0.000961065,"avg":0.000221338,"var":0.000731997,"sum":5.128169298},"relative_timestamp_from_iforward_end":{"num":23169,"min":0.000000000,"max":0.000003099,"avg":0.000000175,"var":0.000000000,"sum":0.004053593}},"set_input":{"duration":{"num":23169,"min":0.000000000,"max":0.000002623,"avg":0.000000077,"var":0.000000000,"sum":0.001790047},"relative_timestamp_from_iforward_start":{"num":23169,"min":0.000000477,"max":0.000012636,"avg":0.000000688,"var":0.000000000,"sum":0.015945911}},"get_output":{"duration":{"num":23169,"min":0.000000000,"max":0.000000954,"avg":0.000000087,"var":0.000000000,"sum":0.002025127},"relative_timestamp_from_wait_end":{"num":23169,"min":0.000000000,"max":0.000004053,"avg":0.000000156,"var":0.000000000,"sum":0.003618002}}}}}}}