{"address":"","progress_loop":{"progress_with_timeout":{"num":25327,"min":0.000001192,"max":0.102350712,"avg":0.000211224,"var":0.025836832,"sum":5.349663258},"progress_timeout_value_msec":{"num":25327,"min":100.000000000,"max":100.000000000,"avg":100.000000000,"var":0.000000000,"sum":2532700.000000000},"progress_without_timeout":{"num":0,"min":0.000000000,"max":0.000000000,"avg":0.000000000,"var":0.000000000,"sum":0.000000000},"trigger":{"num":25202,"min":0.000000238,"max":0.000008821,"avg":0.000000270,"var":0.000000000,"sum":0.006801128}},"rpcs":{"65535:65535:7940397281847607295:2":{"rpc_id":7940397281847607295,"provider_id":2,"parent_rpc_id":65535,"parent_provider_id":65535,"name":"__identity__","origin":{"sent to ofi+cxi://0x06a6000d":{"iforward":{"duration":{"num":1,"min":0.000099659,"max":0.000099659,"avg":0.000099659,"var":0.000000000,"sum":0.000099659},"relative_timestamp_from_create":{"num":1,"min":0.000003815,"max":0.000003815,"avg":0.000003815,"var":0.000000000,"sum":0.000003815}},"forward_cb":{"duration":{"num":1,"min":0.000001192,"max":0.000001192,"avg":0.000001192,"var":0.000000000,"sum":0.000001192},"relative_timestamp_from_iforward_start":{"num":1,"min":0.008368731,"max":0.008368731,"avg":0.008368731,"var":0.000000000,"sum":0.008368731}},"iforward_wait":{"duration":{"num":1,"min":0.008274317,"max":0.008274317,"avg":0.008274317,"var":0.000000000,"sum":0.008274317},"relative_timestamp_from_iforward_end":{"num":1,"min":0.000000715,"max":0.000000715,"avg":0.000000715,"var":0.000000000,"sum":0.000000715}},"set_input":{"duration":{"num":0,"min":0.000000000,"max":0.000000000,"avg":0.000000000,"var":0.000000000,"sum":0.000000000},"relative_timestamp_from_iforward_start":{"num":0,"min":0.000000000,"max":0.000000000,"avg":0.000000000,"var":0.000000000,"sum":0.000000000}},"get_output":{"duration":{"num":1,"min":0.000007868,"max":0.000007868,"avg":0.000007868,"var":0.000000000,"sum":0.000007868},"relative_timestamp_from_wait_end":{"num":1,"min":0.000001431,"max":0.000001431,"avg":0.000001431,"var":0.000000000,"sum":0.000001431}}}}},"65535:65535:9722976651498815487:2":{"rpc_id":9722976651498815487,"provider_id":2,"parent_rpc_id":65535,"parent_provider_id":65535,"name":"flock_get_view","origin":{"sent to ofi+cxi://0x06a6000d":{"iforward":{"duration":{"num":2,"min":0.000018597,"max":0.000021935,"avg":0.000020266,"var":0.000000000,"sum":0.000040531},"relative_timestamp_from_create":{"num":2,"min":0.000000715,"max":0.000001431,"avg":0.000001073,"var":0.000000000,"sum":0.000002146}},"forward_cb":{"duration":{"num":2,"min":0.000000715,"max":0.000000715,"avg":0.000000715,"var":0.000000000,"sum":0.000001431},"relative_timestamp_from_iforward_start":{"num":2,"min":0.064244270,"max":0.115118265,"avg":0.089681268,"var":0.001294082,"sum":0.179362535}},"iforward_wait":{"duration":{"num":2,"min":0.064224482,"max":0.115102768,"avg":0.089663625,"var":0.001294300,"sum":0.179327250},"relative_timestamp_from_iforward_end":{"num":2,"min":0.000000238,"max":0.000001192,"avg":0.000000715,"var":0.000000000,"sum":0.000001431}},"set_input":{"duration":{"num":2,"min":0.000000238,"max":0.000000238,"avg":0.000000238,"var":0.000000000,"sum":0.000000477},"relative_timestamp_from_iforward_start":{"num":2,"min":0.000005960,"max":0.000006437,"avg":0.000006199,"var":0.000000000,"sum":0.000012398}},"get_output":{"duration":{"num":2,"min":0.000001192,"max":0.000058174,"avg":0.000029683,"var":0.000000002,"sum":0.000059366},"relative_timestamp_from_wait_end":{"num":2,"min":0.000000954,"max":0.000001907,"avg":0.000001431,"var":0.000000000,"sum":0.000002861}}}}},"65535:65535:3669993900245843967:1":{"rpc_id":3669993900245843967,"provider_id":1,"parent_rpc_id":65535,"parent_provider_id":65535,"name":"qtn_work_rpc","origin":{"sent to ofi+cxi://0x06a70210":{"iforward":{"duration":{"num":25198,"min":0.000001192,"max":0.000045776,"avg":0.000001547,"var":0.000000007,"sum":0.038987398},"relative_timestamp_from_create":{"num":25198,"min":0.000000000,"max":0.000001192,"avg":0.000000072,"var":0.000000000,"sum":0.001813650}},"forward_cb":{"duration":{"num":25198,"min":0.000000000,"max":0.000001192,"avg":0.000000122,"var":0.000000000,"sum":0.003082514},"relative_timestamp_from_iforward_start":{"num":25198,"min":0.000008583,"max":0.000817299,"avg":0.000202911,"var":0.000844435,"sum":5.112953663}},"iforward_wait":{"duration":{"num":25198,"min":0.000007391,"max":0.000815868,"avg":0.000201746,"var":0.000844414,"sum":5.083592176},"relative_timestamp_from_iforward_end":{"num":25198,"min":0.000000000,"max":0.000000715,"avg":0.000000174,"var":0.000000000,"sum":0.004378080}},"set_input":{"duration":{"num":25198,"min":0.000000000,"max":0.000001907,"avg":0.000000081,"var":0.000000000,"sum":0.002041817},"relative_timestamp_from_iforward_start":{"num":25198,"min":0.000000477,"max":0.000013590,"avg":0.000000694,"var":0.000000001,"sum":0.017493010}},"get_output":{"duration":{"num":25198,"min":0.000000000,"max":0.000003815,"avg":0.000000092,"var":0.000000000,"sum":0.002309322},"relative_timestamp_from_wait_end":{"num":25198,"min":0.000000000,"max":0.000004292,"avg":0.000000158,"var":0.000000000,"sum":0.003985167}}}}}}}