{"address":"","progress_loop":{"progress_with_timeout":{"num":30888,"min":0.000001192,"max":0.102268457,"avg":0.000174223,"var":0.025956172,"sum":5.381389380},"progress_timeout_value_msec":{"num":30888,"min":100.000000000,"max":100.000000000,"avg":100.000000000,"var":0.000000000,"sum":3088800.000000000},"progress_without_timeout":{"num":0,"min":0.000000000,"max":0.000000000,"avg":0.000000000,"var":0.000000000,"sum":0.000000000},"trigger":{"num":30789,"min":0.000000238,"max":0.000006437,"avg":0.000000272,"var":0.000000000,"sum":0.008381128}},"rpcs":{"65535:65535:7940397281847607295:2":{"rpc_id":7940397281847607295,"provider_id":2,"parent_rpc_id":65535,"parent_provider_id":65535,"name":"__identity__","origin":{"sent to ofi+cxi://0x06a6000d":{"iforward":{"duration":{"num":1,"min":0.000135660,"max":0.000135660,"avg":0.000135660,"var":0.000000000,"sum":0.000135660},"relative_timestamp_from_create":{"num":1,"min":0.000003815,"max":0.000003815,"avg":0.000003815,"var":0.000000000,"sum":0.000003815}},"forward_cb":{"duration":{"num":1,"min":0.000001669,"max":0.000001669,"avg":0.000001669,"var":0.000000000,"sum":0.000001669},"relative_timestamp_from_iforward_start":{"num":1,"min":0.026867867,"max":0.026867867,"avg":0.026867867,"var":0.000000000,"sum":0.026867867}},"iforward_wait":{"duration":{"num":1,"min":0.026738405,"max":0.026738405,"avg":0.026738405,"var":0.000000000,"sum":0.026738405},"relative_timestamp_from_iforward_end":{"num":1,"min":0.000000238,"max":0.000000238,"avg":0.000000238,"var":0.000000000,"sum":0.000000238}},"set_input":{"duration":{"num":0,"min":0.000000000,"max":0.000000000,"avg":0.000000000,"var":0.000000000,"sum":0.000000000},"relative_timestamp_from_iforward_start":{"num":0,"min":0.000000000,"max":0.000000000,"avg":0.000000000,"var":0.000000000,"sum":0.000000000}},"get_output":{"duration":{"num":1,"min":0.000011206,"max":0.000011206,"avg":0.000011206,"var":0.000000000,"sum":0.000011206},"relative_timestamp_from_wait_end":{"num":1,"min":0.000001431,"max":0.000001431,"avg":0.000001431,"var":0.000000000,"sum":0.000001431}}}}},"65535:65535:9722976651498815487:2":{"rpc_id":9722976651498815487,"provider_id":2,"parent_rpc_id":65535,"parent_provider_id":65535,"name":"flock_get_view","origin":{"sent to ofi+cxi://0x06a6000d":{"iforward":{"duration":{"num":2,"min":0.000011206,"max":0.000038147,"avg":0.000024676,"var":0.000000000,"sum":0.000049353},"relative_timestamp_from_create":{"num":2,"min":0.000000238,"max":0.000001431,"avg":0.000000834,"var":0.000000000,"sum":0.000001669}},"forward_cb":{"duration":{"num":2,"min":0.000000238,"max":0.000000238,"avg":0.000000238,"var":0.000000000,"sum":0.000000477},"relative_timestamp_from_iforward_start":{"num":2,"min":0.070317745,"max":0.098790407,"avg":0.084554076,"var":0.000405346,"sum":0.169108152}},"iforward_wait":{"duration":{"num":2,"min":0.070307016,"max":0.098751545,"avg":0.084529281,"var":0.000404546,"sum":0.169058561},"relative_timestamp_from_iforward_end":{"num":2,"min":0.000000238,"max":0.000001431,"avg":0.000000834,"var":0.000000000,"sum":0.000001669}},"set_input":{"duration":{"num":2,"min":0.000000000,"max":0.000000238,"avg":0.000000119,"var":0.000000000,"sum":0.000000238},"relative_timestamp_from_iforward_start":{"num":2,"min":0.000001431,"max":0.000010967,"avg":0.000006199,"var":0.000000000,"sum":0.000012398}},"get_output":{"duration":{"num":2,"min":0.000000238,"max":0.000053167,"avg":0.000026703,"var":0.000000001,"sum":0.000053406},"relative_timestamp_from_wait_end":{"num":2,"min":0.000000238,"max":0.000000954,"avg":0.000000596,"var":0.000000000,"sum":0.000001192}}}}},"65535:65535:3669993900245843967:1":{"rpc_id":3669993900245843967,"provider_id":1,"parent_rpc_id":65535,"parent_provider_id":65535,"name":"qtn_work_rpc","origin":{"sent to ofi+cxi://0x06a76012":{"iforward":{"duration":{"num":30785,"min":0.000001431,"max":0.000034571,"avg":0.000001586,"var":0.000000005,"sum":0.048835754},"relative_timestamp_from_create":{"num":30785,"min":0.000000000,"max":0.000007391,"avg":0.000000073,"var":0.000000000,"sum":0.002242565}},"forward_cb":{"duration":{"num":30785,"min":0.000000000,"max":0.000005960,"avg":0.000000124,"var":0.000000001,"sum":0.003809452},"relative_timestamp_from_iforward_start":{"num":30785,"min":0.000008583,"max":0.000681877,"avg":0.000167314,"var":0.000310889,"sum":5.150746822}},"iforward_wait":{"duration":{"num":30785,"min":0.000006437,"max":0.000680923,"avg":0.000166106,"var":0.000310832,"sum":5.113588572},"relative_timestamp_from_iforward_end":{"num":30785,"min":0.000000000,"max":0.000003099,"avg":0.000000178,"var":0.000000000,"sum":0.005492926}},"set_input":{"duration":{"num":30785,"min":0.000000000,"max":0.000001907,"avg":0.000000073,"var":0.000000000,"sum":0.002234459},"relative_timestamp_from_iforward_start":{"num":30785,"min":0.000000477,"max":0.000006437,"avg":0.000000683,"var":0.000000000,"sum":0.021039963}},"get_output":{"duration":{"num":30785,"min":0.000000000,"max":0.000003099,"avg":0.000000088,"var":0.000000000,"sum":0.002706051},"relative_timestamp_from_wait_end":{"num":30785,"min":0.000000000,"max":0.000003099,"avg":0.000000150,"var":0.000000000,"sum":0.004614830}}}}}}}