{"address":"","progress_loop":{"progress_with_timeout":{"num":23027,"min":0.000001192,"max":0.100357771,"avg":0.000234231,"var":0.026506400,"sum":5.393646479},"progress_timeout_value_msec":{"num":23027,"min":100.000000000,"max":100.000000000,"avg":100.000000000,"var":0.000000000,"sum":2302700.000000000},"progress_without_timeout":{"num":0,"min":0.000000000,"max":0.000000000,"avg":0.000000000,"var":0.000000000,"sum":0.000000000},"trigger":{"num":22975,"min":0.000000238,"max":0.000008821,"avg":0.000000280,"var":0.000000000,"sum":0.006434679}},"rpcs":{"65535:65535:7940397281847607295:2":{"rpc_id":7940397281847607295,"provider_id":2,"parent_rpc_id":65535,"parent_provider_id":65535,"name":"__identity__","origin":{"sent to ofi+cxi://0x06a6000d":{"iforward":{"duration":{"num":1,"min":0.000547409,"max":0.000547409,"avg":0.000547409,"var":0.000000000,"sum":0.000547409},"relative_timestamp_from_create":{"num":1,"min":0.000013113,"max":0.000013113,"avg":0.000013113,"var":0.000000000,"sum":0.000013113}},"forward_cb":{"duration":{"num":1,"min":0.000002146,"max":0.000002146,"avg":0.000002146,"var":0.000000000,"sum":0.000002146},"relative_timestamp_from_iforward_start":{"num":1,"min":0.014102221,"max":0.014102221,"avg":0.014102221,"var":0.000000000,"sum":0.014102221}},"iforward_wait":{"duration":{"num":1,"min":0.013562441,"max":0.013562441,"avg":0.013562441,"var":0.000000000,"sum":0.013562441},"relative_timestamp_from_iforward_end":{"num":1,"min":0.000000238,"max":0.000000238,"avg":0.000000238,"var":0.000000000,"sum":0.000000238}},"set_input":{"duration":{"num":0,"min":0.000000000,"max":0.000000000,"avg":0.000000000,"var":0.000000000,"sum":0.000000000},"relative_timestamp_from_iforward_start":{"num":0,"min":0.000000000,"max":0.000000000,"avg":0.000000000,"var":0.000000000,"sum":0.000000000}},"get_output":{"duration":{"num":1,"min":0.000010729,"max":0.000010729,"avg":0.000010729,"var":0.000000000,"sum":0.000010729},"relative_timestamp_from_wait_end":{"num":1,"min":0.000001669,"max":0.000001669,"avg":0.000001669,"var":0.000000000,"sum":0.000001669}}}}},"65535:65535:9722976651498815487:2":{"rpc_id":9722976651498815487,"provider_id":2,"parent_rpc_id":65535,"parent_provider_id":65535,"name":"flock_get_view","origin":{"sent to ofi+cxi://0x06a6000d":{"iforward":{"duration":{"num":2,"min":0.000018835,"max":0.000039339,"avg":0.000029087,"var":0.000000000,"sum":0.000058174},"relative_timestamp_from_create":{"num":2,"min":0.000000715,"max":0.000001907,"avg":0.000001311,"var":0.000000000,"sum":0.000002623}},"forward_cb":{"duration":{"num":2,"min":0.000000954,"max":0.000001192,"avg":0.000001073,"var":0.000000000,"sum":0.000002146},"relative_timestamp_from_iforward_start":{"num":2,"min":0.075426817,"max":0.100379705,"avg":0.087903261,"var":0.000311323,"sum":0.175806522}},"iforward_wait":{"duration":{"num":2,"min":0.075389147,"max":0.100365400,"avg":0.087877274,"var":0.000311907,"sum":0.175754547},"relative_timestamp_from_iforward_end":{"num":2,"min":0.000000238,"max":0.000001669,"avg":0.000000954,"var":0.000000000,"sum":0.000001907}},"set_input":{"duration":{"num":2,"min":0.000000238,"max":0.000000477,"avg":0.000000358,"var":0.000000000,"sum":0.000000715},"relative_timestamp_from_iforward_start":{"num":2,"min":0.000005960,"max":0.000011921,"avg":0.000008941,"var":0.000000000,"sum":0.000017881}},"get_output":{"duration":{"num":2,"min":0.000001431,"max":0.000054836,"avg":0.000028133,"var":0.000000001,"sum":0.000056267},"relative_timestamp_from_wait_end":{"num":2,"min":0.000001192,"max":0.000002384,"avg":0.000001788,"var":0.000000000,"sum":0.000003576}}}}},"65535:65535:3669993900245843967:1":{"rpc_id":3669993900245843967,"provider_id":1,"parent_rpc_id":65535,"parent_provider_id":65535,"name":"qtn_work_rpc","origin":{"sent to ofi+cxi://0x06a74619":{"iforward":{"duration":{"num":22971,"min":0.000001431,"max":0.000049353,"avg":0.000001583,"var":0.000000006,"sum":0.036351681},"relative_timestamp_from_create":{"num":22971,"min":0.000000000,"max":0.000001431,"avg":0.000000074,"var":0.000000000,"sum":0.001698256}},"forward_cb":{"duration":{"num":22971,"min":0.000000000,"max":0.000001431,"avg":0.000000126,"var":0.000000000,"sum":0.002889872},"relative_timestamp_from_iforward_start":{"num":22971,"min":0.000008821,"max":0.000854731,"avg":0.000224383,"var":0.000697062,"sum":5.154303551}},"iforward_wait":{"duration":{"num":22971,"min":0.000004768,"max":0.000853539,"avg":0.000223184,"var":0.000697014,"sum":5.126749039},"relative_timestamp_from_iforward_end":{"num":22971,"min":0.000000000,"max":0.000003338,"avg":0.000000183,"var":0.000000000,"sum":0.004205227}},"set_input":{"duration":{"num":22971,"min":0.000000000,"max":0.000001669,"avg":0.000000082,"var":0.000000000,"sum":0.001879454},"relative_timestamp_from_iforward_start":{"num":22971,"min":0.000000477,"max":0.000013590,"avg":0.000000704,"var":0.000000000,"sum":0.016170979}},"get_output":{"duration":{"num":22971,"min":0.000000000,"max":0.000001431,"avg":0.000000090,"var":0.000000000,"sum":0.002059937},"relative_timestamp_from_wait_end":{"num":22971,"min":0.000000000,"max":0.000004053,"avg":0.000000155,"var":0.000000000,"sum":0.003552675}}}}}}}