{"address":"","progress_loop":{"progress_with_timeout":{"num":1697,"min":0.000002623,"max":0.100150108,"avg":0.007113090,"var":0.029464837,"sum":12.070913076},"progress_timeout_value_msec":{"num":1697,"min":100.000000000,"max":100.000000000,"avg":100.000000000,"var":0.000000000,"sum":169700.000000000},"progress_without_timeout":{"num":0,"min":0.000000000,"max":0.000000000,"avg":0.000000000,"var":0.000000000,"sum":0.000000000},"trigger":{"num":1693,"min":0.000000238,"max":0.000008583,"avg":0.000000299,"var":0.000000000,"sum":0.000506163}},"rpcs":{"65535:65535:7940397281847607295:2":{"rpc_id":7940397281847607295,"provider_id":2,"parent_rpc_id":65535,"parent_provider_id":65535,"name":"__identity__","origin":{"sent to ofi+cxi://0x06a6000d":{"iforward":{"duration":{"num":1,"min":0.000190496,"max":0.000190496,"avg":0.000190496,"var":0.000000000,"sum":0.000190496},"relative_timestamp_from_create":{"num":1,"min":0.000030994,"max":0.000030994,"avg":0.000030994,"var":0.000000000,"sum":0.000030994}},"forward_cb":{"duration":{"num":1,"min":0.000000954,"max":0.000000954,"avg":0.000000954,"var":0.000000000,"sum":0.000000954},"relative_timestamp_from_iforward_start":{"num":1,"min":0.023125887,"max":0.023125887,"avg":0.023125887,"var":0.000000000,"sum":0.023125887}},"iforward_wait":{"duration":{"num":1,"min":0.022939920,"max":0.022939920,"avg":0.022939920,"var":0.000000000,"sum":0.022939920},"relative_timestamp_from_iforward_end":{"num":1,"min":0.000000238,"max":0.000000238,"avg":0.000000238,"var":0.000000000,"sum":0.000000238}},"set_input":{"duration":{"num":0,"min":0.000000000,"max":0.000000000,"avg":0.000000000,"var":0.000000000,"sum":0.000000000},"relative_timestamp_from_iforward_start":{"num":0,"min":0.000000000,"max":0.000000000,"avg":0.000000000,"var":0.000000000,"sum":0.000000000}},"get_output":{"duration":{"num":1,"min":0.000007868,"max":0.000007868,"avg":0.000007868,"var":0.000000000,"sum":0.000007868},"relative_timestamp_from_wait_end":{"num":1,"min":0.000000954,"max":0.000000954,"avg":0.000000954,"var":0.000000000,"sum":0.000000954}}}}},"65535:65535:9722976651498815487:2":{"rpc_id":9722976651498815487,"provider_id":2,"parent_rpc_id":65535,"parent_provider_id":65535,"name":"flock_get_view","origin":{"sent to ofi+cxi://0x06a6000d":{"iforward":{"duration":{"num":2,"min":0.000016928,"max":0.000019073,"avg":0.000018001,"var":0.000000000,"sum":0.000036001},"relative_timestamp_from_create":{"num":2,"min":0.000000477,"max":0.000001192,"avg":0.000000834,"var":0.000000000,"sum":0.000001669}},"forward_cb":{"duration":{"num":2,"min":0.000000238,"max":0.000000954,"avg":0.000000596,"var":0.000000000,"sum":0.000001192},"relative_timestamp_from_iforward_start":{"num":2,"min":0.049514532,"max":0.091464996,"avg":0.070489764,"var":0.000879921,"sum":0.140979528}},"iforward_wait":{"duration":{"num":2,"min":0.049496174,"max":0.091450214,"avg":0.070473194,"var":0.000880071,"sum":0.140946388},"relative_timestamp_from_iforward_end":{"num":2,"min":0.000000238,"max":0.000001192,"avg":0.000000715,"var":0.000000000,"sum":0.000001431}},"set_input":{"duration":{"num":2,"min":0.000000238,"max":0.000000238,"avg":0.000000238,"var":0.000000000,"sum":0.000000477},"relative_timestamp_from_iforward_start":{"num":2,"min":0.000004530,"max":0.000006199,"avg":0.000005364,"var":0.000000000,"sum":0.000010729}},"get_output":{"duration":{"num":2,"min":0.000000477,"max":0.000064135,"avg":0.000032306,"var":0.000000002,"sum":0.000064611},"relative_timestamp_from_wait_end":{"num":2,"min":0.000000238,"max":0.000002384,"avg":0.000001311,"var":0.000000000,"sum":0.000002623}}}}},"65535:65535:3669993900245843967:1":{"rpc_id":3669993900245843967,"provider_id":1,"parent_rpc_id":65535,"parent_provider_id":65535,"name":"qtn_work_rpc","origin":{"sent to ofi+cxi://0x06a6e419":{"iforward":{"duration":{"num":1689,"min":0.000001431,"max":0.000032425,"avg":0.000001834,"var":0.000000004,"sum":0.003098249},"relative_timestamp_from_create":{"num":1689,"min":0.000002384,"max":0.001328230,"avg":0.000003656,"var":0.000001756,"sum":0.006175518}},"forward_cb":{"duration":{"num":1689,"min":0.000000000,"max":0.000001431,"avg":0.000000135,"var":0.000000000,"sum":0.000227213},"relative_timestamp_from_iforward_start":{"num":1689,"min":0.000412226,"max":0.026463509,"avg":0.006993200,"var":0.011443615,"sum":11.811514854}},"iforward_wait":{"duration":{"num":1689,"min":0.000411034,"max":0.026462078,"avg":0.006991762,"var":0.011442902,"sum":11.809085846},"relative_timestamp_from_iforward_end":{"num":1689,"min":0.000000000,"max":0.000000715,"avg":0.000000195,"var":0.000000000,"sum":0.000329256}},"set_input":{"duration":{"num":1689,"min":0.000000000,"max":0.000004530,"avg":0.000000127,"var":0.000000000,"sum":0.000214577},"relative_timestamp_from_iforward_start":{"num":1689,"min":0.000000477,"max":0.000006914,"avg":0.000000707,"var":0.000000000,"sum":0.001194954}},"get_output":{"duration":{"num":1689,"min":0.000000000,"max":0.000000715,"avg":0.000000084,"var":0.000000000,"sum":0.000141621},"relative_timestamp_from_wait_end":{"num":1689,"min":0.000000000,"max":0.000002861,"avg":0.000000162,"var":0.000000000,"sum":0.000273943}}}}},"65535:65535:65535:65535":{"rpc_id":65535,"provider_id":65535,"parent_rpc_id":65535,"parent_provider_id":65535,"name":"","target":{"received from <unknown>":{"bulk":{"create":{"duration":{"num":1689,"min":0.000002384,"max":0.001323938,"avg":0.000003449,"var":0.000001745,"sum":0.005824804},"size":{"num":1689,"min":4194304.000000000,"max":4194304.000000000,"avg":4194304.000000000,"var":0.000000000,"sum":7084179456.000000000}}}}}}}}