{"address":"","progress_loop":{"progress_with_timeout":{"num":1765,"min":0.000002146,"max":0.101194620,"avg":0.006590079,"var":0.038192655,"sum":11.631489515},"progress_timeout_value_msec":{"num":1765,"min":100.000000000,"max":100.000000000,"avg":100.000000000,"var":0.000000000,"sum":176500.000000000},"progress_without_timeout":{"num":0,"min":0.000000000,"max":0.000000000,"avg":0.000000000,"var":0.000000000,"sum":0.000000000},"trigger":{"num":1761,"min":0.000000238,"max":0.000009060,"avg":0.000000296,"var":0.000000000,"sum":0.000521898}},"rpcs":{"65535:65535:7940397281847607295:2":{"rpc_id":7940397281847607295,"provider_id":2,"parent_rpc_id":65535,"parent_provider_id":65535,"name":"__identity__","origin":{"sent to ofi+cxi://0x06a6000d":{"iforward":{"duration":{"num":1,"min":0.000084639,"max":0.000084639,"avg":0.000084639,"var":0.000000000,"sum":0.000084639},"relative_timestamp_from_create":{"num":1,"min":0.000004292,"max":0.000004292,"avg":0.000004292,"var":0.000000000,"sum":0.000004292}},"forward_cb":{"duration":{"num":1,"min":0.000002146,"max":0.000002146,"avg":0.000002146,"var":0.000000000,"sum":0.000002146},"relative_timestamp_from_iforward_start":{"num":1,"min":0.016069651,"max":0.016069651,"avg":0.016069651,"var":0.000000000,"sum":0.016069651}},"iforward_wait":{"duration":{"num":1,"min":0.015993595,"max":0.015993595,"avg":0.015993595,"var":0.000000000,"sum":0.015993595},"relative_timestamp_from_iforward_end":{"num":1,"min":0.000000238,"max":0.000000238,"avg":0.000000238,"var":0.000000000,"sum":0.000000238}},"set_input":{"duration":{"num":0,"min":0.000000000,"max":0.000000000,"avg":0.000000000,"var":0.000000000,"sum":0.000000000},"relative_timestamp_from_iforward_start":{"num":0,"min":0.000000000,"max":0.000000000,"avg":0.000000000,"var":0.000000000,"sum":0.000000000}},"get_output":{"duration":{"num":1,"min":0.000016689,"max":0.000016689,"avg":0.000016689,"var":0.000000000,"sum":0.000016689},"relative_timestamp_from_wait_end":{"num":1,"min":0.000001907,"max":0.000001907,"avg":0.000001907,"var":0.000000000,"sum":0.000001907}}}}},"65535:65535:9722976651498815487:2":{"rpc_id":9722976651498815487,"provider_id":2,"parent_rpc_id":65535,"parent_provider_id":65535,"name":"flock_get_view","origin":{"sent to ofi+cxi://0x06a6000d":{"iforward":{"duration":{"num":2,"min":0.000020504,"max":0.000044823,"avg":0.000032663,"var":0.000000000,"sum":0.000065327},"relative_timestamp_from_create":{"num":2,"min":0.000000477,"max":0.000002146,"avg":0.000001311,"var":0.000000000,"sum":0.000002623}},"forward_cb":{"duration":{"num":2,"min":0.000000238,"max":0.000000715,"avg":0.000000477,"var":0.000000000,"sum":0.000000954},"relative_timestamp_from_iforward_start":{"num":2,"min":0.057337999,"max":0.077378511,"avg":0.067358255,"var":0.000200811,"sum":0.134716511}},"iforward_wait":{"duration":{"num":2,"min":0.057295084,"max":0.077358723,"avg":0.067326903,"var":0.000201275,"sum":0.134653807},"relative_timestamp_from_iforward_end":{"num":2,"min":0.000000238,"max":0.000001431,"avg":0.000000834,"var":0.000000000,"sum":0.000001669}},"set_input":{"duration":{"num":2,"min":0.000000238,"max":0.000000477,"avg":0.000000358,"var":0.000000000,"sum":0.000000715},"relative_timestamp_from_iforward_start":{"num":2,"min":0.000006437,"max":0.000012875,"avg":0.000009656,"var":0.000000000,"sum":0.000019312}},"get_output":{"duration":{"num":2,"min":0.000000477,"max":0.000055552,"avg":0.000028014,"var":0.000000002,"sum":0.000056028},"relative_timestamp_from_wait_end":{"num":2,"min":0.000000477,"max":0.000002623,"avg":0.000001550,"var":0.000000000,"sum":0.000003099}}}}},"65535:65535:3669993900245843967:1":{"rpc_id":3669993900245843967,"provider_id":1,"parent_rpc_id":65535,"parent_provider_id":65535,"name":"qtn_work_rpc","origin":{"sent to ofi+cxi://0x06a62016":{"iforward":{"duration":{"num":1757,"min":0.000001431,"max":0.000033855,"avg":0.000001811,"var":0.000000004,"sum":0.003181934},"relative_timestamp_from_create":{"num":1757,"min":0.000002384,"max":0.001573801,"avg":0.000003756,"var":0.000002467,"sum":0.006598711}},"forward_cb":{"duration":{"num":1757,"min":0.000000000,"max":0.000001192,"avg":0.000000135,"var":0.000000000,"sum":0.000237226},"relative_timestamp_from_iforward_start":{"num":1757,"min":0.000496626,"max":0.030121088,"avg":0.006479184,"var":0.021383088,"sum":11.383925438}},"iforward_wait":{"duration":{"num":1757,"min":0.000495434,"max":0.030119896,"avg":0.006477768,"var":0.021383121,"sum":11.381438732},"relative_timestamp_from_iforward_end":{"num":1757,"min":0.000000000,"max":0.000000715,"avg":0.000000183,"var":0.000000000,"sum":0.000322104}},"set_input":{"duration":{"num":1757,"min":0.000000000,"max":0.000004530,"avg":0.000000123,"var":0.000000000,"sum":0.000215769},"relative_timestamp_from_iforward_start":{"num":1757,"min":0.000000477,"max":0.000007868,"avg":0.000000737,"var":0.000000000,"sum":0.001295328}},"get_output":{"duration":{"num":1757,"min":0.000000000,"max":0.000000477,"avg":0.000000089,"var":0.000000000,"sum":0.000156403},"relative_timestamp_from_wait_end":{"num":1757,"min":0.000000000,"max":0.000003338,"avg":0.000000156,"var":0.000000000,"sum":0.000273228}}}}},"65535:65535:65535:65535":{"rpc_id":65535,"provider_id":65535,"parent_rpc_id":65535,"parent_provider_id":65535,"name":"","target":{"received from <unknown>":{"bulk":{"create":{"duration":{"num":1757,"min":0.000002384,"max":0.001569033,"avg":0.000003549,"var":0.000002452,"sum":0.006236315},"size":{"num":1757,"min":4194304.000000000,"max":4194304.000000000,"avg":4194304.000000000,"var":0.000000000,"sum":7369392128.000000000}}}}}}}}