{"address":"","progress_loop":{"progress_with_timeout":{"num":1623,"min":0.000001669,"max":0.103368759,"avg":0.007583725,"var":0.045322177,"sum":12.308386326},"progress_timeout_value_msec":{"num":1623,"min":100.000000000,"max":100.000000000,"avg":100.000000000,"var":0.000000000,"sum":162300.000000000},"progress_without_timeout":{"num":0,"min":0.000000000,"max":0.000000000,"avg":0.000000000,"var":0.000000000,"sum":0.000000000},"trigger":{"num":1618,"min":0.000000238,"max":0.000007153,"avg":0.000000301,"var":0.000000000,"sum":0.000487566}},"rpcs":{"65535:65535:7940397281847607295:2":{"rpc_id":7940397281847607295,"provider_id":2,"parent_rpc_id":65535,"parent_provider_id":65535,"name":"__identity__","origin":{"sent to ofi+cxi://0x06a6000d":{"iforward":{"duration":{"num":1,"min":0.000648022,"max":0.000648022,"avg":0.000648022,"var":0.000000000,"sum":0.000648022},"relative_timestamp_from_create":{"num":1,"min":0.000027180,"max":0.000027180,"avg":0.000027180,"var":0.000000000,"sum":0.000027180}},"forward_cb":{"duration":{"num":1,"min":0.000002861,"max":0.000002861,"avg":0.000002861,"var":0.000000000,"sum":0.000002861},"relative_timestamp_from_iforward_start":{"num":1,"min":0.010378838,"max":0.010378838,"avg":0.010378838,"var":0.000000000,"sum":0.010378838}},"iforward_wait":{"duration":{"num":1,"min":0.009740353,"max":0.009740353,"avg":0.009740353,"var":0.000000000,"sum":0.009740353},"relative_timestamp_from_iforward_end":{"num":1,"min":0.000000238,"max":0.000000238,"avg":0.000000238,"var":0.000000000,"sum":0.000000238}},"set_input":{"duration":{"num":0,"min":0.000000000,"max":0.000000000,"avg":0.000000000,"var":0.000000000,"sum":0.000000000},"relative_timestamp_from_iforward_start":{"num":0,"min":0.000000000,"max":0.000000000,"avg":0.000000000,"var":0.000000000,"sum":0.000000000}},"get_output":{"duration":{"num":1,"min":0.000017643,"max":0.000017643,"avg":0.000017643,"var":0.000000000,"sum":0.000017643},"relative_timestamp_from_wait_end":{"num":1,"min":0.000001669,"max":0.000001669,"avg":0.000001669,"var":0.000000000,"sum":0.000001669}}}}},"65535:65535:9722976651498815487:2":{"rpc_id":9722976651498815487,"provider_id":2,"parent_rpc_id":65535,"parent_provider_id":65535,"name":"flock_get_view","origin":{"sent to ofi+cxi://0x06a6000d":{"iforward":{"duration":{"num":2,"min":0.000013113,"max":0.000043154,"avg":0.000028133,"var":0.000000000,"sum":0.000056267},"relative_timestamp_from_create":{"num":2,"min":0.000000238,"max":0.000001669,"avg":0.000000954,"var":0.000000000,"sum":0.000001907}},"forward_cb":{"duration":{"num":2,"min":0.000000238,"max":0.000000238,"avg":0.000000238,"var":0.000000000,"sum":0.000000477},"relative_timestamp_from_iforward_start":{"num":2,"min":0.043759823,"max":0.092707872,"avg":0.068233848,"var":0.001197956,"sum":0.136467695}},"iforward_wait":{"duration":{"num":2,"min":0.043716192,"max":0.092695475,"avg":0.068205833,"var":0.001199485,"sum":0.136411667},"relative_timestamp_from_iforward_end":{"num":2,"min":0.000000238,"max":0.000001669,"avg":0.000000954,"var":0.000000000,"sum":0.000001907}},"set_input":{"duration":{"num":2,"min":0.000000238,"max":0.000000238,"avg":0.000000238,"var":0.000000000,"sum":0.000000477},"relative_timestamp_from_iforward_start":{"num":2,"min":0.000001907,"max":0.000013351,"avg":0.000007629,"var":0.000000000,"sum":0.000015259}},"get_output":{"duration":{"num":2,"min":0.000000477,"max":0.000061989,"avg":0.000031233,"var":0.000000002,"sum":0.000062466},"relative_timestamp_from_wait_end":{"num":2,"min":0.000000238,"max":0.000001431,"avg":0.000000834,"var":0.000000000,"sum":0.000001669}}}}},"65535:65535:3669993900245843967:1":{"rpc_id":3669993900245843967,"provider_id":1,"parent_rpc_id":65535,"parent_provider_id":65535,"name":"qtn_work_rpc","origin":{"sent to ofi+cxi://0x06a7a40d":{"iforward":{"duration":{"num":1614,"min":0.000001431,"max":0.000030994,"avg":0.000001833,"var":0.000000004,"sum":0.002958298},"relative_timestamp_from_create":{"num":1614,"min":0.000002384,"max":0.001569271,"avg":0.000003871,"var":0.000002452,"sum":0.006247282}},"forward_cb":{"duration":{"num":1614,"min":0.000000000,"max":0.000001192,"avg":0.000000127,"var":0.000000000,"sum":0.000204325},"relative_timestamp_from_iforward_start":{"num":1614,"min":0.000316143,"max":0.037071943,"avg":0.007473910,"var":0.027289165,"sum":12.062890530}},"iforward_wait":{"duration":{"num":1614,"min":0.000314951,"max":0.037070990,"avg":0.007472478,"var":0.027290554,"sum":12.060579062},"relative_timestamp_from_iforward_end":{"num":1614,"min":0.000000000,"max":0.000000715,"avg":0.000000177,"var":0.000000000,"sum":0.000285625}},"set_input":{"duration":{"num":1614,"min":0.000000000,"max":0.000004768,"avg":0.000000121,"var":0.000000000,"sum":0.000195980},"relative_timestamp_from_iforward_start":{"num":1614,"min":0.000000477,"max":0.000007391,"avg":0.000000739,"var":0.000000000,"sum":0.001192808}},"get_output":{"duration":{"num":1614,"min":0.000000000,"max":0.000000477,"avg":0.000000084,"var":0.000000000,"sum":0.000135422},"relative_timestamp_from_wait_end":{"num":1614,"min":0.000000000,"max":0.000001192,"avg":0.000000162,"var":0.000000000,"sum":0.000261784}}}}},"65535:65535:65535:65535":{"rpc_id":65535,"provider_id":65535,"parent_rpc_id":65535,"parent_provider_id":65535,"name":"","target":{"received from <unknown>":{"bulk":{"create":{"duration":{"num":1614,"min":0.000002384,"max":0.001564264,"avg":0.000003670,"var":0.000002437,"sum":0.005923033},"size":{"num":1614,"min":4194304.000000000,"max":4194304.000000000,"avg":4194304.000000000,"var":0.000000000,"sum":6769606656.000000000}}}}}}}}