{"address":"","progress_loop":{"progress_with_timeout":{"num":1680,"min":0.000001192,"max":0.102323294,"avg":0.007211082,"var":0.034262309,"sum":12.114618540},"progress_timeout_value_msec":{"num":1680,"min":100.000000000,"max":100.000000000,"avg":100.000000000,"var":0.000000000,"sum":168000.000000000},"progress_without_timeout":{"num":0,"min":0.000000000,"max":0.000000000,"avg":0.000000000,"var":0.000000000,"sum":0.000000000},"trigger":{"num":1671,"min":0.000000238,"max":0.000008821,"avg":0.000000302,"var":0.000000000,"sum":0.000504971}},"rpcs":{"65535:65535:7940397281847607295:2":{"rpc_id":7940397281847607295,"provider_id":2,"parent_rpc_id":65535,"parent_provider_id":65535,"name":"__identity__","origin":{"sent to ofi+cxi://0x06a6000d":{"iforward":{"duration":{"num":1,"min":0.000102043,"max":0.000102043,"avg":0.000102043,"var":0.000000000,"sum":0.000102043},"relative_timestamp_from_create":{"num":1,"min":0.000003338,"max":0.000003338,"avg":0.000003338,"var":0.000000000,"sum":0.000003338}},"forward_cb":{"duration":{"num":1,"min":0.000002384,"max":0.000002384,"avg":0.000002384,"var":0.000000000,"sum":0.000002384},"relative_timestamp_from_iforward_start":{"num":1,"min":0.011323690,"max":0.011323690,"avg":0.011323690,"var":0.000000000,"sum":0.011323690}},"iforward_wait":{"duration":{"num":1,"min":0.011230230,"max":0.011230230,"avg":0.011230230,"var":0.000000000,"sum":0.011230230},"relative_timestamp_from_iforward_end":{"num":1,"min":0.000000238,"max":0.000000238,"avg":0.000000238,"var":0.000000000,"sum":0.000000238}},"set_input":{"duration":{"num":0,"min":0.000000000,"max":0.000000000,"avg":0.000000000,"var":0.000000000,"sum":0.000000000},"relative_timestamp_from_iforward_start":{"num":0,"min":0.000000000,"max":0.000000000,"avg":0.000000000,"var":0.000000000,"sum":0.000000000}},"get_output":{"duration":{"num":1,"min":0.000015736,"max":0.000015736,"avg":0.000015736,"var":0.000000000,"sum":0.000015736},"relative_timestamp_from_wait_end":{"num":1,"min":0.000001431,"max":0.000001431,"avg":0.000001431,"var":0.000000000,"sum":0.000001431}}}}},"65535:65535:9722976651498815487:2":{"rpc_id":9722976651498815487,"provider_id":2,"parent_rpc_id":65535,"parent_provider_id":65535,"name":"flock_get_view","origin":{"sent to ofi+cxi://0x06a6000d":{"iforward":{"duration":{"num":2,"min":0.000023365,"max":0.000046492,"avg":0.000034928,"var":0.000000000,"sum":0.000069857},"relative_timestamp_from_create":{"num":2,"min":0.000000715,"max":0.000001907,"avg":0.000001311,"var":0.000000000,"sum":0.000002623}},"forward_cb":{"duration":{"num":2,"min":0.000000238,"max":0.000000954,"avg":0.000000596,"var":0.000000000,"sum":0.000001192},"relative_timestamp_from_iforward_start":{"num":2,"min":0.048088312,"max":0.087840319,"avg":0.067964315,"var":0.000790111,"sum":0.135928631}},"iforward_wait":{"duration":{"num":2,"min":0.048043489,"max":0.087817669,"avg":0.067930579,"var":0.000790993,"sum":0.135861158},"relative_timestamp_from_iforward_end":{"num":2,"min":0.000000238,"max":0.000001669,"avg":0.000000954,"var":0.000000000,"sum":0.000001907}},"set_input":{"duration":{"num":2,"min":0.000000238,"max":0.000000477,"avg":0.000000358,"var":0.000000000,"sum":0.000000715},"relative_timestamp_from_iforward_start":{"num":2,"min":0.000010014,"max":0.000015259,"avg":0.000012636,"var":0.000000000,"sum":0.000025272}},"get_output":{"duration":{"num":2,"min":0.000000477,"max":0.000056505,"avg":0.000028491,"var":0.000000002,"sum":0.000056982},"relative_timestamp_from_wait_end":{"num":2,"min":0.000000238,"max":0.000002146,"avg":0.000001192,"var":0.000000000,"sum":0.000002384}}}}},"65535:65535:3669993900245843967:1":{"rpc_id":3669993900245843967,"provider_id":1,"parent_rpc_id":65535,"parent_provider_id":65535,"name":"qtn_work_rpc","origin":{"sent to ofi+cxi://0x06a6c60d":{"iforward":{"duration":{"num":1667,"min":0.000001431,"max":0.000039101,"avg":0.000001894,"var":0.000000005,"sum":0.003158092},"relative_timestamp_from_create":{"num":1667,"min":0.000002384,"max":0.001480341,"avg":0.000003763,"var":0.000002182,"sum":0.006273270}},"forward_cb":{"duration":{"num":1667,"min":0.000000000,"max":0.000001431,"avg":0.000000133,"var":0.000000000,"sum":0.000221252},"relative_timestamp_from_iforward_start":{"num":1667,"min":0.000204563,"max":0.025057316,"avg":0.007120278,"var":0.016555148,"sum":11.869503975}},"iforward_wait":{"duration":{"num":1667,"min":0.000203371,"max":0.025055885,"avg":0.007118708,"var":0.016555702,"sum":11.866885900},"relative_timestamp_from_iforward_end":{"num":1667,"min":0.000000000,"max":0.000000715,"avg":0.000000252,"var":0.000000000,"sum":0.000420332}},"set_input":{"duration":{"num":1667,"min":0.000000000,"max":0.000004768,"avg":0.000000120,"var":0.000000000,"sum":0.000200033},"relative_timestamp_from_iforward_start":{"num":1667,"min":0.000000477,"max":0.000012398,"avg":0.000000739,"var":0.000000000,"sum":0.001232624}},"get_output":{"duration":{"num":1667,"min":0.000000000,"max":0.000000238,"avg":0.000000086,"var":0.000000000,"sum":0.000143051},"relative_timestamp_from_wait_end":{"num":1667,"min":0.000000000,"max":0.000003099,"avg":0.000000161,"var":0.000000000,"sum":0.000268698}}}}},"65535:65535:65535:65535":{"rpc_id":65535,"provider_id":65535,"parent_rpc_id":65535,"parent_provider_id":65535,"name":"","target":{"received from <unknown>":{"bulk":{"create":{"duration":{"num":1667,"min":0.000002384,"max":0.001476049,"avg":0.000003551,"var":0.000002170,"sum":0.005919695},"size":{"num":1667,"min":4194304.000000000,"max":4194304.000000000,"avg":4194304.000000000,"var":0.000000000,"sum":6991904768.000000000}}}}}}}}