{"address":"","progress_loop":{"progress_with_timeout":{"num":1710,"min":0.000002384,"max":0.104437590,"avg":0.007133139,"var":0.041458862,"sum":12.197666883},"progress_timeout_value_msec":{"num":1710,"min":100.000000000,"max":100.000000000,"avg":100.000000000,"var":0.000000000,"sum":171000.000000000},"progress_without_timeout":{"num":0,"min":0.000000000,"max":0.000000000,"avg":0.000000000,"var":0.000000000,"sum":0.000000000},"trigger":{"num":1703,"min":0.000000238,"max":0.000010252,"avg":0.000000303,"var":0.000000000,"sum":0.000515938}},"rpcs":{"65535:65535:7940397281847607295:2":{"rpc_id":7940397281847607295,"provider_id":2,"parent_rpc_id":65535,"parent_provider_id":65535,"name":"__identity__","origin":{"sent to ofi+cxi://0x06a6000d":{"iforward":{"duration":{"num":1,"min":0.000097752,"max":0.000097752,"avg":0.000097752,"var":0.000000000,"sum":0.000097752},"relative_timestamp_from_create":{"num":1,"min":0.000312328,"max":0.000312328,"avg":0.000312328,"var":0.000000000,"sum":0.000312328}},"forward_cb":{"duration":{"num":1,"min":0.000002384,"max":0.000002384,"avg":0.000002384,"var":0.000000000,"sum":0.000002384},"relative_timestamp_from_iforward_start":{"num":1,"min":0.011246443,"max":0.011246443,"avg":0.011246443,"var":0.000000000,"sum":0.011246443}},"iforward_wait":{"duration":{"num":1,"min":0.011157513,"max":0.011157513,"avg":0.011157513,"var":0.000000000,"sum":0.011157513},"relative_timestamp_from_iforward_end":{"num":1,"min":0.000000238,"max":0.000000238,"avg":0.000000238,"var":0.000000000,"sum":0.000000238}},"set_input":{"duration":{"num":0,"min":0.000000000,"max":0.000000000,"avg":0.000000000,"var":0.000000000,"sum":0.000000000},"relative_timestamp_from_iforward_start":{"num":0,"min":0.000000000,"max":0.000000000,"avg":0.000000000,"var":0.000000000,"sum":0.000000000}},"get_output":{"duration":{"num":1,"min":0.000018358,"max":0.000018358,"avg":0.000018358,"var":0.000000000,"sum":0.000018358},"relative_timestamp_from_wait_end":{"num":1,"min":0.000001669,"max":0.000001669,"avg":0.000001669,"var":0.000000000,"sum":0.000001669}}}}},"65535:65535:9722976651498815487:2":{"rpc_id":9722976651498815487,"provider_id":2,"parent_rpc_id":65535,"parent_provider_id":65535,"name":"flock_get_view","origin":{"sent to ofi+cxi://0x06a6000d":{"iforward":{"duration":{"num":2,"min":0.000020027,"max":0.000046015,"avg":0.000033021,"var":0.000000000,"sum":0.000066042},"relative_timestamp_from_create":{"num":2,"min":0.000000715,"max":0.000001669,"avg":0.000001192,"var":0.000000000,"sum":0.000002384}},"forward_cb":{"duration":{"num":2,"min":0.000000954,"max":0.000001192,"avg":0.000001073,"var":0.000000000,"sum":0.000002146},"relative_timestamp_from_iforward_start":{"num":2,"min":0.047940493,"max":0.088234901,"avg":0.068087697,"var":0.000811820,"sum":0.136175394}},"iforward_wait":{"duration":{"num":2,"min":0.047895908,"max":0.088218689,"avg":0.068057299,"var":0.000812963,"sum":0.136114597},"relative_timestamp_from_iforward_end":{"num":2,"min":0.000000477,"max":0.000001907,"avg":0.000001192,"var":0.000000000,"sum":0.000002384}},"set_input":{"duration":{"num":2,"min":0.000000238,"max":0.000000238,"avg":0.000000238,"var":0.000000000,"sum":0.000000477},"relative_timestamp_from_iforward_start":{"num":2,"min":0.000006437,"max":0.000013590,"avg":0.000010014,"var":0.000000000,"sum":0.000020027}},"get_output":{"duration":{"num":2,"min":0.000001192,"max":0.000057697,"avg":0.000029445,"var":0.000000002,"sum":0.000058889},"relative_timestamp_from_wait_end":{"num":2,"min":0.000000954,"max":0.000002384,"avg":0.000001669,"var":0.000000000,"sum":0.000003338}}}}},"65535:65535:3669993900245843967:1":{"rpc_id":3669993900245843967,"provider_id":1,"parent_rpc_id":65535,"parent_provider_id":65535,"name":"qtn_work_rpc","origin":{"sent to ofi+cxi://0x06a70212":{"iforward":{"duration":{"num":1699,"min":0.000001431,"max":0.000033855,"avg":0.000001866,"var":0.000000004,"sum":0.003170967},"relative_timestamp_from_create":{"num":1699,"min":0.000002623,"max":0.001537323,"avg":0.000003830,"var":0.000002353,"sum":0.006507397}},"forward_cb":{"duration":{"num":1699,"min":0.000000000,"max":0.000001192,"avg":0.000000136,"var":0.000000000,"sum":0.000231266},"relative_timestamp_from_iforward_start":{"num":1699,"min":0.000412941,"max":0.028289557,"avg":0.007033758,"var":0.023370159,"sum":11.950354338}},"iforward_wait":{"duration":{"num":1699,"min":0.000411749,"max":0.028288126,"avg":0.007032215,"var":0.023370068,"sum":11.947732449},"relative_timestamp_from_iforward_end":{"num":1699,"min":0.000000000,"max":0.000000715,"avg":0.000000262,"var":0.000000000,"sum":0.000445843}},"set_input":{"duration":{"num":1699,"min":0.000000000,"max":0.000004292,"avg":0.000000123,"var":0.000000000,"sum":0.000208855},"relative_timestamp_from_iforward_start":{"num":1699,"min":0.000000477,"max":0.000012398,"avg":0.000000723,"var":0.000000000,"sum":0.001228809}},"get_output":{"duration":{"num":1699,"min":0.000000000,"max":0.000000238,"avg":0.000000088,"var":0.000000000,"sum":0.000150204},"relative_timestamp_from_wait_end":{"num":1699,"min":0.000000000,"max":0.000002623,"avg":0.000000156,"var":0.000000000,"sum":0.000264406}}}}},"65535:65535:65535:65535":{"rpc_id":65535,"provider_id":65535,"parent_rpc_id":65535,"parent_provider_id":65535,"name":"","target":{"received from <unknown>":{"bulk":{"create":{"duration":{"num":1699,"min":0.000002384,"max":0.001532793,"avg":0.000003622,"var":0.000002340,"sum":0.006153822},"size":{"num":1699,"min":4194304.000000000,"max":4194304.000000000,"avg":4194304.000000000,"var":0.000000000,"sum":7126122496.000000000}}}}}}}}