{"address":"","progress_loop":{"progress_with_timeout":{"num":1811,"min":0.000002146,"max":0.102311134,"avg":0.006138173,"var":0.023775181,"sum":11.116231918},"progress_timeout_value_msec":{"num":1811,"min":100.000000000,"max":100.000000000,"avg":100.000000000,"var":0.000000000,"sum":181100.000000000},"progress_without_timeout":{"num":0,"min":0.000000000,"max":0.000000000,"avg":0.000000000,"var":0.000000000,"sum":0.000000000},"trigger":{"num":1806,"min":0.000000238,"max":0.000008821,"avg":0.000000295,"var":0.000000000,"sum":0.000533581}},"rpcs":{"65535:65535:7940397281847607295:2":{"rpc_id":7940397281847607295,"provider_id":2,"parent_rpc_id":65535,"parent_provider_id":65535,"name":"__identity__","origin":{"sent to ofi+cxi://0x06a6000d":{"iforward":{"duration":{"num":1,"min":0.000245094,"max":0.000245094,"avg":0.000245094,"var":0.000000000,"sum":0.000245094},"relative_timestamp_from_create":{"num":1,"min":0.000510454,"max":0.000510454,"avg":0.000510454,"var":0.000000000,"sum":0.000510454}},"forward_cb":{"duration":{"num":1,"min":0.000001192,"max":0.000001192,"avg":0.000001192,"var":0.000000000,"sum":0.000001192},"relative_timestamp_from_iforward_start":{"num":1,"min":0.023998260,"max":0.023998260,"avg":0.023998260,"var":0.000000000,"sum":0.023998260}},"iforward_wait":{"duration":{"num":1,"min":0.023758411,"max":0.023758411,"avg":0.023758411,"var":0.000000000,"sum":0.023758411},"relative_timestamp_from_iforward_end":{"num":1,"min":0.000000477,"max":0.000000477,"avg":0.000000477,"var":0.000000000,"sum":0.000000477}},"set_input":{"duration":{"num":0,"min":0.000000000,"max":0.000000000,"avg":0.000000000,"var":0.000000000,"sum":0.000000000},"relative_timestamp_from_iforward_start":{"num":0,"min":0.000000000,"max":0.000000000,"avg":0.000000000,"var":0.000000000,"sum":0.000000000}},"get_output":{"duration":{"num":1,"min":0.000007868,"max":0.000007868,"avg":0.000007868,"var":0.000000000,"sum":0.000007868},"relative_timestamp_from_wait_end":{"num":1,"min":0.000001192,"max":0.000001192,"avg":0.000001192,"var":0.000000000,"sum":0.000001192}}}}},"65535:65535:9722976651498815487:2":{"rpc_id":9722976651498815487,"provider_id":2,"parent_rpc_id":65535,"parent_provider_id":65535,"name":"flock_get_view","origin":{"sent to ofi+cxi://0x06a6000d":{"iforward":{"duration":{"num":2,"min":0.000018358,"max":0.000021458,"avg":0.000019908,"var":0.000000000,"sum":0.000039816},"relative_timestamp_from_create":{"num":2,"min":0.000000715,"max":0.000001669,"avg":0.000001192,"var":0.000000000,"sum":0.000002384}},"forward_cb":{"duration":{"num":2,"min":0.000000238,"max":0.000000954,"avg":0.000000596,"var":0.000000000,"sum":0.000001192},"relative_timestamp_from_iforward_start":{"num":2,"min":0.044561863,"max":0.096392632,"avg":0.070477247,"var":0.001343214,"sum":0.140954494}},"iforward_wait":{"duration":{"num":2,"min":0.044543982,"max":0.096373081,"avg":0.070458531,"var":0.001343128,"sum":0.140917063},"relative_timestamp_from_iforward_end":{"num":2,"min":0.000000477,"max":0.000001431,"avg":0.000000954,"var":0.000000000,"sum":0.000001907}},"set_input":{"duration":{"num":2,"min":0.000000238,"max":0.000000238,"avg":0.000000238,"var":0.000000000,"sum":0.000000477},"relative_timestamp_from_iforward_start":{"num":2,"min":0.000005960,"max":0.000006437,"avg":0.000006199,"var":0.000000000,"sum":0.000012398}},"get_output":{"duration":{"num":2,"min":0.000000477,"max":0.000041485,"avg":0.000020981,"var":0.000000001,"sum":0.000041962},"relative_timestamp_from_wait_end":{"num":2,"min":0.000000238,"max":0.000001907,"avg":0.000001073,"var":0.000000000,"sum":0.000002146}}}}},"65535:65535:3669993900245843967:1":{"rpc_id":3669993900245843967,"provider_id":1,"parent_rpc_id":65535,"parent_provider_id":65535,"name":"qtn_work_rpc","origin":{"sent to ofi+cxi://0x06a68617":{"iforward":{"duration":{"num":1802,"min":0.000001431,"max":0.000033379,"avg":0.000001801,"var":0.000000004,"sum":0.003246069},"relative_timestamp_from_create":{"num":1802,"min":0.000002623,"max":0.001396656,"avg":0.000003709,"var":0.000001942,"sum":0.006684065}},"forward_cb":{"duration":{"num":1802,"min":0.000000000,"max":0.000001431,"avg":0.000000135,"var":0.000000000,"sum":0.000242710},"relative_timestamp_from_iforward_start":{"num":1802,"min":0.000972033,"max":0.025564194,"avg":0.006023148,"var":0.004396060,"sum":10.853713512}},"iforward_wait":{"duration":{"num":1802,"min":0.000970840,"max":0.025563240,"avg":0.006021717,"var":0.004396452,"sum":10.851134777},"relative_timestamp_from_iforward_end":{"num":1802,"min":0.000000000,"max":0.000000715,"avg":0.000000209,"var":0.000000000,"sum":0.000376463}},"set_input":{"duration":{"num":1802,"min":0.000000000,"max":0.000004530,"avg":0.000000123,"var":0.000000000,"sum":0.000221252},"relative_timestamp_from_iforward_start":{"num":1802,"min":0.000000477,"max":0.000006914,"avg":0.000000726,"var":0.000000000,"sum":0.001308680}},"get_output":{"duration":{"num":1802,"min":0.000000000,"max":0.000000477,"avg":0.000000089,"var":0.000000000,"sum":0.000159740},"relative_timestamp_from_wait_end":{"num":1802,"min":0.000000000,"max":0.000003099,"avg":0.000000165,"var":0.000000000,"sum":0.000296593}}}}},"65535:65535:65535:65535":{"rpc_id":65535,"provider_id":65535,"parent_rpc_id":65535,"parent_provider_id":65535,"name":"","target":{"received from <unknown>":{"bulk":{"create":{"duration":{"num":1802,"min":0.000002384,"max":0.001392603,"avg":0.000003506,"var":0.000001931,"sum":0.006317139},"size":{"num":1802,"min":4194304.000000000,"max":4194304.000000000,"avg":4194304.000000000,"var":0.000000000,"sum":7558135808.000000000}}}}}}}}