{"address":"","progress_loop":{"progress_with_timeout":{"num":1728,"min":0.000002384,"max":0.102379560,"avg":0.006663398,"var":0.028272406,"sum":11.514351845},"progress_timeout_value_msec":{"num":1728,"min":100.000000000,"max":100.000000000,"avg":100.000000000,"var":0.000000000,"sum":172800.000000000},"progress_without_timeout":{"num":0,"min":0.000000000,"max":0.000000000,"avg":0.000000000,"var":0.000000000,"sum":0.000000000},"trigger":{"num":1724,"min":0.000000238,"max":0.000009298,"avg":0.000000292,"var":0.000000000,"sum":0.000503778}},"rpcs":{"65535:65535:7940397281847607295:2":{"rpc_id":7940397281847607295,"provider_id":2,"parent_rpc_id":65535,"parent_provider_id":65535,"name":"__identity__","origin":{"sent to ofi+cxi://0x06a6000d":{"iforward":{"duration":{"num":1,"min":0.000133991,"max":0.000133991,"avg":0.000133991,"var":0.000000000,"sum":0.000133991},"relative_timestamp_from_create":{"num":1,"min":0.000004530,"max":0.000004530,"avg":0.000004530,"var":0.000000000,"sum":0.000004530}},"forward_cb":{"duration":{"num":1,"min":0.000001431,"max":0.000001431,"avg":0.000001431,"var":0.000000000,"sum":0.000001431},"relative_timestamp_from_iforward_start":{"num":1,"min":0.016169786,"max":0.016169786,"avg":0.016169786,"var":0.000000000,"sum":0.016169786}},"iforward_wait":{"duration":{"num":1,"min":0.016040802,"max":0.016040802,"avg":0.016040802,"var":0.000000000,"sum":0.016040802},"relative_timestamp_from_iforward_end":{"num":1,"min":0.000000715,"max":0.000000715,"avg":0.000000715,"var":0.000000000,"sum":0.000000715}},"set_input":{"duration":{"num":0,"min":0.000000000,"max":0.000000000,"avg":0.000000000,"var":0.000000000,"sum":0.000000000},"relative_timestamp_from_iforward_start":{"num":0,"min":0.000000000,"max":0.000000000,"avg":0.000000000,"var":0.000000000,"sum":0.000000000}},"get_output":{"duration":{"num":1,"min":0.000009537,"max":0.000009537,"avg":0.000009537,"var":0.000000000,"sum":0.000009537},"relative_timestamp_from_wait_end":{"num":1,"min":0.000001431,"max":0.000001431,"avg":0.000001431,"var":0.000000000,"sum":0.000001431}}}}},"65535:65535:9722976651498815487:2":{"rpc_id":9722976651498815487,"provider_id":2,"parent_rpc_id":65535,"parent_provider_id":65535,"name":"flock_get_view","origin":{"sent to ofi+cxi://0x06a6000d":{"iforward":{"duration":{"num":2,"min":0.000020027,"max":0.000025034,"avg":0.000022531,"var":0.000000000,"sum":0.000045061},"relative_timestamp_from_create":{"num":2,"min":0.000000715,"max":0.000001907,"avg":0.000001311,"var":0.000000000,"sum":0.000002623}},"forward_cb":{"duration":{"num":2,"min":0.000000954,"max":0.000001192,"avg":0.000001073,"var":0.000000000,"sum":0.000002146},"relative_timestamp_from_iforward_start":{"num":2,"min":0.057569027,"max":0.077451229,"avg":0.067510128,"var":0.000197651,"sum":0.135020256}},"iforward_wait":{"duration":{"num":2,"min":0.057545900,"max":0.077435255,"avg":0.067490578,"var":0.000197793,"sum":0.134981155},"relative_timestamp_from_iforward_end":{"num":2,"min":0.000000477,"max":0.000001431,"avg":0.000000954,"var":0.000000000,"sum":0.000001907}},"set_input":{"duration":{"num":2,"min":0.000000238,"max":0.000000238,"avg":0.000000238,"var":0.000000000,"sum":0.000000477},"relative_timestamp_from_iforward_start":{"num":2,"min":0.000006914,"max":0.000007153,"avg":0.000007033,"var":0.000000000,"sum":0.000014067}},"get_output":{"duration":{"num":2,"min":0.000001431,"max":0.000061989,"avg":0.000031710,"var":0.000000002,"sum":0.000063419},"relative_timestamp_from_wait_end":{"num":2,"min":0.000001192,"max":0.000002384,"avg":0.000001788,"var":0.000000000,"sum":0.000003576}}}}},"65535:65535:3669993900245843967:1":{"rpc_id":3669993900245843967,"provider_id":1,"parent_rpc_id":65535,"parent_provider_id":65535,"name":"qtn_work_rpc","origin":{"sent to ofi+cxi://0x06a7260e":{"iforward":{"duration":{"num":1720,"min":0.000001431,"max":0.000032663,"avg":0.000001887,"var":0.000000004,"sum":0.003246307},"relative_timestamp_from_create":{"num":1720,"min":0.000002623,"max":0.001405478,"avg":0.000003664,"var":0.000001966,"sum":0.006302595}},"forward_cb":{"duration":{"num":1720,"min":0.000000000,"max":0.000001192,"avg":0.000000131,"var":0.000000000,"sum":0.000224590},"relative_timestamp_from_iforward_start":{"num":1720,"min":0.000197172,"max":0.022866964,"avg":0.006549593,"var":0.011228756,"sum":11.265299559}},"iforward_wait":{"duration":{"num":1720,"min":0.000195980,"max":0.022865534,"avg":0.006548103,"var":0.011229155,"sum":11.262736797},"relative_timestamp_from_iforward_end":{"num":1720,"min":0.000000000,"max":0.000000715,"avg":0.000000199,"var":0.000000000,"sum":0.000342369}},"set_input":{"duration":{"num":1720,"min":0.000000000,"max":0.000004292,"avg":0.000000122,"var":0.000000000,"sum":0.000210285},"relative_timestamp_from_iforward_start":{"num":1720,"min":0.000000477,"max":0.000011444,"avg":0.000000773,"var":0.000000000,"sum":0.001330137}},"get_output":{"duration":{"num":1720,"min":0.000000000,"max":0.000000477,"avg":0.000000092,"var":0.000000000,"sum":0.000157833},"relative_timestamp_from_wait_end":{"num":1720,"min":0.000000000,"max":0.000002861,"avg":0.000000157,"var":0.000000000,"sum":0.000269890}}}}},"65535:65535:65535:65535":{"rpc_id":65535,"provider_id":65535,"parent_rpc_id":65535,"parent_provider_id":65535,"name":"","target":{"received from <unknown>":{"bulk":{"create":{"duration":{"num":1720,"min":0.000002384,"max":0.001401186,"avg":0.000003460,"var":0.000001955,"sum":0.005951405},"size":{"num":1720,"min":4194304.000000000,"max":4194304.000000000,"avg":4194304.000000000,"var":0.000000000,"sum":7214202880.000000000}}}}}}}}