{"address":"","progress_loop":{"progress_with_timeout":{"num":25282,"min":0.000001669,"max":0.102854967,"avg":0.000212885,"var":0.026495596,"sum":5.382150888},"progress_timeout_value_msec":{"num":25282,"min":100.000000000,"max":100.000000000,"avg":100.000000000,"var":0.000000000,"sum":2528200.000000000},"progress_without_timeout":{"num":0,"min":0.000000000,"max":0.000000000,"avg":0.000000000,"var":0.000000000,"sum":0.000000000},"trigger":{"num":25246,"min":0.000000238,"max":0.000008821,"avg":0.000000281,"var":0.000000000,"sum":0.007085323}},"rpcs":{"65535:65535:7940397281847607295:2":{"rpc_id":7940397281847607295,"provider_id":2,"parent_rpc_id":65535,"parent_provider_id":65535,"name":"__identity__","origin":{"sent to ofi+cxi://0x06a6000d":{"iforward":{"duration":{"num":1,"min":0.000173330,"max":0.000173330,"avg":0.000173330,"var":0.000000000,"sum":0.000173330},"relative_timestamp_from_create":{"num":1,"min":0.001330137,"max":0.001330137,"avg":0.001330137,"var":0.000000000,"sum":0.001330137}},"forward_cb":{"duration":{"num":1,"min":0.000002384,"max":0.000002384,"avg":0.000002384,"var":0.000000000,"sum":0.000002384},"relative_timestamp_from_iforward_start":{"num":1,"min":0.032596588,"max":0.032596588,"avg":0.032596588,"var":0.000000000,"sum":0.032596588}},"iforward_wait":{"duration":{"num":1,"min":0.032431364,"max":0.032431364,"avg":0.032431364,"var":0.000000000,"sum":0.032431364},"relative_timestamp_from_iforward_end":{"num":1,"min":0.000000238,"max":0.000000238,"avg":0.000000238,"var":0.000000000,"sum":0.000000238}},"set_input":{"duration":{"num":0,"min":0.000000000,"max":0.000000000,"avg":0.000000000,"var":0.000000000,"sum":0.000000000},"relative_timestamp_from_iforward_start":{"num":0,"min":0.000000000,"max":0.000000000,"avg":0.000000000,"var":0.000000000,"sum":0.000000000}},"get_output":{"duration":{"num":1,"min":0.000015736,"max":0.000015736,"avg":0.000015736,"var":0.000000000,"sum":0.000015736},"relative_timestamp_from_wait_end":{"num":1,"min":0.000001669,"max":0.000001669,"avg":0.000001669,"var":0.000000000,"sum":0.000001669}}}}},"65535:65535:9722976651498815487:2":{"rpc_id":9722976651498815487,"provider_id":2,"parent_rpc_id":65535,"parent_provider_id":65535,"name":"flock_get_view","origin":{"sent to ofi+cxi://0x06a6000d":{"iforward":{"duration":{"num":2,"min":0.000018597,"max":0.000040293,"avg":0.000029445,"var":0.000000000,"sum":0.000058889},"relative_timestamp_from_create":{"num":2,"min":0.000000477,"max":0.000001431,"avg":0.000000954,"var":0.000000000,"sum":0.000001907}},"forward_cb":{"duration":{"num":2,"min":0.000000238,"max":0.000000954,"avg":0.000000596,"var":0.000000000,"sum":0.000001192},"relative_timestamp_from_iforward_start":{"num":2,"min":0.060279131,"max":0.106234312,"avg":0.083256721,"var":0.001055939,"sum":0.166513443}},"iforward_wait":{"duration":{"num":2,"min":0.060261011,"max":0.106195927,"avg":0.083228469,"var":0.001055008,"sum":0.166456938},"relative_timestamp_from_iforward_end":{"num":2,"min":0.000000477,"max":0.000001431,"avg":0.000000954,"var":0.000000000,"sum":0.000001907}},"set_input":{"duration":{"num":2,"min":0.000000238,"max":0.000000238,"avg":0.000000238,"var":0.000000000,"sum":0.000000477},"relative_timestamp_from_iforward_start":{"num":2,"min":0.000006199,"max":0.000011921,"avg":0.000009060,"var":0.000000000,"sum":0.000018120}},"get_output":{"duration":{"num":2,"min":0.000000238,"max":0.000053644,"avg":0.000026941,"var":0.000000001,"sum":0.000053883},"relative_timestamp_from_wait_end":{"num":2,"min":0.000000238,"max":0.000002146,"avg":0.000001192,"var":0.000000000,"sum":0.000002384}}}}},"65535:65535:3669993900245843967:1":{"rpc_id":3669993900245843967,"provider_id":1,"parent_rpc_id":65535,"parent_provider_id":65535,"name":"qtn_work_rpc","origin":{"sent to ofi+cxi://0x06a6a011":{"iforward":{"duration":{"num":25242,"min":0.000001431,"max":0.000034809,"avg":0.000001617,"var":0.000000005,"sum":0.040823698},"relative_timestamp_from_create":{"num":25242,"min":0.000000000,"max":0.000001192,"avg":0.000000073,"var":0.000000000,"sum":0.001842022}},"forward_cb":{"duration":{"num":25242,"min":0.000000000,"max":0.000001431,"avg":0.000000127,"var":0.000000000,"sum":0.003213644},"relative_timestamp_from_iforward_start":{"num":25242,"min":0.000008583,"max":0.000885487,"avg":0.000203494,"var":0.000958342,"sum":5.136598825}},"iforward_wait":{"duration":{"num":25242,"min":0.000007391,"max":0.000884056,"avg":0.000202268,"var":0.000958391,"sum":5.105651140},"relative_timestamp_from_iforward_end":{"num":25242,"min":0.000000000,"max":0.000000477,"avg":0.000000181,"var":0.000000000,"sum":0.004575014}},"set_input":{"duration":{"num":25242,"min":0.000000000,"max":0.000003576,"avg":0.000000086,"var":0.000000000,"sum":0.002162457},"relative_timestamp_from_iforward_start":{"num":25242,"min":0.000000477,"max":0.000008345,"avg":0.000000706,"var":0.000000000,"sum":0.017821789}},"get_output":{"duration":{"num":25242,"min":0.000000000,"max":0.000003099,"avg":0.000000092,"var":0.000000000,"sum":0.002312422},"relative_timestamp_from_wait_end":{"num":25242,"min":0.000000000,"max":0.000002623,"avg":0.000000152,"var":0.000000000,"sum":0.003829718}}}}}}}