{"address":"","progress_loop":{"progress_with_timeout":{"num":22578,"min":0.000001192,"max":0.102354527,"avg":0.000238568,"var":0.026933895,"sum":5.386381626},"progress_timeout_value_msec":{"num":22578,"min":100.000000000,"max":100.000000000,"avg":100.000000000,"var":0.000000000,"sum":2257800.000000000},"progress_without_timeout":{"num":0,"min":0.000000000,"max":0.000000000,"avg":0.000000000,"var":0.000000000,"sum":0.000000000},"trigger":{"num":22555,"min":0.000000238,"max":0.000008583,"avg":0.000000310,"var":0.000000000,"sum":0.006999969}},"rpcs":{"65535:65535:7940397281847607295:2":{"rpc_id":7940397281847607295,"provider_id":2,"parent_rpc_id":65535,"parent_provider_id":65535,"name":"__identity__","origin":{"sent to ofi+cxi://0x06a6000d":{"iforward":{"duration":{"num":1,"min":0.000708103,"max":0.000708103,"avg":0.000708103,"var":0.000000000,"sum":0.000708103},"relative_timestamp_from_create":{"num":1,"min":0.000004292,"max":0.000004292,"avg":0.000004292,"var":0.000000000,"sum":0.000004292}},"forward_cb":{"duration":{"num":1,"min":0.000001431,"max":0.000001431,"avg":0.000001431,"var":0.000000000,"sum":0.000001431},"relative_timestamp_from_iforward_start":{"num":1,"min":0.022989511,"max":0.022989511,"avg":0.022989511,"var":0.000000000,"sum":0.022989511}},"iforward_wait":{"duration":{"num":1,"min":0.022286177,"max":0.022286177,"avg":0.022286177,"var":0.000000000,"sum":0.022286177},"relative_timestamp_from_iforward_end":{"num":1,"min":0.000000954,"max":0.000000954,"avg":0.000000954,"var":0.000000000,"sum":0.000000954}},"set_input":{"duration":{"num":0,"min":0.000000000,"max":0.000000000,"avg":0.000000000,"var":0.000000000,"sum":0.000000000},"relative_timestamp_from_iforward_start":{"num":0,"min":0.000000000,"max":0.000000000,"avg":0.000000000,"var":0.000000000,"sum":0.000000000}},"get_output":{"duration":{"num":1,"min":0.000008345,"max":0.000008345,"avg":0.000008345,"var":0.000000000,"sum":0.000008345},"relative_timestamp_from_wait_end":{"num":1,"min":0.000001192,"max":0.000001192,"avg":0.000001192,"var":0.000000000,"sum":0.000001192}}}}},"65535:65535:9722976651498815487:2":{"rpc_id":9722976651498815487,"provider_id":2,"parent_rpc_id":65535,"parent_provider_id":65535,"name":"flock_get_view","origin":{"sent to ofi+cxi://0x06a6000d":{"iforward":{"duration":{"num":2,"min":0.000018120,"max":0.000019550,"avg":0.000018835,"var":0.000000000,"sum":0.000037670},"relative_timestamp_from_create":{"num":2,"min":0.000000477,"max":0.000001669,"avg":0.000001073,"var":0.000000000,"sum":0.000002146}},"forward_cb":{"duration":{"num":2,"min":0.000000954,"max":0.000001192,"avg":0.000001073,"var":0.000000000,"sum":0.000002146},"relative_timestamp_from_iforward_start":{"num":2,"min":0.079538584,"max":0.091077328,"avg":0.085307956,"var":0.000066571,"sum":0.170615911}},"iforward_wait":{"duration":{"num":2,"min":0.079524279,"max":0.091059685,"avg":0.085291982,"var":0.000066533,"sum":0.170583963},"relative_timestamp_from_iforward_end":{"num":2,"min":0.000000477,"max":0.000001192,"avg":0.000000834,"var":0.000000000,"sum":0.000001669}},"set_input":{"duration":{"num":2,"min":0.000000238,"max":0.000000477,"avg":0.000000358,"var":0.000000000,"sum":0.000000715},"relative_timestamp_from_iforward_start":{"num":2,"min":0.000005245,"max":0.000005722,"avg":0.000005484,"var":0.000000000,"sum":0.000010967}},"get_output":{"duration":{"num":2,"min":0.000001192,"max":0.000061989,"avg":0.000031590,"var":0.000000002,"sum":0.000063181},"relative_timestamp_from_wait_end":{"num":2,"min":0.000001192,"max":0.000002146,"avg":0.000001669,"var":0.000000000,"sum":0.000003338}}}}},"65535:65535:3669993900245843967:1":{"rpc_id":3669993900245843967,"provider_id":1,"parent_rpc_id":65535,"parent_provider_id":65535,"name":"qtn_work_rpc","origin":{"sent to ofi+cxi://0x06a7e40f":{"iforward":{"duration":{"num":22551,"min":0.000001431,"max":0.000046968,"avg":0.000002067,"var":0.000000007,"sum":0.046607256},"relative_timestamp_from_create":{"num":22551,"min":0.000000000,"max":0.000002384,"avg":0.000000097,"var":0.000000000,"sum":0.002187014}},"forward_cb":{"duration":{"num":22551,"min":0.000000000,"max":0.000004053,"avg":0.000000139,"var":0.000000000,"sum":0.003128052},"relative_timestamp_from_iforward_start":{"num":22551,"min":0.000008821,"max":0.001012087,"avg":0.000228523,"var":0.001577627,"sum":5.153423786}},"iforward_wait":{"duration":{"num":22551,"min":0.000002623,"max":0.001010180,"avg":0.000226955,"var":0.001577976,"sum":5.118073225},"relative_timestamp_from_iforward_end":{"num":22551,"min":0.000000000,"max":0.000018358,"avg":0.000000163,"var":0.000000001,"sum":0.003675699}},"set_input":{"duration":{"num":22551,"min":0.000000000,"max":0.000002384,"avg":0.000000107,"var":0.000000000,"sum":0.002421856},"relative_timestamp_from_iforward_start":{"num":22551,"min":0.000000477,"max":0.000011444,"avg":0.000000878,"var":0.000000001,"sum":0.019802094}},"get_output":{"duration":{"num":22551,"min":0.000000000,"max":0.000004292,"avg":0.000000104,"var":0.000000000,"sum":0.002341032},"relative_timestamp_from_wait_end":{"num":22551,"min":0.000000000,"max":0.000003576,"avg":0.000000159,"var":0.000000000,"sum":0.003593445}}}}}}}