{"address":"","progress_loop":{"progress_with_timeout":{"num":1780,"min":0.000002146,"max":0.103466749,"avg":0.006394014,"var":0.026506580,"sum":11.381345510},"progress_timeout_value_msec":{"num":1780,"min":100.000000000,"max":100.000000000,"avg":100.000000000,"var":0.000000000,"sum":178000.000000000},"progress_without_timeout":{"num":0,"min":0.000000000,"max":0.000000000,"avg":0.000000000,"var":0.000000000,"sum":0.000000000},"trigger":{"num":1778,"min":0.000000238,"max":0.000009537,"avg":0.000000293,"var":0.000000000,"sum":0.000521183}},"rpcs":{"65535:65535:7940397281847607295:2":{"rpc_id":7940397281847607295,"provider_id":2,"parent_rpc_id":65535,"parent_provider_id":65535,"name":"__identity__","origin":{"sent to ofi+cxi://0x06a6000d":{"iforward":{"duration":{"num":1,"min":0.000790358,"max":0.000790358,"avg":0.000790358,"var":0.000000000,"sum":0.000790358},"relative_timestamp_from_create":{"num":1,"min":0.000006199,"max":0.000006199,"avg":0.000006199,"var":0.000000000,"sum":0.000006199}},"forward_cb":{"duration":{"num":1,"min":0.000000954,"max":0.000000954,"avg":0.000000954,"var":0.000000000,"sum":0.000000954},"relative_timestamp_from_iforward_start":{"num":1,"min":0.021837950,"max":0.021837950,"avg":0.021837950,"var":0.000000000,"sum":0.021837950}},"iforward_wait":{"duration":{"num":1,"min":0.021052599,"max":0.021052599,"avg":0.021052599,"var":0.000000000,"sum":0.021052599},"relative_timestamp_from_iforward_end":{"num":1,"min":0.000000477,"max":0.000000477,"avg":0.000000477,"var":0.000000000,"sum":0.000000477}},"set_input":{"duration":{"num":0,"min":0.000000000,"max":0.000000000,"avg":0.000000000,"var":0.000000000,"sum":0.000000000},"relative_timestamp_from_iforward_start":{"num":0,"min":0.000000000,"max":0.000000000,"avg":0.000000000,"var":0.000000000,"sum":0.000000000}},"get_output":{"duration":{"num":1,"min":0.000008106,"max":0.000008106,"avg":0.000008106,"var":0.000000000,"sum":0.000008106},"relative_timestamp_from_wait_end":{"num":1,"min":0.000001431,"max":0.000001431,"avg":0.000001431,"var":0.000000000,"sum":0.000001431}}}}},"65535:65535:9722976651498815487:2":{"rpc_id":9722976651498815487,"provider_id":2,"parent_rpc_id":65535,"parent_provider_id":65535,"name":"flock_get_view","origin":{"sent to ofi+cxi://0x06a6000d":{"iforward":{"duration":{"num":2,"min":0.000021219,"max":0.000021458,"avg":0.000021338,"var":0.000000000,"sum":0.000042677},"relative_timestamp_from_create":{"num":2,"min":0.000000715,"max":0.000001907,"avg":0.000001311,"var":0.000000000,"sum":0.000002623}},"forward_cb":{"duration":{"num":2,"min":0.000000238,"max":0.000000954,"avg":0.000000596,"var":0.000000000,"sum":0.000001192},"relative_timestamp_from_iforward_start":{"num":2,"min":0.058803320,"max":0.079229116,"avg":0.069016218,"var":0.000208607,"sum":0.138032436}},"iforward_wait":{"duration":{"num":2,"min":0.058782578,"max":0.079209805,"avg":0.068996191,"var":0.000208636,"sum":0.137992382},"relative_timestamp_from_iforward_end":{"num":2,"min":0.000000238,"max":0.000001431,"avg":0.000000834,"var":0.000000000,"sum":0.000001669}},"set_input":{"duration":{"num":2,"min":0.000000238,"max":0.000000238,"avg":0.000000238,"var":0.000000000,"sum":0.000000477},"relative_timestamp_from_iforward_start":{"num":2,"min":0.000006676,"max":0.000009060,"avg":0.000007868,"var":0.000000000,"sum":0.000015736}},"get_output":{"duration":{"num":2,"min":0.000000238,"max":0.000059605,"avg":0.000029922,"var":0.000000002,"sum":0.000059843},"relative_timestamp_from_wait_end":{"num":2,"min":0.000000477,"max":0.000002623,"avg":0.000001550,"var":0.000000000,"sum":0.000003099}}}}},"65535:65535:3669993900245843967:1":{"rpc_id":3669993900245843967,"provider_id":1,"parent_rpc_id":65535,"parent_provider_id":65535,"name":"qtn_work_rpc","origin":{"sent to ofi+cxi://0x06a7e011":{"iforward":{"duration":{"num":1774,"min":0.000001431,"max":0.000037432,"avg":0.000001849,"var":0.000000004,"sum":0.003280163},"relative_timestamp_from_create":{"num":1774,"min":0.000002623,"max":0.001499414,"avg":0.000003776,"var":0.000002238,"sum":0.006699324}},"forward_cb":{"duration":{"num":1774,"min":0.000000000,"max":0.000001192,"avg":0.000000131,"var":0.000000000,"sum":0.000232220},"relative_timestamp_from_iforward_start":{"num":1774,"min":0.000435114,"max":0.021693707,"avg":0.006270790,"var":0.008749033,"sum":11.124380827}},"iforward_wait":{"duration":{"num":1774,"min":0.000433922,"max":0.021680832,"avg":0.006269291,"var":0.008748501,"sum":11.121722698},"relative_timestamp_from_iforward_end":{"num":1774,"min":0.000000000,"max":0.000001192,"avg":0.000000224,"var":0.000000000,"sum":0.000397444}},"set_input":{"duration":{"num":1774,"min":0.000000000,"max":0.000004530,"avg":0.000000120,"var":0.000000000,"sum":0.000212431},"relative_timestamp_from_iforward_start":{"num":1774,"min":0.000000477,"max":0.000010014,"avg":0.000000723,"var":0.000000000,"sum":0.001281738}},"get_output":{"duration":{"num":1774,"min":0.000000000,"max":0.000000477,"avg":0.000000087,"var":0.000000000,"sum":0.000153780},"relative_timestamp_from_wait_end":{"num":1774,"min":0.000000000,"max":0.000002861,"avg":0.000000157,"var":0.000000000,"sum":0.000279188}}}}},"65535:65535:65535:65535":{"rpc_id":65535,"provider_id":65535,"parent_rpc_id":65535,"parent_provider_id":65535,"name":"","target":{"received from <unknown>":{"bulk":{"create":{"duration":{"num":1774,"min":0.000002384,"max":0.001494884,"avg":0.000003570,"var":0.000002225,"sum":0.006333351},"size":{"num":1774,"min":4194304.000000000,"max":4194304.000000000,"avg":4194304.000000000,"var":0.000000000,"sum":7440695296.000000000}}}}}}}}