{"address":"","progress_loop":{"progress_with_timeout":{"num":22303,"min":0.000000954,"max":0.103791952,"avg":0.000242706,"var":0.026153660,"sum":5.413077116},"progress_timeout_value_msec":{"num":22303,"min":100.000000000,"max":100.000000000,"avg":100.000000000,"var":0.000000000,"sum":2230300.000000000},"progress_without_timeout":{"num":0,"min":0.000000000,"max":0.000000000,"avg":0.000000000,"var":0.000000000,"sum":0.000000000},"trigger":{"num":22257,"min":0.000000238,"max":0.000008583,"avg":0.000000275,"var":0.000000000,"sum":0.006112814}},"rpcs":{"65535:65535:7940397281847607295:2":{"rpc_id":7940397281847607295,"provider_id":2,"parent_rpc_id":65535,"parent_provider_id":65535,"name":"__identity__","origin":{"sent to ofi+cxi://0x06a6000d":{"iforward":{"duration":{"num":1,"min":0.002292395,"max":0.002292395,"avg":0.002292395,"var":0.000000000,"sum":0.002292395},"relative_timestamp_from_create":{"num":1,"min":0.000007391,"max":0.000007391,"avg":0.000007391,"var":0.000000000,"sum":0.000007391}},"forward_cb":{"duration":{"num":1,"min":0.000002384,"max":0.000002384,"avg":0.000002384,"var":0.000000000,"sum":0.000002384},"relative_timestamp_from_iforward_start":{"num":1,"min":0.039208889,"max":0.039208889,"avg":0.039208889,"var":0.000000000,"sum":0.039208889}},"iforward_wait":{"duration":{"num":1,"min":0.036924601,"max":0.036924601,"avg":0.036924601,"var":0.000000000,"sum":0.036924601},"relative_timestamp_from_iforward_end":{"num":1,"min":0.000000238,"max":0.000000238,"avg":0.000000238,"var":0.000000000,"sum":0.000000238}},"set_input":{"duration":{"num":0,"min":0.000000000,"max":0.000000000,"avg":0.000000000,"var":0.000000000,"sum":0.000000000},"relative_timestamp_from_iforward_start":{"num":0,"min":0.000000000,"max":0.000000000,"avg":0.000000000,"var":0.000000000,"sum":0.000000000}},"get_output":{"duration":{"num":1,"min":0.000015974,"max":0.000015974,"avg":0.000015974,"var":0.000000000,"sum":0.000015974},"relative_timestamp_from_wait_end":{"num":1,"min":0.000001192,"max":0.000001192,"avg":0.000001192,"var":0.000000000,"sum":0.000001192}}}}},"65535:65535:9722976651498815487:2":{"rpc_id":9722976651498815487,"provider_id":2,"parent_rpc_id":65535,"parent_provider_id":65535,"name":"flock_get_view","origin":{"sent to ofi+cxi://0x06a6000d":{"iforward":{"duration":{"num":2,"min":0.000018358,"max":0.000039577,"avg":0.000028968,"var":0.000000000,"sum":0.000057936},"relative_timestamp_from_create":{"num":2,"min":0.000000715,"max":0.000001431,"avg":0.000001073,"var":0.000000000,"sum":0.000002146}},"forward_cb":{"duration":{"num":2,"min":0.000001192,"max":0.000001431,"avg":0.000001311,"var":0.000000000,"sum":0.000002623},"relative_timestamp_from_iforward_start":{"num":2,"min":0.055348635,"max":0.108179569,"avg":0.081764102,"var":0.001395554,"sum":0.163528204}},"iforward_wait":{"duration":{"num":2,"min":0.055334806,"max":0.108142138,"avg":0.081738472,"var":0.001394307,"sum":0.163476944},"relative_timestamp_from_iforward_end":{"num":2,"min":0.000000238,"max":0.000001431,"avg":0.000000834,"var":0.000000000,"sum":0.000001669}},"set_input":{"duration":{"num":2,"min":0.000000238,"max":0.000000477,"avg":0.000000358,"var":0.000000000,"sum":0.000000715},"relative_timestamp_from_iforward_start":{"num":2,"min":0.000006199,"max":0.000011921,"avg":0.000009060,"var":0.000000000,"sum":0.000018120}},"get_output":{"duration":{"num":2,"min":0.000001431,"max":0.000054359,"avg":0.000027895,"var":0.000000001,"sum":0.000055790},"relative_timestamp_from_wait_end":{"num":2,"min":0.000001192,"max":0.000001907,"avg":0.000001550,"var":0.000000000,"sum":0.000003099}}}}},"65535:65535:3669993900245843967:1":{"rpc_id":3669993900245843967,"provider_id":1,"parent_rpc_id":65535,"parent_provider_id":65535,"name":"qtn_work_rpc","origin":{"sent to ofi+cxi://0x06a7a00d":{"iforward":{"duration":{"num":22253,"min":0.000001431,"max":0.000053644,"avg":0.000001539,"var":0.000000006,"sum":0.034258366},"relative_timestamp_from_create":{"num":22253,"min":0.000000000,"max":0.000001669,"avg":0.000000075,"var":0.000000000,"sum":0.001662493}},"forward_cb":{"duration":{"num":22253,"min":0.000000000,"max":0.000001192,"avg":0.000000124,"var":0.000000000,"sum":0.002769232},"relative_timestamp_from_iforward_start":{"num":22253,"min":0.000008583,"max":0.000778437,"avg":0.000231725,"var":0.000465978,"sum":5.156570673}},"iforward_wait":{"duration":{"num":22253,"min":0.000004530,"max":0.000777245,"avg":0.000230550,"var":0.000465947,"sum":5.130425215},"relative_timestamp_from_iforward_end":{"num":22253,"min":0.000000000,"max":0.000004530,"avg":0.000000185,"var":0.000000000,"sum":0.004113674}},"set_input":{"duration":{"num":22253,"min":0.000000000,"max":0.000001431,"avg":0.000000071,"var":0.000000000,"sum":0.001569271},"relative_timestamp_from_iforward_start":{"num":22253,"min":0.000000477,"max":0.000017643,"avg":0.000000689,"var":0.000000001,"sum":0.015336037}},"get_output":{"duration":{"num":22253,"min":0.000000000,"max":0.000000954,"avg":0.000000087,"var":0.000000000,"sum":0.001925945},"relative_timestamp_from_wait_end":{"num":22253,"min":0.000000000,"max":0.000002384,"avg":0.000000157,"var":0.000000000,"sum":0.003500462}}}}}}}