{"address":"","progress_loop":{"progress_with_timeout":{"num":15363,"min":0.000000954,"max":2.845851898,"avg":0.000360688,"var":8.123205261,"sum":5.541251659},"progress_timeout_value_msec":{"num":15363,"min":100.000000000,"max":100.000000000,"avg":100.000000000,"var":0.000000000,"sum":1536300.000000000},"progress_without_timeout":{"num":0,"min":0.000000000,"max":0.000000000,"avg":0.000000000,"var":0.000000000,"sum":0.000000000},"trigger":{"num":15317,"min":0.000000238,"max":0.000008345,"avg":0.000000272,"var":0.000000000,"sum":0.004172802}},"rpcs":{"65535:65535:7940397281847607295:2":{"rpc_id":7940397281847607295,"provider_id":2,"parent_rpc_id":65535,"parent_provider_id":65535,"name":"__identity__","origin":{"sent to ofi+cxi://0x06a6000d":{"iforward":{"duration":{"num":1,"min":0.000161648,"max":0.000161648,"avg":0.000161648,"var":0.000000000,"sum":0.000161648},"relative_timestamp_from_create":{"num":1,"min":0.000009537,"max":0.000009537,"avg":0.000009537,"var":0.000000000,"sum":0.000009537}},"forward_cb":{"duration":{"num":1,"min":0.000000954,"max":0.000000954,"avg":0.000000954,"var":0.000000000,"sum":0.000000954},"relative_timestamp_from_iforward_start":{"num":1,"min":0.006890774,"max":0.006890774,"avg":0.006890774,"var":0.000000000,"sum":0.006890774}},"iforward_wait":{"duration":{"num":1,"min":0.006733179,"max":0.006733179,"avg":0.006733179,"var":0.000000000,"sum":0.006733179},"relative_timestamp_from_iforward_end":{"num":1,"min":0.000000238,"max":0.000000238,"avg":0.000000238,"var":0.000000000,"sum":0.000000238}},"set_input":{"duration":{"num":0,"min":0.000000000,"max":0.000000000,"avg":0.000000000,"var":0.000000000,"sum":0.000000000},"relative_timestamp_from_iforward_start":{"num":0,"min":0.000000000,"max":0.000000000,"avg":0.000000000,"var":0.000000000,"sum":0.000000000}},"get_output":{"duration":{"num":1,"min":0.000018835,"max":0.000018835,"avg":0.000018835,"var":0.000000000,"sum":0.000018835},"relative_timestamp_from_wait_end":{"num":1,"min":0.000000954,"max":0.000000954,"avg":0.000000954,"var":0.000000000,"sum":0.000000954}}}}},"65535:65535:9722976651498815487:2":{"rpc_id":9722976651498815487,"provider_id":2,"parent_rpc_id":65535,"parent_provider_id":65535,"name":"flock_get_view","origin":{"sent to ofi+cxi://0x06a6000d":{"iforward":{"duration":{"num":2,"min":0.000015736,"max":0.000017881,"avg":0.000016809,"var":0.000000000,"sum":0.000033617},"relative_timestamp_from_create":{"num":2,"min":0.000000715,"max":0.000001192,"avg":0.000000954,"var":0.000000000,"sum":0.000001907}},"forward_cb":{"duration":{"num":2,"min":0.000000954,"max":0.000001431,"avg":0.000001192,"var":0.000000000,"sum":0.000002384},"relative_timestamp_from_iforward_start":{"num":2,"min":0.061038971,"max":0.118728876,"avg":0.089883924,"var":0.001664063,"sum":0.179767847}},"iforward_wait":{"duration":{"num":2,"min":0.061025381,"max":0.118715286,"avg":0.089870334,"var":0.001664063,"sum":0.179740667},"relative_timestamp_from_iforward_end":{"num":2,"min":0.000000238,"max":0.000000954,"avg":0.000000596,"var":0.000000000,"sum":0.000001192}},"set_input":{"duration":{"num":2,"min":0.000000238,"max":0.000000238,"avg":0.000000238,"var":0.000000000,"sum":0.000000477},"relative_timestamp_from_iforward_start":{"num":2,"min":0.000003815,"max":0.000005960,"avg":0.000004888,"var":0.000000000,"sum":0.000009775}},"get_output":{"duration":{"num":2,"min":0.000001431,"max":0.000058889,"avg":0.000030160,"var":0.000000002,"sum":0.000060320},"relative_timestamp_from_wait_end":{"num":2,"min":0.000001431,"max":0.000002384,"avg":0.000001907,"var":0.000000000,"sum":0.000003815}}}}},"65535:65535:3669993900245843967:1":{"rpc_id":3669993900245843967,"provider_id":1,"parent_rpc_id":65535,"parent_provider_id":65535,"name":"qtn_work_rpc","origin":{"sent to ofi+cxi://0x06a64010":{"iforward":{"duration":{"num":15313,"min":0.000001431,"max":0.000046968,"avg":0.000001560,"var":0.000000006,"sum":0.023893833},"relative_timestamp_from_create":{"num":15313,"min":0.000000000,"max":0.000001192,"avg":0.000000072,"var":0.000000000,"sum":0.001104593}},"forward_cb":{"duration":{"num":15313,"min":0.000000000,"max":0.000001431,"avg":0.000000122,"var":0.000000000,"sum":0.001874685},"relative_timestamp_from_iforward_start":{"num":15313,"min":0.000008583,"max":2.845857620,"avg":0.000345084,"var":8.097894142,"sum":5.284269810}},"iforward_wait":{"duration":{"num":15313,"min":0.000007391,"max":2.845857620,"avg":0.000343878,"var":8.097900978,"sum":5.265799284},"relative_timestamp_from_iforward_end":{"num":15313,"min":0.000000000,"max":0.000002146,"avg":0.000000189,"var":0.000000000,"sum":0.002895594}},"set_input":{"duration":{"num":15313,"min":0.000000000,"max":0.000001907,"avg":0.000000088,"var":0.000000000,"sum":0.001345158},"relative_timestamp_from_iforward_start":{"num":15313,"min":0.000000477,"max":0.000011206,"avg":0.000000680,"var":0.000000000,"sum":0.010409594}},"get_output":{"duration":{"num":15313,"min":0.000000000,"max":0.000001192,"avg":0.000000090,"var":0.000000000,"sum":0.001383305},"relative_timestamp_from_wait_end":{"num":15313,"min":0.000000000,"max":0.000003099,"avg":0.000000157,"var":0.000000000,"sum":0.002400398}}}}}}}