{"address":"","progress_loop":{"progress_with_timeout":{"num":5599,"min":0.000001431,"max":0.108546972,"avg":0.095223506,"var":4.656739330,"sum":533.156408548},"progress_timeout_value_msec":{"num":5599,"min":100.000000000,"max":100.000000000,"avg":100.000000000,"var":0.000000000,"sum":559900.000000000},"progress_without_timeout":{"num":33427020,"min":0.000000000,"max":0.000504732,"avg":0.000000165,"var":0.000001214,"sum":5.529558897},"trigger":{"num":167501,"min":0.000000000,"max":0.000034332,"avg":0.000000601,"var":0.000000058,"sum":0.100656033}},"rpcs":{"65535:65535:3669993900245843967:1":{"rpc_id":3669993900245843967,"provider_id":1,"parent_rpc_id":65535,"parent_provider_id":65535,"name":"qtn_work_rpc","target":{"received from ofi+cxi://0x06a1e210":{"handler":{"duration":{"num":9932,"min":0.000000477,"max":0.000017405,"avg":0.000000584,"var":0.000000002,"sum":0.005801439}},"ult":{"duration":{"num":9932,"min":0.000004530,"max":0.000510216,"avg":0.000005112,"var":0.000000269,"sum":0.050774813},"relative_timestamp_from_handler_start":{"num":9932,"min":0.000000715,"max":0.000035763,"avg":0.000000965,"var":0.000000007,"sum":0.009583235}},"irespond":{"duration":{"num":9932,"min":0.000000238,"max":0.000030994,"avg":0.000000491,"var":0.000000002,"sum":0.004876375},"relative_timestamp_from_ult_start":{"num":9932,"min":0.000000238,"max":0.000029087,"avg":0.000000300,"var":0.000000001,"sum":0.002981663}},"respond_cb":{"duration":{"num":9932,"min":0.000000000,"max":0.000011683,"avg":0.000000121,"var":0.000000000,"sum":0.001204967},"relative_timestamp_from_irespond_start":{"num":9932,"min":0.000003576,"max":0.000508547,"avg":0.000004159,"var":0.000000264,"sum":0.041302681}},"irespond_wait":{"duration":{"num":9932,"min":0.000001192,"max":0.000508785,"avg":0.000003926,"var":0.000000262,"sum":0.038996935},"relative_timestamp_from_irespond_end":{"num":9932,"min":0.000000000,"max":0.000033140,"avg":0.000000180,"var":0.000000002,"sum":0.001790524}},"set_output":{"duration":{"num":9932,"min":0.000000000,"max":0.000000477,"avg":0.000000065,"var":0.000000000,"sum":0.000647306},"relative_timestamp_from_irespond_start":{"num":9932,"min":0.000000000,"max":0.000002861,"avg":0.000000084,"var":0.000000000,"sum":0.000835180}},"get_input":{"duration":{"num":9932,"min":0.000000000,"max":0.000003576,"avg":0.000000105,"var":0.000000000,"sum":0.001044989},"relative_timestamp_from_ult_start":{"num":9932,"min":0.000000000,"max":0.000029087,"avg":0.000000126,"var":0.000000001,"sum":0.001249552}}},"received from ofi+cxi://0x06a5e011":{"handler":{"duration":{"num":34954,"min":0.000000477,"max":0.000030994,"avg":0.000000598,"var":0.000000007,"sum":0.020895004}},"ult":{"duration":{"num":34954,"min":0.000004530,"max":0.000485897,"avg":0.000005033,"var":0.000000271,"sum":0.175939322},"relative_timestamp_from_handler_start":{"num":34954,"min":0.000000715,"max":0.000034809,"avg":0.000000967,"var":0.000000019,"sum":0.033783436}},"irespond":{"duration":{"num":34954,"min":0.000000238,"max":0.000022888,"avg":0.000000488,"var":0.000000003,"sum":0.017047644},"relative_timestamp_from_ult_start":{"num":34954,"min":0.000000238,"max":0.000028372,"avg":0.000000300,"var":0.000000002,"sum":0.010482311}},"respond_cb":{"duration":{"num":34954,"min":0.000000000,"max":0.000020742,"avg":0.000000116,"var":0.000000001,"sum":0.004039526},"relative_timestamp_from_irespond_start":{"num":34954,"min":0.000003576,"max":0.000479698,"avg":0.000004096,"var":0.000000257,"sum":0.143166542}},"irespond_wait":{"duration":{"num":34954,"min":0.000001192,"max":0.000484943,"avg":0.000003855,"var":0.000000260,"sum":0.134745836},"relative_timestamp_from_irespond_end":{"num":34954,"min":0.000000000,"max":0.000024080,"avg":0.000000175,"var":0.000000001,"sum":0.006123543}},"set_output":{"duration":{"num":34954,"min":0.000000000,"max":0.000019312,"avg":0.000000067,"var":0.000000001,"sum":0.002338171},"relative_timestamp_from_irespond_start":{"num":34954,"min":0.000000000,"max":0.000022411,"avg":0.000000082,"var":0.000000001,"sum":0.002868414}},"get_input":{"duration":{"num":34954,"min":0.000000000,"max":0.000023127,"avg":0.000000105,"var":0.000000001,"sum":0.003667831},"relative_timestamp_from_ult_start":{"num":34954,"min":0.000000000,"max":0.000028133,"avg":0.000000126,"var":0.000000001,"sum":0.004393816}}},"received from ofi+cxi://0x06a36014":{"handler":{"duration":{"num":32877,"min":0.000000477,"max":0.000024319,"avg":0.000000604,"var":0.000000006,"sum":0.019865751}},"ult":{"duration":{"num":32877,"min":0.000004292,"max":0.018546820,"avg":0.000338269,"var":0.073946573,"sum":11.121263504},"relative_timestamp_from_handler_start":{"num":32877,"min":0.000000715,"max":0.021357298,"avg":0.000014292,"var":0.004864639,"sum":0.469891787}},"irespond":{"duration":{"num":32877,"min":0.000000238,"max":0.000033617,"avg":0.000000504,"var":0.000000004,"sum":0.016585827},"relative_timestamp_from_ult_start":{"num":32877,"min":0.000000238,"max":0.017773628,"avg":0.000216368,"var":0.033038220,"sum":7.113546610}},"respond_cb":{"duration":{"num":32877,"min":0.000000000,"max":0.000008821,"avg":0.000000118,"var":0.000000001,"sum":0.003895044},"relative_timestamp_from_irespond_start":{"num":32877,"min":0.000003576,"max":0.010274172,"avg":0.000116876,"var":0.009120079,"sum":3.842515945}},"irespond_wait":{"duration":{"num":32877,"min":0.000001192,"max":0.014552355,"avg":0.000120261,"var":0.010471233,"sum":3.953815937},"relative_timestamp_from_irespond_end":{"num":32877,"min":0.000000000,"max":0.000016689,"avg":0.000000179,"var":0.000000001,"sum":0.005870104}},"set_output":{"duration":{"num":32877,"min":0.000000000,"max":0.000000715,"avg":0.000000069,"var":0.000000000,"sum":0.002264738},"relative_timestamp_from_irespond_start":{"num":32877,"min":0.000000000,"max":0.000005484,"avg":0.000000090,"var":0.000000001,"sum":0.002954483}},"get_input":{"duration":{"num":32877,"min":0.000000000,"max":0.000033855,"avg":0.000000123,"var":0.000000002,"sum":0.004044294},"relative_timestamp_from_ult_start":{"num":32877,"min":0.000000000,"max":0.000027895,"avg":0.000000129,"var":0.000000001,"sum":0.004230261}},"bulk":{"create":{"duration":{"num":1722,"min":0.000002623,"max":0.012843609,"avg":0.000377608,"var":0.002591758,"sum":0.650240421},"size":{"num":1722,"min":4194304.000000000,"max":4194304.000000000,"avg":4194304.000000000,"var":0.000000000,"sum":7222591488.000000000}},"pull from ofi+cxi://0x06a36014":{"itransfer":{"duration":{"num":1722,"min":0.000000715,"max":0.000019550,"avg":0.000001708,"var":0.000000005,"sum":0.002940655},"size":{"num":1722,"min":4194304.000000000,"max":4194304.000000000,"avg":4194304.000000000,"var":0.000000000,"sum":7222591488.000000000}},"transfer_cb":{"duration":{"num":1722,"min":0.000000000,"max":0.000000954,"avg":0.000000169,"var":0.000000000,"sum":0.000291348},"relative_timestamp_from_itransfer_start":{"num":1722,"min":0.000257969,"max":0.017767191,"avg":0.003688449,"var":0.002712327,"sum":6.351509571}},"itransfer_wait":{"duration":{"num":1722,"min":0.000254631,"max":0.017765999,"avg":0.003743364,"var":0.003386672,"sum":6.446072578},"relative_timestamp_from_itransfer_end":{"num":1722,"min":0.000000000,"max":0.000006199,"avg":0.000000285,"var":0.000000000,"sum":0.000491142}}}}},"received from ofi+cxi://0x06a16210":{"handler":{"duration":{"num":1689,"min":0.000000477,"max":0.000015497,"avg":0.000000892,"var":0.000000001,"sum":0.001507044}},"ult":{"duration":{"num":1689,"min":0.000190258,"max":0.026647806,"avg":0.006643369,"var":0.010792391,"sum":11.220650196},"relative_timestamp_from_handler_start":{"num":1689,"min":0.000000715,"max":0.019543886,"avg":0.000255017,"var":0.004253037,"sum":0.430723429}},"irespond":{"duration":{"num":1689,"min":0.000000238,"max":0.000009060,"avg":0.000000788,"var":0.000000001,"sum":0.001331568},"relative_timestamp_from_ult_start":{"num":1689,"min":0.000182629,"max":0.025480032,"avg":0.004216926,"var":0.007393360,"sum":7.122388124}},"respond_cb":{"duration":{"num":1689,"min":0.000000000,"max":0.000001192,