{"address":"","progress_loop":{"progress_with_timeout":{"num":1653,"min":0.000001907,"max":0.419562340,"avg":0.007164760,"var":0.205697633,"sum":11.843348980},"progress_timeout_value_msec":{"num":1653,"min":100.000000000,"max":100.000000000,"avg":100.000000000,"var":0.000000000,"sum":165300.000000000},"progress_without_timeout":{"num":0,"min":0.000000000,"max":0.000000000,"avg":0.000000000,"var":0.000000000,"sum":0.000000000},"trigger":{"num":1625,"min":0.000000238,"max":0.000007391,"avg":0.000000850,"var":0.000000001,"sum":0.001380682}},"rpcs":{"65535:65535:7940397281847607295:2":{"rpc_id":7940397281847607295,"provider_id":2,"parent_rpc_id":65535,"parent_provider_id":65535,"name":"__identity__","origin":{"sent to ofi+cxi://0x06a6000d":{"iforward":{"duration":{"num":1,"min":0.000108719,"max":0.000108719,"avg":0.000108719,"var":0.000000000,"sum":0.000108719},"relative_timestamp_from_create":{"num":1,"min":0.000017643,"max":0.000017643,"avg":0.000017643,"var":0.000000000,"sum":0.000017643}},"forward_cb":{"duration":{"num":1,"min":0.000002384,"max":0.000002384,"avg":0.000002384,"var":0.000000000,"sum":0.000002384},"relative_timestamp_from_iforward_start":{"num":1,"min":0.003698826,"max":0.003698826,"avg":0.003698826,"var":0.000000000,"sum":0.003698826}},"iforward_wait":{"duration":{"num":1,"min":0.003598690,"max":0.003598690,"avg":0.003598690,"var":0.000000000,"sum":0.003598690},"relative_timestamp_from_iforward_end":{"num":1,"min":0.000000238,"max":0.000000238,"avg":0.000000238,"var":0.000000000,"sum":0.000000238}},"set_input":{"duration":{"num":0,"min":0.000000000,"max":0.000000000,"avg":0.000000000,"var":0.000000000,"sum":0.000000000},"relative_timestamp_from_iforward_start":{"num":0,"min":0.000000000,"max":0.000000000,"avg":0.000000000,"var":0.000000000,"sum":0.000000000}},"get_output":{"duration":{"num":1,"min":0.000016689,"max":0.000016689,"avg":0.000016689,"var":0.000000000,"sum":0.000016689},"relative_timestamp_from_wait_end":{"num":1,"min":0.000001669,"max":0.000001669,"avg":0.000001669,"var":0.000000000,"sum":0.000001669}}}}},"65535:65535:9722976651498815487:2":{"rpc_id":9722976651498815487,"provider_id":2,"parent_rpc_id":65535,"parent_provider_id":65535,"name":"flock_get_view","origin":{"sent to ofi+cxi://0x06a6000d":{"iforward":{"duration":{"num":2,"min":0.000015974,"max":0.000049353,"avg":0.000032663,"var":0.000000001,"sum":0.000065327},"relative_timestamp_from_create":{"num":2,"min":0.000000477,"max":0.000001431,"avg":0.000000954,"var":0.000000000,"sum":0.000001907}},"forward_cb":{"duration":{"num":2,"min":0.000000238,"max":0.000001192,"avg":0.000000715,"var":0.000000000,"sum":0.000001431},"relative_timestamp_from_iforward_start":{"num":2,"min":0.024443865,"max":0.100020885,"avg":0.062232375,"var":0.002855943,"sum":0.124464750}},"iforward_wait":{"duration":{"num":2,"min":0.024394274,"max":0.100009203,"avg":0.062201738,"var":0.002858809,"sum":0.124403477},"relative_timestamp_from_iforward_end":{"num":2,"min":0.000000238,"max":0.000001431,"avg":0.000000834,"var":0.000000000,"sum":0.000001669}},"set_input":{"duration":{"num":2,"min":0.000000238,"max":0.000000477,"avg":0.000000358,"var":0.000000000,"sum":0.000000715},"relative_timestamp_from_iforward_start":{"num":2,"min":0.000002861,"max":0.000018597,"avg":0.000010729,"var":0.000000000,"sum":0.000021458}},"get_output":{"duration":{"num":2,"min":0.000001192,"max":0.000077009,"avg":0.000039101,"var":0.000000003,"sum":0.000078201},"relative_timestamp_from_wait_end":{"num":2,"min":0.000001192,"max":0.000001431,"avg":0.000001311,"var":0.000000000,"sum":0.000002623}}}}},"65535:65535:3669993900245843967:1":{"rpc_id":3669993900245843967,"provider_id":1,"parent_rpc_id":65535,"parent_provider_id":65535,"name":"qtn_work_rpc","origin":{"sent to ofi+cxi://0x06a6640e":{"iforward":{"duration":{"num":1621,"min":0.000001431,"max":0.002259493,"avg":0.000005895,"var":0.000005097,"sum":0.009555578},"relative_timestamp_from_create":{"num":1621,"min":0.000002623,"max":0.001841068,"avg":0.000005316,"var":0.000003375,"sum":0.008617401}},"forward_cb":{"duration":{"num":1621,"min":0.000000000,"max":0.000001669,"avg":0.000000446,"var":0.000000000,"sum":0.000723124},"relative_timestamp_from_iforward_start":{"num":1621,"min":0.000257015,"max":0.419574261,"avg":0.007172266,"var":0.186582988,"sum":11.626242876}},"iforward_wait":{"duration":{"num":1621,"min":0.000254869,"max":0.419564486,"avg":0.007173429,"var":0.187004008,"sum":11.628128290},"relative_timestamp_from_iforward_end":{"num":1621,"min":0.000000000,"max":0.000000715,"avg":0.000000223,"var":0.000000000,"sum":0.000360966}},"set_input":{"duration":{"num":1621,"min":0.000000000,"max":0.000005245,"avg":0.000000526,"var":0.000000000,"sum":0.000853062},"relative_timestamp_from_iforward_start":{"num":1621,"min":0.000000477,"max":0.002254248,"avg":0.000003545,"var":0.000005073,"sum":0.005746126}},"get_output":{"duration":{"num":1621,"min":0.000000000,"max":0.000000715,"avg":0.000000191,"var":0.000000000,"sum":0.000309467},"relative_timestamp_from_wait_end":{"num":1621,"min":0.000000000,"max":0.000003576,"avg":0.000000319,"var":0.000000000,"sum":0.000516653}}}}},"65535:65535:65535:65535":{"rpc_id":65535,"provider_id":65535,"parent_rpc_id":65535,"parent_provider_id":65535,"name":"","target":{"received from <unknown>":{"bulk":{"create":{"duration":{"num":1621,"min":0.000002623,"max":0.001835823,"avg":0.000004946,"var":0.000003356,"sum":0.008017063},"size":{"num":1621,"min":4194304.000000000,"max":4194304.000000000,"avg":4194304.000000000,"var":0.000000000,"sum":6798966784.000000000}}}}}}}}