{"address":"","progress_loop":{"progress_with_timeout":{"num":1704,"min":0.000002146,"max":0.102248907,"avg":0.007124607,"var":0.034291472,"sum":12.140329599},"progress_timeout_value_msec":{"num":1704,"min":100.000000000,"max":100.000000000,"avg":100.000000000,"var":0.000000000,"sum":170400.000000000},"progress_without_timeout":{"num":0,"min":0.000000000,"max":0.000000000,"avg":0.000000000,"var":0.000000000,"sum":0.000000000},"trigger":{"num":1700,"min":0.000000238,"max":0.000008583,"avg":0.000000308,"var":0.000000000,"sum":0.000523090}},"rpcs":{"65535:65535:7940397281847607295:2":{"rpc_id":7940397281847607295,"provider_id":2,"parent_rpc_id":65535,"parent_provider_id":65535,"name":"__identity__","origin":{"sent to ofi+cxi://0x06a6000d":{"iforward":{"duration":{"num":1,"min":0.000116587,"max":0.000116587,"avg":0.000116587,"var":0.000000000,"sum":0.000116587},"relative_timestamp_from_create":{"num":1,"min":0.000003099,"max":0.000003099,"avg":0.000003099,"var":0.000000000,"sum":0.000003099}},"forward_cb":{"duration":{"num":1,"min":0.000002861,"max":0.000002861,"avg":0.000002861,"var":0.000000000,"sum":0.000002861},"relative_timestamp_from_iforward_start":{"num":1,"min":0.010570765,"max":0.010570765,"avg":0.010570765,"var":0.000000000,"sum":0.010570765}},"iforward_wait":{"duration":{"num":1,"min":0.010464430,"max":0.010464430,"avg":0.010464430,"var":0.000000000,"sum":0.010464430},"relative_timestamp_from_iforward_end":{"num":1,"min":0.000000238,"max":0.000000238,"avg":0.000000238,"var":0.000000000,"sum":0.000000238}},"set_input":{"duration":{"num":0,"min":0.000000000,"max":0.000000000,"avg":0.000000000,"var":0.000000000,"sum":0.000000000},"relative_timestamp_from_iforward_start":{"num":0,"min":0.000000000,"max":0.000000000,"avg":0.000000000,"var":0.000000000,"sum":0.000000000}},"get_output":{"duration":{"num":1,"min":0.000017881,"max":0.000017881,"avg":0.000017881,"var":0.000000000,"sum":0.000017881},"relative_timestamp_from_wait_end":{"num":1,"min":0.000002146,"max":0.000002146,"avg":0.000002146,"var":0.000000000,"sum":0.000002146}}}}},"65535:65535:9722976651498815487:2":{"rpc_id":9722976651498815487,"provider_id":2,"parent_rpc_id":65535,"parent_provider_id":65535,"name":"flock_get_view","origin":{"sent to ofi+cxi://0x06a6000d":{"iforward":{"duration":{"num":2,"min":0.000018358,"max":0.000044346,"avg":0.000031352,"var":0.000000000,"sum":0.000062704},"relative_timestamp_from_create":{"num":2,"min":0.000000477,"max":0.000001431,"avg":0.000000954,"var":0.000000000,"sum":0.000001907}},"forward_cb":{"duration":{"num":2,"min":0.000000000,"max":0.000000715,"avg":0.000000358,"var":0.000000000,"sum":0.000000715},"relative_timestamp_from_iforward_start":{"num":2,"min":0.046981335,"max":0.089478731,"avg":0.068230033,"var":0.000903014,"sum":0.136460066}},"iforward_wait":{"duration":{"num":2,"min":0.046938658,"max":0.089460850,"avg":0.068199754,"var":0.000904068,"sum":0.136399508},"relative_timestamp_from_iforward_end":{"num":2,"min":0.000000238,"max":0.000001192,"avg":0.000000715,"var":0.000000000,"sum":0.000001431}},"set_input":{"duration":{"num":2,"min":0.000000238,"max":0.000000238,"avg":0.000000238,"var":0.000000000,"sum":0.000000477},"relative_timestamp_from_iforward_start":{"num":2,"min":0.000005722,"max":0.000012875,"avg":0.000009298,"var":0.000000000,"sum":0.000018597}},"get_output":{"duration":{"num":2,"min":0.000000477,"max":0.000036716,"avg":0.000018597,"var":0.000000001,"sum":0.000037193},"relative_timestamp_from_wait_end":{"num":2,"min":0.000000238,"max":0.000001669,"avg":0.000000954,"var":0.000000000,"sum":0.000001907}}}}},"65535:65535:3669993900245843967:1":{"rpc_id":3669993900245843967,"provider_id":1,"parent_rpc_id":65535,"parent_provider_id":65535,"name":"qtn_work_rpc","origin":{"sent to ofi+cxi://0x06a68611":{"iforward":{"duration":{"num":1696,"min":0.000001431,"max":0.000033617,"avg":0.000001829,"var":0.000000004,"sum":0.003102064},"relative_timestamp_from_create":{"num":1696,"min":0.000002384,"max":0.001695156,"avg":0.000003905,"var":0.000002862,"sum":0.006623507}},"forward_cb":{"duration":{"num":1696,"min":0.000000000,"max":0.000001431,"avg":0.000000138,"var":0.000000000,"sum":0.000233889},"relative_timestamp_from_iforward_start":{"num":1696,"min":0.000215769,"max":0.022125483,"avg":0.007013797,"var":0.016645538,"sum":11.895400524}},"iforward_wait":{"duration":{"num":1696,"min":0.000214815,"max":0.022124529,"avg":0.007012373,"var":0.016646822,"sum":11.892984867},"relative_timestamp_from_iforward_end":{"num":1696,"min":0.000000000,"max":0.000000715,"avg":0.000000182,"var":0.000000000,"sum":0.000309229}},"set_input":{"duration":{"num":1696,"min":0.000000000,"max":0.000004768,"avg":0.000000129,"var":0.000000000,"sum":0.000219584},"relative_timestamp_from_iforward_start":{"num":1696,"min":0.000000477,"max":0.000008345,"avg":0.000000754,"var":0.000000000,"sum":0.001279116}},"get_output":{"duration":{"num":1696,"min":0.000000000,"max":0.000000477,"avg":0.000000089,"var":0.000000000,"sum":0.000151634},"relative_timestamp_from_wait_end":{"num":1696,"min":0.000000000,"max":0.000002861,"avg":0.000000159,"var":0.000000000,"sum":0.000270128}}}}},"65535:65535:65535:65535":{"rpc_id":65535,"provider_id":65535,"parent_rpc_id":65535,"parent_provider_id":65535,"name":"","target":{"received from <unknown>":{"bulk":{"create":{"duration":{"num":1696,"min":0.000002384,"max":0.001690149,"avg":0.000003706,"var":0.000002846,"sum":0.006285191},"size":{"num":1696,"min":4194304.000000000,"max":4194304.000000000,"avg":4194304.000000000,"var":0.000000000,"sum":7113539584.000000000}}}}}}}}