{"address":"","progress_loop":{"progress_with_timeout":{"num":1797,"min":0.000002384,"max":0.103388548,"avg":0.006347987,"var":0.026892424,"sum":11.407333136},"progress_timeout_value_msec":{"num":1797,"min":100.000000000,"max":100.000000000,"avg":100.000000000,"var":0.000000000,"sum":179700.000000000},"progress_without_timeout":{"num":0,"min":0.000000000,"max":0.000000000,"avg":0.000000000,"var":0.000000000,"sum":0.000000000},"trigger":{"num":1794,"min":0.000000238,"max":0.000009537,"avg":0.000000294,"var":0.000000000,"sum":0.000527620}},"rpcs":{"65535:65535:7940397281847607295:2":{"rpc_id":7940397281847607295,"provider_id":2,"parent_rpc_id":65535,"parent_provider_id":65535,"name":"__identity__","origin":{"sent to ofi+cxi://0x06a6000d":{"iforward":{"duration":{"num":1,"min":0.000107527,"max":0.000107527,"avg":0.000107527,"var":0.000000000,"sum":0.000107527},"relative_timestamp_from_create":{"num":1,"min":0.000003576,"max":0.000003576,"avg":0.000003576,"var":0.000000000,"sum":0.000003576}},"forward_cb":{"duration":{"num":1,"min":0.000000954,"max":0.000000954,"avg":0.000000954,"var":0.000000000,"sum":0.000000954},"relative_timestamp_from_iforward_start":{"num":1,"min":0.024481058,"max":0.024481058,"avg":0.024481058,"var":0.000000000,"sum":0.024481058}},"iforward_wait":{"duration":{"num":1,"min":0.024377823,"max":0.024377823,"avg":0.024377823,"var":0.000000000,"sum":0.024377823},"relative_timestamp_from_iforward_end":{"num":1,"min":0.000000477,"max":0.000000477,"avg":0.000000477,"var":0.000000000,"sum":0.000000477}},"set_input":{"duration":{"num":0,"min":0.000000000,"max":0.000000000,"avg":0.000000000,"var":0.000000000,"sum":0.000000000},"relative_timestamp_from_iforward_start":{"num":0,"min":0.000000000,"max":0.000000000,"avg":0.000000000,"var":0.000000000,"sum":0.000000000}},"get_output":{"duration":{"num":1,"min":0.000007868,"max":0.000007868,"avg":0.000007868,"var":0.000000000,"sum":0.000007868},"relative_timestamp_from_wait_end":{"num":1,"min":0.000000954,"max":0.000000954,"avg":0.000000954,"var":0.000000000,"sum":0.000000954}}}}},"65535:65535:9722976651498815487:2":{"rpc_id":9722976651498815487,"provider_id":2,"parent_rpc_id":65535,"parent_provider_id":65535,"name":"flock_get_view","origin":{"sent to ofi+cxi://0x06a6000d":{"iforward":{"duration":{"num":2,"min":0.000017881,"max":0.000019550,"avg":0.000018716,"var":0.000000000,"sum":0.000037432},"relative_timestamp_from_create":{"num":2,"min":0.000000715,"max":0.000001431,"avg":0.000001073,"var":0.000000000,"sum":0.000002146}},"forward_cb":{"duration":{"num":2,"min":0.000000954,"max":0.000001192,"avg":0.000001073,"var":0.000000000,"sum":0.000002146},"relative_timestamp_from_iforward_start":{"num":2,"min":0.041424274,"max":0.100476503,"avg":0.070950389,"var":0.001743583,"sum":0.141900778}},"iforward_wait":{"duration":{"num":2,"min":0.041409016,"max":0.100460529,"avg":0.070934772,"var":0.001743541,"sum":0.141869545},"relative_timestamp_from_iforward_end":{"num":2,"min":0.000000238,"max":0.000001192,"avg":0.000000715,"var":0.000000000,"sum":0.000001431}},"set_input":{"duration":{"num":2,"min":0.000000238,"max":0.000000238,"avg":0.000000238,"var":0.000000000,"sum":0.000000477},"relative_timestamp_from_iforward_start":{"num":2,"min":0.000004768,"max":0.000006199,"avg":0.000005484,"var":0.000000000,"sum":0.000010967}},"get_output":{"duration":{"num":2,"min":0.000001431,"max":0.000052929,"avg":0.000027180,"var":0.000000001,"sum":0.000054359},"relative_timestamp_from_wait_end":{"num":2,"min":0.000001192,"max":0.000002146,"avg":0.000001669,"var":0.000000000,"sum":0.000003338}}}}},"65535:65535:3669993900245843967:1":{"rpc_id":3669993900245843967,"provider_id":1,"parent_rpc_id":65535,"parent_provider_id":65535,"name":"qtn_work_rpc","origin":{"sent to ofi+cxi://0x06a6620f":{"iforward":{"duration":{"num":1790,"min":0.000001431,"max":0.000032663,"avg":0.000001762,"var":0.000000004,"sum":0.003153563},"relative_timestamp_from_create":{"num":1790,"min":0.000002384,"max":0.001419067,"avg":0.000003661,"var":0.000002005,"sum":0.006552935}},"forward_cb":{"duration":{"num":1790,"min":0.000000000,"max":0.000001192,"avg":0.000000133,"var":0.000000000,"sum":0.000238657},"relative_timestamp_from_iforward_start":{"num":1790,"min":0.000512838,"max":0.020227194,"avg":0.006224679,"var":0.006952719,"sum":11.142175913}},"iforward_wait":{"duration":{"num":1790,"min":0.000511646,"max":0.020226002,"avg":0.006223321,"var":0.006951876,"sum":11.139744043},"relative_timestamp_from_iforward_end":{"num":1790,"min":0.000000000,"max":0.000000715,"avg":0.000000192,"var":0.000000000,"sum":0.000343084}},"set_input":{"duration":{"num":1790,"min":0.000000000,"max":0.000004768,"avg":0.000000125,"var":0.000000000,"sum":0.000223160},"relative_timestamp_from_iforward_start":{"num":1790,"min":0.000000477,"max":0.000010967,"avg":0.000000704,"var":0.000000000,"sum":0.001260519}},"get_output":{"duration":{"num":1790,"min":0.000000000,"max":0.000000477,"avg":0.000000087,"var":0.000000000,"sum":0.000154972},"relative_timestamp_from_wait_end":{"num":1790,"min":0.000000000,"max":0.000002623,"avg":0.000000157,"var":0.000000000,"sum":0.000280380}}}}},"65535:65535:65535:65535":{"rpc_id":65535,"provider_id":65535,"parent_rpc_id":65535,"parent_provider_id":65535,"name":"","target":{"received from <unknown>":{"bulk":{"create":{"duration":{"num":1790,"min":0.000002384,"max":0.001415014,"avg":0.000003449,"var":0.000001994,"sum":0.006173849},"size":{"num":1790,"min":4194304.000000000,"max":4194304.000000000,"avg":4194304.000000000,"var":0.000000000,"sum":7507804160.000000000}}}}}}}}