{"address":"","progress_loop":{"progress_with_timeout":{"num":1759,"min":0.000001669,"max":0.101239920,"avg":0.006527785,"var":0.025272606,"sum":11.482373476},"progress_timeout_value_msec":{"num":1759,"min":100.000000000,"max":100.000000000,"avg":100.000000000,"var":0.000000000,"sum":175900.000000000},"progress_without_timeout":{"num":0,"min":0.000000000,"max":0.000000000,"avg":0.000000000,"var":0.000000000,"sum":0.000000000},"trigger":{"num":1756,"min":0.000000238,"max":0.000007153,"avg":0.000000303,"var":0.000000000,"sum":0.000531197}},"rpcs":{"65535:65535:7940397281847607295:2":{"rpc_id":7940397281847607295,"provider_id":2,"parent_rpc_id":65535,"parent_provider_id":65535,"name":"__identity__","origin":{"sent to ofi+cxi://0x06a6000d":{"iforward":{"duration":{"num":1,"min":0.000117779,"max":0.000117779,"avg":0.000117779,"var":0.000000000,"sum":0.000117779},"relative_timestamp_from_create":{"num":1,"min":0.000010967,"max":0.000010967,"avg":0.000010967,"var":0.000000000,"sum":0.000010967}},"forward_cb":{"duration":{"num":1,"min":0.000002384,"max":0.000002384,"avg":0.000002384,"var":0.000000000,"sum":0.000002384},"relative_timestamp_from_iforward_start":{"num":1,"min":0.003633499,"max":0.003633499,"avg":0.003633499,"var":0.000000000,"sum":0.003633499}},"iforward_wait":{"duration":{"num":1,"min":0.003524065,"max":0.003524065,"avg":0.003524065,"var":0.000000000,"sum":0.003524065},"relative_timestamp_from_iforward_end":{"num":1,"min":0.000000238,"max":0.000000238,"avg":0.000000238,"var":0.000000000,"sum":0.000000238}},"set_input":{"duration":{"num":0,"min":0.000000000,"max":0.000000000,"avg":0.000000000,"var":0.000000000,"sum":0.000000000},"relative_timestamp_from_iforward_start":{"num":0,"min":0.000000000,"max":0.000000000,"avg":0.000000000,"var":0.000000000,"sum":0.000000000}},"get_output":{"duration":{"num":1,"min":0.000016451,"max":0.000016451,"avg":0.000016451,"var":0.000000000,"sum":0.000016451},"relative_timestamp_from_wait_end":{"num":1,"min":0.000001669,"max":0.000001669,"avg":0.000001669,"var":0.000000000,"sum":0.000001669}}}}},"65535:65535:9722976651498815487:2":{"rpc_id":9722976651498815487,"provider_id":2,"parent_rpc_id":65535,"parent_provider_id":65535,"name":"flock_get_view","origin":{"sent to ofi+cxi://0x06a6000d":{"iforward":{"duration":{"num":2,"min":0.000011921,"max":0.000037432,"avg":0.000024676,"var":0.000000000,"sum":0.000049353},"relative_timestamp_from_create":{"num":2,"min":0.000000238,"max":0.000001431,"avg":0.000000834,"var":0.000000000,"sum":0.000001669}},"forward_cb":{"duration":{"num":2,"min":0.000000238,"max":0.000000238,"avg":0.000000238,"var":0.000000000,"sum":0.000000477},"relative_timestamp_from_iforward_start":{"num":2,"min":0.024309397,"max":0.098953724,"avg":0.061631560,"var":0.002785888,"sum":0.123263121}},"iforward_wait":{"duration":{"num":2,"min":0.024271727,"max":0.098942280,"avg":0.061607003,"var":0.002787846,"sum":0.123214006},"relative_timestamp_from_iforward_end":{"num":2,"min":0.000000238,"max":0.000001192,"avg":0.000000715,"var":0.000000000,"sum":0.000001431}},"set_input":{"duration":{"num":2,"min":0.000000238,"max":0.000000238,"avg":0.000000238,"var":0.000000000,"sum":0.000000477},"relative_timestamp_from_iforward_start":{"num":2,"min":0.000001907,"max":0.000010729,"avg":0.000006318,"var":0.000000000,"sum":0.000012636}},"get_output":{"duration":{"num":2,"min":0.000000477,"max":0.000064611,"avg":0.000032544,"var":0.000000002,"sum":0.000065088},"relative_timestamp_from_wait_end":{"num":2,"min":0.000000238,"max":0.000000954,"avg":0.000000596,"var":0.000000000,"sum":0.000001192}}}}},"65535:65535:3669993900245843967:1":{"rpc_id":3669993900245843967,"provider_id":1,"parent_rpc_id":65535,"parent_provider_id":65535,"name":"qtn_work_rpc","origin":{"sent to ofi+cxi://0x06a66210":{"iforward":{"duration":{"num":1752,"min":0.000001431,"max":0.000052452,"avg":0.000001765,"var":0.000000006,"sum":0.003092051},"relative_timestamp_from_create":{"num":1752,"min":0.000002623,"max":0.001730204,"avg":0.000003856,"var":0.000002982,"sum":0.006754875}},"forward_cb":{"duration":{"num":1752,"min":0.000000000,"max":0.000001907,"avg":0.000000135,"var":0.000000000,"sum":0.000236034},"relative_timestamp_from_iforward_start":{"num":1752,"min":0.000347376,"max":0.020159483,"avg":0.006426137,"var":0.007291021,"sum":11.258592129}},"iforward_wait":{"duration":{"num":1752,"min":0.000346422,"max":0.020149946,"avg":0.006424753,"var":0.007292026,"sum":11.256167173},"relative_timestamp_from_iforward_end":{"num":1752,"min":0.000000000,"max":0.000000954,"avg":0.000000203,"var":0.000000000,"sum":0.000356197}},"set_input":{"duration":{"num":1752,"min":0.000000000,"max":0.000004768,"avg":0.000000130,"var":0.000000000,"sum":0.000227213},"relative_timestamp_from_iforward_start":{"num":1752,"min":0.000000477,"max":0.000010490,"avg":0.000000695,"var":0.000000000,"sum":0.001217365}},"get_output":{"duration":{"num":1752,"min":0.000000000,"max":0.000002146,"avg":0.000000091,"var":0.000000000,"sum":0.000159264},"relative_timestamp_from_wait_end":{"num":1752,"min":0.000000000,"max":0.000003099,"avg":0.000000157,"var":0.000000000,"sum":0.000274897}}}}},"65535:65535:65535:65535":{"rpc_id":65535,"provider_id":65535,"parent_rpc_id":65535,"parent_provider_id":65535,"name":"","target":{"received from <unknown>":{"bulk":{"create":{"duration":{"num":1752,"min":0.000002384,"max":0.001724005,"avg":0.000003651,"var":0.000002962,"sum":0.006396294},"size":{"num":1752,"min":4194304.000000000,"max":4194304.000000000,"avg":4194304.000000000,"var":0.000000000,"sum":7348420608.000000000}}}}}}}}