{"address":"","progress_loop":{"progress_with_timeout":{"num":32814,"min":0.000001192,"max":0.102678299,"avg":0.000163503,"var":0.025252686,"sum":5.365183353},"progress_timeout_value_msec":{"num":32814,"min":100.000000000,"max":100.000000000,"avg":100.000000000,"var":0.000000000,"sum":3281400.000000000},"progress_without_timeout":{"num":0,"min":0.000000000,"max":0.000000000,"avg":0.000000000,"var":0.000000000,"sum":0.000000000},"trigger":{"num":32712,"min":0.000000238,"max":0.000009060,"avg":0.000000279,"var":0.000000001,"sum":0.009117126}},"rpcs":{"65535:65535:7940397281847607295:2":{"rpc_id":7940397281847607295,"provider_id":2,"parent_rpc_id":65535,"parent_provider_id":65535,"name":"__identity__","origin":{"sent to ofi+cxi://0x06a6000d":{"iforward":{"duration":{"num":1,"min":0.000102758,"max":0.000102758,"avg":0.000102758,"var":0.000000000,"sum":0.000102758},"relative_timestamp_from_create":{"num":1,"min":0.000003338,"max":0.000003338,"avg":0.000003338,"var":0.000000000,"sum":0.000003338}},"forward_cb":{"duration":{"num":1,"min":0.000002384,"max":0.000002384,"avg":0.000002384,"var":0.000000000,"sum":0.000002384},"relative_timestamp_from_iforward_start":{"num":1,"min":0.038889170,"max":0.038889170,"avg":0.038889170,"var":0.000000000,"sum":0.038889170}},"iforward_wait":{"duration":{"num":1,"min":0.038794756,"max":0.038794756,"avg":0.038794756,"var":0.000000000,"sum":0.038794756},"relative_timestamp_from_iforward_end":{"num":1,"min":0.000000238,"max":0.000000238,"avg":0.000000238,"var":0.000000000,"sum":0.000000238}},"set_input":{"duration":{"num":0,"min":0.000000000,"max":0.000000000,"avg":0.000000000,"var":0.000000000,"sum":0.000000000},"relative_timestamp_from_iforward_start":{"num":0,"min":0.000000000,"max":0.000000000,"avg":0.000000000,"var":0.000000000,"sum":0.000000000}},"get_output":{"duration":{"num":1,"min":0.000016212,"max":0.000016212,"avg":0.000016212,"var":0.000000000,"sum":0.000016212},"relative_timestamp_from_wait_end":{"num":1,"min":0.000001431,"max":0.000001431,"avg":0.000001431,"var":0.000000000,"sum":0.000001431}}}}},"65535:65535:9722976651498815487:2":{"rpc_id":9722976651498815487,"provider_id":2,"parent_rpc_id":65535,"parent_provider_id":65535,"name":"flock_get_view","origin":{"sent to ofi+cxi://0x06a6000d":{"iforward":{"duration":{"num":2,"min":0.000018597,"max":0.000039339,"avg":0.000028968,"var":0.000000000,"sum":0.000057936},"relative_timestamp_from_create":{"num":2,"min":0.000000715,"max":0.000001431,"avg":0.000001073,"var":0.000000000,"sum":0.000002146}},"forward_cb":{"duration":{"num":2,"min":0.000000238,"max":0.000001192,"avg":0.000000715,"var":0.000000000,"sum":0.000001431},"relative_timestamp_from_iforward_start":{"num":2,"min":0.053261757,"max":0.108763218,"avg":0.081012487,"var":0.001540206,"sum":0.162024975}},"iforward_wait":{"duration":{"num":2,"min":0.053243637,"max":0.108725786,"avg":0.080984712,"var":0.001539134,"sum":0.161969423},"relative_timestamp_from_iforward_end":{"num":2,"min":0.000000477,"max":0.000001669,"avg":0.000001073,"var":0.000000000,"sum":0.000002146}},"set_input":{"duration":{"num":2,"min":0.000000000,"max":0.000000238,"avg":0.000000119,"var":0.000000000,"sum":0.000000238},"relative_timestamp_from_iforward_start":{"num":2,"min":0.000006437,"max":0.000012159,"avg":0.000009298,"var":0.000000000,"sum":0.000018597}},"get_output":{"duration":{"num":2,"min":0.000000477,"max":0.000041246,"avg":0.000020862,"var":0.000000001,"sum":0.000041723},"relative_timestamp_from_wait_end":{"num":2,"min":0.000000238,"max":0.000002146,"avg":0.000001192,"var":0.000000000,"sum":0.000002384}}}}},"65535:65535:3669993900245843967:1":{"rpc_id":3669993900245843967,"provider_id":1,"parent_rpc_id":65535,"parent_provider_id":65535,"name":"qtn_work_rpc","origin":{"sent to ofi+cxi://0x06a6400c":{"iforward":{"duration":{"num":32708,"min":0.000001431,"max":0.000036478,"avg":0.000001609,"var":0.000000006,"sum":0.052642822},"relative_timestamp_from_create":{"num":32708,"min":0.000000000,"max":0.000000954,"avg":0.000000073,"var":0.000000000,"sum":0.002386093}},"forward_cb":{"duration":{"num":32708,"min":0.000000000,"max":0.000009060,"avg":0.000000127,"var":0.000000001,"sum":0.004140377},"relative_timestamp_from_iforward_start":{"num":32708,"min":0.000008345,"max":0.000731230,"avg":0.000156933,"var":0.000287748,"sum":5.132959604}},"iforward_wait":{"duration":{"num":32708,"min":0.000002384,"max":0.000730991,"avg":0.000155707,"var":0.000287588,"sum":5.092870235},"relative_timestamp_from_iforward_end":{"num":32708,"min":0.000000000,"max":0.000010014,"avg":0.000000185,"var":0.000000000,"sum":0.006052732}},"set_input":{"duration":{"num":32708,"min":0.000000000,"max":0.000013351,"avg":0.000000089,"var":0.000000001,"sum":0.002901793},"relative_timestamp_from_iforward_start":{"num":32708,"min":0.000000477,"max":0.000007153,"avg":0.000000707,"var":0.000000000,"sum":0.023120165}},"get_output":{"duration":{"num":32708,"min":0.000000000,"max":0.000006437,"avg":0.000000090,"var":0.000000000,"sum":0.002953768},"relative_timestamp_from_wait_end":{"num":32708,"min":0.000000000,"max":0.000003099,"avg":0.000000155,"var":0.000000001,"sum":0.005064487}}}}}}}