{"address":"","progress_loop":{"progress_with_timeout":{"num":27415,"min":0.000001192,"max":0.101541281,"avg":0.000195796,"var":0.025568974,"sum":5.367741585},"progress_timeout_value_msec":{"num":27415,"min":100.000000000,"max":100.000000000,"avg":100.000000000,"var":0.000000000,"sum":2741500.000000000},"progress_without_timeout":{"num":0,"min":0.000000000,"max":0.000000000,"avg":0.000000000,"var":0.000000000,"sum":0.000000000},"trigger":{"num":27388,"min":0.000000238,"max":0.000010729,"avg":0.000000315,"var":0.000000001,"sum":0.008636951}},"rpcs":{"65535:65535:7940397281847607295:2":{"rpc_id":7940397281847607295,"provider_id":2,"parent_rpc_id":65535,"parent_provider_id":65535,"name":"__identity__","origin":{"sent to ofi+cxi://0x06a6000d":{"iforward":{"duration":{"num":1,"min":0.001578331,"max":0.001578331,"avg":0.001578331,"var":0.000000000,"sum":0.001578331},"relative_timestamp_from_create":{"num":1,"min":0.000003338,"max":0.000003338,"avg":0.000003338,"var":0.000000000,"sum":0.000003338}},"forward_cb":{"duration":{"num":1,"min":0.000001907,"max":0.000001907,"avg":0.000001907,"var":0.000000000,"sum":0.000001907},"relative_timestamp_from_iforward_start":{"num":1,"min":0.061731100,"max":0.061731100,"avg":0.061731100,"var":0.000000000,"sum":0.061731100}},"iforward_wait":{"duration":{"num":1,"min":0.060159922,"max":0.060159922,"avg":0.060159922,"var":0.000000000,"sum":0.060159922},"relative_timestamp_from_iforward_end":{"num":1,"min":0.000000477,"max":0.000000477,"avg":0.000000477,"var":0.000000000,"sum":0.000000477}},"set_input":{"duration":{"num":0,"min":0.000000000,"max":0.000000000,"avg":0.000000000,"var":0.000000000,"sum":0.000000000},"relative_timestamp_from_iforward_start":{"num":0,"min":0.000000000,"max":0.000000000,"avg":0.000000000,"var":0.000000000,"sum":0.000000000}},"get_output":{"duration":{"num":1,"min":0.000015259,"max":0.000015259,"avg":0.000015259,"var":0.000000000,"sum":0.000015259},"relative_timestamp_from_wait_end":{"num":1,"min":0.000001431,"max":0.000001431,"avg":0.000001431,"var":0.000000000,"sum":0.000001431}}}}},"65535:65535:9722976651498815487:2":{"rpc_id":9722976651498815487,"provider_id":2,"parent_rpc_id":65535,"parent_provider_id":65535,"name":"flock_get_view","origin":{"sent to ofi+cxi://0x06a6000d":{"iforward":{"duration":{"num":2,"min":0.000018120,"max":0.000035763,"avg":0.000026941,"var":0.000000000,"sum":0.000053883},"relative_timestamp_from_create":{"num":2,"min":0.000000477,"max":0.000001192,"avg":0.000000834,"var":0.000000000,"sum":0.000001669}},"forward_cb":{"duration":{"num":2,"min":0.000000238,"max":0.000000954,"avg":0.000000596,"var":0.000000000,"sum":0.000001192},"relative_timestamp_from_iforward_start":{"num":2,"min":0.025559664,"max":0.120444775,"avg":0.073002219,"var":0.004501592,"sum":0.146004438}},"iforward_wait":{"duration":{"num":2,"min":0.025542498,"max":0.120410919,"avg":0.072976708,"var":0.004500009,"sum":0.145953417},"relative_timestamp_from_iforward_end":{"num":2,"min":0.000000238,"max":0.000001192,"avg":0.000000715,"var":0.000000000,"sum":0.000001431}},"set_input":{"duration":{"num":2,"min":0.000000238,"max":0.000000238,"avg":0.000000238,"var":0.000000000,"sum":0.000000477},"relative_timestamp_from_iforward_start":{"num":2,"min":0.000005960,"max":0.000010014,"avg":0.000007987,"var":0.000000000,"sum":0.000015974}},"get_output":{"duration":{"num":2,"min":0.000000477,"max":0.000064611,"avg":0.000032544,"var":0.000000002,"sum":0.000065088},"relative_timestamp_from_wait_end":{"num":2,"min":0.000000238,"max":0.000002146,"avg":0.000001192,"var":0.000000000,"sum":0.000002384}}}}},"65535:65535:3669993900245843967:1":{"rpc_id":3669993900245843967,"provider_id":1,"parent_rpc_id":65535,"parent_provider_id":65535,"name":"qtn_work_rpc","origin":{"sent to ofi+cxi://0x06a6640f":{"iforward":{"duration":{"num":27384,"min":0.000001669,"max":0.000034332,"avg":0.000002075,"var":0.000000005,"sum":0.056812048},"relative_timestamp_from_create":{"num":27384,"min":0.000000000,"max":0.000001192,"avg":0.000000087,"var":0.000000000,"sum":0.002375364}},"forward_cb":{"duration":{"num":27384,"min":0.000000000,"max":0.000003338,"avg":0.000000136,"var":0.000000000,"sum":0.003712654},"relative_timestamp_from_iforward_start":{"num":27384,"min":0.000009060,"max":0.000828505,"avg":0.000187475,"var":0.000502129,"sum":5.133817196}},"iforward_wait":{"duration":{"num":27384,"min":0.000005722,"max":0.000826597,"avg":0.000185864,"var":0.000502174,"sum":5.089687586},"relative_timestamp_from_iforward_end":{"num":27384,"min":0.000000000,"max":0.000003338,"avg":0.000000171,"var":0.000000000,"sum":0.004675865}},"set_input":{"duration":{"num":27384,"min":0.000000000,"max":0.000005484,"avg":0.000000112,"var":0.000000000,"sum":0.003062487},"relative_timestamp_from_iforward_start":{"num":27384,"min":0.000000715,"max":0.000010252,"avg":0.000000874,"var":0.000000001,"sum":0.023934603}},"get_output":{"duration":{"num":27384,"min":0.000000000,"max":0.000006676,"avg":0.000000104,"var":0.000000000,"sum":0.002855778},"relative_timestamp_from_wait_end":{"num":27384,"min":0.000000000,"max":0.000010729,"avg":0.000000177,"var":0.000000000,"sum":0.004847050}}}}}}}