{"address":"","progress_loop":{"progress_with_timeout":{"num":40233,"min":0.000001192,"max":0.103707552,"avg":0.000131386,"var":0.026627155,"sum":5.286072731},"progress_timeout_value_msec":{"num":40233,"min":100.000000000,"max":100.000000000,"avg":100.000000000,"var":0.000000000,"sum":4023300.000000000},"progress_without_timeout":{"num":0,"min":0.000000000,"max":0.000000000,"avg":0.000000000,"var":0.000000000,"sum":0.000000000},"trigger":{"num":40132,"min":0.000000238,"max":0.000008345,"avg":0.000000271,"var":0.000000001,"sum":0.010893822}},"rpcs":{"65535:65535:7940397281847607295:2":{"rpc_id":7940397281847607295,"provider_id":2,"parent_rpc_id":65535,"parent_provider_id":65535,"name":"__identity__","origin":{"sent to ofi+cxi://0x06a6000d":{"iforward":{"duration":{"num":1,"min":0.000487804,"max":0.000487804,"avg":0.000487804,"var":0.000000000,"sum":0.000487804},"relative_timestamp_from_create":{"num":1,"min":0.000003099,"max":0.000003099,"avg":0.000003099,"var":0.000000000,"sum":0.000003099}},"forward_cb":{"duration":{"num":1,"min":0.000001669,"max":0.000001669,"avg":0.000001669,"var":0.000000000,"sum":0.000001669},"relative_timestamp_from_iforward_start":{"num":1,"min":0.012035608,"max":0.012035608,"avg":0.012035608,"var":0.000000000,"sum":0.012035608}},"iforward_wait":{"duration":{"num":1,"min":0.011554241,"max":0.011554241,"avg":0.011554241,"var":0.000000000,"sum":0.011554241},"relative_timestamp_from_iforward_end":{"num":1,"min":0.000000238,"max":0.000000238,"avg":0.000000238,"var":0.000000000,"sum":0.000000238}},"set_input":{"duration":{"num":0,"min":0.000000000,"max":0.000000000,"avg":0.000000000,"var":0.000000000,"sum":0.000000000},"relative_timestamp_from_iforward_start":{"num":0,"min":0.000000000,"max":0.000000000,"avg":0.000000000,"var":0.000000000,"sum":0.000000000}},"get_output":{"duration":{"num":1,"min":0.000014544,"max":0.000014544,"avg":0.000014544,"var":0.000000000,"sum":0.000014544},"relative_timestamp_from_wait_end":{"num":1,"min":0.000001431,"max":0.000001431,"avg":0.000001431,"var":0.000000000,"sum":0.000001431}}}}},"65535:65535:9722976651498815487:2":{"rpc_id":9722976651498815487,"provider_id":2,"parent_rpc_id":65535,"parent_provider_id":65535,"name":"flock_get_view","origin":{"sent to ofi+cxi://0x06a6000d":{"iforward":{"duration":{"num":2,"min":0.000018120,"max":0.000042915,"avg":0.000030518,"var":0.000000000,"sum":0.000061035},"relative_timestamp_from_create":{"num":2,"min":0.000000477,"max":0.000001192,"avg":0.000000834,"var":0.000000000,"sum":0.000001669}},"forward_cb":{"duration":{"num":2,"min":0.000000238,"max":0.000000715,"avg":0.000000477,"var":0.000000000,"sum":0.000000954},"relative_timestamp_from_iforward_start":{"num":2,"min":0.070917845,"max":0.106171370,"avg":0.088544607,"var":0.000621406,"sum":0.177089214}},"iforward_wait":{"duration":{"num":2,"min":0.070876360,"max":0.106153965,"avg":0.088515162,"var":0.000622255,"sum":0.177030325},"relative_timestamp_from_iforward_end":{"num":2,"min":0.000000238,"max":0.000001431,"avg":0.000000834,"var":0.000000000,"sum":0.000001669}},"set_input":{"duration":{"num":2,"min":0.000000000,"max":0.000000000,"avg":0.000000000,"var":0.000000000,"sum":0.000000000},"relative_timestamp_from_iforward_start":{"num":2,"min":0.000005960,"max":0.000017405,"avg":0.000011683,"var":0.000000000,"sum":0.000023365}},"get_output":{"duration":{"num":2,"min":0.000000477,"max":0.000062704,"avg":0.000031590,"var":0.000000002,"sum":0.000063181},"relative_timestamp_from_wait_end":{"num":2,"min":0.000000238,"max":0.000001907,"avg":0.000001073,"var":0.000000000,"sum":0.000002146}}}}},"65535:65535:3669993900245843967:1":{"rpc_id":3669993900245843967,"provider_id":1,"parent_rpc_id":65535,"parent_provider_id":65535,"name":"qtn_work_rpc","origin":{"sent to ofi+cxi://0x06a6c612":{"iforward":{"duration":{"num":40128,"min":0.000001192,"max":0.000038862,"avg":0.000001562,"var":0.000000006,"sum":0.062662601},"relative_timestamp_from_create":{"num":40128,"min":0.000000000,"max":0.000010252,"avg":0.000000076,"var":0.000000001,"sum":0.003049612}},"forward_cb":{"duration":{"num":40128,"min":0.000000000,"max":0.000001192,"avg":0.000000122,"var":0.000000001,"sum":0.004883289},"relative_timestamp_from_iforward_start":{"num":40128,"min":0.000008345,"max":0.000593424,"avg":0.000126601,"var":0.000341739,"sum":5.080250025}},"iforward_wait":{"duration":{"num":40128,"min":0.000002384,"max":0.000592470,"avg":0.000125422,"var":0.000341653,"sum":5.032941341},"relative_timestamp_from_iforward_end":{"num":40128,"min":0.000000000,"max":0.000011206,"avg":0.000000175,"var":0.000000001,"sum":0.007023573}},"set_input":{"duration":{"num":40128,"min":0.000000000,"max":0.000003338,"avg":0.000000082,"var":0.000000001,"sum":0.003287792},"relative_timestamp_from_iforward_start":{"num":40128,"min":0.000000477,"max":0.000037909,"avg":0.000000712,"var":0.000000002,"sum":0.028583527}},"get_output":{"duration":{"num":40128,"min":0.000000000,"max":0.000000954,"avg":0.000000089,"var":0.000000001,"sum":0.003560781},"relative_timestamp_from_wait_end":{"num":40128,"min":0.000000000,"max":0.000001431,"avg":0.000000159,"var":0.000000001,"sum":0.006390810}}}}}}}