{"address":"","progress_loop":{"progress_with_timeout":{"num":1684,"min":0.000002384,"max":0.101313353,"avg":0.007247034,"var":0.047865488,"sum":12.204005003},"progress_timeout_value_msec":{"num":1684,"min":100.000000000,"max":100.000000000,"avg":100.000000000,"var":0.000000000,"sum":168400.000000000},"progress_without_timeout":{"num":0,"min":0.000000000,"max":0.000000000,"avg":0.000000000,"var":0.000000000,"sum":0.000000000},"trigger":{"num":1654,"min":0.000000238,"max":0.000009060,"avg":0.000000876,"var":0.000000001,"sum":0.001449108}},"rpcs":{"65535:65535:7940397281847607295:2":{"rpc_id":7940397281847607295,"provider_id":2,"parent_rpc_id":65535,"parent_provider_id":65535,"name":"__identity__","origin":{"sent to ofi+cxi://0x06a6000d":{"iforward":{"duration":{"num":1,"min":0.000095129,"max":0.000095129,"avg":0.000095129,"var":0.000000000,"sum":0.000095129},"relative_timestamp_from_create":{"num":1,"min":0.000003338,"max":0.000003338,"avg":0.000003338,"var":0.000000000,"sum":0.000003338}},"forward_cb":{"duration":{"num":1,"min":0.000002623,"max":0.000002623,"avg":0.000002623,"var":0.000000000,"sum":0.000002623},"relative_timestamp_from_iforward_start":{"num":1,"min":0.017039061,"max":0.017039061,"avg":0.017039061,"var":0.000000000,"sum":0.017039061}},"iforward_wait":{"duration":{"num":1,"min":0.016952991,"max":0.016952991,"avg":0.016952991,"var":0.000000000,"sum":0.016952991},"relative_timestamp_from_iforward_end":{"num":1,"min":0.000000477,"max":0.000000477,"avg":0.000000477,"var":0.000000000,"sum":0.000000477}},"set_input":{"duration":{"num":0,"min":0.000000000,"max":0.000000000,"avg":0.000000000,"var":0.000000000,"sum":0.000000000},"relative_timestamp_from_iforward_start":{"num":0,"min":0.000000000,"max":0.000000000,"avg":0.000000000,"var":0.000000000,"sum":0.000000000}},"get_output":{"duration":{"num":1,"min":0.000018358,"max":0.000018358,"avg":0.000018358,"var":0.000000000,"sum":0.000018358},"relative_timestamp_from_wait_end":{"num":1,"min":0.000001907,"max":0.000001907,"avg":0.000001907,"var":0.000000000,"sum":0.000001907}}}}},"65535:65535:9722976651498815487:2":{"rpc_id":9722976651498815487,"provider_id":2,"parent_rpc_id":65535,"parent_provider_id":65535,"name":"flock_get_view","origin":{"sent to ofi+cxi://0x06a6000d":{"iforward":{"duration":{"num":2,"min":0.000018835,"max":0.000045061,"avg":0.000031948,"var":0.000000000,"sum":0.000063896},"relative_timestamp_from_create":{"num":2,"min":0.000000715,"max":0.000001431,"avg":0.000001073,"var":0.000000000,"sum":0.000002146}},"forward_cb":{"duration":{"num":2,"min":0.000000238,"max":0.000000954,"avg":0.000000596,"var":0.000000000,"sum":0.000001192},"relative_timestamp_from_iforward_start":{"num":2,"min":0.060269594,"max":0.074954987,"avg":0.067612290,"var":0.000107830,"sum":0.135224581}},"iforward_wait":{"duration":{"num":2,"min":0.060226440,"max":0.074936867,"avg":0.067581654,"var":0.000108198,"sum":0.135163307},"relative_timestamp_from_iforward_end":{"num":2,"min":0.000000238,"max":0.000001431,"avg":0.000000834,"var":0.000000000,"sum":0.000001669}},"set_input":{"duration":{"num":2,"min":0.000000238,"max":0.000000477,"avg":0.000000358,"var":0.000000000,"sum":0.000000715},"relative_timestamp_from_iforward_start":{"num":2,"min":0.000006437,"max":0.000013113,"avg":0.000009775,"var":0.000000000,"sum":0.000019550}},"get_output":{"duration":{"num":2,"min":0.000000477,"max":0.000043631,"avg":0.000022054,"var":0.000000001,"sum":0.000044107},"relative_timestamp_from_wait_end":{"num":2,"min":0.000000477,"max":0.000002384,"avg":0.000001431,"var":0.000000000,"sum":0.000002861}}}}},"65535:65535:3669993900245843967:1":{"rpc_id":3669993900245843967,"provider_id":1,"parent_rpc_id":65535,"parent_provider_id":65535,"name":"qtn_work_rpc","origin":{"sent to ofi+cxi://0x06a76410":{"iforward":{"duration":{"num":1650,"min":0.000001431,"max":0.002294540,"avg":0.000006334,"var":0.000005263,"sum":0.010451078},"relative_timestamp_from_create":{"num":1650,"min":0.000002623,"max":0.001726866,"avg":0.000005383,"var":0.000002970,"sum":0.008882761}},"forward_cb":{"duration":{"num":1650,"min":0.000000000,"max":0.000001431,"avg":0.000000423,"var":0.000000000,"sum":0.000697136},"relative_timestamp_from_iforward_start":{"num":1650,"min":0.000353336,"max":0.050690651,"avg":0.007250607,"var":0.029970030,"sum":11.963501692}},"iforward_wait":{"duration":{"num":1650,"min":0.000352144,"max":0.050683737,"avg":0.007249590,"var":0.029967049,"sum":11.961823225},"relative_timestamp_from_iforward_end":{"num":1650,"min":0.000000000,"max":0.000000715,"avg":0.000000221,"var":0.000000000,"sum":0.000365257}},"set_input":{"duration":{"num":1650,"min":0.000000000,"max":0.000005484,"avg":0.000000559,"var":0.000000000,"sum":0.000922441},"relative_timestamp_from_iforward_start":{"num":1650,"min":0.000000477,"max":0.002289295,"avg":0.000003713,"var":0.000005233,"sum":0.006125927}},"get_output":{"duration":{"num":1650,"min":0.000000000,"max":0.000000715,"avg":0.000000201,"var":0.000000000,"sum":0.000331640},"relative_timestamp_from_wait_end":{"num":1650,"min":0.000000000,"max":0.000003576,"avg":0.000000329,"var":0.000000000,"sum":0.000542164}}}}},"65535:65535:65535:65535":{"rpc_id":65535,"provider_id":65535,"parent_rpc_id":65535,"parent_provider_id":65535,"name":"","target":{"received from <unknown>":{"bulk":{"create":{"duration":{"num":1650,"min":0.000002384,"max":0.001720190,"avg":0.000005028,"var":0.000002947,"sum":0.008296013},"size":{"num":1650,"min":4194304.000000000,"max":4194304.000000000,"avg":4194304.000000000,"var":0.000000000,"sum":6920601600.000000000}}}}}}}}