{"address":"","progress_loop":{"progress_with_timeout":{"num":1650,"min":0.000002384,"max":0.104202747,"avg":0.007414405,"var":0.059641379,"sum":12.233767509},"progress_timeout_value_msec":{"num":1650,"min":100.000000000,"max":100.000000000,"avg":100.000000000,"var":0.000000000,"sum":165000.000000000},"progress_without_timeout":{"num":0,"min":0.000000000,"max":0.000000000,"avg":0.000000000,"var":0.000000000,"sum":0.000000000},"trigger":{"num":1643,"min":0.000000238,"max":0.000009060,"avg":0.000000337,"var":0.000000000,"sum":0.000553846}},"rpcs":{"65535:65535:7940397281847607295:2":{"rpc_id":7940397281847607295,"provider_id":2,"parent_rpc_id":65535,"parent_provider_id":65535,"name":"__identity__","origin":{"sent to ofi+cxi://0x06a6000d":{"iforward":{"duration":{"num":1,"min":0.000128746,"max":0.000128746,"avg":0.000128746,"var":0.000000000,"sum":0.000128746},"relative_timestamp_from_create":{"num":1,"min":0.000010490,"max":0.000010490,"avg":0.000010490,"var":0.000000000,"sum":0.000010490}},"forward_cb":{"duration":{"num":1,"min":0.000002146,"max":0.000002146,"avg":0.000002146,"var":0.000000000,"sum":0.000002146},"relative_timestamp_from_iforward_start":{"num":1,"min":0.025253057,"max":0.025253057,"avg":0.025253057,"var":0.000000000,"sum":0.025253057}},"iforward_wait":{"duration":{"num":1,"min":0.025132656,"max":0.025132656,"avg":0.025132656,"var":0.000000000,"sum":0.025132656},"relative_timestamp_from_iforward_end":{"num":1,"min":0.000000238,"max":0.000000238,"avg":0.000000238,"var":0.000000000,"sum":0.000000238}},"set_input":{"duration":{"num":0,"min":0.000000000,"max":0.000000000,"avg":0.000000000,"var":0.000000000,"sum":0.000000000},"relative_timestamp_from_iforward_start":{"num":0,"min":0.000000000,"max":0.000000000,"avg":0.000000000,"var":0.000000000,"sum":0.000000000}},"get_output":{"duration":{"num":1,"min":0.000013828,"max":0.000013828,"avg":0.000013828,"var":0.000000000,"sum":0.000013828},"relative_timestamp_from_wait_end":{"num":1,"min":0.000001669,"max":0.000001669,"avg":0.000001669,"var":0.000000000,"sum":0.000001669}}}}},"65535:65535:9722976651498815487:2":{"rpc_id":9722976651498815487,"provider_id":2,"parent_rpc_id":65535,"parent_provider_id":65535,"name":"flock_get_view","origin":{"sent to ofi+cxi://0x06a6000d":{"iforward":{"duration":{"num":2,"min":0.000020266,"max":0.000043154,"avg":0.000031710,"var":0.000000000,"sum":0.000063419},"relative_timestamp_from_create":{"num":2,"min":0.000000715,"max":0.000001669,"avg":0.000001192,"var":0.000000000,"sum":0.000002384}},"forward_cb":{"duration":{"num":2,"min":0.000000238,"max":0.000000954,"avg":0.000000596,"var":0.000000000,"sum":0.000001192},"relative_timestamp_from_iforward_start":{"num":2,"min":0.037409306,"max":0.106097221,"avg":0.071753263,"var":0.002359015,"sum":0.143506527}},"iforward_wait":{"duration":{"num":2,"min":0.037390232,"max":0.106056213,"avg":0.071723223,"var":0.002357508,"sum":0.143446445},"relative_timestamp_from_iforward_end":{"num":2,"min":0.000000238,"max":0.000001431,"avg":0.000000834,"var":0.000000000,"sum":0.000001669}},"set_input":{"duration":{"num":2,"min":0.000000238,"max":0.000000477,"avg":0.000000358,"var":0.000000000,"sum":0.000000715},"relative_timestamp_from_iforward_start":{"num":2,"min":0.000007391,"max":0.000013113,"avg":0.000010252,"var":0.000000000,"sum":0.000020504}},"get_output":{"duration":{"num":2,"min":0.000000477,"max":0.000048399,"avg":0.000024438,"var":0.000000001,"sum":0.000048876},"relative_timestamp_from_wait_end":{"num":2,"min":0.000000238,"max":0.000002146,"avg":0.000001192,"var":0.000000000,"sum":0.000002384}}}}},"65535:65535:3669993900245843967:1":{"rpc_id":3669993900245843967,"provider_id":1,"parent_rpc_id":65535,"parent_provider_id":65535,"name":"qtn_work_rpc","origin":{"sent to ofi+cxi://0x06a74010":{"iforward":{"duration":{"num":1639,"min":0.000001431,"max":0.000036001,"avg":0.000002401,"var":0.000000006,"sum":0.003935575},"relative_timestamp_from_create":{"num":1639,"min":0.000002384,"max":0.001499891,"avg":0.000004063,"var":0.000002239,"sum":0.006659031}},"forward_cb":{"duration":{"num":1639,"min":0.000000000,"max":0.000001431,"avg":0.000000147,"var":0.000000000,"sum":0.000240803},"relative_timestamp_from_iforward_start":{"num":1639,"min":0.000206947,"max":0.032320738,"avg":0.007302053,"var":0.039715306,"sum":11.968064070}},"iforward_wait":{"duration":{"num":1639,"min":0.000205517,"max":0.032319784,"avg":0.007300130,"var":0.039715444,"sum":11.964913368},"relative_timestamp_from_iforward_end":{"num":1639,"min":0.000000000,"max":0.000000477,"avg":0.000000218,"var":0.000000000,"sum":0.000357151}},"set_input":{"duration":{"num":1639,"min":0.000000000,"max":0.000005245,"avg":0.000000226,"var":0.000000000,"sum":0.000371218},"relative_timestamp_from_iforward_start":{"num":1639,"min":0.000000477,"max":0.000008583,"avg":0.000000941,"var":0.000000000,"sum":0.001542330}},"get_output":{"duration":{"num":1639,"min":0.000000000,"max":0.000000477,"avg":0.000000099,"var":0.000000000,"sum":0.000162363},"relative_timestamp_from_wait_end":{"num":1639,"min":0.000000000,"max":0.000002146,"avg":0.000000182,"var":0.000000000,"sum":0.000297785}}}}},"65535:65535:65535:65535":{"rpc_id":65535,"provider_id":65535,"parent_rpc_id":65535,"parent_provider_id":65535,"name":"","target":{"received from <unknown>":{"bulk":{"create":{"duration":{"num":1639,"min":0.000002384,"max":0.001495600,"avg":0.000003827,"var":0.000002227,"sum":0.006272793},"size":{"num":1639,"min":4194304.000000000,"max":4194304.000000000,"avg":4194304.000000000,"var":0.000000000,"sum":6874464256.000000000}}}}}}}}