{"address":"","progress_loop":{"progress_with_timeout":{"num":33435,"min":0.000000954,"max":0.101272821,"avg":0.000159572,"var":0.024898380,"sum":5.335287571},"progress_timeout_value_msec":{"num":33435,"min":100.000000000,"max":100.000000000,"avg":100.000000000,"var":0.000000000,"sum":3343500.000000000},"progress_without_timeout":{"num":0,"min":0.000000000,"max":0.000000000,"avg":0.000000000,"var":0.000000000,"sum":0.000000000},"trigger":{"num":33299,"min":0.000000238,"max":0.000008345,"avg":0.000000279,"var":0.000000001,"sum":0.009284258}},"rpcs":{"65535:65535:7940397281847607295:2":{"rpc_id":7940397281847607295,"provider_id":2,"parent_rpc_id":65535,"parent_provider_id":65535,"name":"__identity__","origin":{"sent to ofi+cxi://0x06a6000d":{"iforward":{"duration":{"num":1,"min":0.000803947,"max":0.000803947,"avg":0.000803947,"var":0.000000000,"sum":0.000803947},"relative_timestamp_from_create":{"num":1,"min":0.000004768,"max":0.000004768,"avg":0.000004768,"var":0.000000000,"sum":0.000004768}},"forward_cb":{"duration":{"num":1,"min":0.000002146,"max":0.000002146,"avg":0.000002146,"var":0.000000000,"sum":0.000002146},"relative_timestamp_from_iforward_start":{"num":1,"min":0.053267956,"max":0.053267956,"avg":0.053267956,"var":0.000000000,"sum":0.053267956}},"iforward_wait":{"duration":{"num":1,"min":0.052471399,"max":0.052471399,"avg":0.052471399,"var":0.000000000,"sum":0.052471399},"relative_timestamp_from_iforward_end":{"num":1,"min":0.000000477,"max":0.000000477,"avg":0.000000477,"var":0.000000000,"sum":0.000000477}},"set_input":{"duration":{"num":0,"min":0.000000000,"max":0.000000000,"avg":0.000000000,"var":0.000000000,"sum":0.000000000},"relative_timestamp_from_iforward_start":{"num":0,"min":0.000000000,"max":0.000000000,"avg":0.000000000,"var":0.000000000,"sum":0.000000000}},"get_output":{"duration":{"num":1,"min":0.000015497,"max":0.000015497,"avg":0.000015497,"var":0.000000000,"sum":0.000015497},"relative_timestamp_from_wait_end":{"num":1,"min":0.000001669,"max":0.000001669,"avg":0.000001669,"var":0.000000000,"sum":0.000001669}}}}},"65535:65535:9722976651498815487:2":{"rpc_id":9722976651498815487,"provider_id":2,"parent_rpc_id":65535,"parent_provider_id":65535,"name":"flock_get_view","origin":{"sent to ofi+cxi://0x06a6000d":{"iforward":{"duration":{"num":2,"min":0.000017405,"max":0.000039101,"avg":0.000028253,"var":0.000000000,"sum":0.000056505},"relative_timestamp_from_create":{"num":2,"min":0.000000477,"max":0.000001431,"avg":0.000000954,"var":0.000000000,"sum":0.000001907}},"forward_cb":{"duration":{"num":2,"min":0.000000000,"max":0.000001192,"avg":0.000000596,"var":0.000000000,"sum":0.000001192},"relative_timestamp_from_iforward_start":{"num":2,"min":0.032746553,"max":0.120517969,"avg":0.076632261,"var":0.003851911,"sum":0.153264523}},"iforward_wait":{"duration":{"num":2,"min":0.032729626,"max":0.120480776,"avg":0.076605201,"var":0.003850132,"sum":0.153210402},"relative_timestamp_from_iforward_end":{"num":2,"min":0.000000238,"max":0.000001431,"avg":0.000000834,"var":0.000000000,"sum":0.000001669}},"set_input":{"duration":{"num":2,"min":0.000000238,"max":0.000000238,"avg":0.000000238,"var":0.000000000,"sum":0.000000477},"relative_timestamp_from_iforward_start":{"num":2,"min":0.000005960,"max":0.000010729,"avg":0.000008345,"var":0.000000000,"sum":0.000016689}},"get_output":{"duration":{"num":2,"min":0.000000238,"max":0.000064611,"avg":0.000032425,"var":0.000000002,"sum":0.000064850},"relative_timestamp_from_wait_end":{"num":2,"min":0.000000238,"max":0.000002146,"avg":0.000001192,"var":0.000000000,"sum":0.000002384}}}}},"65535:65535:3669993900245843967:1":{"rpc_id":3669993900245843967,"provider_id":1,"parent_rpc_id":65535,"parent_provider_id":65535,"name":"qtn_work_rpc","origin":{"sent to ofi+cxi://0x06a7c212":{"iforward":{"duration":{"num":33295,"min":0.000001192,"max":0.000034332,"avg":0.000001546,"var":0.000000005,"sum":0.051487446},"relative_timestamp_from_create":{"num":33295,"min":0.000000000,"max":0.000002623,"avg":0.000000073,"var":0.000000000,"sum":0.002442122}},"forward_cb":{"duration":{"num":33295,"min":0.000000000,"max":0.000001431,"avg":0.000000124,"var":0.000000001,"sum":0.004139662},"relative_timestamp_from_iforward_start":{"num":33295,"min":0.000008583,"max":0.000757217,"avg":0.000153141,"var":0.000364236,"sum":5.098834038}},"iforward_wait":{"duration":{"num":33295,"min":0.000002384,"max":0.000756741,"avg":0.000151965,"var":0.000364120,"sum":5.059683323},"relative_timestamp_from_iforward_end":{"num":33295,"min":0.000000000,"max":0.000006199,"avg":0.000000184,"var":0.000000000,"sum":0.006116152}},"set_input":{"duration":{"num":33295,"min":0.000000000,"max":0.000002623,"avg":0.000000080,"var":0.000000000,"sum":0.002678633},"relative_timestamp_from_iforward_start":{"num":33295,"min":0.000000477,"max":0.000009298,"avg":0.000000688,"var":0.000000000,"sum":0.022897243}},"get_output":{"duration":{"num":33295,"min":0.000000000,"max":0.000000954,"avg":0.000000092,"var":0.000000000,"sum":0.003051519},"relative_timestamp_from_wait_end":{"num":33295,"min":0.000000000,"max":0.000004053,"avg":0.000000154,"var":0.000000001,"sum":0.005128145}}}}}}}