{"address":"","progress_loop":{"progress_with_timeout":{"num":1724,"min":0.000001431,"max":0.103429556,"avg":0.006915533,"var":0.047889865,"sum":11.922378778},"progress_timeout_value_msec":{"num":1724,"min":100.000000000,"max":100.000000000,"avg":100.000000000,"var":0.000000000,"sum":172400.000000000},"progress_without_timeout":{"num":0,"min":0.000000000,"max":0.000000000,"avg":0.000000000,"var":0.000000000,"sum":0.000000000},"trigger":{"num":1719,"min":0.000000238,"max":0.000007629,"avg":0.000000312,"var":0.000000000,"sum":0.000535965}},"rpcs":{"65535:65535:7940397281847607295:2":{"rpc_id":7940397281847607295,"provider_id":2,"parent_rpc_id":65535,"parent_provider_id":65535,"name":"__identity__","origin":{"sent to ofi+cxi://0x06a6000d":{"iforward":{"duration":{"num":1,"min":0.000078201,"max":0.000078201,"avg":0.000078201,"var":0.000000000,"sum":0.000078201},"relative_timestamp_from_create":{"num":1,"min":0.000002861,"max":0.000002861,"avg":0.000002861,"var":0.000000000,"sum":0.000002861}},"forward_cb":{"duration":{"num":1,"min":0.000002861,"max":0.000002861,"avg":0.000002861,"var":0.000000000,"sum":0.000002861},"relative_timestamp_from_iforward_start":{"num":1,"min":0.003055811,"max":0.003055811,"avg":0.003055811,"var":0.000000000,"sum":0.003055811}},"iforward_wait":{"duration":{"num":1,"min":0.002986670,"max":0.002986670,"avg":0.002986670,"var":0.000000000,"sum":0.002986670},"relative_timestamp_from_iforward_end":{"num":1,"min":0.000000477,"max":0.000000477,"avg":0.000000477,"var":0.000000000,"sum":0.000000477}},"set_input":{"duration":{"num":0,"min":0.000000000,"max":0.000000000,"avg":0.000000000,"var":0.000000000,"sum":0.000000000},"relative_timestamp_from_iforward_start":{"num":0,"min":0.000000000,"max":0.000000000,"avg":0.000000000,"var":0.000000000,"sum":0.000000000}},"get_output":{"duration":{"num":1,"min":0.000017643,"max":0.000017643,"avg":0.000017643,"var":0.000000000,"sum":0.000017643},"relative_timestamp_from_wait_end":{"num":1,"min":0.000001669,"max":0.000001669,"avg":0.000001669,"var":0.000000000,"sum":0.000001669}}}}},"65535:65535:9722976651498815487:2":{"rpc_id":9722976651498815487,"provider_id":2,"parent_rpc_id":65535,"parent_provider_id":65535,"name":"flock_get_view","origin":{"sent to ofi+cxi://0x06a6000d":{"iforward":{"duration":{"num":2,"min":0.000013590,"max":0.000044584,"avg":0.000029087,"var":0.000000000,"sum":0.000058174},"relative_timestamp_from_create":{"num":2,"min":0.000000477,"max":0.000001907,"avg":0.000001192,"var":0.000000000,"sum":0.000002384}},"forward_cb":{"duration":{"num":2,"min":0.000000238,"max":0.000000238,"avg":0.000000238,"var":0.000000000,"sum":0.000000477},"relative_timestamp_from_iforward_start":{"num":2,"min":0.022014141,"max":0.085011959,"avg":0.053513050,"var":0.001984363,"sum":0.107026100}},"iforward_wait":{"duration":{"num":2,"min":0.021969318,"max":0.084998846,"avg":0.053484082,"var":0.001986361,"sum":0.106968164},"relative_timestamp_from_iforward_end":{"num":2,"min":0.000000238,"max":0.000001431,"avg":0.000000834,"var":0.000000000,"sum":0.000001669}},"set_input":{"duration":{"num":2,"min":0.000000238,"max":0.000000238,"avg":0.000000238,"var":0.000000000,"sum":0.000000477},"relative_timestamp_from_iforward_start":{"num":2,"min":0.000001907,"max":0.000012875,"avg":0.000007391,"var":0.000000000,"sum":0.000014782}},"get_output":{"duration":{"num":2,"min":0.000000477,"max":0.000060320,"avg":0.000030398,"var":0.000000002,"sum":0.000060797},"relative_timestamp_from_wait_end":{"num":2,"min":0.000000238,"max":0.000001431,"avg":0.000000834,"var":0.000000000,"sum":0.000001669}}}}},"65535:65535:3669993900245843967:1":{"rpc_id":3669993900245843967,"provider_id":1,"parent_rpc_id":65535,"parent_provider_id":65535,"name":"qtn_work_rpc","origin":{"sent to ofi+cxi://0x06a7e40e":{"iforward":{"duration":{"num":1715,"min":0.000001431,"max":0.000041962,"avg":0.000001968,"var":0.000000007,"sum":0.003375292},"relative_timestamp_from_create":{"num":1715,"min":0.000002623,"max":0.001853228,"avg":0.000004028,"var":0.000003422,"sum":0.006907701}},"forward_cb":{"duration":{"num":1715,"min":0.000000000,"max":0.000001431,"avg":0.000000142,"var":0.000000000,"sum":0.000243425},"relative_timestamp_from_iforward_start":{"num":1715,"min":0.000301123,"max":0.038518667,"avg":0.006830059,"var":0.031979151,"sum":11.713551044}},"iforward_wait":{"duration":{"num":1715,"min":0.000300169,"max":0.038517475,"avg":0.006828469,"var":0.031984265,"sum":11.710823774},"relative_timestamp_from_iforward_end":{"num":1715,"min":0.000000000,"max":0.000004768,"avg":0.000000256,"var":0.000000000,"sum":0.000438213}},"set_input":{"duration":{"num":1715,"min":0.000000000,"max":0.000005484,"avg":0.000000133,"var":0.000000000,"sum":0.000227928},"relative_timestamp_from_iforward_start":{"num":1715,"min":0.000000477,"max":0.000007629,"avg":0.000000755,"var":0.000000000,"sum":0.001294136}},"get_output":{"duration":{"num":1715,"min":0.000000000,"max":0.000000477,"avg":0.000000085,"var":0.000000000,"sum":0.000146151},"relative_timestamp_from_wait_end":{"num":1715,"min":0.000000000,"max":0.000003099,"avg":0.000000168,"var":0.000000000,"sum":0.000287771}}}}},"65535:65535:65535:65535":{"rpc_id":65535,"provider_id":65535,"parent_rpc_id":65535,"parent_provider_id":65535,"name":"","target":{"received from <unknown>":{"bulk":{"create":{"duration":{"num":1715,"min":0.000002384,"max":0.001846313,"avg":0.000003826,"var":0.000003397,"sum":0.006562233},"size":{"num":1715,"min":4194304.000000000,"max":4194304.000000000,"avg":4194304.000000000,"var":0.000000000,"sum":7193231360.000000000}}}}}}}}