{"address":"","progress_loop":{"progress_with_timeout":{"num":1808,"min":0.000002384,"max":0.100138187,"avg":0.006290265,"var":0.019589104,"sum":11.372798920},"progress_timeout_value_msec":{"num":1808,"min":100.000000000,"max":100.000000000,"avg":100.000000000,"var":0.000000000,"sum":180800.000000000},"progress_without_timeout":{"num":0,"min":0.000000000,"max":0.000000000,"avg":0.000000000,"var":0.000000000,"sum":0.000000000},"trigger":{"num":1804,"min":0.000000238,"max":0.000009060,"avg":0.000000298,"var":0.000000000,"sum":0.000537634}},"rpcs":{"65535:65535:7940397281847607295:2":{"rpc_id":7940397281847607295,"provider_id":2,"parent_rpc_id":65535,"parent_provider_id":65535,"name":"__identity__","origin":{"sent to ofi+cxi://0x06a6000d":{"iforward":{"duration":{"num":1,"min":0.000135899,"max":0.000135899,"avg":0.000135899,"var":0.000000000,"sum":0.000135899},"relative_timestamp_from_create":{"num":1,"min":0.000047445,"max":0.000047445,"avg":0.000047445,"var":0.000000000,"sum":0.000047445}},"forward_cb":{"duration":{"num":1,"min":0.000002623,"max":0.000002623,"avg":0.000002623,"var":0.000000000,"sum":0.000002623},"relative_timestamp_from_iforward_start":{"num":1,"min":0.021056652,"max":0.021056652,"avg":0.021056652,"var":0.000000000,"sum":0.021056652}},"iforward_wait":{"duration":{"num":1,"min":0.020929813,"max":0.020929813,"avg":0.020929813,"var":0.000000000,"sum":0.020929813},"relative_timestamp_from_iforward_end":{"num":1,"min":0.000000238,"max":0.000000238,"avg":0.000000238,"var":0.000000000,"sum":0.000000238}},"set_input":{"duration":{"num":0,"min":0.000000000,"max":0.000000000,"avg":0.000000000,"var":0.000000000,"sum":0.000000000},"relative_timestamp_from_iforward_start":{"num":0,"min":0.000000000,"max":0.000000000,"avg":0.000000000,"var":0.000000000,"sum":0.000000000}},"get_output":{"duration":{"num":1,"min":0.000017643,"max":0.000017643,"avg":0.000017643,"var":0.000000000,"sum":0.000017643},"relative_timestamp_from_wait_end":{"num":1,"min":0.000001669,"max":0.000001669,"avg":0.000001669,"var":0.000000000,"sum":0.000001669}}}}},"65535:65535:9722976651498815487:2":{"rpc_id":9722976651498815487,"provider_id":2,"parent_rpc_id":65535,"parent_provider_id":65535,"name":"flock_get_view","origin":{"sent to ofi+cxi://0x06a6000d":{"iforward":{"duration":{"num":2,"min":0.000019789,"max":0.000040531,"avg":0.000030160,"var":0.000000000,"sum":0.000060320},"relative_timestamp_from_create":{"num":2,"min":0.000000715,"max":0.000001431,"avg":0.000001073,"var":0.000000000,"sum":0.000002146}},"forward_cb":{"duration":{"num":2,"min":0.000000238,"max":0.000001192,"avg":0.000000715,"var":0.000000000,"sum":0.000001431},"relative_timestamp_from_iforward_start":{"num":2,"min":0.059107065,"max":0.078819036,"avg":0.068963051,"var":0.000194281,"sum":0.137926102}},"iforward_wait":{"duration":{"num":2,"min":0.059087992,"max":0.078780651,"avg":0.068934321,"var":0.000193900,"sum":0.137868643},"relative_timestamp_from_iforward_end":{"num":2,"min":0.000000238,"max":0.000001431,"avg":0.000000834,"var":0.000000000,"sum":0.000001669}},"set_input":{"duration":{"num":2,"min":0.000000238,"max":0.000000238,"avg":0.000000238,"var":0.000000000,"sum":0.000000477},"relative_timestamp_from_iforward_start":{"num":2,"min":0.000006437,"max":0.000012398,"avg":0.000009418,"var":0.000000000,"sum":0.000018835}},"get_output":{"duration":{"num":2,"min":0.000000238,"max":0.000057697,"avg":0.000028968,"var":0.000000002,"sum":0.000057936},"relative_timestamp_from_wait_end":{"num":2,"min":0.000000477,"max":0.000002146,"avg":0.000001311,"var":0.000000000,"sum":0.000002623}}}}},"65535:65535:3669993900245843967:1":{"rpc_id":3669993900245843967,"provider_id":1,"parent_rpc_id":65535,"parent_provider_id":65535,"name":"qtn_work_rpc","origin":{"sent to ofi+cxi://0x06a74619":{"iforward":{"duration":{"num":1800,"min":0.000001431,"max":0.000032902,"avg":0.000001779,"var":0.000000004,"sum":0.003201962},"relative_timestamp_from_create":{"num":1800,"min":0.000002384,"max":0.001468182,"avg":0.000003682,"var":0.000002146,"sum":0.006626844}},"forward_cb":{"duration":{"num":1800,"min":0.000000000,"max":0.000001192,"avg":0.000000136,"var":0.000000000,"sum":0.000244856},"relative_timestamp_from_iforward_start":{"num":1800,"min":0.001021385,"max":0.011198521,"avg":0.006176780,"var":0.002348315,"sum":11.118203640}},"iforward_wait":{"duration":{"num":1800,"min":0.001020432,"max":0.011166573,"avg":0.006175382,"var":0.002348288,"sum":11.115687609},"relative_timestamp_from_iforward_end":{"num":1800,"min":0.000000000,"max":0.000000715,"avg":0.000000200,"var":0.000000000,"sum":0.000359297}},"set_input":{"duration":{"num":1800,"min":0.000000000,"max":0.000004768,"avg":0.000000126,"var":0.000000000,"sum":0.000227213},"relative_timestamp_from_iforward_start":{"num":1800,"min":0.000000477,"max":0.000008106,"avg":0.000000707,"var":0.000000000,"sum":0.001271963}},"get_output":{"duration":{"num":1800,"min":0.000000000,"max":0.000000238,"avg":0.000000091,"var":0.000000000,"sum":0.000163555},"relative_timestamp_from_wait_end":{"num":1800,"min":0.000000000,"max":0.000001669,"avg":0.000000153,"var":0.000000000,"sum":0.000275612}}}}},"65535:65535:65535:65535":{"rpc_id":65535,"provider_id":65535,"parent_rpc_id":65535,"parent_provider_id":65535,"name":"","target":{"received from <unknown>":{"bulk":{"create":{"duration":{"num":1800,"min":0.000002384,"max":0.001463890,"avg":0.000003474,"var":0.000002134,"sum":0.006253719},"size":{"num":1800,"min":4194304.000000000,"max":4194304.000000000,"avg":4194304.000000000,"var":0.000000000,"sum":7549747200.000000000}}}}}}}}