{"address":"","progress_loop":{"progress_with_timeout":{"num":1828,"min":0.000002384,"max":0.103486776,"avg":0.006036080,"var":0.024700277,"sum":11.033953428},"progress_timeout_value_msec":{"num":1828,"min":100.000000000,"max":100.000000000,"avg":100.000000000,"var":0.000000000,"sum":182800.000000000},"progress_without_timeout":{"num":0,"min":0.000000000,"max":0.000000000,"avg":0.000000000,"var":0.000000000,"sum":0.000000000},"trigger":{"num":1823,"min":0.000000238,"max":0.000008821,"avg":0.000000299,"var":0.000000000,"sum":0.000545025}},"rpcs":{"65535:65535:7940397281847607295:2":{"rpc_id":7940397281847607295,"provider_id":2,"parent_rpc_id":65535,"parent_provider_id":65535,"name":"__identity__","origin":{"sent to ofi+cxi://0x06a6000d":{"iforward":{"duration":{"num":1,"min":0.000083447,"max":0.000083447,"avg":0.000083447,"var":0.000000000,"sum":0.000083447},"relative_timestamp_from_create":{"num":1,"min":0.000003576,"max":0.000003576,"avg":0.000003576,"var":0.000000000,"sum":0.000003576}},"forward_cb":{"duration":{"num":1,"min":0.000002384,"max":0.000002384,"avg":0.000002384,"var":0.000000000,"sum":0.000002384},"relative_timestamp_from_iforward_start":{"num":1,"min":0.014310598,"max":0.014310598,"avg":0.014310598,"var":0.000000000,"sum":0.014310598}},"iforward_wait":{"duration":{"num":1,"min":0.014235735,"max":0.014235735,"avg":0.014235735,"var":0.000000000,"sum":0.014235735},"relative_timestamp_from_iforward_end":{"num":1,"min":0.000000238,"max":0.000000238,"avg":0.000000238,"var":0.000000000,"sum":0.000000238}},"set_input":{"duration":{"num":0,"min":0.000000000,"max":0.000000000,"avg":0.000000000,"var":0.000000000,"sum":0.000000000},"relative_timestamp_from_iforward_start":{"num":0,"min":0.000000000,"max":0.000000000,"avg":0.000000000,"var":0.000000000,"sum":0.000000000}},"get_output":{"duration":{"num":1,"min":0.000016689,"max":0.000016689,"avg":0.000016689,"var":0.000000000,"sum":0.000016689},"relative_timestamp_from_wait_end":{"num":1,"min":0.000001669,"max":0.000001669,"avg":0.000001669,"var":0.000000000,"sum":0.000001669}}}}},"65535:65535:9722976651498815487:2":{"rpc_id":9722976651498815487,"provider_id":2,"parent_rpc_id":65535,"parent_provider_id":65535,"name":"flock_get_view","origin":{"sent to ofi+cxi://0x06a6000d":{"iforward":{"duration":{"num":2,"min":0.000018835,"max":0.000039101,"avg":0.000028968,"var":0.000000000,"sum":0.000057936},"relative_timestamp_from_create":{"num":2,"min":0.000000715,"max":0.000001669,"avg":0.000001192,"var":0.000000000,"sum":0.000002384}},"forward_cb":{"duration":{"num":2,"min":0.000000238,"max":0.000000715,"avg":0.000000477,"var":0.000000000,"sum":0.000000954},"relative_timestamp_from_iforward_start":{"num":2,"min":0.054813385,"max":0.080351591,"avg":0.067582488,"var":0.000326100,"sum":0.135164976}},"iforward_wait":{"duration":{"num":2,"min":0.054776430,"max":0.080333471,"avg":0.067554951,"var":0.000326581,"sum":0.135109901},"relative_timestamp_from_iforward_end":{"num":2,"min":0.000000238,"max":0.000001192,"avg":0.000000715,"var":0.000000000,"sum":0.000001431}},"set_input":{"duration":{"num":2,"min":0.000000238,"max":0.000000238,"avg":0.000000238,"var":0.000000000,"sum":0.000000477},"relative_timestamp_from_iforward_start":{"num":2,"min":0.000006199,"max":0.000012398,"avg":0.000009298,"var":0.000000000,"sum":0.000018597}},"get_output":{"duration":{"num":2,"min":0.000000238,"max":0.000053644,"avg":0.000026941,"var":0.000000001,"sum":0.000053883},"relative_timestamp_from_wait_end":{"num":2,"min":0.000000238,"max":0.000002146,"avg":0.000001192,"var":0.000000000,"sum":0.000002384}}}}},"65535:65535:3669993900245843967:1":{"rpc_id":3669993900245843967,"provider_id":1,"parent_rpc_id":65535,"parent_provider_id":65535,"name":"qtn_work_rpc","origin":{"sent to ofi+cxi://0x06a60015":{"iforward":{"duration":{"num":1819,"min":0.000001431,"max":0.000038862,"avg":0.000001829,"var":0.000000005,"sum":0.003326178},"relative_timestamp_from_create":{"num":1819,"min":0.000002623,"max":0.001476049,"avg":0.000003779,"var":0.000002169,"sum":0.006873369}},"forward_cb":{"duration":{"num":1819,"min":0.000000000,"max":0.000001192,"avg":0.000000139,"var":0.000000000,"sum":0.000252247},"relative_timestamp_from_iforward_start":{"num":1819,"min":0.000290632,"max":0.019549608,"avg":0.005929438,"var":0.007042553,"sum":10.785648346}},"iforward_wait":{"duration":{"num":1819,"min":0.000289440,"max":0.019548655,"avg":0.005927993,"var":0.007042014,"sum":10.783019304},"relative_timestamp_from_iforward_end":{"num":1819,"min":0.000000000,"max":0.000000715,"avg":0.000000217,"var":0.000000000,"sum":0.000395060}},"set_input":{"duration":{"num":1819,"min":0.000000000,"max":0.000004768,"avg":0.000000124,"var":0.000000000,"sum":0.000226259},"relative_timestamp_from_iforward_start":{"num":1819,"min":0.000000477,"max":0.000008106,"avg":0.000000704,"var":0.000000000,"sum":0.001281261}},"get_output":{"duration":{"num":1819,"min":0.000000000,"max":0.000000477,"avg":0.000000091,"var":0.000000000,"sum":0.000165224},"relative_timestamp_from_wait_end":{"num":1819,"min":0.000000000,"max":0.000001192,"avg":0.000000155,"var":0.000000000,"sum":0.000282049}}}}},"65535:65535:65535:65535":{"rpc_id":65535,"provider_id":65535,"parent_rpc_id":65535,"parent_provider_id":65535,"name":"","target":{"received from <unknown>":{"bulk":{"create":{"duration":{"num":1819,"min":0.000002384,"max":0.001471281,"avg":0.000003576,"var":0.000002155,"sum":0.006505489},"size":{"num":1819,"min":4194304.000000000,"max":4194304.000000000,"avg":4194304.000000000,"var":0.000000000,"sum":7629438976.000000000}}}}}}}}