{"address":"","progress_loop":{"progress_with_timeout":{"num":5587,"min":0.000001669,"max":0.108579397,"avg":0.095566875,"var":4.483725170,"sum":533.932132006},"progress_timeout_value_msec":{"num":5587,"min":100.000000000,"max":100.000000000,"avg":100.000000000,"var":0.000000000,"sum":558700.000000000},"progress_without_timeout":{"num":28362992,"min":0.000000000,"max":0.000470161,"avg":0.000000181,"var":0.000001119,"sum":5.123899460},"trigger":{"num":211899,"min":0.000000238,"max":0.000470161,"avg":0.000000830,"var":0.000000300,"sum":0.175944805}},"rpcs":{"65535:65535:3669993900245843967:1":{"rpc_id":3669993900245843967,"provider_id":1,"parent_rpc_id":65535,"parent_provider_id":65535,"name":"qtn_work_rpc","target":{"received from ofi+cxi://0x06a36616":{"handler":{"duration":{"num":32961,"min":0.000000477,"max":0.000023365,"avg":0.000000801,"var":0.000000002,"sum":0.026416779}},"ult":{"duration":{"num":32961,"min":0.000004292,"max":0.000487328,"avg":0.000005353,"var":0.000000265,"sum":0.176427126},"relative_timestamp_from_handler_start":{"num":32961,"min":0.000000715,"max":0.000030756,"avg":0.000001270,"var":0.000000007,"sum":0.041872501}},"irespond":{"duration":{"num":32961,"min":0.000000238,"max":0.000032187,"avg":0.000000578,"var":0.000000004,"sum":0.019054890},"relative_timestamp_from_ult_start":{"num":32961,"min":0.000000238,"max":0.000028372,"avg":0.000000353,"var":0.000000002,"sum":0.011643171}},"respond_cb":{"duration":{"num":32961,"min":0.000000000,"max":0.000030994,"avg":0.000000175,"var":0.000000002,"sum":0.005783081},"relative_timestamp_from_irespond_start":{"num":32961,"min":0.000003576,"max":0.000478029,"avg":0.000004208,"var":0.000000247,"sum":0.138712406}},"irespond_wait":{"duration":{"num":32961,"min":0.000001192,"max":0.000485659,"avg":0.000004005,"var":0.000000259,"sum":0.132014751},"relative_timestamp_from_irespond_end":{"num":32961,"min":0.000000000,"max":0.000000954,"avg":0.000000165,"var":0.000000000,"sum":0.005434275}},"set_output":{"duration":{"num":32961,"min":0.000000000,"max":0.000005722,"avg":0.000000070,"var":0.000000000,"sum":0.002307653},"relative_timestamp_from_irespond_start":{"num":32961,"min":0.000000000,"max":0.000026703,"avg":0.000000094,"var":0.000000001,"sum":0.003088474}},"get_input":{"duration":{"num":32961,"min":0.000000000,"max":0.000017166,"avg":0.000000130,"var":0.000000001,"sum":0.004276752},"relative_timestamp_from_ult_start":{"num":32961,"min":0.000000000,"max":0.000028133,"avg":0.000000142,"var":0.000000001,"sum":0.004692554}}},"received from ofi+cxi://0x06a56614":{"handler":{"duration":{"num":31659,"min":0.000000477,"max":0.000021696,"avg":0.000000809,"var":0.000000002,"sum":0.025600910}},"ult":{"duration":{"num":31659,"min":0.000004530,"max":0.000498533,"avg":0.000005387,"var":0.000000497,"sum":0.170558691},"relative_timestamp_from_handler_start":{"num":31659,"min":0.000000715,"max":0.000028610,"avg":0.000001279,"var":0.000000006,"sum":0.040484190}},"irespond":{"duration":{"num":31659,"min":0.000000238,"max":0.000035048,"avg":0.000000575,"var":0.000000003,"sum":0.018189430},"relative_timestamp_from_ult_start":{"num":31659,"min":0.000000238,"max":0.000026941,"avg":0.000000357,"var":0.000000003,"sum":0.011301517}},"respond_cb":{"duration":{"num":31659,"min":0.000000000,"max":0.000027657,"avg":0.000000177,"var":0.000000002,"sum":0.005594969},"relative_timestamp_from_irespond_start":{"num":31659,"min":0.000003576,"max":0.000492096,"avg":0.000004239,"var":0.000000485,"sum":0.134217739}},"irespond_wait":{"duration":{"num":31659,"min":0.000001431,"max":0.000496626,"avg":0.000004038,"var":0.000000491,"sum":0.127847433},"relative_timestamp_from_irespond_end":{"num":31659,"min":0.000000000,"max":0.000009060,"avg":0.000000167,"var":0.000000000,"sum":0.005280972}},"set_output":{"duration":{"num":31659,"min":0.000000000,"max":0.000034809,"avg":0.000000074,"var":0.000000002,"sum":0.002352953},"relative_timestamp_from_irespond_start":{"num":31659,"min":0.000000000,"max":0.000006437,"avg":0.000000088,"var":0.000000000,"sum":0.002799511}},"get_input":{"duration":{"num":31659,"min":0.000000000,"max":0.000026464,"avg":0.000000131,"var":0.000000001,"sum":0.004150629},"relative_timestamp_from_ult_start":{"num":31659,"min":0.000000000,"max":0.000019073,"avg":0.000000143,"var":0.000000001,"sum":0.004533529}}},"received from ofi+cxi://0x06a16414":{"handler":{"duration":{"num":33413,"min":0.000000477,"max":0.000468731,"avg":0.000000820,"var":0.000000222,"sum":0.027386427}},"ult":{"duration":{"num":33413,"min":0.000004530,"max":0.000045776,"avg":0.000005324,"var":0.000000033,"sum":0.177875280},"relative_timestamp_from_handler_start":{"num":33413,"min":0.000000715,"max":0.000470638,"avg":0.000001283,"var":0.000000227,"sum":0.042869329}},"irespond":{"duration":{"num":33413,"min":0.000000238,"max":0.000030756,"avg":0.000000575,"var":0.000000004,"sum":0.019212961},"relative_timestamp_from_ult_start":{"num":33413,"min":0.000000238,"max":0.000030279,"avg":0.000000350,"var":0.000000002,"sum":0.011684656}},"respond_cb":{"duration":{"num":33413,"min":0.000000000,"max":0.000028610,"avg":0.000000176,"var":0.000000002,"sum":0.005871773},"relative_timestamp_from_irespond_start":{"num":33413,"min":0.000003576,"max":0.000043154,"avg":0.000004186,"var":0.000000025,"sum":0.139870167}},"irespond_wait":{"duration":{"num":33413,"min":0.000001192,"max":0.000044346,"avg":0.000003984,"var":0.000000026,"sum":0.133101225},"relative_timestamp_from_irespond_end":{"num":33413,"min":0.000000000,"max":0.000030994,"avg":0.000000165,"var":0.000000002,"sum":0.005511999}},"set_output":{"duration":{"num":33413,"min":0.000000000,"max":0.000030279,"avg":0.000000073,"var":0.000000001,"sum":0.002445936},"relative_timestamp_from_irespond_start":{"num":33413,"min":0.000000000,"max":0.000020266,"avg":0.000000090,"var":0.000000001,"sum":0.003014803}},"get_input":{"duration":{"num":33413,"min":0.000000000,"max":0.000001907,"avg":0.000000130,"var":0.000000000,"sum":0.004354477},"relative_timestamp_from_ult_start":{"num":33413,"min":0.000000000,"max":0.000030041,"avg":0.000000140,"var":0.000000002,"sum":0.004689217}}},"received from ofi+cxi://0x06a36414":{"handler":{"duration":{"num":1783,"min":0.000000477,"max":0.000019789,"avg":0.000001124,"var":0.000000001,"sum":0.002003670}},"ult":{"duration":{"num":1783,"min":0.000316620,"max":0.020379066,"avg":0.005981315,"var":0.011415773,"sum":10.664684772},"relative_timestamp_from_handler_start":{"num":1783,"min":0.000000715,"max":0.016399860,"avg":0.000173518,"var":0.001837467,"sum":0.309382200}},"irespond":{"duration":{"num":1783,"min":0.000000477,"max":0.000014305,"avg":0.000000936,"var":0.000000001,"sum":0.001668215},"relative_timestamp_from_ult_start":{"num":1783,"min":0.000304222,"max":0.020340681,"avg":0.004035780,"var":0.008837150,"sum":7.195795298}},"respond_cb":{"duration":{"num":1783,"min":0.000000000,"max":0.000001192,"avg":0.000000202,"var":0.000000000,"sum":0.000359774},"relative_timestamp_from_irespond_start":{"num":1783,"min":0.000005960,"max":0.010439873,"avg":0.001854555,"var":0.001754049,"sum":3.306672096}},"irespond_wait":{"duration":{"num":1783,"min":0.000005722,"max":0.012831450,"avg":0.001926910,"var":0.002751555,"sum":3.435679913},"relative_timestamp_from_irespond_end":{"num":1783,"min":0.000000000,"max":0.000001431,"avg":0.000000354,"var":0.000000000,"sum":0.000631571}},"set_output":{"duration":{"num":1783,"min":0.000000000,"max":0.000000954,"avg":0.000000118,"var":0.000000000,"sum":0.000211000},"relative_timestamp_from_irespond_start":{"num":1783,"min":0.000000000,"max":0.000006199,"avg":0.000000203,"var":0.000000000,"sum":0.000361204}},"get_input":{"duration":{"num":1783,"min":0.000000000,"max":0.000020266,"avg":0.000000517,"var":0.000000001,"sum":0.000921249},"relative_timestamp_from_ult_start":{"num":1783,"min":0.000000000,"max":0.000002384,"avg":0.000000235,"var":0.000000000,"sum":0.000418186}},"bulk":{"create":{"duration":{"num":1783,"min":0.000003099,"max":0.018922567,"avg":0.000513480,