{"address":"","progress_loop":{"progress_with_timeout":{"num":15721,"min":0.000001192,"max":0.103486300,"avg":0.000347015,"var":0.027102312,"sum":5.455415249},"progress_timeout_value_msec":{"num":15721,"min":100.000000000,"max":100.000000000,"avg":100.000000000,"var":0.000000000,"sum":1572100.000000000},"progress_without_timeout":{"num":0,"min":0.000000000,"max":0.000000000,"avg":0.000000000,"var":0.000000000,"sum":0.000000000},"trigger":{"num":15679,"min":0.000000238,"max":0.000008345,"avg":0.000000274,"var":0.000000000,"sum":0.004303217}},"rpcs":{"65535:65535:7940397281847607295:2":{"rpc_id":7940397281847607295,"provider_id":2,"parent_rpc_id":65535,"parent_provider_id":65535,"name":"__identity__","origin":{"sent to ofi+cxi://0x06a6000d":{"iforward":{"duration":{"num":1,"min":0.000142097,"max":0.000142097,"avg":0.000142097,"var":0.000000000,"sum":0.000142097},"relative_timestamp_from_create":{"num":1,"min":0.000023127,"max":0.000023127,"avg":0.000023127,"var":0.000000000,"sum":0.000023127}},"forward_cb":{"duration":{"num":1,"min":0.000002146,"max":0.000002146,"avg":0.000002146,"var":0.000000000,"sum":0.000002146},"relative_timestamp_from_iforward_start":{"num":1,"min":0.007920504,"max":0.007920504,"avg":0.007920504,"var":0.000000000,"sum":0.007920504}},"iforward_wait":{"duration":{"num":1,"min":0.007786274,"max":0.007786274,"avg":0.007786274,"var":0.000000000,"sum":0.007786274},"relative_timestamp_from_iforward_end":{"num":1,"min":0.000000238,"max":0.000000238,"avg":0.000000238,"var":0.000000000,"sum":0.000000238}},"set_input":{"duration":{"num":0,"min":0.000000000,"max":0.000000000,"avg":0.000000000,"var":0.000000000,"sum":0.000000000},"relative_timestamp_from_iforward_start":{"num":0,"min":0.000000000,"max":0.000000000,"avg":0.000000000,"var":0.000000000,"sum":0.000000000}},"get_output":{"duration":{"num":1,"min":0.000015974,"max":0.000015974,"avg":0.000015974,"var":0.000000000,"sum":0.000015974},"relative_timestamp_from_wait_end":{"num":1,"min":0.000001431,"max":0.000001431,"avg":0.000001431,"var":0.000000000,"sum":0.000001431}}}}},"65535:65535:9722976651498815487:2":{"rpc_id":9722976651498815487,"provider_id":2,"parent_rpc_id":65535,"parent_provider_id":65535,"name":"flock_get_view","origin":{"sent to ofi+cxi://0x06a6000d":{"iforward":{"duration":{"num":2,"min":0.000018597,"max":0.000038147,"avg":0.000028372,"var":0.000000000,"sum":0.000056744},"relative_timestamp_from_create":{"num":2,"min":0.000000715,"max":0.000001431,"avg":0.000001073,"var":0.000000000,"sum":0.000002146}},"forward_cb":{"duration":{"num":2,"min":0.000000715,"max":0.000000954,"avg":0.000000834,"var":0.000000000,"sum":0.000001669},"relative_timestamp_from_iforward_start":{"num":2,"min":0.064108372,"max":0.115868330,"avg":0.089988351,"var":0.001339547,"sum":0.179976702}},"iforward_wait":{"duration":{"num":2,"min":0.064071894,"max":0.115852833,"avg":0.089962363,"var":0.001340633,"sum":0.179924726},"relative_timestamp_from_iforward_end":{"num":2,"min":0.000000477,"max":0.000001431,"avg":0.000000954,"var":0.000000000,"sum":0.000001907}},"set_input":{"duration":{"num":2,"min":0.000000238,"max":0.000000238,"avg":0.000000238,"var":0.000000000,"sum":0.000000477},"relative_timestamp_from_iforward_start":{"num":2,"min":0.000005960,"max":0.000010490,"avg":0.000008225,"var":0.000000000,"sum":0.000016451}},"get_output":{"duration":{"num":2,"min":0.000001431,"max":0.000064135,"avg":0.000032783,"var":0.000000002,"sum":0.000065565},"relative_timestamp_from_wait_end":{"num":2,"min":0.000001192,"max":0.000002146,"avg":0.000001669,"var":0.000000000,"sum":0.000003338}}}}},"65535:65535:3669993900245843967:1":{"rpc_id":3669993900245843967,"provider_id":1,"parent_rpc_id":65535,"parent_provider_id":65535,"name":"qtn_work_rpc","origin":{"sent to ofi+cxi://0x06a72412":{"iforward":{"duration":{"num":15675,"min":0.000001431,"max":0.000047684,"avg":0.000001595,"var":0.000000008,"sum":0.025000095},"relative_timestamp_from_create":{"num":15675,"min":0.000000000,"max":0.000001192,"avg":0.000000073,"var":0.000000000,"sum":0.001144886}},"forward_cb":{"duration":{"num":15675,"min":0.000000000,"max":0.000003338,"avg":0.000000124,"var":0.000000000,"sum":0.001942635},"relative_timestamp_from_iforward_start":{"num":15675,"min":0.000008821,"max":0.002819777,"avg":0.000331764,"var":0.001600959,"sum":5.200402737}},"iforward_wait":{"duration":{"num":15675,"min":0.000007629,"max":0.002818584,"avg":0.000330550,"var":0.001601019,"sum":5.181370497},"relative_timestamp_from_iforward_end":{"num":15675,"min":0.000000000,"max":0.000002861,"avg":0.000000178,"var":0.000000000,"sum":0.002786398}},"set_input":{"duration":{"num":15675,"min":0.000000000,"max":0.000008345,"avg":0.000000087,"var":0.000000000,"sum":0.001363277},"relative_timestamp_from_iforward_start":{"num":15675,"min":0.000000477,"max":0.000016451,"avg":0.000000696,"var":0.000000000,"sum":0.010913134}},"get_output":{"duration":{"num":15675,"min":0.000000000,"max":0.000002623,"avg":0.000000089,"var":0.000000000,"sum":0.001392126},"relative_timestamp_from_wait_end":{"num":15675,"min":0.000000000,"max":0.000004053,"avg":0.000000156,"var":0.000000000,"sum":0.002450228}}}}}}}