{"address":"","progress_loop":{"progress_with_timeout":{"num":35484,"min":0.000001192,"max":0.104646206,"avg":0.000150297,"var":0.026845339,"sum":5.333127737},"progress_timeout_value_msec":{"num":35484,"min":100.000000000,"max":100.000000000,"avg":100.000000000,"var":0.000000000,"sum":3548400.000000000},"progress_without_timeout":{"num":0,"min":0.000000000,"max":0.000000000,"avg":0.000000000,"var":0.000000000,"sum":0.000000000},"trigger":{"num":35379,"min":0.000000238,"max":0.000009060,"avg":0.000000274,"var":0.000000001,"sum":0.009704828}},"rpcs":{"65535:65535:7940397281847607295:2":{"rpc_id":7940397281847607295,"provider_id":2,"parent_rpc_id":65535,"parent_provider_id":65535,"name":"__identity__","origin":{"sent to ofi+cxi://0x06a6000d":{"iforward":{"duration":{"num":1,"min":0.000085831,"max":0.000085831,"avg":0.000085831,"var":0.000000000,"sum":0.000085831},"relative_timestamp_from_create":{"num":1,"min":0.000009775,"max":0.000009775,"avg":0.000009775,"var":0.000000000,"sum":0.000009775}},"forward_cb":{"duration":{"num":1,"min":0.000002384,"max":0.000002384,"avg":0.000002384,"var":0.000000000,"sum":0.000002384},"relative_timestamp_from_iforward_start":{"num":1,"min":0.015885115,"max":0.015885115,"avg":0.015885115,"var":0.000000000,"sum":0.015885115}},"iforward_wait":{"duration":{"num":1,"min":0.015807390,"max":0.015807390,"avg":0.015807390,"var":0.000000000,"sum":0.015807390},"relative_timestamp_from_iforward_end":{"num":1,"min":0.000000238,"max":0.000000238,"avg":0.000000238,"var":0.000000000,"sum":0.000000238}},"set_input":{"duration":{"num":0,"min":0.000000000,"max":0.000000000,"avg":0.000000000,"var":0.000000000,"sum":0.000000000},"relative_timestamp_from_iforward_start":{"num":0,"min":0.000000000,"max":0.000000000,"avg":0.000000000,"var":0.000000000,"sum":0.000000000}},"get_output":{"duration":{"num":1,"min":0.000016689,"max":0.000016689,"avg":0.000016689,"var":0.000000000,"sum":0.000016689},"relative_timestamp_from_wait_end":{"num":1,"min":0.000001669,"max":0.000001669,"avg":0.000001669,"var":0.000000000,"sum":0.000001669}}}}},"65535:65535:9722976651498815487:2":{"rpc_id":9722976651498815487,"provider_id":2,"parent_rpc_id":65535,"parent_provider_id":65535,"name":"flock_get_view","origin":{"sent to ofi+cxi://0x06a6000d":{"iforward":{"duration":{"num":2,"min":0.000019073,"max":0.000038385,"avg":0.000028729,"var":0.000000000,"sum":0.000057459},"relative_timestamp_from_create":{"num":2,"min":0.000000715,"max":0.000001669,"avg":0.000001192,"var":0.000000000,"sum":0.000002384}},"forward_cb":{"duration":{"num":2,"min":0.000000954,"max":0.000001431,"avg":0.000001192,"var":0.000000000,"sum":0.000002384},"relative_timestamp_from_iforward_start":{"num":2,"min":0.082423687,"max":0.091897964,"avg":0.087160826,"var":0.000044881,"sum":0.174321651}},"iforward_wait":{"duration":{"num":2,"min":0.082387209,"max":0.091883421,"avg":0.087135315,"var":0.000045089,"sum":0.174270630},"relative_timestamp_from_iforward_end":{"num":2,"min":0.000000238,"max":0.000001431,"avg":0.000000834,"var":0.000000000,"sum":0.000001669}},"set_input":{"duration":{"num":2,"min":0.000000238,"max":0.000000238,"avg":0.000000238,"var":0.000000000,"sum":0.000000477},"relative_timestamp_from_iforward_start":{"num":2,"min":0.000006199,"max":0.000011921,"avg":0.000009060,"var":0.000000000,"sum":0.000018120}},"get_output":{"duration":{"num":2,"min":0.000001431,"max":0.000057459,"avg":0.000029445,"var":0.000000002,"sum":0.000058889},"relative_timestamp_from_wait_end":{"num":2,"min":0.000001192,"max":0.000002146,"avg":0.000001669,"var":0.000000000,"sum":0.000003338}}}}},"65535:65535:3669993900245843967:1":{"rpc_id":3669993900245843967,"provider_id":1,"parent_rpc_id":65535,"parent_provider_id":65535,"name":"qtn_work_rpc","origin":{"sent to ofi+cxi://0x06a74215":{"iforward":{"duration":{"num":35375,"min":0.000001431,"max":0.000044107,"avg":0.000001574,"var":0.000000007,"sum":0.055687189},"relative_timestamp_from_create":{"num":35375,"min":0.000000000,"max":0.000001431,"avg":0.000000074,"var":0.000000000,"sum":0.002606869}},"forward_cb":{"duration":{"num":35375,"min":0.000000000,"max":0.000002623,"avg":0.000000122,"var":0.000000001,"sum":0.004313707},"relative_timestamp_from_iforward_start":{"num":35375,"min":0.000008583,"max":0.000815153,"avg":0.000144570,"var":0.000529160,"sum":5.114169836}},"iforward_wait":{"duration":{"num":35375,"min":0.000004530,"max":0.000814676,"avg":0.000143369,"var":0.000528968,"sum":5.071670532},"relative_timestamp_from_iforward_end":{"num":35375,"min":0.000000000,"max":0.000003815,"avg":0.000000180,"var":0.000000000,"sum":0.006375551}},"set_input":{"duration":{"num":35375,"min":0.000000000,"max":0.000001907,"avg":0.000000077,"var":0.000000000,"sum":0.002723694},"relative_timestamp_from_iforward_start":{"num":35375,"min":0.000000477,"max":0.000011444,"avg":0.000000682,"var":0.000000001,"sum":0.024126530}},"get_output":{"duration":{"num":35375,"min":0.000000000,"max":0.000000954,"avg":0.000000088,"var":0.000000000,"sum":0.003105640},"relative_timestamp_from_wait_end":{"num":35375,"min":0.000000000,"max":0.000001907,"avg":0.000000159,"var":0.000000001,"sum":0.005609751}}}}}}}