{"address":"","progress_loop":{"progress_with_timeout":{"num":1748,"min":0.000001669,"max":0.102352142,"avg":0.006569341,"var":0.048996812,"sum":11.483208179},"progress_timeout_value_msec":{"num":1748,"min":100.000000000,"max":100.000000000,"avg":100.000000000,"var":0.000000000,"sum":174800.000000000},"progress_without_timeout":{"num":0,"min":0.000000000,"max":0.000000000,"avg":0.000000000,"var":0.000000000,"sum":0.000000000},"trigger":{"num":1744,"min":0.000000238,"max":0.000006437,"avg":0.000000294,"var":0.000000000,"sum":0.000512362}},"rpcs":{"65535:65535:7940397281847607295:2":{"rpc_id":7940397281847607295,"provider_id":2,"parent_rpc_id":65535,"parent_provider_id":65535,"name":"__identity__","origin":{"sent to ofi+cxi://0x06a6000d":{"iforward":{"duration":{"num":1,"min":0.000131130,"max":0.000131130,"avg":0.000131130,"var":0.000000000,"sum":0.000131130},"relative_timestamp_from_create":{"num":1,"min":0.000016928,"max":0.000016928,"avg":0.000016928,"var":0.000000000,"sum":0.000016928}},"forward_cb":{"duration":{"num":1,"min":0.000002146,"max":0.000002146,"avg":0.000002146,"var":0.000000000,"sum":0.000002146},"relative_timestamp_from_iforward_start":{"num":1,"min":0.013375998,"max":0.013375998,"avg":0.013375998,"var":0.000000000,"sum":0.013375998}},"iforward_wait":{"duration":{"num":1,"min":0.013252258,"max":0.013252258,"avg":0.013252258,"var":0.000000000,"sum":0.013252258},"relative_timestamp_from_iforward_end":{"num":1,"min":0.000000477,"max":0.000000477,"avg":0.000000477,"var":0.000000000,"sum":0.000000477}},"set_input":{"duration":{"num":0,"min":0.000000000,"max":0.000000000,"avg":0.000000000,"var":0.000000000,"sum":0.000000000},"relative_timestamp_from_iforward_start":{"num":0,"min":0.000000000,"max":0.000000000,"avg":0.000000000,"var":0.000000000,"sum":0.000000000}},"get_output":{"duration":{"num":1,"min":0.000016928,"max":0.000016928,"avg":0.000016928,"var":0.000000000,"sum":0.000016928},"relative_timestamp_from_wait_end":{"num":1,"min":0.000001669,"max":0.000001669,"avg":0.000001669,"var":0.000000000,"sum":0.000001669}}}}},"65535:65535:9722976651498815487:2":{"rpc_id":9722976651498815487,"provider_id":2,"parent_rpc_id":65535,"parent_provider_id":65535,"name":"flock_get_view","origin":{"sent to ofi+cxi://0x06a6000d":{"iforward":{"duration":{"num":2,"min":0.000010967,"max":0.000036955,"avg":0.000023961,"var":0.000000000,"sum":0.000047922},"relative_timestamp_from_create":{"num":2,"min":0.000000238,"max":0.000001431,"avg":0.000000834,"var":0.000000000,"sum":0.000001669}},"forward_cb":{"duration":{"num":2,"min":0.000000000,"max":0.000000477,"avg":0.000000238,"var":0.000000000,"sum":0.000000477},"relative_timestamp_from_iforward_start":{"num":2,"min":0.052680254,"max":0.082903862,"avg":0.067792058,"var":0.000456733,"sum":0.135584116}},"iforward_wait":{"duration":{"num":2,"min":0.052642822,"max":0.082893610,"avg":0.067768216,"var":0.000457555,"sum":0.135536432},"relative_timestamp_from_iforward_end":{"num":2,"min":0.000000000,"max":0.000001669,"avg":0.000000834,"var":0.000000000,"sum":0.000001669}},"set_input":{"duration":{"num":2,"min":0.000000000,"max":0.000000238,"avg":0.000000119,"var":0.000000000,"sum":0.000000238},"relative_timestamp_from_iforward_start":{"num":2,"min":0.000001907,"max":0.000010490,"avg":0.000006199,"var":0.000000000,"sum":0.000012398}},"get_output":{"duration":{"num":2,"min":0.000000477,"max":0.000065088,"avg":0.000032783,"var":0.000000002,"sum":0.000065565},"relative_timestamp_from_wait_end":{"num":2,"min":0.000000238,"max":0.000001431,"avg":0.000000834,"var":0.000000000,"sum":0.000001669}}}}},"65535:65535:3669993900245843967:1":{"rpc_id":3669993900245843967,"provider_id":1,"parent_rpc_id":65535,"parent_provider_id":65535,"name":"qtn_work_rpc","origin":{"sent to ofi+cxi://0x06a64215":{"iforward":{"duration":{"num":1740,"min":0.000001431,"max":0.000043154,"avg":0.000001805,"var":0.000000004,"sum":0.003140211},"relative_timestamp_from_create":{"num":1740,"min":0.000002384,"max":0.001522064,"avg":0.000003739,"var":0.000002307,"sum":0.006505489}},"forward_cb":{"duration":{"num":1740,"min":0.000000000,"max":0.000001431,"avg":0.000000134,"var":0.000000000,"sum":0.000233889},"relative_timestamp_from_iforward_start":{"num":1740,"min":0.000288486,"max":0.025814056,"avg":0.006457707,"var":0.031644509,"sum":11.236410618}},"iforward_wait":{"duration":{"num":1740,"min":0.000287533,"max":0.025812626,"avg":0.006456257,"var":0.031645371,"sum":11.233886719},"relative_timestamp_from_iforward_end":{"num":1740,"min":0.000000000,"max":0.000000715,"avg":0.000000245,"var":0.000000000,"sum":0.000426531}},"set_input":{"duration":{"num":1740,"min":0.000000000,"max":0.000005245,"avg":0.000000124,"var":0.000000000,"sum":0.000215530},"relative_timestamp_from_iforward_start":{"num":1740,"min":0.000000477,"max":0.000006676,"avg":0.000000709,"var":0.000000000,"sum":0.001233816}},"get_output":{"duration":{"num":1740,"min":0.000000000,"max":0.000000477,"avg":0.000000089,"var":0.000000000,"sum":0.000155210},"relative_timestamp_from_wait_end":{"num":1740,"min":0.000000000,"max":0.000000954,"avg":0.000000156,"var":0.000000000,"sum":0.000271082}}}}},"65535:65535:65535:65535":{"rpc_id":65535,"provider_id":65535,"parent_rpc_id":65535,"parent_provider_id":65535,"name":"","target":{"received from <unknown>":{"bulk":{"create":{"duration":{"num":1740,"min":0.000002384,"max":0.001517057,"avg":0.000003540,"var":0.000002292,"sum":0.006159067},"size":{"num":1740,"min":4194304.000000000,"max":4194304.000000000,"avg":4194304.000000000,"var":0.000000000,"sum":7298088960.000000000}}}}}}}}