{"address":"","progress_loop":{"progress_with_timeout":{"num":1632,"min":0.000002384,"max":0.102359295,"avg":0.007583451,"var":0.059267381,"sum":12.376192331},"progress_timeout_value_msec":{"num":1632,"min":100.000000000,"max":100.000000000,"avg":100.000000000,"var":0.000000000,"sum":163200.000000000},"progress_without_timeout":{"num":0,"min":0.000000000,"max":0.000000000,"avg":0.000000000,"var":0.000000000,"sum":0.000000000},"trigger":{"num":1624,"min":0.000000238,"max":0.000008583,"avg":0.000000299,"var":0.000000000,"sum":0.000486135}},"rpcs":{"65535:65535:7940397281847607295:2":{"rpc_id":7940397281847607295,"provider_id":2,"parent_rpc_id":65535,"parent_provider_id":65535,"name":"__identity__","origin":{"sent to ofi+cxi://0x06a6000d":{"iforward":{"duration":{"num":1,"min":0.000128746,"max":0.000128746,"avg":0.000128746,"var":0.000000000,"sum":0.000128746},"relative_timestamp_from_create":{"num":1,"min":0.000003338,"max":0.000003338,"avg":0.000003338,"var":0.000000000,"sum":0.000003338}},"forward_cb":{"duration":{"num":1,"min":0.000002384,"max":0.000002384,"avg":0.000002384,"var":0.000000000,"sum":0.000002384},"relative_timestamp_from_iforward_start":{"num":1,"min":0.021049023,"max":0.021049023,"avg":0.021049023,"var":0.000000000,"sum":0.021049023}},"iforward_wait":{"duration":{"num":1,"min":0.020929337,"max":0.020929337,"avg":0.020929337,"var":0.000000000,"sum":0.020929337},"relative_timestamp_from_iforward_end":{"num":1,"min":0.000000238,"max":0.000000238,"avg":0.000000238,"var":0.000000000,"sum":0.000000238}},"set_input":{"duration":{"num":0,"min":0.000000000,"max":0.000000000,"avg":0.000000000,"var":0.000000000,"sum":0.000000000},"relative_timestamp_from_iforward_start":{"num":0,"min":0.000000000,"max":0.000000000,"avg":0.000000000,"var":0.000000000,"sum":0.000000000}},"get_output":{"duration":{"num":1,"min":0.000018597,"max":0.000018597,"avg":0.000018597,"var":0.000000000,"sum":0.000018597},"relative_timestamp_from_wait_end":{"num":1,"min":0.000001669,"max":0.000001669,"avg":0.000001669,"var":0.000000000,"sum":0.000001669}}}}},"65535:65535:9722976651498815487:2":{"rpc_id":9722976651498815487,"provider_id":2,"parent_rpc_id":65535,"parent_provider_id":65535,"name":"flock_get_view","origin":{"sent to ofi+cxi://0x06a6000d":{"iforward":{"duration":{"num":2,"min":0.000019550,"max":0.000045061,"avg":0.000032306,"var":0.000000000,"sum":0.000064611},"relative_timestamp_from_create":{"num":2,"min":0.000000715,"max":0.000001431,"avg":0.000001073,"var":0.000000000,"sum":0.000002146}},"forward_cb":{"duration":{"num":2,"min":0.000000238,"max":0.000000954,"avg":0.000000596,"var":0.000000000,"sum":0.000001192},"relative_timestamp_from_iforward_start":{"num":2,"min":0.059616327,"max":0.078640699,"avg":0.069128513,"var":0.000180963,"sum":0.138257027}},"iforward_wait":{"duration":{"num":2,"min":0.059597015,"max":0.078597546,"avg":0.069097281,"var":0.000180510,"sum":0.138194561},"relative_timestamp_from_iforward_end":{"num":2,"min":0.000000477,"max":0.000001431,"avg":0.000000954,"var":0.000000000,"sum":0.000001907}},"set_input":{"duration":{"num":2,"min":0.000000238,"max":0.000000238,"avg":0.000000238,"var":0.000000000,"sum":0.000000477},"relative_timestamp_from_iforward_start":{"num":2,"min":0.000005960,"max":0.000013113,"avg":0.000009537,"var":0.000000000,"sum":0.000019073}},"get_output":{"duration":{"num":2,"min":0.000000477,"max":0.000052452,"avg":0.000026464,"var":0.000000001,"sum":0.000052929},"relative_timestamp_from_wait_end":{"num":2,"min":0.000000477,"max":0.000002146,"avg":0.000001311,"var":0.000000000,"sum":0.000002623}}}}},"65535:65535:3669993900245843967:1":{"rpc_id":3669993900245843967,"provider_id":1,"parent_rpc_id":65535,"parent_provider_id":65535,"name":"qtn_work_rpc","origin":{"sent to ofi+cxi://0x06a74215":{"iforward":{"duration":{"num":1620,"min":0.000001431,"max":0.000033140,"avg":0.000001875,"var":0.000000004,"sum":0.003037453},"relative_timestamp_from_create":{"num":1620,"min":0.000002623,"max":0.001502514,"avg":0.000003838,"var":0.000002248,"sum":0.006217957}},"forward_cb":{"duration":{"num":1620,"min":0.000000000,"max":0.000001431,"avg":0.000000134,"var":0.000000000,"sum":0.000216961},"relative_timestamp_from_iforward_start":{"num":1620,"min":0.000419855,"max":0.040877342,"avg":0.007480806,"var":0.041888314,"sum":12.118905067}},"iforward_wait":{"duration":{"num":1620,"min":0.000418425,"max":0.040875912,"avg":0.007479280,"var":0.041888268,"sum":12.116433859},"relative_timestamp_from_iforward_end":{"num":1620,"min":0.000000000,"max":0.000000715,"avg":0.000000255,"var":0.000000000,"sum":0.000413656}},"set_input":{"duration":{"num":1620,"min":0.000000000,"max":0.000004768,"avg":0.000000131,"var":0.000000000,"sum":0.000212193},"relative_timestamp_from_iforward_start":{"num":1620,"min":0.000000477,"max":0.000008583,"avg":0.000000705,"var":0.000000000,"sum":0.001142740}},"get_output":{"duration":{"num":1620,"min":0.000000000,"max":0.000000715,"avg":0.000000091,"var":0.000000000,"sum":0.000147343},"relative_timestamp_from_wait_end":{"num":1620,"min":0.000000000,"max":0.000001669,"avg":0.000000157,"var":0.000000000,"sum":0.000253916}}}}},"65535:65535:65535:65535":{"rpc_id":65535,"provider_id":65535,"parent_rpc_id":65535,"parent_provider_id":65535,"name":"","target":{"received from <unknown>":{"bulk":{"create":{"duration":{"num":1620,"min":0.000002384,"max":0.001497507,"avg":0.000003633,"var":0.000002233,"sum":0.005886078},"size":{"num":1620,"min":4194304.000000000,"max":4194304.000000000,"avg":4194304.000000000,"var":0.000000000,"sum":6794772480.000000000}}}}}}}}