{"address":"","progress_loop":{"progress_with_timeout":{"num":22625,"min":0.000001192,"max":0.103119135,"avg":0.000238118,"var":0.024972680,"sum":5.387423277},"progress_timeout_value_msec":{"num":22625,"min":100.000000000,"max":100.000000000,"avg":100.000000000,"var":0.000000000,"sum":2262500.000000000},"progress_without_timeout":{"num":0,"min":0.000000000,"max":0.000000000,"avg":0.000000000,"var":0.000000000,"sum":0.000000000},"trigger":{"num":22597,"min":0.000000238,"max":0.000009537,"avg":0.000000270,"var":0.000000000,"sum":0.006093740}},"rpcs":{"65535:65535:7940397281847607295:2":{"rpc_id":7940397281847607295,"provider_id":2,"parent_rpc_id":65535,"parent_provider_id":65535,"name":"__identity__","origin":{"sent to ofi+cxi://0x06a6000d":{"iforward":{"duration":{"num":1,"min":0.000084400,"max":0.000084400,"avg":0.000084400,"var":0.000000000,"sum":0.000084400},"relative_timestamp_from_create":{"num":1,"min":0.000003099,"max":0.000003099,"avg":0.000003099,"var":0.000000000,"sum":0.000003099}},"forward_cb":{"duration":{"num":1,"min":0.000002623,"max":0.000002623,"avg":0.000002623,"var":0.000000000,"sum":0.000002623},"relative_timestamp_from_iforward_start":{"num":1,"min":0.004834175,"max":0.004834175,"avg":0.004834175,"var":0.000000000,"sum":0.004834175}},"iforward_wait":{"duration":{"num":1,"min":0.004759073,"max":0.004759073,"avg":0.004759073,"var":0.000000000,"sum":0.004759073},"relative_timestamp_from_iforward_end":{"num":1,"min":0.000000477,"max":0.000000477,"avg":0.000000477,"var":0.000000000,"sum":0.000000477}},"set_input":{"duration":{"num":0,"min":0.000000000,"max":0.000000000,"avg":0.000000000,"var":0.000000000,"sum":0.000000000},"relative_timestamp_from_iforward_start":{"num":0,"min":0.000000000,"max":0.000000000,"avg":0.000000000,"var":0.000000000,"sum":0.000000000}},"get_output":{"duration":{"num":1,"min":0.000018835,"max":0.000018835,"avg":0.000018835,"var":0.000000000,"sum":0.000018835},"relative_timestamp_from_wait_end":{"num":1,"min":0.000001907,"max":0.000001907,"avg":0.000001907,"var":0.000000000,"sum":0.000001907}}}}},"65535:65535:9722976651498815487:2":{"rpc_id":9722976651498815487,"provider_id":2,"parent_rpc_id":65535,"parent_provider_id":65535,"name":"flock_get_view","origin":{"sent to ofi+cxi://0x06a6000d":{"iforward":{"duration":{"num":2,"min":0.000020981,"max":0.000047684,"avg":0.000034332,"var":0.000000000,"sum":0.000068665},"relative_timestamp_from_create":{"num":2,"min":0.000000477,"max":0.000002146,"avg":0.000001311,"var":0.000000000,"sum":0.000002623}},"forward_cb":{"duration":{"num":2,"min":0.000000954,"max":0.000000954,"avg":0.000000954,"var":0.000000000,"sum":0.000001907},"relative_timestamp_from_iforward_start":{"num":2,"min":0.056973457,"max":0.120359659,"avg":0.088666558,"var":0.002008905,"sum":0.177333117}},"iforward_wait":{"duration":{"num":2,"min":0.056927204,"max":0.120341778,"avg":0.088634491,"var":0.002010704,"sum":0.177268982},"relative_timestamp_from_iforward_end":{"num":2,"min":0.000000477,"max":0.000002146,"avg":0.000001311,"var":0.000000000,"sum":0.000002623}},"set_input":{"duration":{"num":2,"min":0.000000238,"max":0.000000477,"avg":0.000000358,"var":0.000000000,"sum":0.000000715},"relative_timestamp_from_iforward_start":{"num":2,"min":0.000006914,"max":0.000013590,"avg":0.000010252,"var":0.000000000,"sum":0.000020504}},"get_output":{"duration":{"num":2,"min":0.000001431,"max":0.000059843,"avg":0.000030637,"var":0.000000002,"sum":0.000061274},"relative_timestamp_from_wait_end":{"num":2,"min":0.000000954,"max":0.000002384,"avg":0.000001669,"var":0.000000000,"sum":0.000003338}}}}},"65535:65535:3669993900245843967:1":{"rpc_id":3669993900245843967,"provider_id":1,"parent_rpc_id":65535,"parent_provider_id":65535,"name":"qtn_work_rpc","origin":{"sent to ofi+cxi://0x06a7a416":{"iforward":{"duration":{"num":22593,"min":0.000001431,"max":0.000050545,"avg":0.000001588,"var":0.000000007,"sum":0.035884142},"relative_timestamp_from_create":{"num":22593,"min":0.000000000,"max":0.000001192,"avg":0.000000075,"var":0.000000000,"sum":0.001685143}},"forward_cb":{"duration":{"num":22593,"min":0.000000000,"max":0.000006199,"avg":0.000000119,"var":0.000000000,"sum":0.002690315},"relative_timestamp_from_iforward_start":{"num":22593,"min":0.000008345,"max":0.000919580,"avg":0.000228069,"var":0.000680268,"sum":5.152772665}},"iforward_wait":{"duration":{"num":22593,"min":0.000005245,"max":0.000918627,"avg":0.000226843,"var":0.000680343,"sum":5.125063181},"relative_timestamp_from_iforward_end":{"num":22593,"min":0.000000000,"max":0.000002146,"avg":0.000000182,"var":0.000000000,"sum":0.004112720}},"set_input":{"duration":{"num":22593,"min":0.000000000,"max":0.000001669,"avg":0.000000082,"var":0.000000000,"sum":0.001842499},"relative_timestamp_from_iforward_start":{"num":22593,"min":0.000000477,"max":0.000015020,"avg":0.000000694,"var":0.000000000,"sum":0.015687704}},"get_output":{"duration":{"num":22593,"min":0.000000000,"max":0.000000954,"avg":0.000000089,"var":0.000000000,"sum":0.002001047},"relative_timestamp_from_wait_end":{"num":22593,"min":0.000000000,"max":0.000003576,"avg":0.000000160,"var":0.000000000,"sum":0.003619194}}}}}}}