{"address":"","progress_loop":{"progress_with_timeout":{"num":1616,"min":0.000001192,"max":0.102263927,"avg":0.007668193,"var":0.046213585,"sum":12.391799927},"progress_timeout_value_msec":{"num":1616,"min":100.000000000,"max":100.000000000,"avg":100.000000000,"var":0.000000000,"sum":161600.000000000},"progress_without_timeout":{"num":0,"min":0.000000000,"max":0.000000000,"avg":0.000000000,"var":0.000000000,"sum":0.000000000},"trigger":{"num":1607,"min":0.000000238,"max":0.000006676,"avg":0.000000306,"var":0.000000000,"sum":0.000491381}},"rpcs":{"65535:65535:7940397281847607295:2":{"rpc_id":7940397281847607295,"provider_id":2,"parent_rpc_id":65535,"parent_provider_id":65535,"name":"__identity__","origin":{"sent to ofi+cxi://0x06a6000d":{"iforward":{"duration":{"num":1,"min":0.000104189,"max":0.000104189,"avg":0.000104189,"var":0.000000000,"sum":0.000104189},"relative_timestamp_from_create":{"num":1,"min":0.000003576,"max":0.000003576,"avg":0.000003576,"var":0.000000000,"sum":0.000003576}},"forward_cb":{"duration":{"num":1,"min":0.000002146,"max":0.000002146,"avg":0.000002146,"var":0.000000000,"sum":0.000002146},"relative_timestamp_from_iforward_start":{"num":1,"min":0.022099257,"max":0.022099257,"avg":0.022099257,"var":0.000000000,"sum":0.022099257}},"iforward_wait":{"duration":{"num":1,"min":0.022003412,"max":0.022003412,"avg":0.022003412,"var":0.000000000,"sum":0.022003412},"relative_timestamp_from_iforward_end":{"num":1,"min":0.000000238,"max":0.000000238,"avg":0.000000238,"var":0.000000000,"sum":0.000000238}},"set_input":{"duration":{"num":0,"min":0.000000000,"max":0.000000000,"avg":0.000000000,"var":0.000000000,"sum":0.000000000},"relative_timestamp_from_iforward_start":{"num":0,"min":0.000000000,"max":0.000000000,"avg":0.000000000,"var":0.000000000,"sum":0.000000000}},"get_output":{"duration":{"num":1,"min":0.000016451,"max":0.000016451,"avg":0.000016451,"var":0.000000000,"sum":0.000016451},"relative_timestamp_from_wait_end":{"num":1,"min":0.000001669,"max":0.000001669,"avg":0.000001669,"var":0.000000000,"sum":0.000001669}}}}},"65535:65535:9722976651498815487:2":{"rpc_id":9722976651498815487,"provider_id":2,"parent_rpc_id":65535,"parent_provider_id":65535,"name":"flock_get_view","origin":{"sent to ofi+cxi://0x06a6000d":{"iforward":{"duration":{"num":2,"min":0.000011683,"max":0.000038624,"avg":0.000025153,"var":0.000000000,"sum":0.000050306},"relative_timestamp_from_create":{"num":2,"min":0.000000477,"max":0.000001669,"avg":0.000001073,"var":0.000000000,"sum":0.000002146}},"forward_cb":{"duration":{"num":2,"min":0.000000238,"max":0.000000238,"avg":0.000000238,"var":0.000000000,"sum":0.000000477},"relative_timestamp_from_iforward_start":{"num":2,"min":0.053196430,"max":0.086229801,"avg":0.069713116,"var":0.000545602,"sum":0.139426231}},"iforward_wait":{"duration":{"num":2,"min":0.053185701,"max":0.086190701,"avg":0.069688201,"var":0.000544665,"sum":0.139376402},"relative_timestamp_from_iforward_end":{"num":2,"min":0.000000000,"max":0.000001431,"avg":0.000000715,"var":0.000000000,"sum":0.000001431}},"set_input":{"duration":{"num":2,"min":0.000000000,"max":0.000000238,"avg":0.000000119,"var":0.000000000,"sum":0.000000238},"relative_timestamp_from_iforward_start":{"num":2,"min":0.000002146,"max":0.000011206,"avg":0.000006676,"var":0.000000000,"sum":0.000013351}},"get_output":{"duration":{"num":2,"min":0.000000477,"max":0.000039339,"avg":0.000019908,"var":0.000000001,"sum":0.000039816},"relative_timestamp_from_wait_end":{"num":2,"min":0.000000238,"max":0.000000954,"avg":0.000000596,"var":0.000000000,"sum":0.000001192}}}}},"65535:65535:3669993900245843967:1":{"rpc_id":3669993900245843967,"provider_id":1,"parent_rpc_id":65535,"parent_provider_id":65535,"name":"qtn_work_rpc","origin":{"sent to ofi+cxi://0x06a7a40d":{"iforward":{"duration":{"num":1603,"min":0.000001431,"max":0.000032187,"avg":0.000001824,"var":0.000000004,"sum":0.002923489},"relative_timestamp_from_create":{"num":1603,"min":0.000002384,"max":0.001358271,"avg":0.000003650,"var":0.000001836,"sum":0.005851030}},"forward_cb":{"duration":{"num":1603,"min":0.000000000,"max":0.000001431,"avg":0.000000144,"var":0.000000000,"sum":0.000231504},"relative_timestamp_from_iforward_start":{"num":1603,"min":0.000270844,"max":0.038790703,"avg":0.007568340,"var":0.028279498,"sum":12.132049322}},"iforward_wait":{"duration":{"num":1603,"min":0.000269651,"max":0.038789749,"avg":0.007566955,"var":0.028280714,"sum":12.129828930},"relative_timestamp_from_iforward_end":{"num":1603,"min":0.000000000,"max":0.000009060,"avg":0.000000175,"var":0.000000000,"sum":0.000280857}},"set_input":{"duration":{"num":1603,"min":0.000000000,"max":0.000004292,"avg":0.000000127,"var":0.000000000,"sum":0.000203133},"relative_timestamp_from_iforward_start":{"num":1603,"min":0.000000477,"max":0.000007391,"avg":0.000000727,"var":0.000000000,"sum":0.001165867}},"get_output":{"duration":{"num":1603,"min":0.000000000,"max":0.000000477,"avg":0.000000093,"var":0.000000000,"sum":0.000148773},"relative_timestamp_from_wait_end":{"num":1603,"min":0.000000000,"max":0.000001431,"avg":0.000000160,"var":0.000000000,"sum":0.000256538}}}}},"65535:65535:65535:65535":{"rpc_id":65535,"provider_id":65535,"parent_rpc_id":65535,"parent_provider_id":65535,"name":"","target":{"received from <unknown>":{"bulk":{"create":{"duration":{"num":1603,"min":0.000002146,"max":0.001354456,"avg":0.000003438,"var":0.000001827,"sum":0.005511284},"size":{"num":1603,"min":4194304.000000000,"max":4194304.000000000,"avg":4194304.000000000,"var":0.000000000,"sum":6723469312.000000000}}}}}}}}