{"address":"","progress_loop":{"progress_with_timeout":{"num":43072,"min":0.000001192,"max":0.100178242,"avg":0.000122585,"var":0.025566595,"sum":5.279968262},"progress_timeout_value_msec":{"num":43072,"min":100.000000000,"max":100.000000000,"avg":100.000000000,"var":0.000000000,"sum":4307200.000000000},"progress_without_timeout":{"num":0,"min":0.000000000,"max":0.000000000,"avg":0.000000000,"var":0.000000000,"sum":0.000000000},"trigger":{"num":42904,"min":0.000000238,"max":0.000008106,"avg":0.000000280,"var":0.000000001,"sum":0.012030363}},"rpcs":{"65535:65535:7940397281847607295:2":{"rpc_id":7940397281847607295,"provider_id":2,"parent_rpc_id":65535,"parent_provider_id":65535,"name":"__identity__","origin":{"sent to ofi+cxi://0x06a6000d":{"iforward":{"duration":{"num":1,"min":0.000093222,"max":0.000093222,"avg":0.000093222,"var":0.000000000,"sum":0.000093222},"relative_timestamp_from_create":{"num":1,"min":0.000040770,"max":0.000040770,"avg":0.000040770,"var":0.000000000,"sum":0.000040770}},"forward_cb":{"duration":{"num":1,"min":0.000001669,"max":0.000001669,"avg":0.000001669,"var":0.000000000,"sum":0.000001669},"relative_timestamp_from_iforward_start":{"num":1,"min":0.025602818,"max":0.025602818,"avg":0.025602818,"var":0.000000000,"sum":0.025602818}},"iforward_wait":{"duration":{"num":1,"min":0.025516033,"max":0.025516033,"avg":0.025516033,"var":0.000000000,"sum":0.025516033},"relative_timestamp_from_iforward_end":{"num":1,"min":0.000000238,"max":0.000000238,"avg":0.000000238,"var":0.000000000,"sum":0.000000238}},"set_input":{"duration":{"num":0,"min":0.000000000,"max":0.000000000,"avg":0.000000000,"var":0.000000000,"sum":0.000000000},"relative_timestamp_from_iforward_start":{"num":0,"min":0.000000000,"max":0.000000000,"avg":0.000000000,"var":0.000000000,"sum":0.000000000}},"get_output":{"duration":{"num":1,"min":0.000009775,"max":0.000009775,"avg":0.000009775,"var":0.000000000,"sum":0.000009775},"relative_timestamp_from_wait_end":{"num":1,"min":0.000001192,"max":0.000001192,"avg":0.000001192,"var":0.000000000,"sum":0.000001192}}}}},"65535:65535:9722976651498815487:2":{"rpc_id":9722976651498815487,"provider_id":2,"parent_rpc_id":65535,"parent_provider_id":65535,"name":"flock_get_view","origin":{"sent to ofi+cxi://0x06a6000d":{"iforward":{"duration":{"num":2,"min":0.000019550,"max":0.000036001,"avg":0.000027776,"var":0.000000000,"sum":0.000055552},"relative_timestamp_from_create":{"num":2,"min":0.000000477,"max":0.000001907,"avg":0.000001192,"var":0.000000000,"sum":0.000002384}},"forward_cb":{"duration":{"num":2,"min":0.000000000,"max":0.000000954,"avg":0.000000477,"var":0.000000000,"sum":0.000000954},"relative_timestamp_from_iforward_start":{"num":2,"min":0.073544502,"max":0.095817566,"avg":0.084681034,"var":0.000248045,"sum":0.169362068}},"iforward_wait":{"duration":{"num":2,"min":0.073525429,"max":0.095783710,"avg":0.084654570,"var":0.000247716,"sum":0.169309139},"relative_timestamp_from_iforward_end":{"num":2,"min":0.000000238,"max":0.000001431,"avg":0.000000834,"var":0.000000000,"sum":0.000001669}},"set_input":{"duration":{"num":2,"min":0.000000238,"max":0.000000238,"avg":0.000000238,"var":0.000000000,"sum":0.000000477},"relative_timestamp_from_iforward_start":{"num":2,"min":0.000006199,"max":0.000011206,"avg":0.000008702,"var":0.000000000,"sum":0.000017405}},"get_output":{"duration":{"num":2,"min":0.000000238,"max":0.000053406,"avg":0.000026822,"var":0.000000001,"sum":0.000053644},"relative_timestamp_from_wait_end":{"num":2,"min":0.000000477,"max":0.000001907,"avg":0.000001192,"var":0.000000000,"sum":0.000002384}}}}},"65535:65535:3669993900245843967:1":{"rpc_id":3669993900245843967,"provider_id":1,"parent_rpc_id":65535,"parent_provider_id":65535,"name":"qtn_work_rpc","origin":{"sent to ofi+cxi://0x06a74213":{"iforward":{"duration":{"num":42900,"min":0.000001431,"max":0.000033617,"avg":0.000001572,"var":0.000000006,"sum":0.067419529},"relative_timestamp_from_create":{"num":42900,"min":0.000000000,"max":0.000007153,"avg":0.000000080,"var":0.000000001,"sum":0.003411293}},"forward_cb":{"duration":{"num":42900,"min":0.000000000,"max":0.000001431,"avg":0.000000133,"var":0.000000001,"sum":0.005694866},"relative_timestamp_from_iforward_start":{"num":42900,"min":0.000007868,"max":0.000770092,"avg":0.000118344,"var":0.000494370,"sum":5.076958656}},"iforward_wait":{"duration":{"num":42900,"min":0.000002146,"max":0.000769615,"avg":0.000117146,"var":0.000494264,"sum":5.025552750},"relative_timestamp_from_iforward_end":{"num":42900,"min":0.000000000,"max":0.000006199,"avg":0.000000183,"var":0.000000001,"sum":0.007849455}},"set_input":{"duration":{"num":42900,"min":0.000000000,"max":0.000001431,"avg":0.000000082,"var":0.000000001,"sum":0.003518343},"relative_timestamp_from_iforward_start":{"num":42900,"min":0.000000477,"max":0.000014067,"avg":0.000000698,"var":0.000000001,"sum":0.029939413}},"get_output":{"duration":{"num":42900,"min":0.000000000,"max":0.000007629,"avg":0.000000091,"var":0.000000001,"sum":0.003890991},"relative_timestamp_from_wait_end":{"num":42900,"min":0.000000000,"max":0.000002861,"avg":0.000000156,"var":0.000000001,"sum":0.006683826}}}}}}}