{"address":"","progress_loop":{"progress_with_timeout":{"num":1702,"min":0.000002146,"max":0.102390289,"avg":0.007238125,"var":0.035952269,"sum":12.319288969},"progress_timeout_value_msec":{"num":1702,"min":100.000000000,"max":100.000000000,"avg":100.000000000,"var":0.000000000,"sum":170200.000000000},"progress_without_timeout":{"num":0,"min":0.000000000,"max":0.000000000,"avg":0.000000000,"var":0.000000000,"sum":0.000000000},"trigger":{"num":1695,"min":0.000000238,"max":0.000008345,"avg":0.000000302,"var":0.000000000,"sum":0.000512362}},"rpcs":{"65535:65535:7940397281847607295:2":{"rpc_id":7940397281847607295,"provider_id":2,"parent_rpc_id":65535,"parent_provider_id":65535,"name":"__identity__","origin":{"sent to ofi+cxi://0x06a6000d":{"iforward":{"duration":{"num":1,"min":0.000473976,"max":0.000473976,"avg":0.000473976,"var":0.000000000,"sum":0.000473976},"relative_timestamp_from_create":{"num":1,"min":0.000043154,"max":0.000043154,"avg":0.000043154,"var":0.000000000,"sum":0.000043154}},"forward_cb":{"duration":{"num":1,"min":0.000002384,"max":0.000002384,"avg":0.000002384,"var":0.000000000,"sum":0.000002384},"relative_timestamp_from_iforward_start":{"num":1,"min":0.024874210,"max":0.024874210,"avg":0.024874210,"var":0.000000000,"sum":0.024874210}},"iforward_wait":{"duration":{"num":1,"min":0.024408340,"max":0.024408340,"avg":0.024408340,"var":0.000000000,"sum":0.024408340},"relative_timestamp_from_iforward_end":{"num":1,"min":0.000000477,"max":0.000000477,"avg":0.000000477,"var":0.000000000,"sum":0.000000477}},"set_input":{"duration":{"num":0,"min":0.000000000,"max":0.000000000,"avg":0.000000000,"var":0.000000000,"sum":0.000000000},"relative_timestamp_from_iforward_start":{"num":0,"min":0.000000000,"max":0.000000000,"avg":0.000000000,"var":0.000000000,"sum":0.000000000}},"get_output":{"duration":{"num":1,"min":0.000017643,"max":0.000017643,"avg":0.000017643,"var":0.000000000,"sum":0.000017643},"relative_timestamp_from_wait_end":{"num":1,"min":0.000001431,"max":0.000001431,"avg":0.000001431,"var":0.000000000,"sum":0.000001431}}}}},"65535:65535:9722976651498815487:2":{"rpc_id":9722976651498815487,"provider_id":2,"parent_rpc_id":65535,"parent_provider_id":65535,"name":"flock_get_view","origin":{"sent to ofi+cxi://0x06a6000d":{"iforward":{"duration":{"num":2,"min":0.000017166,"max":0.000039577,"avg":0.000028372,"var":0.000000000,"sum":0.000056744},"relative_timestamp_from_create":{"num":2,"min":0.000000715,"max":0.000001669,"avg":0.000001192,"var":0.000000000,"sum":0.000002384}},"forward_cb":{"duration":{"num":2,"min":0.000000477,"max":0.000000954,"avg":0.000000715,"var":0.000000000,"sum":0.000001431},"relative_timestamp_from_iforward_start":{"num":2,"min":0.042152405,"max":0.099468470,"avg":0.070810437,"var":0.001642566,"sum":0.141620874}},"iforward_wait":{"duration":{"num":2,"min":0.042135954,"max":0.099430561,"avg":0.070783257,"var":0.001641336,"sum":0.141566515},"relative_timestamp_from_iforward_end":{"num":2,"min":0.000000238,"max":0.000001431,"avg":0.000000834,"var":0.000000000,"sum":0.000001669}},"set_input":{"duration":{"num":2,"min":0.000000238,"max":0.000000238,"avg":0.000000238,"var":0.000000000,"sum":0.000000477},"relative_timestamp_from_iforward_start":{"num":2,"min":0.000005722,"max":0.000011683,"avg":0.000008702,"var":0.000000000,"sum":0.000017405}},"get_output":{"duration":{"num":2,"min":0.000000477,"max":0.000040531,"avg":0.000020504,"var":0.000000001,"sum":0.000041008},"relative_timestamp_from_wait_end":{"num":2,"min":0.000000477,"max":0.000002146,"avg":0.000001311,"var":0.000000000,"sum":0.000002623}}}}},"65535:65535:3669993900245843967:1":{"rpc_id":3669993900245843967,"provider_id":1,"parent_rpc_id":65535,"parent_provider_id":65535,"name":"qtn_work_rpc","origin":{"sent to ofi+cxi://0x06a6a00d":{"iforward":{"duration":{"num":1691,"min":0.000001431,"max":0.000032187,"avg":0.000001834,"var":0.000000004,"sum":0.003100634},"relative_timestamp_from_create":{"num":1691,"min":0.000002623,"max":0.001359940,"avg":0.000003690,"var":0.000001841,"sum":0.006239414}},"forward_cb":{"duration":{"num":1691,"min":0.000000000,"max":0.000001192,"avg":0.000000143,"var":0.000000000,"sum":0.000241041},"relative_timestamp_from_iforward_start":{"num":1691,"min":0.000200987,"max":0.024171114,"avg":0.007129052,"var":0.016508232,"sum":12.055226088}},"iforward_wait":{"duration":{"num":1691,"min":0.000199556,"max":0.024169922,"avg":0.007127589,"var":0.016508369,"sum":12.052753448},"relative_timestamp_from_iforward_end":{"num":1691,"min":0.000000000,"max":0.000000715,"avg":0.000000253,"var":0.000000000,"sum":0.000427008}},"set_input":{"duration":{"num":1691,"min":0.000000000,"max":0.000005722,"avg":0.000000132,"var":0.000000000,"sum":0.000222683},"relative_timestamp_from_iforward_start":{"num":1691,"min":0.000000477,"max":0.000008345,"avg":0.000000735,"var":0.000000000,"sum":0.001242399}},"get_output":{"duration":{"num":1691,"min":0.000000000,"max":0.000000715,"avg":0.000000091,"var":0.000000000,"sum":0.000153542},"relative_timestamp_from_wait_end":{"num":1691,"min":0.000000000,"max":0.000006676,"avg":0.000000163,"var":0.000000000,"sum":0.000275373}}}}},"65535:65535:65535:65535":{"rpc_id":65535,"provider_id":65535,"parent_rpc_id":65535,"parent_provider_id":65535,"name":"","target":{"received from <unknown>":{"bulk":{"create":{"duration":{"num":1691,"min":0.000002384,"max":0.001355886,"avg":0.000003480,"var":0.000001830,"sum":0.005883932},"size":{"num":1691,"min":4194304.000000000,"max":4194304.000000000,"avg":4194304.000000000,"var":0.000000000,"sum":7092568064.000000000}}}}}}}}