{"address":"","progress_loop":{"progress_with_timeout":{"num":1704,"min":0.000002384,"max":0.103889465,"avg":0.007209912,"var":0.035472030,"sum":12.285689354},"progress_timeout_value_msec":{"num":1704,"min":100.000000000,"max":100.000000000,"avg":100.000000000,"var":0.000000000,"sum":170400.000000000},"progress_without_timeout":{"num":0,"min":0.000000000,"max":0.000000000,"avg":0.000000000,"var":0.000000000,"sum":0.000000000},"trigger":{"num":1691,"min":0.000000238,"max":0.000009060,"avg":0.000000293,"var":0.000000000,"sum":0.000495434}},"rpcs":{"65535:65535:7940397281847607295:2":{"rpc_id":7940397281847607295,"provider_id":2,"parent_rpc_id":65535,"parent_provider_id":65535,"name":"__identity__","origin":{"sent to ofi+cxi://0x06a6000d":{"iforward":{"duration":{"num":1,"min":0.000469685,"max":0.000469685,"avg":0.000469685,"var":0.000000000,"sum":0.000469685},"relative_timestamp_from_create":{"num":1,"min":0.000004292,"max":0.000004292,"avg":0.000004292,"var":0.000000000,"sum":0.000004292}},"forward_cb":{"duration":{"num":1,"min":0.000000954,"max":0.000000954,"avg":0.000000954,"var":0.000000000,"sum":0.000000954},"relative_timestamp_from_iforward_start":{"num":1,"min":0.017942429,"max":0.017942429,"avg":0.017942429,"var":0.000000000,"sum":0.017942429}},"iforward_wait":{"duration":{"num":1,"min":0.017477512,"max":0.017477512,"avg":0.017477512,"var":0.000000000,"sum":0.017477512},"relative_timestamp_from_iforward_end":{"num":1,"min":0.000000715,"max":0.000000715,"avg":0.000000715,"var":0.000000000,"sum":0.000000715}},"set_input":{"duration":{"num":0,"min":0.000000000,"max":0.000000000,"avg":0.000000000,"var":0.000000000,"sum":0.000000000},"relative_timestamp_from_iforward_start":{"num":0,"min":0.000000000,"max":0.000000000,"avg":0.000000000,"var":0.000000000,"sum":0.000000000}},"get_output":{"duration":{"num":1,"min":0.000008345,"max":0.000008345,"avg":0.000008345,"var":0.000000000,"sum":0.000008345},"relative_timestamp_from_wait_end":{"num":1,"min":0.000001192,"max":0.000001192,"avg":0.000001192,"var":0.000000000,"sum":0.000001192}}}}},"65535:65535:9722976651498815487:2":{"rpc_id":9722976651498815487,"provider_id":2,"parent_rpc_id":65535,"parent_provider_id":65535,"name":"flock_get_view","origin":{"sent to ofi+cxi://0x06a6000d":{"iforward":{"duration":{"num":2,"min":0.000018835,"max":0.000020742,"avg":0.000019789,"var":0.000000000,"sum":0.000039577},"relative_timestamp_from_create":{"num":2,"min":0.000000477,"max":0.000001431,"avg":0.000000954,"var":0.000000000,"sum":0.000001907}},"forward_cb":{"duration":{"num":2,"min":0.000000238,"max":0.000001192,"avg":0.000000715,"var":0.000000000,"sum":0.000001431},"relative_timestamp_from_iforward_start":{"num":2,"min":0.061788797,"max":0.073795557,"avg":0.067792177,"var":0.000072081,"sum":0.135584354}},"iforward_wait":{"duration":{"num":2,"min":0.061770201,"max":0.073777199,"avg":0.067773700,"var":0.000072084,"sum":0.135547400},"relative_timestamp_from_iforward_end":{"num":2,"min":0.000000477,"max":0.000001431,"avg":0.000000954,"var":0.000000000,"sum":0.000001907}},"set_input":{"duration":{"num":2,"min":0.000000477,"max":0.000000477,"avg":0.000000477,"var":0.000000000,"sum":0.000000954},"relative_timestamp_from_iforward_start":{"num":2,"min":0.000006437,"max":0.000006437,"avg":0.000006437,"var":0.000000000,"sum":0.000012875}},"get_output":{"duration":{"num":2,"min":0.000000477,"max":0.000058889,"avg":0.000029683,"var":0.000000002,"sum":0.000059366},"relative_timestamp_from_wait_end":{"num":2,"min":0.000000238,"max":0.000002146,"avg":0.000001192,"var":0.000000000,"sum":0.000002384}}}}},"65535:65535:3669993900245843967:1":{"rpc_id":3669993900245843967,"provider_id":1,"parent_rpc_id":65535,"parent_provider_id":65535,"name":"qtn_work_rpc","origin":{"sent to ofi+cxi://0x06a6a013":{"iforward":{"duration":{"num":1687,"min":0.000001431,"max":0.000033379,"avg":0.000001834,"var":0.000000004,"sum":0.003093243},"relative_timestamp_from_create":{"num":1687,"min":0.000002623,"max":0.001478910,"avg":0.000003817,"var":0.000002177,"sum":0.006438494}},"forward_cb":{"duration":{"num":1687,"min":0.000000000,"max":0.000001669,"avg":0.000000138,"var":0.000000000,"sum":0.000233173},"relative_timestamp_from_iforward_start":{"num":1687,"min":0.000366926,"max":0.027753830,"avg":0.007132846,"var":0.017932580,"sum":12.033111095}},"iforward_wait":{"duration":{"num":1687,"min":0.000365496,"max":0.027752638,"avg":0.007131368,"var":0.017932508,"sum":12.030617952},"relative_timestamp_from_iforward_end":{"num":1687,"min":0.000000000,"max":0.000000715,"avg":0.000000235,"var":0.000000000,"sum":0.000395775}},"set_input":{"duration":{"num":1687,"min":0.000000000,"max":0.000004530,"avg":0.000000123,"var":0.000000000,"sum":0.000206947},"relative_timestamp_from_iforward_start":{"num":1687,"min":0.000000477,"max":0.000008821,"avg":0.000000714,"var":0.000000000,"sum":0.001204729}},"get_output":{"duration":{"num":1687,"min":0.000000000,"max":0.000000477,"avg":0.000000092,"var":0.000000000,"sum":0.000154734},"relative_timestamp_from_wait_end":{"num":1687,"min":0.000000000,"max":0.000001192,"avg":0.000000153,"var":0.000000000,"sum":0.000258207}}}}},"65535:65535:65535:65535":{"rpc_id":65535,"provider_id":65535,"parent_rpc_id":65535,"parent_provider_id":65535,"name":"","target":{"received from <unknown>":{"bulk":{"create":{"duration":{"num":1687,"min":0.000002384,"max":0.001474142,"avg":0.000003607,"var":0.000002164,"sum":0.006085634},"size":{"num":1687,"min":4194304.000000000,"max":4194304.000000000,"avg":4194304.000000000,"var":0.000000000,"sum":7075790848.000000000}}}}}}}}