{"address":"","progress_loop":{"progress_with_timeout":{"num":21994,"min":0.000000954,"max":0.101223230,"avg":0.000245472,"var":0.026743166,"sum":5.398903370},"progress_timeout_value_msec":{"num":21994,"min":100.000000000,"max":100.000000000,"avg":100.000000000,"var":0.000000000,"sum":2199400.000000000},"progress_without_timeout":{"num":0,"min":0.000000000,"max":0.000000000,"avg":0.000000000,"var":0.000000000,"sum":0.000000000},"trigger":{"num":21963,"min":0.000000238,"max":0.000022173,"avg":0.000000289,"var":0.000000001,"sum":0.006340504}},"rpcs":{"65535:65535:7940397281847607295:2":{"rpc_id":7940397281847607295,"provider_id":2,"parent_rpc_id":65535,"parent_provider_id":65535,"name":"__identity__","origin":{"sent to ofi+cxi://0x06a6000d":{"iforward":{"duration":{"num":1,"min":0.000140667,"max":0.000140667,"avg":0.000140667,"var":0.000000000,"sum":0.000140667},"relative_timestamp_from_create":{"num":1,"min":0.000005960,"max":0.000005960,"avg":0.000005960,"var":0.000000000,"sum":0.000005960}},"forward_cb":{"duration":{"num":1,"min":0.000002384,"max":0.000002384,"avg":0.000002384,"var":0.000000000,"sum":0.000002384},"relative_timestamp_from_iforward_start":{"num":1,"min":0.017606735,"max":0.017606735,"avg":0.017606735,"var":0.000000000,"sum":0.017606735}},"iforward_wait":{"duration":{"num":1,"min":0.017474174,"max":0.017474174,"avg":0.017474174,"var":0.000000000,"sum":0.017474174},"relative_timestamp_from_iforward_end":{"num":1,"min":0.000000477,"max":0.000000477,"avg":0.000000477,"var":0.000000000,"sum":0.000000477}},"set_input":{"duration":{"num":0,"min":0.000000000,"max":0.000000000,"avg":0.000000000,"var":0.000000000,"sum":0.000000000},"relative_timestamp_from_iforward_start":{"num":0,"min":0.000000000,"max":0.000000000,"avg":0.000000000,"var":0.000000000,"sum":0.000000000}},"get_output":{"duration":{"num":1,"min":0.000017643,"max":0.000017643,"avg":0.000017643,"var":0.000000000,"sum":0.000017643},"relative_timestamp_from_wait_end":{"num":1,"min":0.000001669,"max":0.000001669,"avg":0.000001669,"var":0.000000000,"sum":0.000001669}}}}},"65535:65535:9722976651498815487:2":{"rpc_id":9722976651498815487,"provider_id":2,"parent_rpc_id":65535,"parent_provider_id":65535,"name":"flock_get_view","origin":{"sent to ofi+cxi://0x06a6000d":{"iforward":{"duration":{"num":2,"min":0.000018120,"max":0.000041485,"avg":0.000029802,"var":0.000000000,"sum":0.000059605},"relative_timestamp_from_create":{"num":2,"min":0.000000477,"max":0.000001431,"avg":0.000000954,"var":0.000000000,"sum":0.000001907}},"forward_cb":{"duration":{"num":2,"min":0.000000715,"max":0.000020981,"avg":0.000010848,"var":0.000000000,"sum":0.000021696},"relative_timestamp_from_iforward_start":{"num":2,"min":0.084105015,"max":0.088786364,"avg":0.086445689,"var":0.000010958,"sum":0.172891378}},"iforward_wait":{"duration":{"num":2,"min":0.084065676,"max":0.088792562,"avg":0.086429119,"var":0.000011172,"sum":0.172858238},"relative_timestamp_from_iforward_end":{"num":2,"min":0.000000238,"max":0.000001192,"avg":0.000000715,"var":0.000000000,"sum":0.000001431}},"set_input":{"duration":{"num":2,"min":0.000000238,"max":0.000000238,"avg":0.000000238,"var":0.000000000,"sum":0.000000477},"relative_timestamp_from_iforward_start":{"num":2,"min":0.000005722,"max":0.000011206,"avg":0.000008464,"var":0.000000000,"sum":0.000016928}},"get_output":{"duration":{"num":2,"min":0.000001431,"max":0.000058651,"avg":0.000030041,"var":0.000000002,"sum":0.000060081},"relative_timestamp_from_wait_end":{"num":2,"min":0.000001192,"max":0.000001669,"avg":0.000001431,"var":0.000000000,"sum":0.000002861}}}}},"65535:65535:3669993900245843967:1":{"rpc_id":3669993900245843967,"provider_id":1,"parent_rpc_id":65535,"parent_provider_id":65535,"name":"qtn_work_rpc","origin":{"sent to ofi+cxi://0x06a6240f":{"iforward":{"duration":{"num":21959,"min":0.000001192,"max":0.000046492,"avg":0.000001579,"var":0.000000007,"sum":0.034664631},"relative_timestamp_from_create":{"num":21959,"min":0.000000000,"max":0.000001669,"avg":0.000000077,"var":0.000000000,"sum":0.001691818}},"forward_cb":{"duration":{"num":21959,"min":0.000000000,"max":0.000002384,"avg":0.000000127,"var":0.000000000,"sum":0.002798557},"relative_timestamp_from_iforward_start":{"num":21959,"min":0.000008821,"max":0.001072168,"avg":0.000234764,"var":0.001443819,"sum":5.155175447}},"iforward_wait":{"duration":{"num":21959,"min":0.000005960,"max":0.001075745,"avg":0.000233580,"var":0.001443837,"sum":5.129188061},"relative_timestamp_from_iforward_end":{"num":21959,"min":0.000000000,"max":0.000001907,"avg":0.000000182,"var":0.000000000,"sum":0.004004955}},"set_input":{"duration":{"num":21959,"min":0.000000000,"max":0.000001431,"avg":0.000000075,"var":0.000000000,"sum":0.001649618},"relative_timestamp_from_iforward_start":{"num":21959,"min":0.000000477,"max":0.000015020,"avg":0.000000705,"var":0.000000001,"sum":0.015479565}},"get_output":{"duration":{"num":21959,"min":0.000000000,"max":0.000002384,"avg":0.000000090,"var":0.000000000,"sum":0.001969099},"relative_timestamp_from_wait_end":{"num":21959,"min":0.000000000,"max":0.000004530,"avg":0.000000156,"var":0.000000000,"sum":0.003420830}}}}}}}