{"address":"","progress_loop":{"progress_with_timeout":{"num":1721,"min":0.000002146,"max":0.102432966,"avg":0.007024192,"var":0.031356053,"sum":12.088634014},"progress_timeout_value_msec":{"num":1721,"min":100.000000000,"max":100.000000000,"avg":100.000000000,"var":0.000000000,"sum":172100.000000000},"progress_without_timeout":{"num":0,"min":0.000000000,"max":0.000000000,"avg":0.000000000,"var":0.000000000,"sum":0.000000000},"trigger":{"num":1718,"min":0.000000238,"max":0.000008821,"avg":0.000000290,"var":0.000000000,"sum":0.000497818}},"rpcs":{"65535:65535:7940397281847607295:2":{"rpc_id":7940397281847607295,"provider_id":2,"parent_rpc_id":65535,"parent_provider_id":65535,"name":"__identity__","origin":{"sent to ofi+cxi://0x06a6000d":{"iforward":{"duration":{"num":1,"min":0.000456333,"max":0.000456333,"avg":0.000456333,"var":0.000000000,"sum":0.000456333},"relative_timestamp_from_create":{"num":1,"min":0.001030922,"max":0.001030922,"avg":0.001030922,"var":0.000000000,"sum":0.001030922}},"forward_cb":{"duration":{"num":1,"min":0.000001431,"max":0.000001431,"avg":0.000001431,"var":0.000000000,"sum":0.000001431},"relative_timestamp_from_iforward_start":{"num":1,"min":0.023837090,"max":0.023837090,"avg":0.023837090,"var":0.000000000,"sum":0.023837090}},"iforward_wait":{"duration":{"num":1,"min":0.023385525,"max":0.023385525,"avg":0.023385525,"var":0.000000000,"sum":0.023385525},"relative_timestamp_from_iforward_end":{"num":1,"min":0.000000715,"max":0.000000715,"avg":0.000000715,"var":0.000000000,"sum":0.000000715}},"set_input":{"duration":{"num":0,"min":0.000000000,"max":0.000000000,"avg":0.000000000,"var":0.000000000,"sum":0.000000000},"relative_timestamp_from_iforward_start":{"num":0,"min":0.000000000,"max":0.000000000,"avg":0.000000000,"var":0.000000000,"sum":0.000000000}},"get_output":{"duration":{"num":1,"min":0.000008583,"max":0.000008583,"avg":0.000008583,"var":0.000000000,"sum":0.000008583},"relative_timestamp_from_wait_end":{"num":1,"min":0.000001431,"max":0.000001431,"avg":0.000001431,"var":0.000000000,"sum":0.000001431}}}}},"65535:65535:9722976651498815487:2":{"rpc_id":9722976651498815487,"provider_id":2,"parent_rpc_id":65535,"parent_provider_id":65535,"name":"flock_get_view","origin":{"sent to ofi+cxi://0x06a6000d":{"iforward":{"duration":{"num":2,"min":0.000020266,"max":0.000020742,"avg":0.000020504,"var":0.000000000,"sum":0.000041008},"relative_timestamp_from_create":{"num":2,"min":0.000000715,"max":0.000001669,"avg":0.000001192,"var":0.000000000,"sum":0.000002384}},"forward_cb":{"duration":{"num":2,"min":0.000000238,"max":0.000000954,"avg":0.000000596,"var":0.000000000,"sum":0.000001192},"relative_timestamp_from_iforward_start":{"num":2,"min":0.046112776,"max":0.094558477,"avg":0.070335627,"var":0.001173493,"sum":0.140671253}},"iforward_wait":{"duration":{"num":2,"min":0.046092987,"max":0.094539881,"avg":0.070316434,"var":0.001173551,"sum":0.140632868},"relative_timestamp_from_iforward_end":{"num":2,"min":0.000000477,"max":0.000001192,"avg":0.000000834,"var":0.000000000,"sum":0.000001669}},"set_input":{"duration":{"num":2,"min":0.000000238,"max":0.000000238,"avg":0.000000238,"var":0.000000000,"sum":0.000000477},"relative_timestamp_from_iforward_start":{"num":2,"min":0.000006437,"max":0.000006676,"avg":0.000006557,"var":0.000000000,"sum":0.000013113}},"get_output":{"duration":{"num":2,"min":0.000000477,"max":0.000054359,"avg":0.000027418,"var":0.000000001,"sum":0.000054836},"relative_timestamp_from_wait_end":{"num":2,"min":0.000000477,"max":0.000002146,"avg":0.000001311,"var":0.000000000,"sum":0.000002623}}}}},"65535:65535:3669993900245843967:1":{"rpc_id":3669993900245843967,"provider_id":1,"parent_rpc_id":65535,"parent_provider_id":65535,"name":"qtn_work_rpc","origin":{"sent to ofi+cxi://0x06a6a413":{"iforward":{"duration":{"num":1714,"min":0.000001431,"max":0.000035763,"avg":0.000001839,"var":0.000000005,"sum":0.003151417},"relative_timestamp_from_create":{"num":1714,"min":0.000002623,"max":0.001357555,"avg":0.000003687,"var":0.000001834,"sum":0.006319046}},"forward_cb":{"duration":{"num":1714,"min":0.000000000,"max":0.000001669,"avg":0.000000134,"var":0.000000000,"sum":0.000230074},"relative_timestamp_from_iforward_start":{"num":1714,"min":0.000302076,"max":0.025181293,"avg":0.006899865,"var":0.012633498,"sum":11.826368093}},"iforward_wait":{"duration":{"num":1714,"min":0.000300884,"max":0.025180101,"avg":0.006898487,"var":0.012633373,"sum":11.824006319},"relative_timestamp_from_iforward_end":{"num":1714,"min":0.000000000,"max":0.000000715,"avg":0.000000171,"var":0.000000000,"sum":0.000293732}},"set_input":{"duration":{"num":1714,"min":0.000000000,"max":0.000004053,"avg":0.000000131,"var":0.000000000,"sum":0.000223875},"relative_timestamp_from_iforward_start":{"num":1714,"min":0.000000477,"max":0.000014782,"avg":0.000000752,"var":0.000000000,"sum":0.001289606}},"get_output":{"duration":{"num":1714,"min":0.000000000,"max":0.000000477,"avg":0.000000089,"var":0.000000000,"sum":0.000151873},"relative_timestamp_from_wait_end":{"num":1714,"min":0.000000000,"max":0.000001192,"avg":0.000000153,"var":0.000000000,"sum":0.000262260}}}}},"65535:65535:65535:65535":{"rpc_id":65535,"provider_id":65535,"parent_rpc_id":65535,"parent_provider_id":65535,"name":"","target":{"received from <unknown>":{"bulk":{"create":{"duration":{"num":1714,"min":0.000002384,"max":0.001353025,"avg":0.000003491,"var":0.000001822,"sum":0.005982876},"size":{"num":1714,"min":4194304.000000000,"max":4194304.000000000,"avg":4194304.000000000,"var":0.000000000,"sum":7189037056.000000000}}}}}}}}