{"address":"","progress_loop":{"progress_with_timeout":{"num":22736,"min":0.000000954,"max":0.103375673,"avg":0.000238095,"var":0.026391308,"sum":5.413330078},"progress_timeout_value_msec":{"num":22736,"min":100.000000000,"max":100.000000000,"avg":100.000000000,"var":0.000000000,"sum":2273600.000000000},"progress_without_timeout":{"num":0,"min":0.000000000,"max":0.000000000,"avg":0.000000000,"var":0.000000000,"sum":0.000000000},"trigger":{"num":22689,"min":0.000000238,"max":0.000008583,"avg":0.000000278,"var":0.000000000,"sum":0.006297112}},"rpcs":{"65535:65535:7940397281847607295:2":{"rpc_id":7940397281847607295,"provider_id":2,"parent_rpc_id":65535,"parent_provider_id":65535,"name":"__identity__","origin":{"sent to ofi+cxi://0x06a6000d":{"iforward":{"duration":{"num":1,"min":0.000084400,"max":0.000084400,"avg":0.000084400,"var":0.000000000,"sum":0.000084400},"relative_timestamp_from_create":{"num":1,"min":0.000012159,"max":0.000012159,"avg":0.000012159,"var":0.000000000,"sum":0.000012159}},"forward_cb":{"duration":{"num":1,"min":0.000002146,"max":0.000002146,"avg":0.000002146,"var":0.000000000,"sum":0.000002146},"relative_timestamp_from_iforward_start":{"num":1,"min":0.029735804,"max":0.029735804,"avg":0.029735804,"var":0.000000000,"sum":0.029735804}},"iforward_wait":{"duration":{"num":1,"min":0.029658794,"max":0.029658794,"avg":0.029658794,"var":0.000000000,"sum":0.029658794},"relative_timestamp_from_iforward_end":{"num":1,"min":0.000000238,"max":0.000000238,"avg":0.000000238,"var":0.000000000,"sum":0.000000238}},"set_input":{"duration":{"num":0,"min":0.000000000,"max":0.000000000,"avg":0.000000000,"var":0.000000000,"sum":0.000000000},"relative_timestamp_from_iforward_start":{"num":0,"min":0.000000000,"max":0.000000000,"avg":0.000000000,"var":0.000000000,"sum":0.000000000}},"get_output":{"duration":{"num":1,"min":0.000011444,"max":0.000011444,"avg":0.000011444,"var":0.000000000,"sum":0.000011444},"relative_timestamp_from_wait_end":{"num":1,"min":0.000001669,"max":0.000001669,"avg":0.000001669,"var":0.000000000,"sum":0.000001669}}}}},"65535:65535:9722976651498815487:2":{"rpc_id":9722976651498815487,"provider_id":2,"parent_rpc_id":65535,"parent_provider_id":65535,"name":"flock_get_view","origin":{"sent to ofi+cxi://0x06a6000d":{"iforward":{"duration":{"num":2,"min":0.000018835,"max":0.000040531,"avg":0.000029683,"var":0.000000000,"sum":0.000059366},"relative_timestamp_from_create":{"num":2,"min":0.000000715,"max":0.000001669,"avg":0.000001192,"var":0.000000000,"sum":0.000002384}},"forward_cb":{"duration":{"num":2,"min":0.000000954,"max":0.000000954,"avg":0.000000954,"var":0.000000000,"sum":0.000001907},"relative_timestamp_from_iforward_start":{"num":2,"min":0.067282438,"max":0.099946976,"avg":0.083614707,"var":0.000533486,"sum":0.167229414}},"iforward_wait":{"duration":{"num":2,"min":0.067267179,"max":0.099908352,"avg":0.083587766,"var":0.000532723,"sum":0.167175531},"relative_timestamp_from_iforward_end":{"num":2,"min":0.000000477,"max":0.000001431,"avg":0.000000954,"var":0.000000000,"sum":0.000001907}},"set_input":{"duration":{"num":2,"min":0.000000000,"max":0.000000238,"avg":0.000000119,"var":0.000000000,"sum":0.000000238},"relative_timestamp_from_iforward_start":{"num":2,"min":0.000006437,"max":0.000013113,"avg":0.000009775,"var":0.000000000,"sum":0.000019550}},"get_output":{"duration":{"num":2,"min":0.000001192,"max":0.000058889,"avg":0.000030041,"var":0.000000002,"sum":0.000060081},"relative_timestamp_from_wait_end":{"num":2,"min":0.000001192,"max":0.000001907,"avg":0.000001550,"var":0.000000000,"sum":0.000003099}}}}},"65535:65535:3669993900245843967:1":{"rpc_id":3669993900245843967,"provider_id":1,"parent_rpc_id":65535,"parent_provider_id":65535,"name":"qtn_work_rpc","origin":{"sent to ofi+cxi://0x06a72218":{"iforward":{"duration":{"num":22685,"min":0.000001431,"max":0.000045061,"avg":0.000001617,"var":0.000000006,"sum":0.036673546},"relative_timestamp_from_create":{"num":22685,"min":0.000000000,"max":0.000008345,"avg":0.000000073,"var":0.000000000,"sum":0.001664400}},"forward_cb":{"duration":{"num":22685,"min":0.000000000,"max":0.000003338,"avg":0.000000122,"var":0.000000000,"sum":0.002760410},"relative_timestamp_from_iforward_start":{"num":22685,"min":0.000008583,"max":0.000876427,"avg":0.000227588,"var":0.000579384,"sum":5.162835360}},"iforward_wait":{"duration":{"num":22685,"min":0.000007391,"max":0.000875950,"avg":0.000226366,"var":0.000579404,"sum":5.135112286},"relative_timestamp_from_iforward_end":{"num":22685,"min":0.000000000,"max":0.000000477,"avg":0.000000180,"var":0.000000000,"sum":0.004081249}},"set_input":{"duration":{"num":22685,"min":0.000000000,"max":0.000002384,"avg":0.000000083,"var":0.000000000,"sum":0.001880407},"relative_timestamp_from_iforward_start":{"num":22685,"min":0.000000477,"max":0.000012159,"avg":0.000000710,"var":0.000000000,"sum":0.016113520}},"get_output":{"duration":{"num":22685,"min":0.000000000,"max":0.000003099,"avg":0.000000091,"var":0.000000000,"sum":0.002066374},"relative_timestamp_from_wait_end":{"num":22685,"min":0.000000000,"max":0.000002861,"avg":0.000000169,"var":0.000000000,"sum":0.003832817}}}}}}}