{"address":"","progress_loop":{"progress_with_timeout":{"num":1736,"min":0.000001907,"max":0.103426695,"avg":0.006352737,"var":0.036671323,"sum":11.028351068},"progress_timeout_value_msec":{"num":1736,"min":100.000000000,"max":100.000000000,"avg":100.000000000,"var":0.000000000,"sum":173600.000000000},"progress_without_timeout":{"num":0,"min":0.000000000,"max":0.000000000,"avg":0.000000000,"var":0.000000000,"sum":0.000000000},"trigger":{"num":1712,"min":0.000000238,"max":0.000007391,"avg":0.000000584,"var":0.000000001,"sum":0.000999928}},"rpcs":{"65535:65535:7940397281847607295:2":{"rpc_id":7940397281847607295,"provider_id":2,"parent_rpc_id":65535,"parent_provider_id":65535,"name":"__identity__","origin":{"sent to ofi+cxi://0x06a6000d":{"iforward":{"duration":{"num":1,"min":0.000278473,"max":0.000278473,"avg":0.000278473,"var":0.000000000,"sum":0.000278473},"relative_timestamp_from_create":{"num":1,"min":0.000003099,"max":0.000003099,"avg":0.000003099,"var":0.000000000,"sum":0.000003099}},"forward_cb":{"duration":{"num":1,"min":0.000002861,"max":0.000002861,"avg":0.000002861,"var":0.000000000,"sum":0.000002861},"relative_timestamp_from_iforward_start":{"num":1,"min":0.003822803,"max":0.003822803,"avg":0.003822803,"var":0.000000000,"sum":0.003822803}},"iforward_wait":{"duration":{"num":1,"min":0.003554106,"max":0.003554106,"avg":0.003554106,"var":0.000000000,"sum":0.003554106},"relative_timestamp_from_iforward_end":{"num":1,"min":0.000000238,"max":0.000000238,"avg":0.000000238,"var":0.000000000,"sum":0.000000238}},"set_input":{"duration":{"num":0,"min":0.000000000,"max":0.000000000,"avg":0.000000000,"var":0.000000000,"sum":0.000000000},"relative_timestamp_from_iforward_start":{"num":0,"min":0.000000000,"max":0.000000000,"avg":0.000000000,"var":0.000000000,"sum":0.000000000}},"get_output":{"duration":{"num":1,"min":0.000018597,"max":0.000018597,"avg":0.000018597,"var":0.000000000,"sum":0.000018597},"relative_timestamp_from_wait_end":{"num":1,"min":0.000002146,"max":0.000002146,"avg":0.000002146,"var":0.000000000,"sum":0.000002146}}}}},"65535:65535:9722976651498815487:2":{"rpc_id":9722976651498815487,"provider_id":2,"parent_rpc_id":65535,"parent_provider_id":65535,"name":"flock_get_view","origin":{"sent to ofi+cxi://0x06a6000d":{"iforward":{"duration":{"num":2,"min":0.000012159,"max":0.000041246,"avg":0.000026703,"var":0.000000000,"sum":0.000053406},"relative_timestamp_from_create":{"num":2,"min":0.000000477,"max":0.000001669,"avg":0.000001073,"var":0.000000000,"sum":0.000002146}},"forward_cb":{"duration":{"num":2,"min":0.000000238,"max":0.000000238,"avg":0.000000238,"var":0.000000000,"sum":0.000000477},"relative_timestamp_from_iforward_start":{"num":2,"min":0.022619724,"max":0.089328766,"avg":0.055974245,"var":0.002225048,"sum":0.111948490}},"iforward_wait":{"duration":{"num":2,"min":0.022578001,"max":0.089317083,"avg":0.055947542,"var":0.002227053,"sum":0.111895084},"relative_timestamp_from_iforward_end":{"num":2,"min":0.000000238,"max":0.000001431,"avg":0.000000834,"var":0.000000000,"sum":0.000001669}},"set_input":{"duration":{"num":2,"min":0.000000238,"max":0.000000238,"avg":0.000000238,"var":0.000000000,"sum":0.000000477},"relative_timestamp_from_iforward_start":{"num":2,"min":0.000001431,"max":0.000012636,"avg":0.000007033,"var":0.000000000,"sum":0.000014067}},"get_output":{"duration":{"num":2,"min":0.000000238,"max":0.000055075,"avg":0.000027657,"var":0.000000002,"sum":0.000055313},"relative_timestamp_from_wait_end":{"num":2,"min":0.000000477,"max":0.000001192,"avg":0.000000834,"var":0.000000000,"sum":0.000001669}}}}},"65535:65535:3669993900245843967:1":{"rpc_id":3669993900245843967,"provider_id":1,"parent_rpc_id":65535,"parent_provider_id":65535,"name":"qtn_work_rpc","origin":{"sent to ofi+cxi://0x06a7e219":{"iforward":{"duration":{"num":1708,"min":0.000001431,"max":0.008601427,"avg":0.000014235,"var":0.000125744,"sum":0.024313211},"relative_timestamp_from_create":{"num":1708,"min":0.000002384,"max":0.031787395,"avg":0.000026631,"var":0.001062954,"sum":0.045485497}},"forward_cb":{"duration":{"num":1708,"min":0.000000000,"max":0.000001669,"avg":0.000000282,"var":0.000000000,"sum":0.000481129},"relative_timestamp_from_iforward_start":{"num":1708,"min":0.000194073,"max":0.037036896,"avg":0.006343976,"var":0.019657133,"sum":10.835510254}},"iforward_wait":{"duration":{"num":1708,"min":0.000192881,"max":0.037035227,"avg":0.006330671,"var":0.019129195,"sum":10.812785625},"relative_timestamp_from_iforward_end":{"num":1708,"min":0.000000000,"max":0.000000715,"avg":0.000000202,"var":0.000000000,"sum":0.000344515}},"set_input":{"duration":{"num":1708,"min":0.000000000,"max":0.008590460,"avg":0.000005394,"var":0.000073747,"sum":0.009212971},"relative_timestamp_from_iforward_start":{"num":1708,"min":0.000000477,"max":0.003396511,"avg":0.000003563,"var":0.000011523,"sum":0.006086349}},"get_output":{"duration":{"num":1708,"min":0.000000000,"max":0.000000715,"avg":0.000000134,"var":0.000000000,"sum":0.000229359},"relative_timestamp_from_wait_end":{"num":1708,"min":0.000000000,"max":0.000001431,"avg":0.000000264,"var":0.000000000,"sum":0.000451326}}}}},"65535:65535:65535:65535":{"rpc_id":65535,"provider_id":65535,"parent_rpc_id":65535,"parent_provider_id":65535,"name":"","target":{"received from <unknown>":{"bulk":{"create":{"duration":{"num":1708,"min":0.000002384,"max":0.031782627,"avg":0.000026343,"var":0.001062666,"sum":0.044993877},"size":{"num":1708,"min":4194304.000000000,"max":4194304.000000000,"avg":4194304.000000000,"var":0.000000000,"sum":7163871232.000000000}}}}}}}}