{"address":"","progress_loop":{"progress_with_timeout":{"num":23882,"min":0.000000954,"max":0.104441643,"avg":0.000228056,"var":0.027629876,"sum":5.446429014},"progress_timeout_value_msec":{"num":23882,"min":100.000000000,"max":100.000000000,"avg":100.000000000,"var":0.000000000,"sum":2388200.000000000},"progress_without_timeout":{"num":0,"min":0.000000000,"max":0.000000000,"avg":0.000000000,"var":0.000000000,"sum":0.000000000},"trigger":{"num":23794,"min":0.000000238,"max":0.000008583,"avg":0.000000272,"var":0.000000000,"sum":0.006466866}},"rpcs":{"65535:65535:7940397281847607295:2":{"rpc_id":7940397281847607295,"provider_id":2,"parent_rpc_id":65535,"parent_provider_id":65535,"name":"__identity__","origin":{"sent to ofi+cxi://0x06a6000d":{"iforward":{"duration":{"num":1,"min":0.000126839,"max":0.000126839,"avg":0.000126839,"var":0.000000000,"sum":0.000126839},"relative_timestamp_from_create":{"num":1,"min":0.000059366,"max":0.000059366,"avg":0.000059366,"var":0.000000000,"sum":0.000059366}},"forward_cb":{"duration":{"num":1,"min":0.000001192,"max":0.000001192,"avg":0.000001192,"var":0.000000000,"sum":0.000001192},"relative_timestamp_from_iforward_start":{"num":1,"min":0.026265860,"max":0.026265860,"avg":0.026265860,"var":0.000000000,"sum":0.026265860}},"iforward_wait":{"duration":{"num":1,"min":0.026143789,"max":0.026143789,"avg":0.026143789,"var":0.000000000,"sum":0.026143789},"relative_timestamp_from_iforward_end":{"num":1,"min":0.000000238,"max":0.000000238,"avg":0.000000238,"var":0.000000000,"sum":0.000000238}},"set_input":{"duration":{"num":0,"min":0.000000000,"max":0.000000000,"avg":0.000000000,"var":0.000000000,"sum":0.000000000},"relative_timestamp_from_iforward_start":{"num":0,"min":0.000000000,"max":0.000000000,"avg":0.000000000,"var":0.000000000,"sum":0.000000000}},"get_output":{"duration":{"num":1,"min":0.000008106,"max":0.000008106,"avg":0.000008106,"var":0.000000000,"sum":0.000008106},"relative_timestamp_from_wait_end":{"num":1,"min":0.000001192,"max":0.000001192,"avg":0.000001192,"var":0.000000000,"sum":0.000001192}}}}},"65535:65535:9722976651498815487:2":{"rpc_id":9722976651498815487,"provider_id":2,"parent_rpc_id":65535,"parent_provider_id":65535,"name":"flock_get_view","origin":{"sent to ofi+cxi://0x06a6000d":{"iforward":{"duration":{"num":2,"min":0.000017881,"max":0.000027895,"avg":0.000022888,"var":0.000000000,"sum":0.000045776},"relative_timestamp_from_create":{"num":2,"min":0.000000715,"max":0.000001669,"avg":0.000001192,"var":0.000000000,"sum":0.000002384}},"forward_cb":{"duration":{"num":2,"min":0.000000954,"max":0.000001192,"avg":0.000001073,"var":0.000000000,"sum":0.000002146},"relative_timestamp_from_iforward_start":{"num":2,"min":0.072209597,"max":0.096818686,"avg":0.084514141,"var":0.000302804,"sum":0.169028282}},"iforward_wait":{"duration":{"num":2,"min":0.072195768,"max":0.096792698,"avg":0.084494233,"var":0.000302504,"sum":0.168988466},"relative_timestamp_from_iforward_end":{"num":2,"min":0.000000477,"max":0.000001192,"avg":0.000000834,"var":0.000000000,"sum":0.000001669}},"set_input":{"duration":{"num":2,"min":0.000000238,"max":0.000000238,"avg":0.000000238,"var":0.000000000,"sum":0.000000477},"relative_timestamp_from_iforward_start":{"num":2,"min":0.000005960,"max":0.000006199,"avg":0.000006080,"var":0.000000000,"sum":0.000012159}},"get_output":{"duration":{"num":2,"min":0.000001431,"max":0.000066280,"avg":0.000033855,"var":0.000000002,"sum":0.000067711},"relative_timestamp_from_wait_end":{"num":2,"min":0.000001192,"max":0.000002384,"avg":0.000001788,"var":0.000000000,"sum":0.000003576}}}}},"65535:65535:3669993900245843967:1":{"rpc_id":3669993900245843967,"provider_id":1,"parent_rpc_id":65535,"parent_provider_id":65535,"name":"qtn_work_rpc","origin":{"sent to ofi+cxi://0x06a6e00e":{"iforward":{"duration":{"num":23790,"min":0.000001431,"max":0.000048876,"avg":0.000001615,"var":0.000000006,"sum":0.038432598},"relative_timestamp_from_create":{"num":23790,"min":0.000000000,"max":0.000001431,"avg":0.000000072,"var":0.000000000,"sum":0.001716137}},"forward_cb":{"duration":{"num":23790,"min":0.000000000,"max":0.000002384,"avg":0.000000126,"var":0.000000000,"sum":0.002985954},"relative_timestamp_from_iforward_start":{"num":23790,"min":0.000008106,"max":0.010702610,"avg":0.000218528,"var":0.001628077,"sum":5.198782682}},"iforward_wait":{"duration":{"num":23790,"min":0.000006914,"max":0.010701656,"avg":0.000217293,"var":0.001627901,"sum":5.169395447},"relative_timestamp_from_iforward_end":{"num":23790,"min":0.000000000,"max":0.000002384,"avg":0.000000183,"var":0.000000000,"sum":0.004355431}},"set_input":{"duration":{"num":23790,"min":0.000000000,"max":0.000002384,"avg":0.000000079,"var":0.000000000,"sum":0.001890421},"relative_timestamp_from_iforward_start":{"num":23790,"min":0.000000477,"max":0.000013590,"avg":0.000000701,"var":0.000000000,"sum":0.016672850}},"get_output":{"duration":{"num":23790,"min":0.000000000,"max":0.000002861,"avg":0.000000090,"var":0.000000000,"sum":0.002139091},"relative_timestamp_from_wait_end":{"num":23790,"min":0.000000000,"max":0.000001669,"avg":0.000000154,"var":0.000000000,"sum":0.003663540}}}}}}}