{"address":"","progress_loop":{"progress_with_timeout":{"num":1804,"min":0.000002146,"max":0.101300478,"avg":0.006491692,"var":0.039746597,"sum":11.711011648},"progress_timeout_value_msec":{"num":1804,"min":100.000000000,"max":100.000000000,"avg":100.000000000,"var":0.000000000,"sum":180400.000000000},"progress_without_timeout":{"num":0,"min":0.000000000,"max":0.000000000,"avg":0.000000000,"var":0.000000000,"sum":0.000000000},"trigger":{"num":1797,"min":0.000000238,"max":0.000008345,"avg":0.000000291,"var":0.000000000,"sum":0.000522137}},"rpcs":{"65535:65535:7940397281847607295:2":{"rpc_id":7940397281847607295,"provider_id":2,"parent_rpc_id":65535,"parent_provider_id":65535,"name":"__identity__","origin":{"sent to ofi+cxi://0x06a6000d":{"iforward":{"duration":{"num":1,"min":0.000089169,"max":0.000089169,"avg":0.000089169,"var":0.000000000,"sum":0.000089169},"relative_timestamp_from_create":{"num":1,"min":0.000036001,"max":0.000036001,"avg":0.000036001,"var":0.000000000,"sum":0.000036001}},"forward_cb":{"duration":{"num":1,"min":0.000002384,"max":0.000002384,"avg":0.000002384,"var":0.000000000,"sum":0.000002384},"relative_timestamp_from_iforward_start":{"num":1,"min":0.023213625,"max":0.023213625,"avg":0.023213625,"var":0.000000000,"sum":0.023213625}},"iforward_wait":{"duration":{"num":1,"min":0.023133039,"max":0.023133039,"avg":0.023133039,"var":0.000000000,"sum":0.023133039},"relative_timestamp_from_iforward_end":{"num":1,"min":0.000000238,"max":0.000000238,"avg":0.000000238,"var":0.000000000,"sum":0.000000238}},"set_input":{"duration":{"num":0,"min":0.000000000,"max":0.000000000,"avg":0.000000000,"var":0.000000000,"sum":0.000000000},"relative_timestamp_from_iforward_start":{"num":0,"min":0.000000000,"max":0.000000000,"avg":0.000000000,"var":0.000000000,"sum":0.000000000}},"get_output":{"duration":{"num":1,"min":0.000015974,"max":0.000015974,"avg":0.000015974,"var":0.000000000,"sum":0.000015974},"relative_timestamp_from_wait_end":{"num":1,"min":0.000001431,"max":0.000001431,"avg":0.000001431,"var":0.000000000,"sum":0.000001431}}}}},"65535:65535:9722976651498815487:2":{"rpc_id":9722976651498815487,"provider_id":2,"parent_rpc_id":65535,"parent_provider_id":65535,"name":"flock_get_view","origin":{"sent to ofi+cxi://0x06a6000d":{"iforward":{"duration":{"num":2,"min":0.000018358,"max":0.000040293,"avg":0.000029325,"var":0.000000000,"sum":0.000058651},"relative_timestamp_from_create":{"num":2,"min":0.000000715,"max":0.000001907,"avg":0.000001311,"var":0.000000000,"sum":0.000002623}},"forward_cb":{"duration":{"num":2,"min":0.000000238,"max":0.000001192,"avg":0.000000715,"var":0.000000000,"sum":0.000001431},"relative_timestamp_from_iforward_start":{"num":2,"min":0.047769785,"max":0.092535973,"avg":0.070152879,"var":0.001002006,"sum":0.140305758}},"iforward_wait":{"duration":{"num":2,"min":0.047752857,"max":0.092497826,"avg":0.070125341,"var":0.001001056,"sum":0.140250683},"relative_timestamp_from_iforward_end":{"num":2,"min":0.000000477,"max":0.000001431,"avg":0.000000954,"var":0.000000000,"sum":0.000001907}},"set_input":{"duration":{"num":2,"min":0.000000238,"max":0.000000238,"avg":0.000000238,"var":0.000000000,"sum":0.000000477},"relative_timestamp_from_iforward_start":{"num":2,"min":0.000005722,"max":0.000011921,"avg":0.000008821,"var":0.000000000,"sum":0.000017643}},"get_output":{"duration":{"num":2,"min":0.000000238,"max":0.000051737,"avg":0.000025988,"var":0.000000001,"sum":0.000051975},"relative_timestamp_from_wait_end":{"num":2,"min":0.000000477,"max":0.000002146,"avg":0.000001311,"var":0.000000000,"sum":0.000002623}}}}},"65535:65535:3669993900245843967:1":{"rpc_id":3669993900245843967,"provider_id":1,"parent_rpc_id":65535,"parent_provider_id":65535,"name":"qtn_work_rpc","origin":{"sent to ofi+cxi://0x06a62018":{"iforward":{"duration":{"num":1793,"min":0.000001431,"max":0.000036716,"avg":0.000001815,"var":0.000000005,"sum":0.003253460},"relative_timestamp_from_create":{"num":1793,"min":0.000002623,"max":0.001351357,"avg":0.000003620,"var":0.000001818,"sum":0.006490469}},"forward_cb":{"duration":{"num":1793,"min":0.000000000,"max":0.000001431,"avg":0.000000132,"var":0.000000000,"sum":0.000236750},"relative_timestamp_from_iforward_start":{"num":1793,"min":0.000473022,"max":0.027994633,"avg":0.006386367,"var":0.021078347,"sum":11.450755835}},"iforward_wait":{"duration":{"num":1793,"min":0.000472069,"max":0.027993441,"avg":0.006384946,"var":0.021078463,"sum":11.448208809},"relative_timestamp_from_iforward_end":{"num":1793,"min":0.000000000,"max":0.000003576,"avg":0.000000205,"var":0.000000000,"sum":0.000368118}},"set_input":{"duration":{"num":1793,"min":0.000000000,"max":0.000004530,"avg":0.000000124,"var":0.000000000,"sum":0.000222445},"relative_timestamp_from_iforward_start":{"num":1793,"min":0.000000477,"max":0.000006914,"avg":0.000000712,"var":0.000000000,"sum":0.001277208}},"get_output":{"duration":{"num":1793,"min":0.000000000,"max":0.000000477,"avg":0.000000092,"var":0.000000000,"sum":0.000164270},"relative_timestamp_from_wait_end":{"num":1793,"min":0.000000000,"max":0.000001431,"avg":0.000000157,"var":0.000000000,"sum":0.000281811}}}}},"65535:65535:65535:65535":{"rpc_id":65535,"provider_id":65535,"parent_rpc_id":65535,"parent_provider_id":65535,"name":"","target":{"received from <unknown>":{"bulk":{"create":{"duration":{"num":1793,"min":0.000002384,"max":0.001347303,"avg":0.000003414,"var":0.000001807,"sum":0.006120443},"size":{"num":1793,"min":4194304.000000000,"max":4194304.000000000,"avg":4194304.000000000,"var":0.000000000,"sum":7520387072.000000000}}}}}}}}