{"address":"","progress_loop":{"progress_with_timeout":{"num":32268,"min":0.000001192,"max":0.102315187,"avg":0.000164929,"var":0.026102578,"sum":5.321925640},"progress_timeout_value_msec":{"num":32268,"min":100.000000000,"max":100.000000000,"avg":100.000000000,"var":0.000000000,"sum":3226800.000000000},"progress_without_timeout":{"num":0,"min":0.000000000,"max":0.000000000,"avg":0.000000000,"var":0.000000000,"sum":0.000000000},"trigger":{"num":32236,"min":0.000000238,"max":0.000010729,"avg":0.000000276,"var":0.000000001,"sum":0.008891821}},"rpcs":{"65535:65535:7940397281847607295:2":{"rpc_id":7940397281847607295,"provider_id":2,"parent_rpc_id":65535,"parent_provider_id":65535,"name":"__identity__","origin":{"sent to ofi+cxi://0x06a6000d":{"iforward":{"duration":{"num":1,"min":0.000185013,"max":0.000185013,"avg":0.000185013,"var":0.000000000,"sum":0.000185013},"relative_timestamp_from_create":{"num":1,"min":0.000007391,"max":0.000007391,"avg":0.000007391,"var":0.000000000,"sum":0.000007391}},"forward_cb":{"duration":{"num":1,"min":0.000002623,"max":0.000002623,"avg":0.000002623,"var":0.000000000,"sum":0.000002623},"relative_timestamp_from_iforward_start":{"num":1,"min":0.020882130,"max":0.020882130,"avg":0.020882130,"var":0.000000000,"sum":0.020882130}},"iforward_wait":{"duration":{"num":1,"min":0.020705938,"max":0.020705938,"avg":0.020705938,"var":0.000000000,"sum":0.020705938},"relative_timestamp_from_iforward_end":{"num":1,"min":0.000000238,"max":0.000000238,"avg":0.000000238,"var":0.000000000,"sum":0.000000238}},"set_input":{"duration":{"num":0,"min":0.000000000,"max":0.000000000,"avg":0.000000000,"var":0.000000000,"sum":0.000000000},"relative_timestamp_from_iforward_start":{"num":0,"min":0.000000000,"max":0.000000000,"avg":0.000000000,"var":0.000000000,"sum":0.000000000}},"get_output":{"duration":{"num":1,"min":0.000018358,"max":0.000018358,"avg":0.000018358,"var":0.000000000,"sum":0.000018358},"relative_timestamp_from_wait_end":{"num":1,"min":0.000001907,"max":0.000001907,"avg":0.000001907,"var":0.000000000,"sum":0.000001907}}}}},"65535:65535:9722976651498815487:2":{"rpc_id":9722976651498815487,"provider_id":2,"parent_rpc_id":65535,"parent_provider_id":65535,"name":"flock_get_view","origin":{"sent to ofi+cxi://0x06a6000d":{"iforward":{"duration":{"num":2,"min":0.000019550,"max":0.000044107,"avg":0.000031829,"var":0.000000000,"sum":0.000063658},"relative_timestamp_from_create":{"num":2,"min":0.000000715,"max":0.000001669,"avg":0.000001192,"var":0.000000000,"sum":0.000002384}},"forward_cb":{"duration":{"num":2,"min":0.000000715,"max":0.000001192,"avg":0.000000954,"var":0.000000000,"sum":0.000001907},"relative_timestamp_from_iforward_start":{"num":2,"min":0.080716610,"max":0.091036558,"avg":0.085876584,"var":0.000053251,"sum":0.171753168}},"iforward_wait":{"duration":{"num":2,"min":0.080701351,"max":0.090993166,"avg":0.085847259,"var":0.000052961,"sum":0.171694517},"relative_timestamp_from_iforward_end":{"num":2,"min":0.000000238,"max":0.000001907,"avg":0.000001073,"var":0.000000000,"sum":0.000002146}},"set_input":{"duration":{"num":2,"min":0.000000238,"max":0.000000238,"avg":0.000000238,"var":0.000000000,"sum":0.000000477},"relative_timestamp_from_iforward_start":{"num":2,"min":0.000005484,"max":0.000014067,"avg":0.000009775,"var":0.000000000,"sum":0.000019550}},"get_output":{"duration":{"num":2,"min":0.000001192,"max":0.000045300,"avg":0.000023246,"var":0.000000001,"sum":0.000046492},"relative_timestamp_from_wait_end":{"num":2,"min":0.000001431,"max":0.000001669,"avg":0.000001550,"var":0.000000000,"sum":0.000003099}}}}},"65535:65535:3669993900245843967:1":{"rpc_id":3669993900245843967,"provider_id":1,"parent_rpc_id":65535,"parent_provider_id":65535,"name":"qtn_work_rpc","origin":{"sent to ofi+cxi://0x06a6a00e":{"iforward":{"duration":{"num":32232,"min":0.000001431,"max":0.000046968,"avg":0.000001583,"var":0.000000007,"sum":0.051032305},"relative_timestamp_from_create":{"num":32232,"min":0.000000000,"max":0.000003099,"avg":0.000000073,"var":0.000000000,"sum":0.002368689}},"forward_cb":{"duration":{"num":32232,"min":0.000000000,"max":0.000008345,"avg":0.000000127,"var":0.000000001,"sum":0.004080534},"relative_timestamp_from_iforward_start":{"num":32232,"min":0.000008345,"max":0.001956224,"avg":0.000158200,"var":0.000657283,"sum":5.099094629}},"iforward_wait":{"duration":{"num":32232,"min":0.000007153,"max":0.001955271,"avg":0.000157001,"var":0.000657203,"sum":5.060460091},"relative_timestamp_from_iforward_end":{"num":32232,"min":0.000000000,"max":0.000000477,"avg":0.000000180,"var":0.000000000,"sum":0.005800724}},"set_input":{"duration":{"num":32232,"min":0.000000000,"max":0.000001669,"avg":0.000000080,"var":0.000000000,"sum":0.002590179},"relative_timestamp_from_iforward_start":{"num":32232,"min":0.000000477,"max":0.000010729,"avg":0.000000705,"var":0.000000000,"sum":0.022710800}},"get_output":{"duration":{"num":32232,"min":0.000000000,"max":0.000005484,"avg":0.000000091,"var":0.000000000,"sum":0.002942085},"relative_timestamp_from_wait_end":{"num":32232,"min":0.000000000,"max":0.000001431,"avg":0.000000153,"var":0.000000001,"sum":0.004943609}}}}}}}