{"address":"","progress_loop":{"progress_with_timeout":{"num":29168,"min":0.000000954,"max":0.103464603,"avg":0.000183019,"var":0.026776349,"sum":5.338308334},"progress_timeout_value_msec":{"num":29168,"min":100.000000000,"max":100.000000000,"avg":100.000000000,"var":0.000000000,"sum":2916800.000000000},"progress_without_timeout":{"num":0,"min":0.000000000,"max":0.000000000,"avg":0.000000000,"var":0.000000000,"sum":0.000000000},"trigger":{"num":29051,"min":0.000000238,"max":0.000007868,"avg":0.000000283,"var":0.000000001,"sum":0.008228540}},"rpcs":{"65535:65535:7940397281847607295:2":{"rpc_id":7940397281847607295,"provider_id":2,"parent_rpc_id":65535,"parent_provider_id":65535,"name":"__identity__","origin":{"sent to ofi+cxi://0x06a6000d":{"iforward":{"duration":{"num":1,"min":0.000087261,"max":0.000087261,"avg":0.000087261,"var":0.000000000,"sum":0.000087261},"relative_timestamp_from_create":{"num":1,"min":0.000003099,"max":0.000003099,"avg":0.000003099,"var":0.000000000,"sum":0.000003099}},"forward_cb":{"duration":{"num":1,"min":0.000001907,"max":0.000001907,"avg":0.000001907,"var":0.000000000,"sum":0.000001907},"relative_timestamp_from_iforward_start":{"num":1,"min":0.011363745,"max":0.011363745,"avg":0.011363745,"var":0.000000000,"sum":0.011363745}},"iforward_wait":{"duration":{"num":1,"min":0.011283875,"max":0.011283875,"avg":0.011283875,"var":0.000000000,"sum":0.011283875},"relative_timestamp_from_iforward_end":{"num":1,"min":0.000000238,"max":0.000000238,"avg":0.000000238,"var":0.000000000,"sum":0.000000238}},"set_input":{"duration":{"num":0,"min":0.000000000,"max":0.000000000,"avg":0.000000000,"var":0.000000000,"sum":0.000000000},"relative_timestamp_from_iforward_start":{"num":0,"min":0.000000000,"max":0.000000000,"avg":0.000000000,"var":0.000000000,"sum":0.000000000}},"get_output":{"duration":{"num":1,"min":0.000011921,"max":0.000011921,"avg":0.000011921,"var":0.000000000,"sum":0.000011921},"relative_timestamp_from_wait_end":{"num":1,"min":0.000001669,"max":0.000001669,"avg":0.000001669,"var":0.000000000,"sum":0.000001669}}}}},"65535:65535:9722976651498815487:2":{"rpc_id":9722976651498815487,"provider_id":2,"parent_rpc_id":65535,"parent_provider_id":65535,"name":"flock_get_view","origin":{"sent to ofi+cxi://0x06a6000d":{"iforward":{"duration":{"num":2,"min":0.000019789,"max":0.000044584,"avg":0.000032187,"var":0.000000000,"sum":0.000064373},"relative_timestamp_from_create":{"num":2,"min":0.000000477,"max":0.000001431,"avg":0.000000954,"var":0.000000000,"sum":0.000001907}},"forward_cb":{"duration":{"num":2,"min":0.000000954,"max":0.000000954,"avg":0.000000954,"var":0.000000000,"sum":0.000001907},"relative_timestamp_from_iforward_start":{"num":2,"min":0.070079088,"max":0.107153177,"avg":0.088616133,"var":0.000687244,"sum":0.177232265}},"iforward_wait":{"duration":{"num":2,"min":0.070035934,"max":0.107136726,"avg":0.088586330,"var":0.000688234,"sum":0.177172661},"relative_timestamp_from_iforward_end":{"num":2,"min":0.000000238,"max":0.000001431,"avg":0.000000834,"var":0.000000000,"sum":0.000001669}},"set_input":{"duration":{"num":2,"min":0.000000238,"max":0.000000238,"avg":0.000000238,"var":0.000000000,"sum":0.000000477},"relative_timestamp_from_iforward_start":{"num":2,"min":0.000008345,"max":0.000015974,"avg":0.000012159,"var":0.000000000,"sum":0.000024319}},"get_output":{"duration":{"num":2,"min":0.000001907,"max":0.000049829,"avg":0.000025868,"var":0.000000001,"sum":0.000051737},"relative_timestamp_from_wait_end":{"num":2,"min":0.000001431,"max":0.000001907,"avg":0.000001669,"var":0.000000000,"sum":0.000003338}}}}},"65535:65535:3669993900245843967:1":{"rpc_id":3669993900245843967,"provider_id":1,"parent_rpc_id":65535,"parent_provider_id":65535,"name":"qtn_work_rpc","origin":{"sent to ofi+cxi://0x06a6c616":{"iforward":{"duration":{"num":29047,"min":0.000001192,"max":0.000054359,"avg":0.000001556,"var":0.000000008,"sum":0.045205593},"relative_timestamp_from_create":{"num":29047,"min":0.000000000,"max":0.000002861,"avg":0.000000072,"var":0.000000000,"sum":0.002105236}},"forward_cb":{"duration":{"num":29047,"min":0.000000000,"max":0.000003099,"avg":0.000000130,"var":0.000000000,"sum":0.003787279},"relative_timestamp_from_iforward_start":{"num":29047,"min":0.000008583,"max":0.000667095,"avg":0.000175858,"var":0.000699919,"sum":5.108145237}},"iforward_wait":{"duration":{"num":29047,"min":0.000006914,"max":0.000670195,"avg":0.000174691,"var":0.000699753,"sum":5.074246407},"relative_timestamp_from_iforward_end":{"num":29047,"min":0.000000000,"max":0.000006199,"avg":0.000000181,"var":0.000000000,"sum":0.005271673}},"set_input":{"duration":{"num":29047,"min":0.000000000,"max":0.000001907,"avg":0.000000081,"var":0.000000000,"sum":0.002365351},"relative_timestamp_from_iforward_start":{"num":29047,"min":0.000000477,"max":0.000018835,"avg":0.000000686,"var":0.000000001,"sum":0.019920588}},"get_output":{"duration":{"num":29047,"min":0.000000000,"max":0.000001192,"avg":0.000000090,"var":0.000000000,"sum":0.002620697},"relative_timestamp_from_wait_end":{"num":29047,"min":0.000000000,"max":0.000004768,"avg":0.000000156,"var":0.000000001,"sum":0.004537106}}}}}}}