{"address":"","progress_loop":{"progress_with_timeout":{"num":1809,"min":0.000001669,"max":0.103371620,"avg":0.006262942,"var":0.021996030,"sum":11.329661846},"progress_timeout_value_msec":{"num":1809,"min":100.000000000,"max":100.000000000,"avg":100.000000000,"var":0.000000000,"sum":180900.000000000},"progress_without_timeout":{"num":0,"min":0.000000000,"max":0.000000000,"avg":0.000000000,"var":0.000000000,"sum":0.000000000},"trigger":{"num":1801,"min":0.000000238,"max":0.000007153,"avg":0.000000296,"var":0.000000000,"sum":0.000533581}},"rpcs":{"65535:65535:7940397281847607295:2":{"rpc_id":7940397281847607295,"provider_id":2,"parent_rpc_id":65535,"parent_provider_id":65535,"name":"__identity__","origin":{"sent to ofi+cxi://0x06a6000d":{"iforward":{"duration":{"num":1,"min":0.000188828,"max":0.000188828,"avg":0.000188828,"var":0.000000000,"sum":0.000188828},"relative_timestamp_from_create":{"num":1,"min":0.000199795,"max":0.000199795,"avg":0.000199795,"var":0.000000000,"sum":0.000199795}},"forward_cb":{"duration":{"num":1,"min":0.000002384,"max":0.000002384,"avg":0.000002384,"var":0.000000000,"sum":0.000002384},"relative_timestamp_from_iforward_start":{"num":1,"min":0.007324696,"max":0.007324696,"avg":0.007324696,"var":0.000000000,"sum":0.007324696}},"iforward_wait":{"duration":{"num":1,"min":0.007143736,"max":0.007143736,"avg":0.007143736,"var":0.000000000,"sum":0.007143736},"relative_timestamp_from_iforward_end":{"num":1,"min":0.000000477,"max":0.000000477,"avg":0.000000477,"var":0.000000000,"sum":0.000000477}},"set_input":{"duration":{"num":0,"min":0.000000000,"max":0.000000000,"avg":0.000000000,"var":0.000000000,"sum":0.000000000},"relative_timestamp_from_iforward_start":{"num":0,"min":0.000000000,"max":0.000000000,"avg":0.000000000,"var":0.000000000,"sum":0.000000000}},"get_output":{"duration":{"num":1,"min":0.000016212,"max":0.000016212,"avg":0.000016212,"var":0.000000000,"sum":0.000016212},"relative_timestamp_from_wait_end":{"num":1,"min":0.000001431,"max":0.000001431,"avg":0.000001431,"var":0.000000000,"sum":0.000001431}}}}},"65535:65535:9722976651498815487:2":{"rpc_id":9722976651498815487,"provider_id":2,"parent_rpc_id":65535,"parent_provider_id":65535,"name":"flock_get_view","origin":{"sent to ofi+cxi://0x06a6000d":{"iforward":{"duration":{"num":2,"min":0.000011683,"max":0.000038862,"avg":0.000025272,"var":0.000000000,"sum":0.000050545},"relative_timestamp_from_create":{"num":2,"min":0.000000238,"max":0.000001431,"avg":0.000000834,"var":0.000000000,"sum":0.000001669}},"forward_cb":{"duration":{"num":2,"min":0.000000238,"max":0.000001431,"avg":0.000000834,"var":0.000000000,"sum":0.000001669},"relative_timestamp_from_iforward_start":{"num":2,"min":0.033611059,"max":0.102757215,"avg":0.068184137,"var":0.002390595,"sum":0.136368275}},"iforward_wait":{"duration":{"num":2,"min":0.033572197,"max":0.102750063,"avg":0.068161130,"var":0.002392789,"sum":0.136322260},"relative_timestamp_from_iforward_end":{"num":2,"min":0.000000238,"max":0.000001192,"avg":0.000000715,"var":0.000000000,"sum":0.000001431}},"set_input":{"duration":{"num":2,"min":0.000000238,"max":0.000000238,"avg":0.000000238,"var":0.000000000,"sum":0.000000477},"relative_timestamp_from_iforward_start":{"num":2,"min":0.000001669,"max":0.000010490,"avg":0.000006080,"var":0.000000000,"sum":0.000012159}},"get_output":{"duration":{"num":2,"min":0.000001431,"max":0.000065804,"avg":0.000033617,"var":0.000000002,"sum":0.000067234},"relative_timestamp_from_wait_end":{"num":2,"min":0.000000954,"max":0.000001431,"avg":0.000001192,"var":0.000000000,"sum":0.000002384}}}}},"65535:65535:3669993900245843967:1":{"rpc_id":3669993900245843967,"provider_id":1,"parent_rpc_id":65535,"parent_provider_id":65535,"name":"qtn_work_rpc","origin":{"sent to ofi+cxi://0x06a7e217":{"iforward":{"duration":{"num":1797,"min":0.000001431,"max":0.000036001,"avg":0.000001777,"var":0.000000005,"sum":0.003193855},"relative_timestamp_from_create":{"num":1797,"min":0.000002623,"max":0.001620293,"avg":0.000003777,"var":0.000002615,"sum":0.006787539}},"forward_cb":{"duration":{"num":1797,"min":0.000000000,"max":0.000001431,"avg":0.000000134,"var":0.000000000,"sum":0.000241280},"relative_timestamp_from_iforward_start":{"num":1797,"min":0.001812935,"max":0.015343666,"avg":0.006169833,"var":0.002182959,"sum":11.087190151}},"iforward_wait":{"duration":{"num":1797,"min":0.001806736,"max":0.015342474,"avg":0.006168430,"var":0.002183637,"sum":11.084669113},"relative_timestamp_from_iforward_end":{"num":1797,"min":0.000000000,"max":0.000000715,"avg":0.000000207,"var":0.000000000,"sum":0.000371218}},"set_input":{"duration":{"num":1797,"min":0.000000000,"max":0.000005007,"avg":0.000000123,"var":0.000000000,"sum":0.000220776},"relative_timestamp_from_iforward_start":{"num":1797,"min":0.000000477,"max":0.000013590,"avg":0.000000700,"var":0.000000000,"sum":0.001258135}},"get_output":{"duration":{"num":1797,"min":0.000000000,"max":0.000000238,"avg":0.000000089,"var":0.000000000,"sum":0.000159979},"relative_timestamp_from_wait_end":{"num":1797,"min":0.000000000,"max":0.000001431,"avg":0.000000155,"var":0.000000000,"sum":0.000279427}}}}},"65535:65535:65535:65535":{"rpc_id":65535,"provider_id":65535,"parent_rpc_id":65535,"parent_provider_id":65535,"name":"","target":{"received from <unknown>":{"bulk":{"create":{"duration":{"num":1797,"min":0.000002384,"max":0.001615047,"avg":0.000003580,"var":0.000002598,"sum":0.006433010},"size":{"num":1797,"min":4194304.000000000,"max":4194304.000000000,"avg":4194304.000000000,"var":0.000000000,"sum":7537164288.000000000}}}}}}}}