{"address":"","progress_loop":{"progress_with_timeout":{"num":1819,"min":0.000002146,"max":0.100214243,"avg":0.006362366,"var":0.020420075,"sum":11.573144436},"progress_timeout_value_msec":{"num":1819,"min":100.000000000,"max":100.000000000,"avg":100.000000000,"var":0.000000000,"sum":181900.000000000},"progress_without_timeout":{"num":0,"min":0.000000000,"max":0.000000000,"avg":0.000000000,"var":0.000000000,"sum":0.000000000},"trigger":{"num":1773,"min":0.000000238,"max":0.000008345,"avg":0.000000876,"var":0.000000001,"sum":0.001553059}},"rpcs":{"65535:65535:7940397281847607295:2":{"rpc_id":7940397281847607295,"provider_id":2,"parent_rpc_id":65535,"parent_provider_id":65535,"name":"__identity__","origin":{"sent to ofi+cxi://0x06a6000d":{"iforward":{"duration":{"num":1,"min":0.000139713,"max":0.000139713,"avg":0.000139713,"var":0.000000000,"sum":0.000139713},"relative_timestamp_from_create":{"num":1,"min":0.000023127,"max":0.000023127,"avg":0.000023127,"var":0.000000000,"sum":0.000023127}},"forward_cb":{"duration":{"num":1,"min":0.000002146,"max":0.000002146,"avg":0.000002146,"var":0.000000000,"sum":0.000002146},"relative_timestamp_from_iforward_start":{"num":1,"min":0.013305426,"max":0.013305426,"avg":0.013305426,"var":0.000000000,"sum":0.013305426}},"iforward_wait":{"duration":{"num":1,"min":0.013173342,"max":0.013173342,"avg":0.013173342,"var":0.000000000,"sum":0.013173342},"relative_timestamp_from_iforward_end":{"num":1,"min":0.000000238,"max":0.000000238,"avg":0.000000238,"var":0.000000000,"sum":0.000000238}},"set_input":{"duration":{"num":0,"min":0.000000000,"max":0.000000000,"avg":0.000000000,"var":0.000000000,"sum":0.000000000},"relative_timestamp_from_iforward_start":{"num":0,"min":0.000000000,"max":0.000000000,"avg":0.000000000,"var":0.000000000,"sum":0.000000000}},"get_output":{"duration":{"num":1,"min":0.000015020,"max":0.000015020,"avg":0.000015020,"var":0.000000000,"sum":0.000015020},"relative_timestamp_from_wait_end":{"num":1,"min":0.000001669,"max":0.000001669,"avg":0.000001669,"var":0.000000000,"sum":0.000001669}}}}},"65535:65535:9722976651498815487:2":{"rpc_id":9722976651498815487,"provider_id":2,"parent_rpc_id":65535,"parent_provider_id":65535,"name":"flock_get_view","origin":{"sent to ofi+cxi://0x06a6000d":{"iforward":{"duration":{"num":2,"min":0.000017881,"max":0.000034809,"avg":0.000026345,"var":0.000000000,"sum":0.000052691},"relative_timestamp_from_create":{"num":2,"min":0.000000477,"max":0.000001431,"avg":0.000000954,"var":0.000000000,"sum":0.000001907}},"forward_cb":{"duration":{"num":2,"min":0.000000238,"max":0.000000715,"avg":0.000000477,"var":0.000000000,"sum":0.000000954},"relative_timestamp_from_iforward_start":{"num":2,"min":0.051989794,"max":0.083178520,"avg":0.067584157,"var":0.000486368,"sum":0.135168314}},"iforward_wait":{"duration":{"num":2,"min":0.051956654,"max":0.083161354,"avg":0.067559004,"var":0.000486867,"sum":0.135118008},"relative_timestamp_from_iforward_end":{"num":2,"min":0.000000238,"max":0.000001192,"avg":0.000000715,"var":0.000000000,"sum":0.000001431}},"set_input":{"duration":{"num":2,"min":0.000000238,"max":0.000000238,"avg":0.000000238,"var":0.000000000,"sum":0.000000477},"relative_timestamp_from_iforward_start":{"num":2,"min":0.000005722,"max":0.000010014,"avg":0.000007868,"var":0.000000000,"sum":0.000015736}},"get_output":{"duration":{"num":2,"min":0.000000477,"max":0.000057459,"avg":0.000028968,"var":0.000000002,"sum":0.000057936},"relative_timestamp_from_wait_end":{"num":2,"min":0.000000477,"max":0.000002146,"avg":0.000001311,"var":0.000000000,"sum":0.000002623}}}}},"65535:65535:3669993900245843967:1":{"rpc_id":3669993900245843967,"provider_id":1,"parent_rpc_id":65535,"parent_provider_id":65535,"name":"qtn_work_rpc","origin":{"sent to ofi+cxi://0x06a6e412":{"iforward":{"duration":{"num":1769,"min":0.000002146,"max":0.000033140,"avg":0.000004517,"var":0.000000014,"sum":0.007990360},"relative_timestamp_from_create":{"num":1769,"min":0.000002861,"max":0.001648426,"avg":0.000005142,"var":0.000002705,"sum":0.009095430}},"forward_cb":{"duration":{"num":1769,"min":0.000000000,"max":0.000001669,"avg":0.000000462,"var":0.000000000,"sum":0.000816822},"relative_timestamp_from_iforward_start":{"num":1769,"min":0.002296925,"max":0.020848036,"avg":0.006407679,"var":0.001773259,"sum":11.335183859}},"iforward_wait":{"duration":{"num":1769,"min":0.002285719,"max":0.020817280,"avg":0.006404661,"var":0.001772494,"sum":11.329845667},"relative_timestamp_from_iforward_end":{"num":1769,"min":0.000000000,"max":0.000000715,"avg":0.000000229,"var":0.000000000,"sum":0.000404358}},"set_input":{"duration":{"num":1769,"min":0.000000000,"max":0.000005484,"avg":0.000000538,"var":0.000000000,"sum":0.000951767},"relative_timestamp_from_iforward_start":{"num":1769,"min":0.000000715,"max":0.000008583,"avg":0.000002090,"var":0.000000004,"sum":0.003697872}},"get_output":{"duration":{"num":1769,"min":0.000000000,"max":0.000004530,"avg":0.000000174,"var":0.000000000,"sum":0.000308037},"relative_timestamp_from_wait_end":{"num":1769,"min":0.000000000,"max":0.000001907,"avg":0.000000316,"var":0.000000000,"sum":0.000559807}}}}},"65535:65535:65535:65535":{"rpc_id":65535,"provider_id":65535,"parent_rpc_id":65535,"parent_provider_id":65535,"name":"","target":{"received from <unknown>":{"bulk":{"create":{"duration":{"num":1769,"min":0.000002623,"max":0.001643181,"avg":0.000004771,"var":0.000002688,"sum":0.008439541},"size":{"num":1769,"min":4194304.000000000,"max":4194304.000000000,"avg":4194304.000000000,"var":0.000000000,"sum":7419723776.000000000}}}}}}}}