{"address":"","progress_loop":{"progress_with_timeout":{"num":1702,"min":0.000002623,"max":0.102409363,"avg":0.007394281,"var":0.057422443,"sum":12.585067034},"progress_timeout_value_msec":{"num":1702,"min":100.000000000,"max":100.000000000,"avg":100.000000000,"var":0.000000000,"sum":170200.000000000},"progress_without_timeout":{"num":0,"min":0.000000000,"max":0.000000000,"avg":0.000000000,"var":0.000000000,"sum":0.000000000},"trigger":{"num":1697,"min":0.000000238,"max":0.000009775,"avg":0.000000300,"var":0.000000000,"sum":0.000508547}},"rpcs":{"65535:65535:7940397281847607295:2":{"rpc_id":7940397281847607295,"provider_id":2,"parent_rpc_id":65535,"parent_provider_id":65535,"name":"__identity__","origin":{"sent to ofi+cxi://0x06a6000d":{"iforward":{"duration":{"num":1,"min":0.000226498,"max":0.000226498,"avg":0.000226498,"var":0.000000000,"sum":0.000226498},"relative_timestamp_from_create":{"num":1,"min":0.001169205,"max":0.001169205,"avg":0.001169205,"var":0.000000000,"sum":0.001169205}},"forward_cb":{"duration":{"num":1,"min":0.000002861,"max":0.000002861,"avg":0.000002861,"var":0.000000000,"sum":0.000002861},"relative_timestamp_from_iforward_start":{"num":1,"min":0.024670362,"max":0.024670362,"avg":0.024670362,"var":0.000000000,"sum":0.024670362}},"iforward_wait":{"duration":{"num":1,"min":0.024453163,"max":0.024453163,"avg":0.024453163,"var":0.000000000,"sum":0.024453163},"relative_timestamp_from_iforward_end":{"num":1,"min":0.000000238,"max":0.000000238,"avg":0.000000238,"var":0.000000000,"sum":0.000000238}},"set_input":{"duration":{"num":0,"min":0.000000000,"max":0.000000000,"avg":0.000000000,"var":0.000000000,"sum":0.000000000},"relative_timestamp_from_iforward_start":{"num":0,"min":0.000000000,"max":0.000000000,"avg":0.000000000,"var":0.000000000,"sum":0.000000000}},"get_output":{"duration":{"num":1,"min":0.000017643,"max":0.000017643,"avg":0.000017643,"var":0.000000000,"sum":0.000017643},"relative_timestamp_from_wait_end":{"num":1,"min":0.000001669,"max":0.000001669,"avg":0.000001669,"var":0.000000000,"sum":0.000001669}}}}},"65535:65535:9722976651498815487:2":{"rpc_id":9722976651498815487,"provider_id":2,"parent_rpc_id":65535,"parent_provider_id":65535,"name":"flock_get_view","origin":{"sent to ofi+cxi://0x06a6000d":{"iforward":{"duration":{"num":2,"min":0.000019312,"max":0.000042915,"avg":0.000031114,"var":0.000000000,"sum":0.000062227},"relative_timestamp_from_create":{"num":2,"min":0.000000477,"max":0.000001431,"avg":0.000000954,"var":0.000000000,"sum":0.000001907}},"forward_cb":{"duration":{"num":2,"min":0.000000000,"max":0.000000954,"avg":0.000000477,"var":0.000000000,"sum":0.000000954},"relative_timestamp_from_iforward_start":{"num":2,"min":0.041753769,"max":0.099686384,"avg":0.070720077,"var":0.001678094,"sum":0.141440153}},"iforward_wait":{"duration":{"num":2,"min":0.041734695,"max":0.099645376,"avg":0.070690036,"var":0.001676823,"sum":0.141380072},"relative_timestamp_from_iforward_end":{"num":2,"min":0.000000477,"max":0.000001431,"avg":0.000000954,"var":0.000000000,"sum":0.000001907}},"set_input":{"duration":{"num":2,"min":0.000000238,"max":0.000000238,"avg":0.000000238,"var":0.000000000,"sum":0.000000477},"relative_timestamp_from_iforward_start":{"num":2,"min":0.000005960,"max":0.000012398,"avg":0.000009179,"var":0.000000000,"sum":0.000018358}},"get_output":{"duration":{"num":2,"min":0.000000477,"max":0.000056505,"avg":0.000028491,"var":0.000000002,"sum":0.000056982},"relative_timestamp_from_wait_end":{"num":2,"min":0.000000238,"max":0.000002146,"avg":0.000001192,"var":0.000000000,"sum":0.000002384}}}}},"65535:65535:3669993900245843967:1":{"rpc_id":3669993900245843967,"provider_id":1,"parent_rpc_id":65535,"parent_provider_id":65535,"name":"qtn_work_rpc","origin":{"sent to ofi+cxi://0x06a72214":{"iforward":{"duration":{"num":1693,"min":0.000001431,"max":0.000034332,"avg":0.000001860,"var":0.000000004,"sum":0.003148317},"relative_timestamp_from_create":{"num":1693,"min":0.000002623,"max":0.001342058,"avg":0.000003679,"var":0.000001792,"sum":0.006228209}},"forward_cb":{"duration":{"num":1693,"min":0.000000000,"max":0.000001192,"avg":0.000000134,"var":0.000000000,"sum":0.000226974},"relative_timestamp_from_iforward_start":{"num":1693,"min":0.000284910,"max":0.048201084,"avg":0.007277692,"var":0.038126687,"sum":12.321132183}},"iforward_wait":{"duration":{"num":1693,"min":0.000283480,"max":0.048199654,"avg":0.007276193,"var":0.038124743,"sum":12.318594217},"relative_timestamp_from_iforward_end":{"num":1693,"min":0.000000000,"max":0.000000715,"avg":0.000000242,"var":0.000000000,"sum":0.000408888}},"set_input":{"duration":{"num":1693,"min":0.000000000,"max":0.000004530,"avg":0.000000122,"var":0.000000000,"sum":0.000206232},"relative_timestamp_from_iforward_start":{"num":1693,"min":0.000000477,"max":0.000007153,"avg":0.000000698,"var":0.000000000,"sum":0.001181364}},"get_output":{"duration":{"num":1693,"min":0.000000000,"max":0.000000477,"avg":0.000000087,"var":0.000000000,"sum":0.000147581},"relative_timestamp_from_wait_end":{"num":1693,"min":0.000000000,"max":0.000001431,"avg":0.000000160,"var":0.000000000,"sum":0.000271082}}}}},"65535:65535:65535:65535":{"rpc_id":65535,"provider_id":65535,"parent_rpc_id":65535,"parent_provider_id":65535,"name":"","target":{"received from <unknown>":{"bulk":{"create":{"duration":{"num":1693,"min":0.000002384,"max":0.001338005,"avg":0.000003464,"var":0.000001782,"sum":0.005865097},"size":{"num":1693,"min":4194304.000000000,"max":4194304.000000000,"avg":4194304.000000000,"var":0.000000000,"sum":7100956672.000000000}}}}}}}}