{"address":"","progress_loop":{"progress_with_timeout":{"num":1770,"min":0.000001192,"max":0.100221395,"avg":0.006635015,"var":0.019887260,"sum":11.743977070},"progress_timeout_value_msec":{"num":1770,"min":100.000000000,"max":100.000000000,"avg":100.000000000,"var":0.000000000,"sum":177000.000000000},"progress_without_timeout":{"num":0,"min":0.000000000,"max":0.000000000,"avg":0.000000000,"var":0.000000000,"sum":0.000000000},"trigger":{"num":1761,"min":0.000000238,"max":0.000008821,"avg":0.000000302,"var":0.000000000,"sum":0.000531912}},"rpcs":{"65535:65535:7940397281847607295:2":{"rpc_id":7940397281847607295,"provider_id":2,"parent_rpc_id":65535,"parent_provider_id":65535,"name":"__identity__","origin":{"sent to ofi+cxi://0x06a6000d":{"iforward":{"duration":{"num":1,"min":0.000138998,"max":0.000138998,"avg":0.000138998,"var":0.000000000,"sum":0.000138998},"relative_timestamp_from_create":{"num":1,"min":0.000066042,"max":0.000066042,"avg":0.000066042,"var":0.000000000,"sum":0.000066042}},"forward_cb":{"duration":{"num":1,"min":0.000002146,"max":0.000002146,"avg":0.000002146,"var":0.000000000,"sum":0.000002146},"relative_timestamp_from_iforward_start":{"num":1,"min":0.023118734,"max":0.023118734,"avg":0.023118734,"var":0.000000000,"sum":0.023118734}},"iforward_wait":{"duration":{"num":1,"min":0.022986889,"max":0.022986889,"avg":0.022986889,"var":0.000000000,"sum":0.022986889},"relative_timestamp_from_iforward_end":{"num":1,"min":0.000000477,"max":0.000000477,"avg":0.000000477,"var":0.000000000,"sum":0.000000477}},"set_input":{"duration":{"num":0,"min":0.000000000,"max":0.000000000,"avg":0.000000000,"var":0.000000000,"sum":0.000000000},"relative_timestamp_from_iforward_start":{"num":0,"min":0.000000000,"max":0.000000000,"avg":0.000000000,"var":0.000000000,"sum":0.000000000}},"get_output":{"duration":{"num":1,"min":0.000014782,"max":0.000014782,"avg":0.000014782,"var":0.000000000,"sum":0.000014782},"relative_timestamp_from_wait_end":{"num":1,"min":0.000001431,"max":0.000001431,"avg":0.000001431,"var":0.000000000,"sum":0.000001431}}}}},"65535:65535:9722976651498815487:2":{"rpc_id":9722976651498815487,"provider_id":2,"parent_rpc_id":65535,"parent_provider_id":65535,"name":"flock_get_view","origin":{"sent to ofi+cxi://0x06a6000d":{"iforward":{"duration":{"num":2,"min":0.000018120,"max":0.000034571,"avg":0.000026345,"var":0.000000000,"sum":0.000052691},"relative_timestamp_from_create":{"num":2,"min":0.000000477,"max":0.000001431,"avg":0.000000954,"var":0.000000000,"sum":0.000001907}},"forward_cb":{"duration":{"num":2,"min":0.000000954,"max":0.000001431,"avg":0.000001192,"var":0.000000000,"sum":0.000002384},"relative_timestamp_from_iforward_start":{"num":2,"min":0.049064875,"max":0.091514349,"avg":0.070289612,"var":0.000900979,"sum":0.140579224}},"iforward_wait":{"duration":{"num":2,"min":0.049051285,"max":0.091481924,"avg":0.070266604,"var":0.000900180,"sum":0.140533209},"relative_timestamp_from_iforward_end":{"num":2,"min":0.000000238,"max":0.000001192,"avg":0.000000715,"var":0.000000000,"sum":0.000001431}},"set_input":{"duration":{"num":2,"min":0.000000238,"max":0.000000238,"avg":0.000000238,"var":0.000000000,"sum":0.000000477},"relative_timestamp_from_iforward_start":{"num":2,"min":0.000005960,"max":0.000009775,"avg":0.000007868,"var":0.000000000,"sum":0.000015736}},"get_output":{"duration":{"num":2,"min":0.000001431,"max":0.000065088,"avg":0.000033259,"var":0.000000002,"sum":0.000066519},"relative_timestamp_from_wait_end":{"num":2,"min":0.000001669,"max":0.000002384,"avg":0.000002027,"var":0.000000000,"sum":0.000004053}}}}},"65535:65535:3669993900245843967:1":{"rpc_id":3669993900245843967,"provider_id":1,"parent_rpc_id":65535,"parent_provider_id":65535,"name":"qtn_work_rpc","origin":{"sent to ofi+cxi://0x06a6e215":{"iforward":{"duration":{"num":1757,"min":0.000001431,"max":0.000032187,"avg":0.000001833,"var":0.000000005,"sum":0.003220558},"relative_timestamp_from_create":{"num":1757,"min":0.000002623,"max":0.001427412,"avg":0.000003696,"var":0.000002028,"sum":0.006493568}},"forward_cb":{"duration":{"num":1757,"min":0.000000000,"max":0.000001431,"avg":0.000000131,"var":0.000000000,"sum":0.000230074},"relative_timestamp_from_iforward_start":{"num":1757,"min":0.002230644,"max":0.013386011,"avg":0.006536743,"var":0.001472106,"sum":11.485057354}},"iforward_wait":{"duration":{"num":1757,"min":0.002211332,"max":0.013384819,"avg":0.006535319,"var":0.001472122,"sum":11.482556105},"relative_timestamp_from_iforward_end":{"num":1757,"min":0.000000000,"max":0.000005722,"avg":0.000000195,"var":0.000000000,"sum":0.000342846}},"set_input":{"duration":{"num":1757,"min":0.000000000,"max":0.000004768,"avg":0.000000124,"var":0.000000000,"sum":0.000217915},"relative_timestamp_from_iforward_start":{"num":1757,"min":0.000000477,"max":0.000010729,"avg":0.000000749,"var":0.000000000,"sum":0.001316071}},"get_output":{"duration":{"num":1757,"min":0.000000000,"max":0.000000238,"avg":0.000000086,"var":0.000000000,"sum":0.000150919},"relative_timestamp_from_wait_end":{"num":1757,"min":0.000000000,"max":0.000002623,"avg":0.000000161,"var":0.000000000,"sum":0.000282288}}}}},"65535:65535:65535:65535":{"rpc_id":65535,"provider_id":65535,"parent_rpc_id":65535,"parent_provider_id":65535,"name":"","target":{"received from <unknown>":{"bulk":{"create":{"duration":{"num":1757,"min":0.000002384,"max":0.001423359,"avg":0.000003494,"var":0.000002017,"sum":0.006139278},"size":{"num":1757,"min":4194304.000000000,"max":4194304.000000000,"avg":4194304.000000000,"var":0.000000000,"sum":7369392128.000000000}}}}}}}}