{"address":"","progress_loop":{"progress_with_timeout":{"num":1659,"min":0.000002384,"max":0.103411198,"avg":0.007550048,"var":0.051588625,"sum":12.525529385},"progress_timeout_value_msec":{"num":1659,"min":100.000000000,"max":100.000000000,"avg":100.000000000,"var":0.000000000,"sum":165900.000000000},"progress_without_timeout":{"num":0,"min":0.000000000,"max":0.000000000,"avg":0.000000000,"var":0.000000000,"sum":0.000000000},"trigger":{"num":1655,"min":0.000000238,"max":0.000009060,"avg":0.000000295,"var":0.000000000,"sum":0.000488520}},"rpcs":{"65535:65535:7940397281847607295:2":{"rpc_id":7940397281847607295,"provider_id":2,"parent_rpc_id":65535,"parent_provider_id":65535,"name":"__identity__","origin":{"sent to ofi+cxi://0x06a6000d":{"iforward":{"duration":{"num":1,"min":0.000123501,"max":0.000123501,"avg":0.000123501,"var":0.000000000,"sum":0.000123501},"relative_timestamp_from_create":{"num":1,"min":0.000911236,"max":0.000911236,"avg":0.000911236,"var":0.000000000,"sum":0.000911236}},"forward_cb":{"duration":{"num":1,"min":0.000002146,"max":0.000002146,"avg":0.000002146,"var":0.000000000,"sum":0.000002146},"relative_timestamp_from_iforward_start":{"num":1,"min":0.020724773,"max":0.020724773,"avg":0.020724773,"var":0.000000000,"sum":0.020724773}},"iforward_wait":{"duration":{"num":1,"min":0.020609140,"max":0.020609140,"avg":0.020609140,"var":0.000000000,"sum":0.020609140},"relative_timestamp_from_iforward_end":{"num":1,"min":0.000000477,"max":0.000000477,"avg":0.000000477,"var":0.000000000,"sum":0.000000477}},"set_input":{"duration":{"num":0,"min":0.000000000,"max":0.000000000,"avg":0.000000000,"var":0.000000000,"sum":0.000000000},"relative_timestamp_from_iforward_start":{"num":0,"min":0.000000000,"max":0.000000000,"avg":0.000000000,"var":0.000000000,"sum":0.000000000}},"get_output":{"duration":{"num":1,"min":0.000016451,"max":0.000016451,"avg":0.000016451,"var":0.000000000,"sum":0.000016451},"relative_timestamp_from_wait_end":{"num":1,"min":0.000001669,"max":0.000001669,"avg":0.000001669,"var":0.000000000,"sum":0.000001669}}}}},"65535:65535:9722976651498815487:2":{"rpc_id":9722976651498815487,"provider_id":2,"parent_rpc_id":65535,"parent_provider_id":65535,"name":"flock_get_view","origin":{"sent to ofi+cxi://0x06a6000d":{"iforward":{"duration":{"num":2,"min":0.000018597,"max":0.000043869,"avg":0.000031233,"var":0.000000000,"sum":0.000062466},"relative_timestamp_from_create":{"num":2,"min":0.000000477,"max":0.000001431,"avg":0.000000954,"var":0.000000000,"sum":0.000001907}},"forward_cb":{"duration":{"num":2,"min":0.000000715,"max":0.000000954,"avg":0.000000834,"var":0.000000000,"sum":0.000001669},"relative_timestamp_from_iforward_start":{"num":2,"min":0.060330391,"max":0.077492237,"avg":0.068911314,"var":0.000147264,"sum":0.137822628}},"iforward_wait":{"duration":{"num":2,"min":0.060315847,"max":0.077449799,"avg":0.068882823,"var":0.000146786,"sum":0.137765646},"relative_timestamp_from_iforward_end":{"num":2,"min":0.000000477,"max":0.000001669,"avg":0.000001073,"var":0.000000000,"sum":0.000002146}},"set_input":{"duration":{"num":2,"min":0.000000238,"max":0.000000477,"avg":0.000000358,"var":0.000000000,"sum":0.000000715},"relative_timestamp_from_iforward_start":{"num":2,"min":0.000005960,"max":0.000015974,"avg":0.000010967,"var":0.000000000,"sum":0.000021935}},"get_output":{"duration":{"num":2,"min":0.000001192,"max":0.000063419,"avg":0.000032306,"var":0.000000002,"sum":0.000064611},"relative_timestamp_from_wait_end":{"num":2,"min":0.000001192,"max":0.000003099,"avg":0.000002146,"var":0.000000000,"sum":0.000004292}}}}},"65535:65535:3669993900245843967:1":{"rpc_id":3669993900245843967,"provider_id":1,"parent_rpc_id":65535,"parent_provider_id":65535,"name":"qtn_work_rpc","origin":{"sent to ofi+cxi://0x06a7200d":{"iforward":{"duration":{"num":1651,"min":0.000001431,"max":0.000036240,"avg":0.000001852,"var":0.000000005,"sum":0.003057718},"relative_timestamp_from_create":{"num":1651,"min":0.000002623,"max":0.001449823,"avg":0.000003752,"var":0.000002093,"sum":0.006193876}},"forward_cb":{"duration":{"num":1651,"min":0.000000000,"max":0.000000954,"avg":0.000000134,"var":0.000000000,"sum":0.000220776},"relative_timestamp_from_iforward_start":{"num":1651,"min":0.000452518,"max":0.035610199,"avg":0.007430548,"var":0.034313093,"sum":12.267835140}},"iforward_wait":{"duration":{"num":1651,"min":0.000451088,"max":0.035608768,"avg":0.007429117,"var":0.034312245,"sum":12.265472412},"relative_timestamp_from_iforward_end":{"num":1651,"min":0.000000000,"max":0.000000715,"avg":0.000000186,"var":0.000000000,"sum":0.000307560}},"set_input":{"duration":{"num":1651,"min":0.000000000,"max":0.000004530,"avg":0.000000124,"var":0.000000000,"sum":0.000205517},"relative_timestamp_from_iforward_start":{"num":1651,"min":0.000000477,"max":0.000015497,"avg":0.000000761,"var":0.000000000,"sum":0.001256227}},"get_output":{"duration":{"num":1651,"min":0.000000000,"max":0.000000477,"avg":0.000000088,"var":0.000000000,"sum":0.000144482},"relative_timestamp_from_wait_end":{"num":1651,"min":0.000000000,"max":0.000002623,"avg":0.000000164,"var":0.000000000,"sum":0.000271320}}}}},"65535:65535:65535:65535":{"rpc_id":65535,"provider_id":65535,"parent_rpc_id":65535,"parent_provider_id":65535,"name":"","target":{"received from <unknown>":{"bulk":{"create":{"duration":{"num":1651,"min":0.000002384,"max":0.001444578,"avg":0.000003553,"var":0.000002078,"sum":0.005866289},"size":{"num":1651,"min":4194304.000000000,"max":4194304.000000000,"avg":4194304.000000000,"var":0.000000000,"sum":6924795904.000000000}}}}}}}}