{"address":"","progress_loop":{"progress_with_timeout":{"num":1763,"min":0.000001907,"max":0.100184441,"avg":0.006637689,"var":0.053873475,"sum":11.702246189},"progress_timeout_value_msec":{"num":1763,"min":100.000000000,"max":100.000000000,"avg":100.000000000,"var":0.000000000,"sum":176300.000000000},"progress_without_timeout":{"num":0,"min":0.000000000,"max":0.000000000,"avg":0.000000000,"var":0.000000000,"sum":0.000000000},"trigger":{"num":1758,"min":0.000000238,"max":0.000009060,"avg":0.000000304,"var":0.000000000,"sum":0.000535250}},"rpcs":{"65535:65535:7940397281847607295:2":{"rpc_id":7940397281847607295,"provider_id":2,"parent_rpc_id":65535,"parent_provider_id":65535,"name":"__identity__","origin":{"sent to ofi+cxi://0x06a6000d":{"iforward":{"duration":{"num":1,"min":0.000082493,"max":0.000082493,"avg":0.000082493,"var":0.000000000,"sum":0.000082493},"relative_timestamp_from_create":{"num":1,"min":0.000003099,"max":0.000003099,"avg":0.000003099,"var":0.000000000,"sum":0.000003099}},"forward_cb":{"duration":{"num":1,"min":0.000003099,"max":0.000003099,"avg":0.000003099,"var":0.000000000,"sum":0.000003099},"relative_timestamp_from_iforward_start":{"num":1,"min":0.001784801,"max":0.001784801,"avg":0.001784801,"var":0.000000000,"sum":0.001784801}},"iforward_wait":{"duration":{"num":1,"min":0.001713276,"max":0.001713276,"avg":0.001713276,"var":0.000000000,"sum":0.001713276},"relative_timestamp_from_iforward_end":{"num":1,"min":0.000000238,"max":0.000000238,"avg":0.000000238,"var":0.000000000,"sum":0.000000238}},"set_input":{"duration":{"num":0,"min":0.000000000,"max":0.000000000,"avg":0.000000000,"var":0.000000000,"sum":0.000000000},"relative_timestamp_from_iforward_start":{"num":0,"min":0.000000000,"max":0.000000000,"avg":0.000000000,"var":0.000000000,"sum":0.000000000}},"get_output":{"duration":{"num":1,"min":0.000048161,"max":0.000048161,"avg":0.000048161,"var":0.000000000,"sum":0.000048161},"relative_timestamp_from_wait_end":{"num":1,"min":0.000001907,"max":0.000001907,"avg":0.000001907,"var":0.000000000,"sum":0.000001907}}}}},"65535:65535:9722976651498815487:2":{"rpc_id":9722976651498815487,"provider_id":2,"parent_rpc_id":65535,"parent_provider_id":65535,"name":"flock_get_view","origin":{"sent to ofi+cxi://0x06a6000d":{"iforward":{"duration":{"num":2,"min":0.000014544,"max":0.000049353,"avg":0.000031948,"var":0.000000001,"sum":0.000063896},"relative_timestamp_from_create":{"num":2,"min":0.000000238,"max":0.000002384,"avg":0.000001311,"var":0.000000000,"sum":0.000002623}},"forward_cb":{"duration":{"num":2,"min":0.000000238,"max":0.000000238,"avg":0.000000238,"var":0.000000000,"sum":0.000000477},"relative_timestamp_from_iforward_start":{"num":2,"min":0.015325785,"max":0.055512190,"avg":0.035418987,"var":0.000807474,"sum":0.070837975}},"iforward_wait":{"duration":{"num":2,"min":0.015275717,"max":0.055498123,"avg":0.035386920,"var":0.000808921,"sum":0.070773840},"relative_timestamp_from_iforward_end":{"num":2,"min":0.000000238,"max":0.000001907,"avg":0.000001073,"var":0.000000000,"sum":0.000002146}},"set_input":{"duration":{"num":2,"min":0.000000000,"max":0.000000715,"avg":0.000000358,"var":0.000000000,"sum":0.000000715},"relative_timestamp_from_iforward_start":{"num":2,"min":0.000002384,"max":0.000014782,"avg":0.000008583,"var":0.000000000,"sum":0.000017166}},"get_output":{"duration":{"num":2,"min":0.000000477,"max":0.000067711,"avg":0.000034094,"var":0.000000002,"sum":0.000068188},"relative_timestamp_from_wait_end":{"num":2,"min":0.000000238,"max":0.000001907,"avg":0.000001073,"var":0.000000000,"sum":0.000002146}}}}},"65535:65535:3669993900245843967:1":{"rpc_id":3669993900245843967,"provider_id":1,"parent_rpc_id":65535,"parent_provider_id":65535,"name":"qtn_work_rpc","origin":{"sent to ofi+cxi://0x06a7a212":{"iforward":{"duration":{"num":1754,"min":0.000001431,"max":0.000033617,"avg":0.000001857,"var":0.000000005,"sum":0.003257275},"relative_timestamp_from_create":{"num":1754,"min":0.000002384,"max":0.001329660,"avg":0.000003645,"var":0.000001760,"sum":0.006394148}},"forward_cb":{"duration":{"num":1754,"min":0.000000000,"max":0.000001192,"avg":0.000000137,"var":0.000000000,"sum":0.000240326},"relative_timestamp_from_iforward_start":{"num":1754,"min":0.000451326,"max":0.041900396,"avg":0.006575861,"var":0.042405178,"sum":11.534060240}},"iforward_wait":{"duration":{"num":1754,"min":0.000437021,"max":0.041898966,"avg":0.006574352,"var":0.042409101,"sum":11.531412601},"relative_timestamp_from_iforward_end":{"num":1754,"min":0.000000000,"max":0.000013113,"avg":0.000000247,"var":0.000000000,"sum":0.000432968}},"set_input":{"duration":{"num":1754,"min":0.000000000,"max":0.000004292,"avg":0.000000130,"var":0.000000000,"sum":0.000228882},"relative_timestamp_from_iforward_start":{"num":1754,"min":0.000000477,"max":0.000006676,"avg":0.000000732,"var":0.000000000,"sum":0.001284361}},"get_output":{"duration":{"num":1754,"min":0.000000000,"max":0.000000238,"avg":0.000000088,"var":0.000000000,"sum":0.000153780},"relative_timestamp_from_wait_end":{"num":1754,"min":0.000000000,"max":0.000002861,"avg":0.000000160,"var":0.000000000,"sum":0.000280619}}}}},"65535:65535:65535:65535":{"rpc_id":65535,"provider_id":65535,"parent_rpc_id":65535,"parent_provider_id":65535,"name":"","target":{"received from <unknown>":{"bulk":{"create":{"duration":{"num":1754,"min":0.000002384,"max":0.001321316,"avg":0.000003432,"var":0.000001738,"sum":0.006020546},"size":{"num":1754,"min":4194304.000000000,"max":4194304.000000000,"avg":4194304.000000000,"var":0.000000000,"sum":7356809216.000000000}}}}}}}}