{"address":"","progress_loop":{"progress_with_timeout":{"num":55270,"min":0.000000715,"max":0.101868629,"avg":0.000095248,"var":0.025255951,"sum":5.264352560},"progress_timeout_value_msec":{"num":55270,"min":100.000000000,"max":100.000000000,"avg":100.000000000,"var":0.000000000,"sum":5527000.000000000},"progress_without_timeout":{"num":0,"min":0.000000000,"max":0.000000000,"avg":0.000000000,"var":0.000000000,"sum":0.000000000},"trigger":{"num":54897,"min":0.000000238,"max":0.000008345,"avg":0.000000286,"var":0.000000001,"sum":0.015689611}},"rpcs":{"65535:65535:7940397281847607295:2":{"rpc_id":7940397281847607295,"provider_id":2,"parent_rpc_id":65535,"parent_provider_id":65535,"name":"__identity__","origin":{"sent to ofi+cxi://0x06a6000d":{"iforward":{"duration":{"num":1,"min":0.001098633,"max":0.001098633,"avg":0.001098633,"var":0.000000000,"sum":0.001098633},"relative_timestamp_from_create":{"num":1,"min":0.000003576,"max":0.000003576,"avg":0.000003576,"var":0.000000000,"sum":0.000003576}},"forward_cb":{"duration":{"num":1,"min":0.000002146,"max":0.000002146,"avg":0.000002146,"var":0.000000000,"sum":0.000002146},"relative_timestamp_from_iforward_start":{"num":1,"min":0.039973497,"max":0.039973497,"avg":0.039973497,"var":0.000000000,"sum":0.039973497}},"iforward_wait":{"duration":{"num":1,"min":0.038882256,"max":0.038882256,"avg":0.038882256,"var":0.000000000,"sum":0.038882256},"relative_timestamp_from_iforward_end":{"num":1,"min":0.000000477,"max":0.000000477,"avg":0.000000477,"var":0.000000000,"sum":0.000000477}},"set_input":{"duration":{"num":0,"min":0.000000000,"max":0.000000000,"avg":0.000000000,"var":0.000000000,"sum":0.000000000},"relative_timestamp_from_iforward_start":{"num":0,"min":0.000000000,"max":0.000000000,"avg":0.000000000,"var":0.000000000,"sum":0.000000000}},"get_output":{"duration":{"num":1,"min":0.000015736,"max":0.000015736,"avg":0.000015736,"var":0.000000000,"sum":0.000015736},"relative_timestamp_from_wait_end":{"num":1,"min":0.000001431,"max":0.000001431,"avg":0.000001431,"var":0.000000000,"sum":0.000001431}}}}},"65535:65535:9722976651498815487:2":{"rpc_id":9722976651498815487,"provider_id":2,"parent_rpc_id":65535,"parent_provider_id":65535,"name":"flock_get_view","origin":{"sent to ofi+cxi://0x06a6000d":{"iforward":{"duration":{"num":2,"min":0.000018835,"max":0.000041723,"avg":0.000030279,"var":0.000000000,"sum":0.000060558},"relative_timestamp_from_create":{"num":2,"min":0.000001431,"max":0.000002384,"avg":0.000001907,"var":0.000000000,"sum":0.000003815}},"forward_cb":{"duration":{"num":2,"min":0.000000000,"max":0.000001192,"avg":0.000000596,"var":0.000000000,"sum":0.000001192},"relative_timestamp_from_iforward_start":{"num":2,"min":0.052699804,"max":0.109482765,"avg":0.081091285,"var":0.001612152,"sum":0.162182570}},"iforward_wait":{"duration":{"num":2,"min":0.052681446,"max":0.109443188,"avg":0.081062317,"var":0.001610948,"sum":0.162124634},"relative_timestamp_from_iforward_end":{"num":2,"min":0.000000238,"max":0.000001431,"avg":0.000000834,"var":0.000000000,"sum":0.000001669}},"set_input":{"duration":{"num":2,"min":0.000000238,"max":0.000000238,"avg":0.000000238,"var":0.000000000,"sum":0.000000477},"relative_timestamp_from_iforward_start":{"num":2,"min":0.000006199,"max":0.000016451,"avg":0.000011325,"var":0.000000000,"sum":0.000022650}},"get_output":{"duration":{"num":2,"min":0.000000477,"max":0.000066519,"avg":0.000033498,"var":0.000000002,"sum":0.000066996},"relative_timestamp_from_wait_end":{"num":2,"min":0.000000238,"max":0.000002146,"avg":0.000001192,"var":0.000000000,"sum":0.000002384}}}}},"65535:65535:3669993900245843967:1":{"rpc_id":3669993900245843967,"provider_id":1,"parent_rpc_id":65535,"parent_provider_id":65535,"name":"qtn_work_rpc","origin":{"sent to ofi+cxi://0x06a64015":{"iforward":{"duration":{"num":54893,"min":0.000001192,"max":0.000034332,"avg":0.000001572,"var":0.000000006,"sum":0.086298227},"relative_timestamp_from_create":{"num":54893,"min":0.000000000,"max":0.000002146,"avg":0.000000076,"var":0.000000001,"sum":0.004153728}},"forward_cb":{"duration":{"num":54893,"min":0.000000000,"max":0.000004053,"avg":0.000000127,"var":0.000000001,"sum":0.006978989},"relative_timestamp_from_iforward_start":{"num":54893,"min":0.000008345,"max":0.000641108,"avg":0.000092542,"var":0.000364317,"sum":5.079917431}},"iforward_wait":{"duration":{"num":54893,"min":0.000007153,"max":0.000639915,"avg":0.000091362,"var":0.000364007,"sum":5.015115499},"relative_timestamp_from_iforward_end":{"num":54893,"min":0.000000000,"max":0.000003099,"avg":0.000000179,"var":0.000000001,"sum":0.009799957}},"set_input":{"duration":{"num":54893,"min":0.000000000,"max":0.000002146,"avg":0.000000081,"var":0.000000001,"sum":0.004471779},"relative_timestamp_from_iforward_start":{"num":54893,"min":0.000000477,"max":0.000006676,"avg":0.000000705,"var":0.000000000,"sum":0.038708925}},"get_output":{"duration":{"num":54893,"min":0.000000000,"max":0.000001907,"avg":0.000000093,"var":0.000000001,"sum":0.005080938},"relative_timestamp_from_wait_end":{"num":54893,"min":0.000000000,"max":0.000002861,"avg":0.000000162,"var":0.000000001,"sum":0.008903503}}}}}}}