{"address":"","progress_loop":{"progress_with_timeout":{"num":1768,"min":0.000002623,"max":0.101262093,"avg":0.006526990,"var":0.030990377,"sum":11.539717913},"progress_timeout_value_msec":{"num":1768,"min":100.000000000,"max":100.000000000,"avg":100.000000000,"var":0.000000000,"sum":176800.000000000},"progress_without_timeout":{"num":0,"min":0.000000000,"max":0.000000000,"avg":0.000000000,"var":0.000000000,"sum":0.000000000},"trigger":{"num":1762,"min":0.000000238,"max":0.000009298,"avg":0.000000305,"var":0.000000000,"sum":0.000536919}},"rpcs":{"65535:65535:7940397281847607295:2":{"rpc_id":7940397281847607295,"provider_id":2,"parent_rpc_id":65535,"parent_provider_id":65535,"name":"__identity__","origin":{"sent to ofi+cxi://0x06a6000d":{"iforward":{"duration":{"num":1,"min":0.000082970,"max":0.000082970,"avg":0.000082970,"var":0.000000000,"sum":0.000082970},"relative_timestamp_from_create":{"num":1,"min":0.000009298,"max":0.000009298,"avg":0.000009298,"var":0.000000000,"sum":0.000009298}},"forward_cb":{"duration":{"num":1,"min":0.000002623,"max":0.000002623,"avg":0.000002623,"var":0.000000000,"sum":0.000002623},"relative_timestamp_from_iforward_start":{"num":1,"min":0.015728712,"max":0.015728712,"avg":0.015728712,"var":0.000000000,"sum":0.015728712}},"iforward_wait":{"duration":{"num":1,"min":0.015654564,"max":0.015654564,"avg":0.015654564,"var":0.000000000,"sum":0.015654564},"relative_timestamp_from_iforward_end":{"num":1,"min":0.000000238,"max":0.000000238,"avg":0.000000238,"var":0.000000000,"sum":0.000000238}},"set_input":{"duration":{"num":0,"min":0.000000000,"max":0.000000000,"avg":0.000000000,"var":0.000000000,"sum":0.000000000},"relative_timestamp_from_iforward_start":{"num":0,"min":0.000000000,"max":0.000000000,"avg":0.000000000,"var":0.000000000,"sum":0.000000000}},"get_output":{"duration":{"num":1,"min":0.000016689,"max":0.000016689,"avg":0.000016689,"var":0.000000000,"sum":0.000016689},"relative_timestamp_from_wait_end":{"num":1,"min":0.000001907,"max":0.000001907,"avg":0.000001907,"var":0.000000000,"sum":0.000001907}}}}},"65535:65535:9722976651498815487:2":{"rpc_id":9722976651498815487,"provider_id":2,"parent_rpc_id":65535,"parent_provider_id":65535,"name":"flock_get_view","origin":{"sent to ofi+cxi://0x06a6000d":{"iforward":{"duration":{"num":2,"min":0.000019789,"max":0.000042677,"avg":0.000031233,"var":0.000000000,"sum":0.000062466},"relative_timestamp_from_create":{"num":2,"min":0.000000477,"max":0.000001431,"avg":0.000000954,"var":0.000000000,"sum":0.000001907}},"forward_cb":{"duration":{"num":2,"min":0.000000954,"max":0.000001192,"avg":0.000001073,"var":0.000000000,"sum":0.000002146},"relative_timestamp_from_iforward_start":{"num":2,"min":0.056778908,"max":0.078299046,"avg":0.067538977,"var":0.000231558,"sum":0.135077953}},"iforward_wait":{"duration":{"num":2,"min":0.056737661,"max":0.078283548,"avg":0.067510605,"var":0.000232113,"sum":0.135021210},"relative_timestamp_from_iforward_end":{"num":2,"min":0.000000477,"max":0.000001669,"avg":0.000001073,"var":0.000000000,"sum":0.000002146}},"set_input":{"duration":{"num":2,"min":0.000000238,"max":0.000000238,"avg":0.000000238,"var":0.000000000,"sum":0.000000477},"relative_timestamp_from_iforward_start":{"num":2,"min":0.000006437,"max":0.000012875,"avg":0.000009656,"var":0.000000000,"sum":0.000019312}},"get_output":{"duration":{"num":2,"min":0.000001431,"max":0.000057220,"avg":0.000029325,"var":0.000000002,"sum":0.000058651},"relative_timestamp_from_wait_end":{"num":2,"min":0.000001192,"max":0.000002146,"avg":0.000001669,"var":0.000000000,"sum":0.000003338}}}}},"65535:65535:3669993900245843967:1":{"rpc_id":3669993900245843967,"provider_id":1,"parent_rpc_id":65535,"parent_provider_id":65535,"name":"qtn_work_rpc","origin":{"sent to ofi+cxi://0x06a62415":{"iforward":{"duration":{"num":1758,"min":0.000001431,"max":0.000035524,"avg":0.000001785,"var":0.000000005,"sum":0.003137589},"relative_timestamp_from_create":{"num":1758,"min":0.000002384,"max":0.001557112,"avg":0.000003723,"var":0.000002415,"sum":0.006544352}},"forward_cb":{"duration":{"num":1758,"min":0.000000000,"max":0.000001192,"avg":0.000000131,"var":0.000000000,"sum":0.000230789},"relative_timestamp_from_iforward_start":{"num":1758,"min":0.000543594,"max":0.023324966,"avg":0.006423207,"var":0.013991677,"sum":11.291998148}},"iforward_wait":{"duration":{"num":1758,"min":0.000542402,"max":0.023324013,"avg":0.006421835,"var":0.013991798,"sum":11.289585352},"relative_timestamp_from_iforward_end":{"num":1758,"min":0.000000000,"max":0.000000715,"avg":0.000000175,"var":0.000000000,"sum":0.000307560}},"set_input":{"duration":{"num":1758,"min":0.000000000,"max":0.000004530,"avg":0.000000121,"var":0.000000000,"sum":0.000213385},"relative_timestamp_from_iforward_start":{"num":1758,"min":0.000000477,"max":0.000013828,"avg":0.000000725,"var":0.000000000,"sum":0.001275301}},"get_output":{"duration":{"num":1758,"min":0.000000000,"max":0.000000477,"avg":0.000000086,"var":0.000000000,"sum":0.000151873},"relative_timestamp_from_wait_end":{"num":1758,"min":0.000000000,"max":0.000004530,"avg":0.000000162,"var":0.000000000,"sum":0.000284195}}}}},"65535:65535:65535:65535":{"rpc_id":65535,"provider_id":65535,"parent_rpc_id":65535,"parent_provider_id":65535,"name":"","target":{"received from <unknown>":{"bulk":{"create":{"duration":{"num":1758,"min":0.000002146,"max":0.001552582,"avg":0.000003521,"var":0.000002401,"sum":0.006190777},"size":{"num":1758,"min":4194304.000000000,"max":4194304.000000000,"avg":4194304.000000000,"var":0.000000000,"sum":7373586432.000000000}}}}}}}}