{"address":"","progress_loop":{"progress_with_timeout":{"num":1793,"min":0.000001192,"max":0.102346420,"avg":0.006346477,"var":0.023250509,"sum":11.379232883},"progress_timeout_value_msec":{"num":1793,"min":100.000000000,"max":100.000000000,"avg":100.000000000,"var":0.000000000,"sum":179300.000000000},"progress_without_timeout":{"num":0,"min":0.000000000,"max":0.000000000,"avg":0.000000000,"var":0.000000000,"sum":0.000000000},"trigger":{"num":1787,"min":0.000000238,"max":0.000007153,"avg":0.000000289,"var":0.000000000,"sum":0.000516653}},"rpcs":{"65535:65535:7940397281847607295:2":{"rpc_id":7940397281847607295,"provider_id":2,"parent_rpc_id":65535,"parent_provider_id":65535,"name":"__identity__","origin":{"sent to ofi+cxi://0x06a6000d":{"iforward":{"duration":{"num":1,"min":0.002596140,"max":0.002596140,"avg":0.002596140,"var":0.000000000,"sum":0.002596140},"relative_timestamp_from_create":{"num":1,"min":0.000227451,"max":0.000227451,"avg":0.000227451,"var":0.000000000,"sum":0.000227451}},"forward_cb":{"duration":{"num":1,"min":0.000002384,"max":0.000002384,"avg":0.000002384,"var":0.000000000,"sum":0.000002384},"relative_timestamp_from_iforward_start":{"num":1,"min":0.026700020,"max":0.026700020,"avg":0.026700020,"var":0.000000000,"sum":0.026700020}},"iforward_wait":{"duration":{"num":1,"min":0.024112225,"max":0.024112225,"avg":0.024112225,"var":0.000000000,"sum":0.024112225},"relative_timestamp_from_iforward_end":{"num":1,"min":0.000000477,"max":0.000000477,"avg":0.000000477,"var":0.000000000,"sum":0.000000477}},"set_input":{"duration":{"num":0,"min":0.000000000,"max":0.000000000,"avg":0.000000000,"var":0.000000000,"sum":0.000000000},"relative_timestamp_from_iforward_start":{"num":0,"min":0.000000000,"max":0.000000000,"avg":0.000000000,"var":0.000000000,"sum":0.000000000}},"get_output":{"duration":{"num":1,"min":0.000016689,"max":0.000016689,"avg":0.000016689,"var":0.000000000,"sum":0.000016689},"relative_timestamp_from_wait_end":{"num":1,"min":0.000001669,"max":0.000001669,"avg":0.000001669,"var":0.000000000,"sum":0.000001669}}}}},"65535:65535:9722976651498815487:2":{"rpc_id":9722976651498815487,"provider_id":2,"parent_rpc_id":65535,"parent_provider_id":65535,"name":"flock_get_view","origin":{"sent to ofi+cxi://0x06a6000d":{"iforward":{"duration":{"num":2,"min":0.000012398,"max":0.000042677,"avg":0.000027537,"var":0.000000000,"sum":0.000055075},"relative_timestamp_from_create":{"num":2,"min":0.000000238,"max":0.000001669,"avg":0.000000954,"var":0.000000000,"sum":0.000001907}},"forward_cb":{"duration":{"num":2,"min":0.000000238,"max":0.000000238,"avg":0.000000238,"var":0.000000000,"sum":0.000000477},"relative_timestamp_from_iforward_start":{"num":2,"min":0.042933464,"max":0.098335743,"avg":0.070634604,"var":0.001534706,"sum":0.141269207}},"iforward_wait":{"duration":{"num":2,"min":0.042921543,"max":0.098292828,"avg":0.070607185,"var":0.001532990,"sum":0.141214371},"relative_timestamp_from_iforward_end":{"num":2,"min":0.000000238,"max":0.000001192,"avg":0.000000715,"var":0.000000000,"sum":0.000001431}},"set_input":{"duration":{"num":2,"min":0.000000238,"max":0.000000477,"avg":0.000000358,"var":0.000000000,"sum":0.000000715},"relative_timestamp_from_iforward_start":{"num":2,"min":0.000001431,"max":0.000013113,"avg":0.000007272,"var":0.000000000,"sum":0.000014544}},"get_output":{"duration":{"num":2,"min":0.000000477,"max":0.000055552,"avg":0.000028014,"var":0.000000002,"sum":0.000056028},"relative_timestamp_from_wait_end":{"num":2,"min":0.000000238,"max":0.000001192,"avg":0.000000715,"var":0.000000000,"sum":0.000001431}}}}},"65535:65535:3669993900245843967:1":{"rpc_id":3669993900245843967,"provider_id":1,"parent_rpc_id":65535,"parent_provider_id":65535,"name":"qtn_work_rpc","origin":{"sent to ofi+cxi://0x06a6c616":{"iforward":{"duration":{"num":1783,"min":0.000001431,"max":0.000022650,"avg":0.000001781,"var":0.000000003,"sum":0.003175259},"relative_timestamp_from_create":{"num":1783,"min":0.000002623,"max":0.001351357,"avg":0.000003651,"var":0.000001817,"sum":0.006509304}},"forward_cb":{"duration":{"num":1783,"min":0.000000000,"max":0.000001192,"avg":0.000000132,"var":0.000000000,"sum":0.000234842},"relative_timestamp_from_iforward_start":{"num":1783,"min":0.001259565,"max":0.025947571,"avg":0.006234376,"var":0.003676131,"sum":11.115891933}},"iforward_wait":{"duration":{"num":1783,"min":0.001258612,"max":0.025946379,"avg":0.006232982,"var":0.003676424,"sum":11.113407612},"relative_timestamp_from_iforward_end":{"num":1783,"min":0.000000000,"max":0.000000477,"avg":0.000000209,"var":0.000000000,"sum":0.000372410}},"set_input":{"duration":{"num":1783,"min":0.000000000,"max":0.000004530,"avg":0.000000119,"var":0.000000000,"sum":0.000212431},"relative_timestamp_from_iforward_start":{"num":1783,"min":0.000000477,"max":0.000006199,"avg":0.000000716,"var":0.000000000,"sum":0.001276493}},"get_output":{"duration":{"num":1783,"min":0.000000000,"max":0.000000477,"avg":0.000000087,"var":0.000000000,"sum":0.000155926},"relative_timestamp_from_wait_end":{"num":1783,"min":0.000000000,"max":0.000001192,"avg":0.000000162,"var":0.000000000,"sum":0.000289202}}}}},"65535:65535:65535:65535":{"rpc_id":65535,"provider_id":65535,"parent_rpc_id":65535,"parent_provider_id":65535,"name":"","target":{"received from <unknown>":{"bulk":{"create":{"duration":{"num":1783,"min":0.000002384,"max":0.001347542,"avg":0.000003440,"var":0.000001808,"sum":0.006134272},"size":{"num":1783,"min":4194304.000000000,"max":4194304.000000000,"avg":4194304.000000000,"var":0.000000000,"sum":7478444032.000000000}}}}}}}}