{"address":"","progress_loop":{"progress_with_timeout":{"num":32265,"min":0.000001192,"max":0.103445053,"avg":0.000165254,"var":0.025668388,"sum":5.331917763},"progress_timeout_value_msec":{"num":32265,"min":100.000000000,"max":100.000000000,"avg":100.000000000,"var":0.000000000,"sum":3226500.000000000},"progress_without_timeout":{"num":0,"min":0.000000000,"max":0.000000000,"avg":0.000000000,"var":0.000000000,"sum":0.000000000},"trigger":{"num":32129,"min":0.000000238,"max":0.000008583,"avg":0.000000282,"var":0.000000001,"sum":0.009076357}},"rpcs":{"65535:65535:7940397281847607295:2":{"rpc_id":7940397281847607295,"provider_id":2,"parent_rpc_id":65535,"parent_provider_id":65535,"name":"__identity__","origin":{"sent to ofi+cxi://0x06a6000d":{"iforward":{"duration":{"num":1,"min":0.000126362,"max":0.000126362,"avg":0.000126362,"var":0.000000000,"sum":0.000126362},"relative_timestamp_from_create":{"num":1,"min":0.000003576,"max":0.000003576,"avg":0.000003576,"var":0.000000000,"sum":0.000003576}},"forward_cb":{"duration":{"num":1,"min":0.000002146,"max":0.000002146,"avg":0.000002146,"var":0.000000000,"sum":0.000002146},"relative_timestamp_from_iforward_start":{"num":1,"min":0.039480925,"max":0.039480925,"avg":0.039480925,"var":0.000000000,"sum":0.039480925}},"iforward_wait":{"duration":{"num":1,"min":0.039361954,"max":0.039361954,"avg":0.039361954,"var":0.000000000,"sum":0.039361954},"relative_timestamp_from_iforward_end":{"num":1,"min":0.000000238,"max":0.000000238,"avg":0.000000238,"var":0.000000000,"sum":0.000000238}},"set_input":{"duration":{"num":0,"min":0.000000000,"max":0.000000000,"avg":0.000000000,"var":0.000000000,"sum":0.000000000},"relative_timestamp_from_iforward_start":{"num":0,"min":0.000000000,"max":0.000000000,"avg":0.000000000,"var":0.000000000,"sum":0.000000000}},"get_output":{"duration":{"num":1,"min":0.000014782,"max":0.000014782,"avg":0.000014782,"var":0.000000000,"sum":0.000014782},"relative_timestamp_from_wait_end":{"num":1,"min":0.000001431,"max":0.000001431,"avg":0.000001431,"var":0.000000000,"sum":0.000001431}}}}},"65535:65535:9722976651498815487:2":{"rpc_id":9722976651498815487,"provider_id":2,"parent_rpc_id":65535,"parent_provider_id":65535,"name":"flock_get_view","origin":{"sent to ofi+cxi://0x06a6000d":{"iforward":{"duration":{"num":2,"min":0.000019550,"max":0.000036955,"avg":0.000028253,"var":0.000000000,"sum":0.000056505},"relative_timestamp_from_create":{"num":2,"min":0.000000477,"max":0.000001192,"avg":0.000000834,"var":0.000000000,"sum":0.000001669}},"forward_cb":{"duration":{"num":2,"min":0.000001192,"max":0.000001192,"avg":0.000001192,"var":0.000000000,"sum":0.000002384},"relative_timestamp_from_iforward_start":{"num":2,"min":0.051007986,"max":0.111179829,"avg":0.081093907,"var":0.001810325,"sum":0.162187815}},"iforward_wait":{"duration":{"num":2,"min":0.050992250,"max":0.111144781,"avg":0.081068516,"var":0.001809163,"sum":0.162137032},"relative_timestamp_from_iforward_end":{"num":2,"min":0.000000477,"max":0.000001669,"avg":0.000001073,"var":0.000000000,"sum":0.000002146}},"set_input":{"duration":{"num":2,"min":0.000000238,"max":0.000000238,"avg":0.000000238,"var":0.000000000,"sum":0.000000477},"relative_timestamp_from_iforward_start":{"num":2,"min":0.000007629,"max":0.000011921,"avg":0.000009775,"var":0.000000000,"sum":0.000019550}},"get_output":{"duration":{"num":2,"min":0.000001192,"max":0.000079632,"avg":0.000040412,"var":0.000000003,"sum":0.000080824},"relative_timestamp_from_wait_end":{"num":2,"min":0.000001192,"max":0.000002146,"avg":0.000001669,"var":0.000000000,"sum":0.000003338}}}}},"65535:65535:3669993900245843967:1":{"rpc_id":3669993900245843967,"provider_id":1,"parent_rpc_id":65535,"parent_provider_id":65535,"name":"qtn_work_rpc","origin":{"sent to ofi+cxi://0x06a70018":{"iforward":{"duration":{"num":32125,"min":0.000001192,"max":0.000048161,"avg":0.000001545,"var":0.000000007,"sum":0.049625397},"relative_timestamp_from_create":{"num":32125,"min":0.000000000,"max":0.000001192,"avg":0.000000072,"var":0.000000000,"sum":0.002313614}},"forward_cb":{"duration":{"num":32125,"min":0.000000000,"max":0.000003815,"avg":0.000000127,"var":0.000000001,"sum":0.004070282},"relative_timestamp_from_iforward_start":{"num":32125,"min":0.000008583,"max":0.000766993,"avg":0.000158612,"var":0.000429952,"sum":5.095400572}},"iforward_wait":{"duration":{"num":32125,"min":0.000004053,"max":0.000765562,"avg":0.000157451,"var":0.000429897,"sum":5.058115721},"relative_timestamp_from_iforward_end":{"num":32125,"min":0.000000000,"max":0.000004768,"avg":0.000000179,"var":0.000000000,"sum":0.005737782}},"set_input":{"duration":{"num":32125,"min":0.000000000,"max":0.000003338,"avg":0.000000084,"var":0.000000000,"sum":0.002683640},"relative_timestamp_from_iforward_start":{"num":32125,"min":0.000000477,"max":0.000017881,"avg":0.000000692,"var":0.000000001,"sum":0.022227049}},"get_output":{"duration":{"num":32125,"min":0.000000000,"max":0.000001192,"avg":0.000000090,"var":0.000000000,"sum":0.002888441},"relative_timestamp_from_wait_end":{"num":32125,"min":0.000000000,"max":0.000015020,"avg":0.000000157,"var":0.000000001,"sum":0.005047321}}}}}}}