{"address":"","progress_loop":{"progress_with_timeout":{"num":1756,"min":0.000001431,"max":0.101327658,"avg":0.006575747,"var":0.025926819,"sum":11.547012568},"progress_timeout_value_msec":{"num":1756,"min":100.000000000,"max":100.000000000,"avg":100.000000000,"var":0.000000000,"sum":175600.000000000},"progress_without_timeout":{"num":0,"min":0.000000000,"max":0.000000000,"avg":0.000000000,"var":0.000000000,"sum":0.000000000},"trigger":{"num":1752,"min":0.000000238,"max":0.000007868,"avg":0.000000298,"var":0.000000000,"sum":0.000521421}},"rpcs":{"65535:65535:7940397281847607295:2":{"rpc_id":7940397281847607295,"provider_id":2,"parent_rpc_id":65535,"parent_provider_id":65535,"name":"__identity__","origin":{"sent to ofi+cxi://0x06a6000d":{"iforward":{"duration":{"num":1,"min":0.000136137,"max":0.000136137,"avg":0.000136137,"var":0.000000000,"sum":0.000136137},"relative_timestamp_from_create":{"num":1,"min":0.000005960,"max":0.000005960,"avg":0.000005960,"var":0.000000000,"sum":0.000005960}},"forward_cb":{"duration":{"num":1,"min":0.000002146,"max":0.000002146,"avg":0.000002146,"var":0.000000000,"sum":0.000002146},"relative_timestamp_from_iforward_start":{"num":1,"min":0.001606703,"max":0.001606703,"avg":0.001606703,"var":0.000000000,"sum":0.001606703}},"iforward_wait":{"duration":{"num":1,"min":0.001478434,"max":0.001478434,"avg":0.001478434,"var":0.000000000,"sum":0.001478434},"relative_timestamp_from_iforward_end":{"num":1,"min":0.000000477,"max":0.000000477,"avg":0.000000477,"var":0.000000000,"sum":0.000000477}},"set_input":{"duration":{"num":0,"min":0.000000000,"max":0.000000000,"avg":0.000000000,"var":0.000000000,"sum":0.000000000},"relative_timestamp_from_iforward_start":{"num":0,"min":0.000000000,"max":0.000000000,"avg":0.000000000,"var":0.000000000,"sum":0.000000000}},"get_output":{"duration":{"num":1,"min":0.000053167,"max":0.000053167,"avg":0.000053167,"var":0.000000000,"sum":0.000053167},"relative_timestamp_from_wait_end":{"num":1,"min":0.000001669,"max":0.000001669,"avg":0.000001669,"var":0.000000000,"sum":0.000001669}}}}},"65535:65535:9722976651498815487:2":{"rpc_id":9722976651498815487,"provider_id":2,"parent_rpc_id":65535,"parent_provider_id":65535,"name":"flock_get_view","origin":{"sent to ofi+cxi://0x06a6000d":{"iforward":{"duration":{"num":2,"min":0.000015020,"max":0.000051975,"avg":0.000033498,"var":0.000000001,"sum":0.000066996},"relative_timestamp_from_create":{"num":2,"min":0.000001431,"max":0.000002146,"avg":0.000001788,"var":0.000000000,"sum":0.000003576}},"forward_cb":{"duration":{"num":2,"min":0.000000000,"max":0.000000238,"avg":0.000000119,"var":0.000000000,"sum":0.000000238},"relative_timestamp_from_iforward_start":{"num":2,"min":0.011323214,"max":0.047965050,"avg":0.029644132,"var":0.000671312,"sum":0.059288263}},"iforward_wait":{"duration":{"num":2,"min":0.011270285,"max":0.047950506,"avg":0.029610395,"var":0.000672719,"sum":0.059220791},"relative_timestamp_from_iforward_end":{"num":2,"min":0.000000238,"max":0.000001907,"avg":0.000001073,"var":0.000000000,"sum":0.000002146}},"set_input":{"duration":{"num":2,"min":0.000000000,"max":0.000000238,"avg":0.000000119,"var":0.000000000,"sum":0.000000238},"relative_timestamp_from_iforward_start":{"num":2,"min":0.000004053,"max":0.000022411,"avg":0.000013232,"var":0.000000000,"sum":0.000026464}},"get_output":{"duration":{"num":2,"min":0.000000238,"max":0.000065088,"avg":0.000032663,"var":0.000000002,"sum":0.000065327},"relative_timestamp_from_wait_end":{"num":2,"min":0.000000477,"max":0.000001431,"avg":0.000000954,"var":0.000000000,"sum":0.000001907}}}}},"65535:65535:3669993900245843967:1":{"rpc_id":3669993900245843967,"provider_id":1,"parent_rpc_id":65535,"parent_provider_id":65535,"name":"qtn_work_rpc","origin":{"sent to ofi+cxi://0x06a6c40d":{"iforward":{"duration":{"num":1748,"min":0.000001431,"max":0.000027657,"avg":0.000001873,"var":0.000000004,"sum":0.003273964},"relative_timestamp_from_create":{"num":1748,"min":0.000002384,"max":0.001342058,"avg":0.000003684,"var":0.000001793,"sum":0.006439924}},"forward_cb":{"duration":{"num":1748,"min":0.000000000,"max":0.000001192,"avg":0.000000138,"var":0.000000000,"sum":0.000241041},"relative_timestamp_from_iforward_start":{"num":1748,"min":0.000453234,"max":0.024115086,"avg":0.006515701,"var":0.015005915,"sum":11.389445305}},"iforward_wait":{"duration":{"num":1748,"min":0.000443697,"max":0.024114132,"avg":0.006514197,"var":0.015009239,"sum":11.386815786},"relative_timestamp_from_iforward_end":{"num":1748,"min":0.000000000,"max":0.000001192,"avg":0.000000240,"var":0.000000000,"sum":0.000419855}},"set_input":{"duration":{"num":1748,"min":0.000000000,"max":0.000004530,"avg":0.000000131,"var":0.000000000,"sum":0.000229359},"relative_timestamp_from_iforward_start":{"num":1748,"min":0.000000477,"max":0.000010252,"avg":0.000000750,"var":0.000000000,"sum":0.001310587}},"get_output":{"duration":{"num":1748,"min":0.000000000,"max":0.000000477,"avg":0.000000090,"var":0.000000000,"sum":0.000158072},"relative_timestamp_from_wait_end":{"num":1748,"min":0.000000000,"max":0.000001907,"avg":0.000000155,"var":0.000000000,"sum":0.000271559}}}}},"65535:65535:65535:65535":{"rpc_id":65535,"provider_id":65535,"parent_rpc_id":65535,"parent_provider_id":65535,"name":"","target":{"received from <unknown>":{"bulk":{"create":{"duration":{"num":1748,"min":0.000002384,"max":0.001337767,"avg":0.000003460,"var":0.000001782,"sum":0.006047487},"size":{"num":1748,"min":4194304.000000000,"max":4194304.000000000,"avg":4194304.000000000,"var":0.000000000,"sum":7331643392.000000000}}}}}}}}