{"address":"","progress_loop":{"progress_with_timeout":{"num":34676,"min":0.000000954,"max":0.103456259,"avg":0.000153704,"var":0.025357865,"sum":5.329824209},"progress_timeout_value_msec":{"num":34676,"min":100.000000000,"max":100.000000000,"avg":100.000000000,"var":0.000000000,"sum":3467600.000000000},"progress_without_timeout":{"num":0,"min":0.000000000,"max":0.000000000,"avg":0.000000000,"var":0.000000000,"sum":0.000000000},"trigger":{"num":34539,"min":0.000000238,"max":0.000009537,"avg":0.000000275,"var":0.000000001,"sum":0.009493113}},"rpcs":{"65535:65535:7940397281847607295:2":{"rpc_id":7940397281847607295,"provider_id":2,"parent_rpc_id":65535,"parent_provider_id":65535,"name":"__identity__","origin":{"sent to ofi+cxi://0x06a6000d":{"iforward":{"duration":{"num":1,"min":0.001048565,"max":0.001048565,"avg":0.001048565,"var":0.000000000,"sum":0.001048565},"relative_timestamp_from_create":{"num":1,"min":0.000006199,"max":0.000006199,"avg":0.000006199,"var":0.000000000,"sum":0.000006199}},"forward_cb":{"duration":{"num":1,"min":0.000002384,"max":0.000002384,"avg":0.000002384,"var":0.000000000,"sum":0.000002384},"relative_timestamp_from_iforward_start":{"num":1,"min":0.050182104,"max":0.050182104,"avg":0.050182104,"var":0.000000000,"sum":0.050182104}},"iforward_wait":{"duration":{"num":1,"min":0.049141169,"max":0.049141169,"avg":0.049141169,"var":0.000000000,"sum":0.049141169},"relative_timestamp_from_iforward_end":{"num":1,"min":0.000001669,"max":0.000001669,"avg":0.000001669,"var":0.000000000,"sum":0.000001669}},"set_input":{"duration":{"num":0,"min":0.000000000,"max":0.000000000,"avg":0.000000000,"var":0.000000000,"sum":0.000000000},"relative_timestamp_from_iforward_start":{"num":0,"min":0.000000000,"max":0.000000000,"avg":0.000000000,"var":0.000000000,"sum":0.000000000}},"get_output":{"duration":{"num":1,"min":0.000018358,"max":0.000018358,"avg":0.000018358,"var":0.000000000,"sum":0.000018358},"relative_timestamp_from_wait_end":{"num":1,"min":0.000001669,"max":0.000001669,"avg":0.000001669,"var":0.000000000,"sum":0.000001669}}}}},"65535:65535:9722976651498815487:2":{"rpc_id":9722976651498815487,"provider_id":2,"parent_rpc_id":65535,"parent_provider_id":65535,"name":"flock_get_view","origin":{"sent to ofi+cxi://0x06a6000d":{"iforward":{"duration":{"num":2,"min":0.000020027,"max":0.000049114,"avg":0.000034571,"var":0.000000000,"sum":0.000069141},"relative_timestamp_from_create":{"num":2,"min":0.000000477,"max":0.000002146,"avg":0.000001311,"var":0.000000000,"sum":0.000002623}},"forward_cb":{"duration":{"num":2,"min":0.000000238,"max":0.000001192,"avg":0.000000715,"var":0.000000000,"sum":0.000001431},"relative_timestamp_from_iforward_start":{"num":2,"min":0.036998749,"max":0.118764877,"avg":0.077881813,"var":0.003342850,"sum":0.155763626}},"iforward_wait":{"duration":{"num":2,"min":0.036979198,"max":0.118717432,"avg":0.077848315,"var":0.003340569,"sum":0.155696630},"relative_timestamp_from_iforward_end":{"num":2,"min":0.000000477,"max":0.000001669,"avg":0.000001073,"var":0.000000000,"sum":0.000002146}},"set_input":{"duration":{"num":2,"min":0.000000238,"max":0.000000238,"avg":0.000000238,"var":0.000000000,"sum":0.000000477},"relative_timestamp_from_iforward_start":{"num":2,"min":0.000006676,"max":0.000013590,"avg":0.000010133,"var":0.000000000,"sum":0.000020266}},"get_output":{"duration":{"num":2,"min":0.000000715,"max":0.000055790,"avg":0.000028253,"var":0.000000002,"sum":0.000056505},"relative_timestamp_from_wait_end":{"num":2,"min":0.000000238,"max":0.000002146,"avg":0.000001192,"var":0.000000000,"sum":0.000002384}}}}},"65535:65535:3669993900245843967:1":{"rpc_id":3669993900245843967,"provider_id":1,"parent_rpc_id":65535,"parent_provider_id":65535,"name":"qtn_work_rpc","origin":{"sent to ofi+cxi://0x06a7040e":{"iforward":{"duration":{"num":34535,"min":0.000001192,"max":0.000036001,"avg":0.000001566,"var":0.000000005,"sum":0.054080725},"relative_timestamp_from_create":{"num":34535,"min":0.000000000,"max":0.000002861,"avg":0.000000072,"var":0.000000000,"sum":0.002500296}},"forward_cb":{"duration":{"num":34535,"min":0.000000000,"max":0.000006199,"avg":0.000000125,"var":0.000000001,"sum":0.004302025},"relative_timestamp_from_iforward_start":{"num":34535,"min":0.000008583,"max":0.001716852,"avg":0.000147545,"var":0.000581083,"sum":5.095457554}},"iforward_wait":{"duration":{"num":34535,"min":0.000002384,"max":0.001715183,"avg":0.000146351,"var":0.000580985,"sum":5.054224014},"relative_timestamp_from_iforward_end":{"num":34535,"min":0.000000000,"max":0.000005960,"avg":0.000000186,"var":0.000000000,"sum":0.006428242}},"set_input":{"duration":{"num":34535,"min":0.000000000,"max":0.000004053,"avg":0.000000077,"var":0.000000000,"sum":0.002655268},"relative_timestamp_from_iforward_start":{"num":34535,"min":0.000000477,"max":0.000010252,"avg":0.000000705,"var":0.000000001,"sum":0.024339676}},"get_output":{"duration":{"num":34535,"min":0.000000000,"max":0.000003576,"avg":0.000000089,"var":0.000000001,"sum":0.003090858},"relative_timestamp_from_wait_end":{"num":34535,"min":0.000000000,"max":0.000011683,"avg":0.000000156,"var":0.000000001,"sum":0.005391359}}}}}}}