{"address":"","progress_loop":{"progress_with_timeout":{"num":25137,"min":0.000000954,"max":0.103092432,"avg":0.000213419,"var":0.025884173,"sum":5.364717484},"progress_timeout_value_msec":{"num":25137,"min":100.000000000,"max":100.000000000,"avg":100.000000000,"var":0.000000000,"sum":2513700.000000000},"progress_without_timeout":{"num":0,"min":0.000000000,"max":0.000000000,"avg":0.000000000,"var":0.000000000,"sum":0.000000000},"trigger":{"num":25040,"min":0.000000238,"max":0.000008106,"avg":0.000000277,"var":0.000000000,"sum":0.006927252}},"rpcs":{"65535:65535:7940397281847607295:2":{"rpc_id":7940397281847607295,"provider_id":2,"parent_rpc_id":65535,"parent_provider_id":65535,"name":"__identity__","origin":{"sent to ofi+cxi://0x06a6000d":{"iforward":{"duration":{"num":1,"min":0.003170013,"max":0.003170013,"avg":0.003170013,"var":0.000000000,"sum":0.003170013},"relative_timestamp_from_create":{"num":1,"min":0.000006914,"max":0.000006914,"avg":0.000006914,"var":0.000000000,"sum":0.000006914}},"forward_cb":{"duration":{"num":1,"min":0.000002146,"max":0.000002146,"avg":0.000002146,"var":0.000000000,"sum":0.000002146},"relative_timestamp_from_iforward_start":{"num":1,"min":0.048710823,"max":0.048710823,"avg":0.048710823,"var":0.000000000,"sum":0.048710823}},"iforward_wait":{"duration":{"num":1,"min":0.045548201,"max":0.045548201,"avg":0.045548201,"var":0.000000000,"sum":0.045548201},"relative_timestamp_from_iforward_end":{"num":1,"min":0.000000238,"max":0.000000238,"avg":0.000000238,"var":0.000000000,"sum":0.000000238}},"set_input":{"duration":{"num":0,"min":0.000000000,"max":0.000000000,"avg":0.000000000,"var":0.000000000,"sum":0.000000000},"relative_timestamp_from_iforward_start":{"num":0,"min":0.000000000,"max":0.000000000,"avg":0.000000000,"var":0.000000000,"sum":0.000000000}},"get_output":{"duration":{"num":1,"min":0.000014782,"max":0.000014782,"avg":0.000014782,"var":0.000000000,"sum":0.000014782},"relative_timestamp_from_wait_end":{"num":1,"min":0.000001669,"max":0.000001669,"avg":0.000001669,"var":0.000000000,"sum":0.000001669}}}}},"65535:65535:9722976651498815487:2":{"rpc_id":9722976651498815487,"provider_id":2,"parent_rpc_id":65535,"parent_provider_id":65535,"name":"flock_get_view","origin":{"sent to ofi+cxi://0x06a6000d":{"iforward":{"duration":{"num":2,"min":0.000018120,"max":0.000039577,"avg":0.000028849,"var":0.000000000,"sum":0.000057697},"relative_timestamp_from_create":{"num":2,"min":0.000000477,"max":0.000001907,"avg":0.000001192,"var":0.000000000,"sum":0.000002384}},"forward_cb":{"duration":{"num":2,"min":0.000000954,"max":0.000001192,"avg":0.000001073,"var":0.000000000,"sum":0.000002146},"relative_timestamp_from_iforward_start":{"num":2,"min":0.043023109,"max":0.114998341,"avg":0.079010725,"var":0.002590217,"sum":0.158021450}},"iforward_wait":{"duration":{"num":2,"min":0.043009281,"max":0.114960670,"avg":0.078984976,"var":0.002588501,"sum":0.157969952},"relative_timestamp_from_iforward_end":{"num":2,"min":0.000000477,"max":0.000001431,"avg":0.000000954,"var":0.000000000,"sum":0.000001907}},"set_input":{"duration":{"num":2,"min":0.000000238,"max":0.000000238,"avg":0.000000238,"var":0.000000000,"sum":0.000000477},"relative_timestamp_from_iforward_start":{"num":2,"min":0.000005960,"max":0.000011206,"avg":0.000008583,"var":0.000000000,"sum":0.000017166}},"get_output":{"duration":{"num":2,"min":0.000001669,"max":0.000055552,"avg":0.000028610,"var":0.000000001,"sum":0.000057220},"relative_timestamp_from_wait_end":{"num":2,"min":0.000001431,"max":0.000002146,"avg":0.000001788,"var":0.000000000,"sum":0.000003576}}}}},"65535:65535:3669993900245843967:1":{"rpc_id":3669993900245843967,"provider_id":1,"parent_rpc_id":65535,"parent_provider_id":65535,"name":"qtn_work_rpc","origin":{"sent to ofi+cxi://0x06a78213":{"iforward":{"duration":{"num":25036,"min":0.000001431,"max":0.000046015,"avg":0.000001565,"var":0.000000006,"sum":0.039188623},"relative_timestamp_from_create":{"num":25036,"min":0.000000000,"max":0.000002146,"avg":0.000000073,"var":0.000000000,"sum":0.001831770}},"forward_cb":{"duration":{"num":25036,"min":0.000000000,"max":0.000003338,"avg":0.000000127,"var":0.000000000,"sum":0.003174067},"relative_timestamp_from_iforward_start":{"num":25036,"min":0.000008345,"max":0.001035452,"avg":0.000204199,"var":0.000828981,"sum":5.112338543}},"iforward_wait":{"duration":{"num":25036,"min":0.000005722,"max":0.001034975,"avg":0.000203036,"var":0.000828974,"sum":5.083197355},"relative_timestamp_from_iforward_end":{"num":25036,"min":0.000000000,"max":0.000004053,"avg":0.000000185,"var":0.000000000,"sum":0.004637480}},"set_input":{"duration":{"num":25036,"min":0.000000000,"max":0.000002384,"avg":0.000000072,"var":0.000000000,"sum":0.001799107},"relative_timestamp_from_iforward_start":{"num":25036,"min":0.000000477,"max":0.000011921,"avg":0.000000715,"var":0.000000000,"sum":0.017890692}},"get_output":{"duration":{"num":25036,"min":0.000000000,"max":0.000001192,"avg":0.000000090,"var":0.000000000,"sum":0.002250910},"relative_timestamp_from_wait_end":{"num":25036,"min":0.000000000,"max":0.000003576,"avg":0.000000157,"var":0.000000000,"sum":0.003929138}}}}}}}