{"address":"","progress_loop":{"progress_with_timeout":{"num":1734,"min":0.000002146,"max":0.102357149,"avg":0.007051352,"var":0.036221140,"sum":12.227043867},"progress_timeout_value_msec":{"num":1734,"min":100.000000000,"max":100.000000000,"avg":100.000000000,"var":0.000000000,"sum":173400.000000000},"progress_without_timeout":{"num":0,"min":0.000000000,"max":0.000000000,"avg":0.000000000,"var":0.000000000,"sum":0.000000000},"trigger":{"num":1726,"min":0.000000238,"max":0.000008345,"avg":0.000000298,"var":0.000000000,"sum":0.000514269}},"rpcs":{"65535:65535:7940397281847607295:2":{"rpc_id":7940397281847607295,"provider_id":2,"parent_rpc_id":65535,"parent_provider_id":65535,"name":"__identity__","origin":{"sent to ofi+cxi://0x06a6000d":{"iforward":{"duration":{"num":1,"min":0.000490427,"max":0.000490427,"avg":0.000490427,"var":0.000000000,"sum":0.000490427},"relative_timestamp_from_create":{"num":1,"min":0.000662804,"max":0.000662804,"avg":0.000662804,"var":0.000000000,"sum":0.000662804}},"forward_cb":{"duration":{"num":1,"min":0.000002384,"max":0.000002384,"avg":0.000002384,"var":0.000000000,"sum":0.000002384},"relative_timestamp_from_iforward_start":{"num":1,"min":0.024090528,"max":0.024090528,"avg":0.024090528,"var":0.000000000,"sum":0.024090528}},"iforward_wait":{"duration":{"num":1,"min":0.023607969,"max":0.023607969,"avg":0.023607969,"var":0.000000000,"sum":0.023607969},"relative_timestamp_from_iforward_end":{"num":1,"min":0.000000238,"max":0.000000238,"avg":0.000000238,"var":0.000000000,"sum":0.000000238}},"set_input":{"duration":{"num":0,"min":0.000000000,"max":0.000000000,"avg":0.000000000,"var":0.000000000,"sum":0.000000000},"relative_timestamp_from_iforward_start":{"num":0,"min":0.000000000,"max":0.000000000,"avg":0.000000000,"var":0.000000000,"sum":0.000000000}},"get_output":{"duration":{"num":1,"min":0.000016689,"max":0.000016689,"avg":0.000016689,"var":0.000000000,"sum":0.000016689},"relative_timestamp_from_wait_end":{"num":1,"min":0.000001669,"max":0.000001669,"avg":0.000001669,"var":0.000000000,"sum":0.000001669}}}}},"65535:65535:9722976651498815487:2":{"rpc_id":9722976651498815487,"provider_id":2,"parent_rpc_id":65535,"parent_provider_id":65535,"name":"flock_get_view","origin":{"sent to ofi+cxi://0x06a6000d":{"iforward":{"duration":{"num":2,"min":0.000019550,"max":0.000042200,"avg":0.000030875,"var":0.000000000,"sum":0.000061750},"relative_timestamp_from_create":{"num":2,"min":0.000000477,"max":0.000001669,"avg":0.000001073,"var":0.000000000,"sum":0.000002146}},"forward_cb":{"duration":{"num":2,"min":0.000000954,"max":0.000001669,"avg":0.000001311,"var":0.000000000,"sum":0.000002623},"relative_timestamp_from_iforward_start":{"num":2,"min":0.045056820,"max":0.096029997,"avg":0.070543408,"var":0.001299132,"sum":0.141086817}},"iforward_wait":{"duration":{"num":2,"min":0.045042276,"max":0.095989466,"avg":0.070515871,"var":0.001297808,"sum":0.141031742},"relative_timestamp_from_iforward_end":{"num":2,"min":0.000000238,"max":0.000001669,"avg":0.000000954,"var":0.000000000,"sum":0.000001907}},"set_input":{"duration":{"num":2,"min":0.000000238,"max":0.000000238,"avg":0.000000238,"var":0.000000000,"sum":0.000000477},"relative_timestamp_from_iforward_start":{"num":2,"min":0.000007868,"max":0.000013351,"avg":0.000010610,"var":0.000000000,"sum":0.000021219}},"get_output":{"duration":{"num":2,"min":0.000002146,"max":0.000065804,"avg":0.000033975,"var":0.000000002,"sum":0.000067949},"relative_timestamp_from_wait_end":{"num":2,"min":0.000000954,"max":0.000002146,"avg":0.000001550,"var":0.000000000,"sum":0.000003099}}}}},"65535:65535:3669993900245843967:1":{"rpc_id":3669993900245843967,"provider_id":1,"parent_rpc_id":65535,"parent_provider_id":65535,"name":"qtn_work_rpc","origin":{"sent to ofi+cxi://0x06a7040d":{"iforward":{"duration":{"num":1722,"min":0.000001431,"max":0.000037670,"avg":0.000001825,"var":0.000000005,"sum":0.003142357},"relative_timestamp_from_create":{"num":1722,"min":0.000002623,"max":0.001378059,"avg":0.000003684,"var":0.000001890,"sum":0.006343603}},"forward_cb":{"duration":{"num":1722,"min":0.000000000,"max":0.000001192,"avg":0.000000142,"var":0.000000000,"sum":0.000245094},"relative_timestamp_from_iforward_start":{"num":1722,"min":0.000584602,"max":0.028324127,"avg":0.006947904,"var":0.017106487,"sum":11.964289904}},"iforward_wait":{"duration":{"num":1722,"min":0.000583410,"max":0.028322935,"avg":0.006946465,"var":0.017105785,"sum":11.961812735},"relative_timestamp_from_iforward_end":{"num":1722,"min":0.000000000,"max":0.000001192,"avg":0.000000209,"var":0.000000000,"sum":0.000359535}},"set_input":{"duration":{"num":1722,"min":0.000000000,"max":0.000005007,"avg":0.000000124,"var":0.000000000,"sum":0.000213861},"relative_timestamp_from_iforward_start":{"num":1722,"min":0.000000477,"max":0.000015259,"avg":0.000000724,"var":0.000000000,"sum":0.001245975}},"get_output":{"duration":{"num":1722,"min":0.000000000,"max":0.000000238,"avg":0.000000091,"var":0.000000000,"sum":0.000157118},"relative_timestamp_from_wait_end":{"num":1722,"min":0.000000000,"max":0.000004768,"avg":0.000000159,"var":0.000000000,"sum":0.000274658}}}}},"65535:65535:65535:65535":{"rpc_id":65535,"provider_id":65535,"parent_rpc_id":65535,"parent_provider_id":65535,"name":"","target":{"received from <unknown>":{"bulk":{"create":{"duration":{"num":1722,"min":0.000002384,"max":0.001374006,"avg":0.000003483,"var":0.000001880,"sum":0.005997181},"size":{"num":1722,"min":4194304.000000000,"max":4194304.000000000,"avg":4194304.000000000,"var":0.000000000,"sum":7222591488.000000000}}}}}}}}