{"address":"","progress_loop":{"progress_with_timeout":{"num":34545,"min":0.000000954,"max":0.100828171,"avg":0.000154892,"var":0.024892725,"sum":5.350750685},"progress_timeout_value_msec":{"num":34545,"min":100.000000000,"max":100.000000000,"avg":100.000000000,"var":0.000000000,"sum":3454500.000000000},"progress_without_timeout":{"num":0,"min":0.000000000,"max":0.000000000,"avg":0.000000000,"var":0.000000000,"sum":0.000000000},"trigger":{"num":34412,"min":0.000000238,"max":0.000010729,"avg":0.000000275,"var":0.000000001,"sum":0.009478092}},"rpcs":{"65535:65535:7940397281847607295:2":{"rpc_id":7940397281847607295,"provider_id":2,"parent_rpc_id":65535,"parent_provider_id":65535,"name":"__identity__","origin":{"sent to ofi+cxi://0x06a6000d":{"iforward":{"duration":{"num":1,"min":0.000146866,"max":0.000146866,"avg":0.000146866,"var":0.000000000,"sum":0.000146866},"relative_timestamp_from_create":{"num":1,"min":0.000005007,"max":0.000005007,"avg":0.000005007,"var":0.000000000,"sum":0.000005007}},"forward_cb":{"duration":{"num":1,"min":0.000000954,"max":0.000000954,"avg":0.000000954,"var":0.000000000,"sum":0.000000954},"relative_timestamp_from_iforward_start":{"num":1,"min":0.051975012,"max":0.051975012,"avg":0.051975012,"var":0.000000000,"sum":0.051975012}},"iforward_wait":{"duration":{"num":1,"min":0.051832438,"max":0.051832438,"avg":0.051832438,"var":0.000000000,"sum":0.051832438},"relative_timestamp_from_iforward_end":{"num":1,"min":0.000000477,"max":0.000000477,"avg":0.000000477,"var":0.000000000,"sum":0.000000477}},"set_input":{"duration":{"num":0,"min":0.000000000,"max":0.000000000,"avg":0.000000000,"var":0.000000000,"sum":0.000000000},"relative_timestamp_from_iforward_start":{"num":0,"min":0.000000000,"max":0.000000000,"avg":0.000000000,"var":0.000000000,"sum":0.000000000}},"get_output":{"duration":{"num":1,"min":0.000006914,"max":0.000006914,"avg":0.000006914,"var":0.000000000,"sum":0.000006914},"relative_timestamp_from_wait_end":{"num":1,"min":0.000001192,"max":0.000001192,"avg":0.000001192,"var":0.000000000,"sum":0.000001192}}}}},"65535:65535:9722976651498815487:2":{"rpc_id":9722976651498815487,"provider_id":2,"parent_rpc_id":65535,"parent_provider_id":65535,"name":"flock_get_view","origin":{"sent to ofi+cxi://0x06a6000d":{"iforward":{"duration":{"num":2,"min":0.000019550,"max":0.000019550,"avg":0.000019550,"var":0.000000000,"sum":0.000039101},"relative_timestamp_from_create":{"num":2,"min":0.000000715,"max":0.000001431,"avg":0.000001073,"var":0.000000000,"sum":0.000002146}},"forward_cb":{"duration":{"num":2,"min":0.000000238,"max":0.000000954,"avg":0.000000596,"var":0.000000000,"sum":0.000001192},"relative_timestamp_from_iforward_start":{"num":2,"min":0.034210920,"max":0.119372606,"avg":0.076791763,"var":0.003626256,"sum":0.153583527}},"iforward_wait":{"duration":{"num":2,"min":0.034191847,"max":0.119355202,"avg":0.076773524,"var":0.003626399,"sum":0.153547049},"relative_timestamp_from_iforward_end":{"num":2,"min":0.000000238,"max":0.000001192,"avg":0.000000715,"var":0.000000000,"sum":0.000001431}},"set_input":{"duration":{"num":2,"min":0.000000238,"max":0.000000238,"avg":0.000000238,"var":0.000000000,"sum":0.000000477},"relative_timestamp_from_iforward_start":{"num":2,"min":0.000005245,"max":0.000006199,"avg":0.000005722,"var":0.000000000,"sum":0.000011444}},"get_output":{"duration":{"num":2,"min":0.000000238,"max":0.000056028,"avg":0.000028133,"var":0.000000002,"sum":0.000056267},"relative_timestamp_from_wait_end":{"num":2,"min":0.000000477,"max":0.000002146,"avg":0.000001311,"var":0.000000000,"sum":0.000002623}}}}},"65535:65535:3669993900245843967:1":{"rpc_id":3669993900245843967,"provider_id":1,"parent_rpc_id":65535,"parent_provider_id":65535,"name":"qtn_work_rpc","origin":{"sent to ofi+cxi://0x06a6800e":{"iforward":{"duration":{"num":34408,"min":0.000001192,"max":0.000035048,"avg":0.000001555,"var":0.000000005,"sum":0.053495169},"relative_timestamp_from_create":{"num":34408,"min":0.000000000,"max":0.000009060,"avg":0.000000072,"var":0.000000001,"sum":0.002494574}},"forward_cb":{"duration":{"num":34408,"min":0.000000000,"max":0.000003338,"avg":0.000000123,"var":0.000000001,"sum":0.004233122},"relative_timestamp_from_iforward_start":{"num":34408,"min":0.000008345,"max":0.000813723,"avg":0.000148748,"var":0.000570287,"sum":5.118129015}},"iforward_wait":{"duration":{"num":34408,"min":0.000002861,"max":0.000812531,"avg":0.000147573,"var":0.000570130,"sum":5.077678919},"relative_timestamp_from_iforward_end":{"num":34408,"min":0.000000000,"max":0.000006199,"avg":0.000000176,"var":0.000000000,"sum":0.006062031}},"set_input":{"duration":{"num":34408,"min":0.000000000,"max":0.000001431,"avg":0.000000080,"var":0.000000000,"sum":0.002766848},"relative_timestamp_from_iforward_start":{"num":34408,"min":0.000000477,"max":0.000006676,"avg":0.000000686,"var":0.000000000,"sum":0.023619175}},"get_output":{"duration":{"num":34408,"min":0.000000000,"max":0.000002384,"avg":0.000000093,"var":0.000000000,"sum":0.003186464},"relative_timestamp_from_wait_end":{"num":34408,"min":0.000000000,"max":0.000003099,"avg":0.000000156,"var":0.000000001,"sum":0.005380154}}}}}}}