{"address":"","progress_loop":{"progress_with_timeout":{"num":1966,"min":0.000002384,"max":0.104322195,"avg":0.005252380,"var":0.023694160,"sum":10.326178312},"progress_timeout_value_msec":{"num":1966,"min":100.000000000,"max":100.000000000,"avg":100.000000000,"var":0.000000000,"sum":196600.000000000},"progress_without_timeout":{"num":0,"min":0.000000000,"max":0.000000000,"avg":0.000000000,"var":0.000000000,"sum":0.000000000},"trigger":{"num":1962,"min":0.000000238,"max":0.000008821,"avg":0.000000292,"var":0.000000000,"sum":0.000573158}},"rpcs":{"65535:65535:7940397281847607295:2":{"rpc_id":7940397281847607295,"provider_id":2,"parent_rpc_id":65535,"parent_provider_id":65535,"name":"__identity__","origin":{"sent to ofi+cxi://0x06a6000d":{"iforward":{"duration":{"num":1,"min":0.001068592,"max":0.001068592,"avg":0.001068592,"var":0.000000000,"sum":0.001068592},"relative_timestamp_from_create":{"num":1,"min":0.000003576,"max":0.000003576,"avg":0.000003576,"var":0.000000000,"sum":0.000003576}},"forward_cb":{"duration":{"num":1,"min":0.000002146,"max":0.000002146,"avg":0.000002146,"var":0.000000000,"sum":0.000002146},"relative_timestamp_from_iforward_start":{"num":1,"min":0.014130354,"max":0.014130354,"avg":0.014130354,"var":0.000000000,"sum":0.014130354}},"iforward_wait":{"duration":{"num":1,"min":0.013069868,"max":0.013069868,"avg":0.013069868,"var":0.000000000,"sum":0.013069868},"relative_timestamp_from_iforward_end":{"num":1,"min":0.000000238,"max":0.000000238,"avg":0.000000238,"var":0.000000000,"sum":0.000000238}},"set_input":{"duration":{"num":0,"min":0.000000000,"max":0.000000000,"avg":0.000000000,"var":0.000000000,"sum":0.000000000},"relative_timestamp_from_iforward_start":{"num":0,"min":0.000000000,"max":0.000000000,"avg":0.000000000,"var":0.000000000,"sum":0.000000000}},"get_output":{"duration":{"num":1,"min":0.000016451,"max":0.000016451,"avg":0.000016451,"var":0.000000000,"sum":0.000016451},"relative_timestamp_from_wait_end":{"num":1,"min":0.000001431,"max":0.000001431,"avg":0.000001431,"var":0.000000000,"sum":0.000001431}}}}},"65535:65535:9722976651498815487:2":{"rpc_id":9722976651498815487,"provider_id":2,"parent_rpc_id":65535,"parent_provider_id":65535,"name":"flock_get_view","origin":{"sent to ofi+cxi://0x06a6000d":{"iforward":{"duration":{"num":2,"min":0.000020027,"max":0.000038862,"avg":0.000029445,"var":0.000000000,"sum":0.000058889},"relative_timestamp_from_create":{"num":2,"min":0.000000715,"max":0.000001431,"avg":0.000001073,"var":0.000000000,"sum":0.000002146}},"forward_cb":{"duration":{"num":2,"min":0.000000238,"max":0.000001192,"avg":0.000000715,"var":0.000000000,"sum":0.000001431},"relative_timestamp_from_iforward_start":{"num":2,"min":0.051574707,"max":0.083612442,"avg":0.067593575,"var":0.000513208,"sum":0.135187149}},"iforward_wait":{"duration":{"num":2,"min":0.051538229,"max":0.083593130,"avg":0.067565680,"var":0.000513758,"sum":0.135131359},"relative_timestamp_from_iforward_end":{"num":2,"min":0.000000238,"max":0.000001192,"avg":0.000000715,"var":0.000000000,"sum":0.000001431}},"set_input":{"duration":{"num":2,"min":0.000000238,"max":0.000000238,"avg":0.000000238,"var":0.000000000,"sum":0.000000477},"relative_timestamp_from_iforward_start":{"num":2,"min":0.000006437,"max":0.000012159,"avg":0.000009298,"var":0.000000000,"sum":0.000018597}},"get_output":{"duration":{"num":2,"min":0.000000477,"max":0.000057220,"avg":0.000028849,"var":0.000000002,"sum":0.000057697},"relative_timestamp_from_wait_end":{"num":2,"min":0.000000238,"max":0.000002146,"avg":0.000001192,"var":0.000000000,"sum":0.000002384}}}}},"65535:65535:3669993900245843967:1":{"rpc_id":3669993900245843967,"provider_id":1,"parent_rpc_id":65535,"parent_provider_id":65535,"name":"qtn_work_rpc","origin":{"sent to ofi+cxi://0x06a6040d":{"iforward":{"duration":{"num":1958,"min":0.000001431,"max":0.000025511,"avg":0.000001789,"var":0.000000003,"sum":0.003502369},"relative_timestamp_from_create":{"num":1958,"min":0.000002623,"max":0.001595974,"avg":0.000003681,"var":0.000002537,"sum":0.007206440}},"forward_cb":{"duration":{"num":1958,"min":0.000000000,"max":0.000001192,"avg":0.000000129,"var":0.000000000,"sum":0.000252724},"relative_timestamp_from_iforward_start":{"num":1958,"min":0.000352621,"max":0.027295589,"avg":0.005147269,"var":0.005411083,"sum":10.078352928}},"iforward_wait":{"duration":{"num":1958,"min":0.000351191,"max":0.027281523,"avg":0.005145895,"var":0.005409495,"sum":10.075663090},"relative_timestamp_from_iforward_end":{"num":1958,"min":0.000000000,"max":0.000000715,"avg":0.000000184,"var":0.000000000,"sum":0.000361204}},"set_input":{"duration":{"num":1958,"min":0.000000000,"max":0.000004292,"avg":0.000000127,"var":0.000000000,"sum":0.000247955},"relative_timestamp_from_iforward_start":{"num":1958,"min":0.000000477,"max":0.000007391,"avg":0.000000707,"var":0.000000000,"sum":0.001384258}},"get_output":{"duration":{"num":1958,"min":0.000000000,"max":0.000003338,"avg":0.000000090,"var":0.000000000,"sum":0.000176191},"relative_timestamp_from_wait_end":{"num":1958,"min":0.000000000,"max":0.000001907,"avg":0.000000159,"var":0.000000000,"sum":0.000312090}}}}},"65535:65535:65535:65535":{"rpc_id":65535,"provider_id":65535,"parent_rpc_id":65535,"parent_provider_id":65535,"name":"","target":{"received from <unknown>":{"bulk":{"create":{"duration":{"num":1958,"min":0.000002384,"max":0.001590014,"avg":0.000003484,"var":0.000002518,"sum":0.006820917},"size":{"num":1958,"min":4194304.000000000,"max":4194304.000000000,"avg":4194304.000000000,"var":0.000000000,"sum":8212447232.000000000}}}}}}}}