{"address":"","progress_loop":{"progress_with_timeout":{"num":1701,"min":0.000002384,"max":0.103318214,"avg":0.007033076,"var":0.030636927,"sum":11.963261604},"progress_timeout_value_msec":{"num":1701,"min":100.000000000,"max":100.000000000,"avg":100.000000000,"var":0.000000000,"sum":170100.000000000},"progress_without_timeout":{"num":0,"min":0.000000000,"max":0.000000000,"avg":0.000000000,"var":0.000000000,"sum":0.000000000},"trigger":{"num":1690,"min":0.000000238,"max":0.000009537,"avg":0.000000378,"var":0.000000000,"sum":0.000639200}},"rpcs":{"65535:65535:7940397281847607295:2":{"rpc_id":7940397281847607295,"provider_id":2,"parent_rpc_id":65535,"parent_provider_id":65535,"name":"__identity__","origin":{"sent to ofi+cxi://0x06a6000d":{"iforward":{"duration":{"num":1,"min":0.002291918,"max":0.002291918,"avg":0.002291918,"var":0.000000000,"sum":0.002291918},"relative_timestamp_from_create":{"num":1,"min":0.000004292,"max":0.000004292,"avg":0.000004292,"var":0.000000000,"sum":0.000004292}},"forward_cb":{"duration":{"num":1,"min":0.000002384,"max":0.000002384,"avg":0.000002384,"var":0.000000000,"sum":0.000002384},"relative_timestamp_from_iforward_start":{"num":1,"min":0.027693987,"max":0.027693987,"avg":0.027693987,"var":0.000000000,"sum":0.027693987}},"iforward_wait":{"duration":{"num":1,"min":0.025410175,"max":0.025410175,"avg":0.025410175,"var":0.000000000,"sum":0.025410175},"relative_timestamp_from_iforward_end":{"num":1,"min":0.000000238,"max":0.000000238,"avg":0.000000238,"var":0.000000000,"sum":0.000000238}},"set_input":{"duration":{"num":0,"min":0.000000000,"max":0.000000000,"avg":0.000000000,"var":0.000000000,"sum":0.000000000},"relative_timestamp_from_iforward_start":{"num":0,"min":0.000000000,"max":0.000000000,"avg":0.000000000,"var":0.000000000,"sum":0.000000000}},"get_output":{"duration":{"num":1,"min":0.000016928,"max":0.000016928,"avg":0.000016928,"var":0.000000000,"sum":0.000016928},"relative_timestamp_from_wait_end":{"num":1,"min":0.000001669,"max":0.000001669,"avg":0.000001669,"var":0.000000000,"sum":0.000001669}}}}},"65535:65535:9722976651498815487:2":{"rpc_id":9722976651498815487,"provider_id":2,"parent_rpc_id":65535,"parent_provider_id":65535,"name":"flock_get_view","origin":{"sent to ofi+cxi://0x06a6000d":{"iforward":{"duration":{"num":2,"min":0.000019312,"max":0.000039339,"avg":0.000029325,"var":0.000000000,"sum":0.000058651},"relative_timestamp_from_create":{"num":2,"min":0.000000477,"max":0.000002146,"avg":0.000001311,"var":0.000000000,"sum":0.000002623}},"forward_cb":{"duration":{"num":2,"min":0.000000238,"max":0.000001192,"avg":0.000000715,"var":0.000000000,"sum":0.000001431},"relative_timestamp_from_iforward_start":{"num":2,"min":0.034559250,"max":0.108576536,"avg":0.071567893,"var":0.002739279,"sum":0.143135786}},"iforward_wait":{"duration":{"num":2,"min":0.034540653,"max":0.108539581,"avg":0.071540117,"var":0.002737921,"sum":0.143080235},"relative_timestamp_from_iforward_end":{"num":2,"min":0.000000477,"max":0.000001192,"avg":0.000000834,"var":0.000000000,"sum":0.000001669}},"set_input":{"duration":{"num":2,"min":0.000000238,"max":0.000000238,"avg":0.000000238,"var":0.000000000,"sum":0.000000477},"relative_timestamp_from_iforward_start":{"num":2,"min":0.000006437,"max":0.000011921,"avg":0.000009179,"var":0.000000000,"sum":0.000018358}},"get_output":{"duration":{"num":2,"min":0.000000477,"max":0.000040293,"avg":0.000020385,"var":0.000000001,"sum":0.000040770},"relative_timestamp_from_wait_end":{"num":2,"min":0.000000477,"max":0.000002146,"avg":0.000001311,"var":0.000000000,"sum":0.000002623}}}}},"65535:65535:3669993900245843967:1":{"rpc_id":3669993900245843967,"provider_id":1,"parent_rpc_id":65535,"parent_provider_id":65535,"name":"qtn_work_rpc","origin":{"sent to ofi+cxi://0x06a7460d":{"iforward":{"duration":{"num":1686,"min":0.000001431,"max":0.000028610,"avg":0.000002734,"var":0.000000006,"sum":0.004609108},"relative_timestamp_from_create":{"num":1686,"min":0.000002623,"max":0.002012253,"avg":0.000005432,"var":0.000006183,"sum":0.009158373}},"forward_cb":{"duration":{"num":1686,"min":0.000000000,"max":0.000001669,"avg":0.000000175,"var":0.000000000,"sum":0.000294685},"relative_timestamp_from_iforward_start":{"num":1686,"min":0.000616074,"max":0.025484562,"avg":0.006938008,"var":0.011029905,"sum":11.697481394}},"iforward_wait":{"duration":{"num":1686,"min":0.000614405,"max":0.025482893,"avg":0.006935784,"var":0.011030265,"sum":11.693731785},"relative_timestamp_from_iforward_end":{"num":1686,"min":0.000000000,"max":0.000001431,"avg":0.000000265,"var":0.000000000,"sum":0.000446081}},"set_input":{"duration":{"num":1686,"min":0.000000000,"max":0.000005245,"avg":0.000000272,"var":0.000000000,"sum":0.000458241},"relative_timestamp_from_iforward_start":{"num":1686,"min":0.000000477,"max":0.000008583,"avg":0.000001126,"var":0.000000001,"sum":0.001899242}},"get_output":{"duration":{"num":1686,"min":0.000000000,"max":0.000000477,"avg":0.000000106,"var":0.000000000,"sum":0.000178814},"relative_timestamp_from_wait_end":{"num":1686,"min":0.000000000,"max":0.000001907,"avg":0.000000197,"var":0.000000000,"sum":0.000331402}}}}},"65535:65535:65535:65535":{"rpc_id":65535,"provider_id":65535,"parent_rpc_id":65535,"parent_provider_id":65535,"name":"","target":{"received from <unknown>":{"bulk":{"create":{"duration":{"num":1686,"min":0.000002384,"max":0.002011538,"avg":0.000005185,"var":0.000006168,"sum":0.008742332},"size":{"num":1686,"min":4194304.000000000,"max":4194304.000000000,"avg":4194304.000000000,"var":0.000000000,"sum":7071596544.000000000}}}}}}}}