{"address":"","progress_loop":{"progress_with_timeout":{"num":1702,"min":0.000002384,"max":0.104428053,"avg":0.007069020,"var":0.032024453,"sum":12.031472206},"progress_timeout_value_msec":{"num":1702,"min":100.000000000,"max":100.000000000,"avg":100.000000000,"var":0.000000000,"sum":170200.000000000},"progress_without_timeout":{"num":0,"min":0.000000000,"max":0.000000000,"avg":0.000000000,"var":0.000000000,"sum":0.000000000},"trigger":{"num":1695,"min":0.000000238,"max":0.000008583,"avg":0.000000334,"var":0.000000000,"sum":0.000566959}},"rpcs":{"65535:65535:7940397281847607295:2":{"rpc_id":7940397281847607295,"provider_id":2,"parent_rpc_id":65535,"parent_provider_id":65535,"name":"__identity__","origin":{"sent to ofi+cxi://0x06a6000d":{"iforward":{"duration":{"num":1,"min":0.000092030,"max":0.000092030,"avg":0.000092030,"var":0.000000000,"sum":0.000092030},"relative_timestamp_from_create":{"num":1,"min":0.000003338,"max":0.000003338,"avg":0.000003338,"var":0.000000000,"sum":0.000003338}},"forward_cb":{"duration":{"num":1,"min":0.000002623,"max":0.000002623,"avg":0.000002623,"var":0.000000000,"sum":0.000002623},"relative_timestamp_from_iforward_start":{"num":1,"min":0.018536091,"max":0.018536091,"avg":0.018536091,"var":0.000000000,"sum":0.018536091}},"iforward_wait":{"duration":{"num":1,"min":0.018453121,"max":0.018453121,"avg":0.018453121,"var":0.000000000,"sum":0.018453121},"relative_timestamp_from_iforward_end":{"num":1,"min":0.000000477,"max":0.000000477,"avg":0.000000477,"var":0.000000000,"sum":0.000000477}},"set_input":{"duration":{"num":0,"min":0.000000000,"max":0.000000000,"avg":0.000000000,"var":0.000000000,"sum":0.000000000},"relative_timestamp_from_iforward_start":{"num":0,"min":0.000000000,"max":0.000000000,"avg":0.000000000,"var":0.000000000,"sum":0.000000000}},"get_output":{"duration":{"num":1,"min":0.000018597,"max":0.000018597,"avg":0.000018597,"var":0.000000000,"sum":0.000018597},"relative_timestamp_from_wait_end":{"num":1,"min":0.000001907,"max":0.000001907,"avg":0.000001907,"var":0.000000000,"sum":0.000001907}}}}},"65535:65535:9722976651498815487:2":{"rpc_id":9722976651498815487,"provider_id":2,"parent_rpc_id":65535,"parent_provider_id":65535,"name":"flock_get_view","origin":{"sent to ofi+cxi://0x06a6000d":{"iforward":{"duration":{"num":2,"min":0.000018358,"max":0.000042677,"avg":0.000030518,"var":0.000000000,"sum":0.000061035},"relative_timestamp_from_create":{"num":2,"min":0.000000715,"max":0.000002146,"avg":0.000001431,"var":0.000000000,"sum":0.000002861}},"forward_cb":{"duration":{"num":2,"min":0.000000954,"max":0.000001431,"avg":0.000001192,"var":0.000000000,"sum":0.000002384},"relative_timestamp_from_iforward_start":{"num":2,"min":0.067255259,"max":0.069479942,"avg":0.068367600,"var":0.000002475,"sum":0.136735201}},"iforward_wait":{"duration":{"num":2,"min":0.067214489,"max":0.069466829,"avg":0.068340659,"var":0.000002537,"sum":0.136681318},"relative_timestamp_from_iforward_end":{"num":2,"min":0.000000238,"max":0.000001431,"avg":0.000000834,"var":0.000000000,"sum":0.000001669}},"set_input":{"duration":{"num":2,"min":0.000000238,"max":0.000000238,"avg":0.000000238,"var":0.000000000,"sum":0.000000477},"relative_timestamp_from_iforward_start":{"num":2,"min":0.000006437,"max":0.000012398,"avg":0.000009418,"var":0.000000000,"sum":0.000018835}},"get_output":{"duration":{"num":2,"min":0.000001431,"max":0.000041246,"avg":0.000021338,"var":0.000000001,"sum":0.000042677},"relative_timestamp_from_wait_end":{"num":2,"min":0.000001192,"max":0.000002146,"avg":0.000001669,"var":0.000000000,"sum":0.000003338}}}}},"65535:65535:3669993900245843967:1":{"rpc_id":3669993900245843967,"provider_id":1,"parent_rpc_id":65535,"parent_provider_id":65535,"name":"qtn_work_rpc","origin":{"sent to ofi+cxi://0x06a60615":{"iforward":{"duration":{"num":1691,"min":0.000001431,"max":0.000040531,"avg":0.000002398,"var":0.000000006,"sum":0.004055500},"relative_timestamp_from_create":{"num":1691,"min":0.000002623,"max":0.001449108,"avg":0.000004129,"var":0.000002089,"sum":0.006981611}},"forward_cb":{"duration":{"num":1691,"min":0.000000000,"max":0.000001431,"avg":0.000000152,"var":0.000000000,"sum":0.000256777},"relative_timestamp_from_iforward_start":{"num":1691,"min":0.000289679,"max":0.027668476,"avg":0.006964644,"var":0.014541256,"sum":11.777213335}},"iforward_wait":{"duration":{"num":1691,"min":0.000288486,"max":0.027667284,"avg":0.006962704,"var":0.014541948,"sum":11.773931742},"relative_timestamp_from_iforward_end":{"num":1691,"min":0.000000000,"max":0.000000715,"avg":0.000000237,"var":0.000000000,"sum":0.000401020}},"set_input":{"duration":{"num":1691,"min":0.000000000,"max":0.000004768,"avg":0.000000236,"var":0.000000000,"sum":0.000398636},"relative_timestamp_from_iforward_start":{"num":1691,"min":0.000000477,"max":0.000013113,"avg":0.000000973,"var":0.000000000,"sum":0.001644850}},"get_output":{"duration":{"num":1691,"min":0.000000000,"max":0.000000477,"avg":0.000000100,"var":0.000000000,"sum":0.000168562},"relative_timestamp_from_wait_end":{"num":1691,"min":0.000000000,"max":0.000002146,"avg":0.000000177,"var":0.000000000,"sum":0.000298738}}}}},"65535:65535:65535:65535":{"rpc_id":65535,"provider_id":65535,"parent_rpc_id":65535,"parent_provider_id":65535,"name":"","target":{"received from <unknown>":{"bulk":{"create":{"duration":{"num":1691,"min":0.000002384,"max":0.001444340,"avg":0.000003900,"var":0.000002076,"sum":0.006594896},"size":{"num":1691,"min":4194304.000000000,"max":4194304.000000000,"avg":4194304.000000000,"var":0.000000000,"sum":7092568064.000000000}}}}}}}}