{"address":"","progress_loop":{"progress_with_timeout":{"num":22879,"min":0.000001431,"max":0.103693962,"avg":0.000235457,"var":0.025959626,"sum":5.387017727},"progress_timeout_value_msec":{"num":22879,"min":100.000000000,"max":100.000000000,"avg":100.000000000,"var":0.000000000,"sum":2287900.000000000},"progress_without_timeout":{"num":0,"min":0.000000000,"max":0.000000000,"avg":0.000000000,"var":0.000000000,"sum":0.000000000},"trigger":{"num":22864,"min":0.000000238,"max":0.000008106,"avg":0.000000306,"var":0.000000000,"sum":0.006993532}},"rpcs":{"65535:65535:7940397281847607295:2":{"rpc_id":7940397281847607295,"provider_id":2,"parent_rpc_id":65535,"parent_provider_id":65535,"name":"__identity__","origin":{"sent to ofi+cxi://0x06a6000d":{"iforward":{"duration":{"num":1,"min":0.000617266,"max":0.000617266,"avg":0.000617266,"var":0.000000000,"sum":0.000617266},"relative_timestamp_from_create":{"num":1,"min":0.000003576,"max":0.000003576,"avg":0.000003576,"var":0.000000000,"sum":0.000003576}},"forward_cb":{"duration":{"num":1,"min":0.000002384,"max":0.000002384,"avg":0.000002384,"var":0.000000000,"sum":0.000002384},"relative_timestamp_from_iforward_start":{"num":1,"min":0.043683767,"max":0.043683767,"avg":0.043683767,"var":0.000000000,"sum":0.043683767}},"iforward_wait":{"duration":{"num":1,"min":0.043075323,"max":0.043075323,"avg":0.043075323,"var":0.000000000,"sum":0.043075323},"relative_timestamp_from_iforward_end":{"num":1,"min":0.000000477,"max":0.000000477,"avg":0.000000477,"var":0.000000000,"sum":0.000000477}},"set_input":{"duration":{"num":0,"min":0.000000000,"max":0.000000000,"avg":0.000000000,"var":0.000000000,"sum":0.000000000},"relative_timestamp_from_iforward_start":{"num":0,"min":0.000000000,"max":0.000000000,"avg":0.000000000,"var":0.000000000,"sum":0.000000000}},"get_output":{"duration":{"num":1,"min":0.000019789,"max":0.000019789,"avg":0.000019789,"var":0.000000000,"sum":0.000019789},"relative_timestamp_from_wait_end":{"num":1,"min":0.000001907,"max":0.000001907,"avg":0.000001907,"var":0.000000000,"sum":0.000001907}}}}},"65535:65535:9722976651498815487:2":{"rpc_id":9722976651498815487,"provider_id":2,"parent_rpc_id":65535,"parent_provider_id":65535,"name":"flock_get_view","origin":{"sent to ofi+cxi://0x06a6000d":{"iforward":{"duration":{"num":2,"min":0.000018597,"max":0.000045061,"avg":0.000031829,"var":0.000000000,"sum":0.000063658},"relative_timestamp_from_create":{"num":2,"min":0.000000715,"max":0.000001431,"avg":0.000001073,"var":0.000000000,"sum":0.000002146}},"forward_cb":{"duration":{"num":2,"min":0.000000954,"max":0.000001192,"avg":0.000001073,"var":0.000000000,"sum":0.000002146},"relative_timestamp_from_iforward_start":{"num":2,"min":0.046358109,"max":0.113231659,"avg":0.079794884,"var":0.002236036,"sum":0.159589767}},"iforward_wait":{"duration":{"num":2,"min":0.046344280,"max":0.113188744,"avg":0.079766512,"var":0.002234091,"sum":0.159533024},"relative_timestamp_from_iforward_end":{"num":2,"min":0.000000238,"max":0.000001192,"avg":0.000000715,"var":0.000000000,"sum":0.000001431}},"set_input":{"duration":{"num":2,"min":0.000000238,"max":0.000000238,"avg":0.000000238,"var":0.000000000,"sum":0.000000477},"relative_timestamp_from_iforward_start":{"num":2,"min":0.000007153,"max":0.000015020,"avg":0.000011086,"var":0.000000000,"sum":0.000022173}},"get_output":{"duration":{"num":2,"min":0.000002384,"max":0.000040054,"avg":0.000021219,"var":0.000000001,"sum":0.000042439},"relative_timestamp_from_wait_end":{"num":2,"min":0.000001669,"max":0.000002146,"avg":0.000001907,"var":0.000000000,"sum":0.000003815}}}}},"65535:65535:3669993900245843967:1":{"rpc_id":3669993900245843967,"provider_id":1,"parent_rpc_id":65535,"parent_provider_id":65535,"name":"qtn_work_rpc","origin":{"sent to ofi+cxi://0x06a7e216":{"iforward":{"duration":{"num":22860,"min":0.000001669,"max":0.000051737,"avg":0.000002118,"var":0.000000007,"sum":0.048415422},"relative_timestamp_from_create":{"num":22860,"min":0.000000000,"max":0.000007153,"avg":0.000000088,"var":0.000000000,"sum":0.002003908}},"forward_cb":{"duration":{"num":22860,"min":0.000000000,"max":0.000000715,"avg":0.000000136,"var":0.000000000,"sum":0.003099203},"relative_timestamp_from_iforward_start":{"num":22860,"min":0.000009298,"max":0.000924349,"avg":0.000225041,"var":0.000782880,"sum":5.144425869}},"iforward_wait":{"duration":{"num":22860,"min":0.000005007,"max":0.000922441,"avg":0.000223400,"var":0.000783001,"sum":5.106914282},"relative_timestamp_from_iforward_end":{"num":22860,"min":0.000000000,"max":0.000003576,"avg":0.000000170,"var":0.000000000,"sum":0.003881454}},"set_input":{"duration":{"num":22860,"min":0.000000000,"max":0.000006437,"avg":0.000000107,"var":0.000000000,"sum":0.002437353},"relative_timestamp_from_iforward_start":{"num":22860,"min":0.000000715,"max":0.000015259,"avg":0.000000891,"var":0.000000001,"sum":0.020361900}},"get_output":{"duration":{"num":22860,"min":0.000000000,"max":0.000003338,"avg":0.000000106,"var":0.000000000,"sum":0.002418041},"relative_timestamp_from_wait_end":{"num":22860,"min":0.000000000,"max":0.000006676,"avg":0.000000173,"var":0.000000000,"sum":0.003959417}}}}}}}