{"address":"","progress_loop":{"progress_with_timeout":{"num":1779,"min":0.000001192,"max":0.100192547,"avg":0.006492403,"var":0.033111720,"sum":11.549985170},"progress_timeout_value_msec":{"num":1779,"min":100.000000000,"max":100.000000000,"avg":100.000000000,"var":0.000000000,"sum":177900.000000000},"progress_without_timeout":{"num":0,"min":0.000000000,"max":0.000000000,"avg":0.000000000,"var":0.000000000,"sum":0.000000000},"trigger":{"num":1773,"min":0.000000238,"max":0.000009775,"avg":0.000000296,"var":0.000000000,"sum":0.000524282}},"rpcs":{"65535:65535:7940397281847607295:2":{"rpc_id":7940397281847607295,"provider_id":2,"parent_rpc_id":65535,"parent_provider_id":65535,"name":"__identity__","origin":{"sent to ofi+cxi://0x06a6000d":{"iforward":{"duration":{"num":1,"min":0.000270367,"max":0.000270367,"avg":0.000270367,"var":0.000000000,"sum":0.000270367},"relative_timestamp_from_create":{"num":1,"min":0.000040054,"max":0.000040054,"avg":0.000040054,"var":0.000000000,"sum":0.000040054}},"forward_cb":{"duration":{"num":1,"min":0.000002623,"max":0.000002623,"avg":0.000002623,"var":0.000000000,"sum":0.000002623},"relative_timestamp_from_iforward_start":{"num":1,"min":0.019122124,"max":0.019122124,"avg":0.019122124,"var":0.000000000,"sum":0.019122124}},"iforward_wait":{"duration":{"num":1,"min":0.018860817,"max":0.018860817,"avg":0.018860817,"var":0.000000000,"sum":0.018860817},"relative_timestamp_from_iforward_end":{"num":1,"min":0.000000238,"max":0.000000238,"avg":0.000000238,"var":0.000000000,"sum":0.000000238}},"set_input":{"duration":{"num":0,"min":0.000000000,"max":0.000000000,"avg":0.000000000,"var":0.000000000,"sum":0.000000000},"relative_timestamp_from_iforward_start":{"num":0,"min":0.000000000,"max":0.000000000,"avg":0.000000000,"var":0.000000000,"sum":0.000000000}},"get_output":{"duration":{"num":1,"min":0.000017643,"max":0.000017643,"avg":0.000017643,"var":0.000000000,"sum":0.000017643},"relative_timestamp_from_wait_end":{"num":1,"min":0.000001669,"max":0.000001669,"avg":0.000001669,"var":0.000000000,"sum":0.000001669}}}}},"65535:65535:9722976651498815487:2":{"rpc_id":9722976651498815487,"provider_id":2,"parent_rpc_id":65535,"parent_provider_id":65535,"name":"flock_get_view","origin":{"sent to ofi+cxi://0x06a6000d":{"iforward":{"duration":{"num":2,"min":0.000020504,"max":0.000044823,"avg":0.000032663,"var":0.000000000,"sum":0.000065327},"relative_timestamp_from_create":{"num":2,"min":0.000000477,"max":0.000002146,"avg":0.000001311,"var":0.000000000,"sum":0.000002623}},"forward_cb":{"duration":{"num":2,"min":0.000000238,"max":0.000000954,"avg":0.000000596,"var":0.000000000,"sum":0.000001192},"relative_timestamp_from_iforward_start":{"num":2,"min":0.067427158,"max":0.069264889,"avg":0.068346024,"var":0.000001689,"sum":0.136692047}},"iforward_wait":{"duration":{"num":2,"min":0.067407608,"max":0.069221973,"avg":0.068314791,"var":0.000001646,"sum":0.136629581},"relative_timestamp_from_iforward_end":{"num":2,"min":0.000000238,"max":0.000001431,"avg":0.000000834,"var":0.000000000,"sum":0.000001669}},"set_input":{"duration":{"num":2,"min":0.000000000,"max":0.000000238,"avg":0.000000119,"var":0.000000000,"sum":0.000000238},"relative_timestamp_from_iforward_start":{"num":2,"min":0.000006437,"max":0.000012875,"avg":0.000009656,"var":0.000000000,"sum":0.000019312}},"get_output":{"duration":{"num":2,"min":0.000000715,"max":0.000057220,"avg":0.000028968,"var":0.000000002,"sum":0.000057936},"relative_timestamp_from_wait_end":{"num":2,"min":0.000000238,"max":0.000002384,"avg":0.000001311,"var":0.000000000,"sum":0.000002623}}}}},"65535:65535:3669993900245843967:1":{"rpc_id":3669993900245843967,"provider_id":1,"parent_rpc_id":65535,"parent_provider_id":65535,"name":"qtn_work_rpc","origin":{"sent to ofi+cxi://0x06a7a60c":{"iforward":{"duration":{"num":1769,"min":0.000001431,"max":0.000035524,"avg":0.000001755,"var":0.000000004,"sum":0.003103971},"relative_timestamp_from_create":{"num":1769,"min":0.000002623,"max":0.001465797,"avg":0.000003726,"var":0.000002139,"sum":0.006590843}},"forward_cb":{"duration":{"num":1769,"min":0.000000000,"max":0.000006199,"avg":0.000000141,"var":0.000000000,"sum":0.000249147},"relative_timestamp_from_iforward_start":{"num":1769,"min":0.000242949,"max":0.024827957,"avg":0.006386942,"var":0.016266234,"sum":11.298500061}},"iforward_wait":{"duration":{"num":1769,"min":0.000241995,"max":0.024826527,"avg":0.006385591,"var":0.016266152,"sum":11.296109915},"relative_timestamp_from_iforward_end":{"num":1769,"min":0.000000000,"max":0.000000477,"avg":0.000000189,"var":0.000000000,"sum":0.000334501}},"set_input":{"duration":{"num":1769,"min":0.000000000,"max":0.000004768,"avg":0.000000127,"var":0.000000000,"sum":0.000224352},"relative_timestamp_from_iforward_start":{"num":1769,"min":0.000000477,"max":0.000007153,"avg":0.000000703,"var":0.000000000,"sum":0.001243830}},"get_output":{"duration":{"num":1769,"min":0.000000000,"max":0.000000477,"avg":0.000000087,"var":0.000000000,"sum":0.000154257},"relative_timestamp_from_wait_end":{"num":1769,"min":0.000000000,"max":0.000001669,"avg":0.000000158,"var":0.000000000,"sum":0.000278950}}}}},"65535:65535:65535:65535":{"rpc_id":65535,"provider_id":65535,"parent_rpc_id":65535,"parent_provider_id":65535,"name":"","target":{"received from <unknown>":{"bulk":{"create":{"duration":{"num":1769,"min":0.000002384,"max":0.001461744,"avg":0.000003520,"var":0.000002128,"sum":0.006226540},"size":{"num":1769,"min":4194304.000000000,"max":4194304.000000000,"avg":4194304.000000000,"var":0.000000000,"sum":7419723776.000000000}}}}}}}}