{"address":"","progress_loop":{"progress_with_timeout":{"num":1789,"min":0.000000954,"max":0.101819992,"avg":0.006288007,"var":0.020134417,"sum":11.249244213},"progress_timeout_value_msec":{"num":1789,"min":100.000000000,"max":100.000000000,"avg":100.000000000,"var":0.000000000,"sum":178900.000000000},"progress_without_timeout":{"num":0,"min":0.000000000,"max":0.000000000,"avg":0.000000000,"var":0.000000000,"sum":0.000000000},"trigger":{"num":1783,"min":0.000000238,"max":0.000008821,"avg":0.000000302,"var":0.000000000,"sum":0.000537634}},"rpcs":{"65535:65535:7940397281847607295:2":{"rpc_id":7940397281847607295,"provider_id":2,"parent_rpc_id":65535,"parent_provider_id":65535,"name":"__identity__","origin":{"sent to ofi+cxi://0x06a6000d":{"iforward":{"duration":{"num":1,"min":0.000703096,"max":0.000703096,"avg":0.000703096,"var":0.000000000,"sum":0.000703096},"relative_timestamp_from_create":{"num":1,"min":0.000004292,"max":0.000004292,"avg":0.000004292,"var":0.000000000,"sum":0.000004292}},"forward_cb":{"duration":{"num":1,"min":0.000002384,"max":0.000002384,"avg":0.000002384,"var":0.000000000,"sum":0.000002384},"relative_timestamp_from_iforward_start":{"num":1,"min":0.016839266,"max":0.016839266,"avg":0.016839266,"var":0.000000000,"sum":0.016839266}},"iforward_wait":{"duration":{"num":1,"min":0.016144514,"max":0.016144514,"avg":0.016144514,"var":0.000000000,"sum":0.016144514},"relative_timestamp_from_iforward_end":{"num":1,"min":0.000000238,"max":0.000000238,"avg":0.000000238,"var":0.000000000,"sum":0.000000238}},"set_input":{"duration":{"num":0,"min":0.000000000,"max":0.000000000,"avg":0.000000000,"var":0.000000000,"sum":0.000000000},"relative_timestamp_from_iforward_start":{"num":0,"min":0.000000000,"max":0.000000000,"avg":0.000000000,"var":0.000000000,"sum":0.000000000}},"get_output":{"duration":{"num":1,"min":0.000015974,"max":0.000015974,"avg":0.000015974,"var":0.000000000,"sum":0.000015974},"relative_timestamp_from_wait_end":{"num":1,"min":0.000001431,"max":0.000001431,"avg":0.000001431,"var":0.000000000,"sum":0.000001431}}}}},"65535:65535:9722976651498815487:2":{"rpc_id":9722976651498815487,"provider_id":2,"parent_rpc_id":65535,"parent_provider_id":65535,"name":"flock_get_view","origin":{"sent to ofi+cxi://0x06a6000d":{"iforward":{"duration":{"num":2,"min":0.000018120,"max":0.000038147,"avg":0.000028133,"var":0.000000000,"sum":0.000056267},"relative_timestamp_from_create":{"num":2,"min":0.000000477,"max":0.000002146,"avg":0.000001311,"var":0.000000000,"sum":0.000002623}},"forward_cb":{"duration":{"num":2,"min":0.000000954,"max":0.000001431,"avg":0.000001192,"var":0.000000000,"sum":0.000002384},"relative_timestamp_from_iforward_start":{"num":2,"min":0.058180571,"max":0.076779842,"avg":0.067480206,"var":0.000172966,"sum":0.134960413}},"iforward_wait":{"duration":{"num":2,"min":0.058144569,"max":0.076766253,"avg":0.067455411,"var":0.000173384,"sum":0.134910822},"relative_timestamp_from_iforward_end":{"num":2,"min":0.000000238,"max":0.000001192,"avg":0.000000715,"var":0.000000000,"sum":0.000001431}},"set_input":{"duration":{"num":2,"min":0.000000238,"max":0.000000238,"avg":0.000000238,"var":0.000000000,"sum":0.000000477},"relative_timestamp_from_iforward_start":{"num":2,"min":0.000006199,"max":0.000011921,"avg":0.000009060,"var":0.000000000,"sum":0.000018120}},"get_output":{"duration":{"num":2,"min":0.000001431,"max":0.000040293,"avg":0.000020862,"var":0.000000001,"sum":0.000041723},"relative_timestamp_from_wait_end":{"num":2,"min":0.000001192,"max":0.000002384,"avg":0.000001788,"var":0.000000000,"sum":0.000003576}}}}},"65535:65535:3669993900245843967:1":{"rpc_id":3669993900245843967,"provider_id":1,"parent_rpc_id":65535,"parent_provider_id":65535,"name":"qtn_work_rpc","origin":{"sent to ofi+cxi://0x06a60218":{"iforward":{"duration":{"num":1779,"min":0.000001431,"max":0.000035286,"avg":0.000001809,"var":0.000000005,"sum":0.003217936},"relative_timestamp_from_create":{"num":1779,"min":0.000002623,"max":0.001590490,"avg":0.000003789,"var":0.000002519,"sum":0.006740093}},"forward_cb":{"duration":{"num":1779,"min":0.000000000,"max":0.000001192,"avg":0.000000134,"var":0.000000000,"sum":0.000238180},"relative_timestamp_from_iforward_start":{"num":1779,"min":0.001070738,"max":0.019065619,"avg":0.006183695,"var":0.003003041,"sum":11.000792742}},"iforward_wait":{"duration":{"num":1779,"min":0.001069546,"max":0.019063950,"avg":0.006182227,"var":0.003002402,"sum":10.998182297},"relative_timestamp_from_iforward_end":{"num":1779,"min":0.000000000,"max":0.000009060,"avg":0.000000244,"var":0.000000000,"sum":0.000433922}},"set_input":{"duration":{"num":1779,"min":0.000000000,"max":0.000004530,"avg":0.000000127,"var":0.000000000,"sum":0.000226259},"relative_timestamp_from_iforward_start":{"num":1779,"min":0.000000477,"max":0.000015259,"avg":0.000000721,"var":0.000000000,"sum":0.001282454}},"get_output":{"duration":{"num":1779,"min":0.000000000,"max":0.000000477,"avg":0.000000088,"var":0.000000000,"sum":0.000155926},"relative_timestamp_from_wait_end":{"num":1779,"min":0.000000000,"max":0.000002861,"avg":0.000000160,"var":0.000000000,"sum":0.000285149}}}}},"65535:65535:65535:65535":{"rpc_id":65535,"provider_id":65535,"parent_rpc_id":65535,"parent_provider_id":65535,"name":"","target":{"received from <unknown>":{"bulk":{"create":{"duration":{"num":1779,"min":0.000002384,"max":0.001585722,"avg":0.000003579,"var":0.000002505,"sum":0.006367445},"size":{"num":1779,"min":4194304.000000000,"max":4194304.000000000,"avg":4194304.000000000,"var":0.000000000,"sum":7461666816.000000000}}}}}}}}