{"address":"","progress_loop":{"progress_with_timeout":{"num":1879,"min":0.000002146,"max":0.101032734,"avg":0.005885241,"var":0.022702482,"sum":11.058367014},"progress_timeout_value_msec":{"num":1879,"min":100.000000000,"max":100.000000000,"avg":100.000000000,"var":0.000000000,"sum":187900.000000000},"progress_without_timeout":{"num":0,"min":0.000000000,"max":0.000000000,"avg":0.000000000,"var":0.000000000,"sum":0.000000000},"trigger":{"num":1870,"min":0.000000238,"max":0.000008583,"avg":0.000000306,"var":0.000000000,"sum":0.000572443}},"rpcs":{"65535:65535:7940397281847607295:2":{"rpc_id":7940397281847607295,"provider_id":2,"parent_rpc_id":65535,"parent_provider_id":65535,"name":"__identity__","origin":{"sent to ofi+cxi://0x06a6000d":{"iforward":{"duration":{"num":1,"min":0.000102758,"max":0.000102758,"avg":0.000102758,"var":0.000000000,"sum":0.000102758},"relative_timestamp_from_create":{"num":1,"min":0.000003815,"max":0.000003815,"avg":0.000003815,"var":0.000000000,"sum":0.000003815}},"forward_cb":{"duration":{"num":1,"min":0.000002384,"max":0.000002384,"avg":0.000002384,"var":0.000000000,"sum":0.000002384},"relative_timestamp_from_iforward_start":{"num":1,"min":0.025190830,"max":0.025190830,"avg":0.025190830,"var":0.000000000,"sum":0.025190830}},"iforward_wait":{"duration":{"num":1,"min":0.025096178,"max":0.025096178,"avg":0.025096178,"var":0.000000000,"sum":0.025096178},"relative_timestamp_from_iforward_end":{"num":1,"min":0.000000477,"max":0.000000477,"avg":0.000000477,"var":0.000000000,"sum":0.000000477}},"set_input":{"duration":{"num":0,"min":0.000000000,"max":0.000000000,"avg":0.000000000,"var":0.000000000,"sum":0.000000000},"relative_timestamp_from_iforward_start":{"num":0,"min":0.000000000,"max":0.000000000,"avg":0.000000000,"var":0.000000000,"sum":0.000000000}},"get_output":{"duration":{"num":1,"min":0.000015259,"max":0.000015259,"avg":0.000015259,"var":0.000000000,"sum":0.000015259},"relative_timestamp_from_wait_end":{"num":1,"min":0.000001669,"max":0.000001669,"avg":0.000001669,"var":0.000000000,"sum":0.000001669}}}}},"65535:65535:9722976651498815487:2":{"rpc_id":9722976651498815487,"provider_id":2,"parent_rpc_id":65535,"parent_provider_id":65535,"name":"flock_get_view","origin":{"sent to ofi+cxi://0x06a6000d":{"iforward":{"duration":{"num":2,"min":0.000019073,"max":0.000041008,"avg":0.000030041,"var":0.000000000,"sum":0.000060081},"relative_timestamp_from_create":{"num":2,"min":0.000000715,"max":0.000002146,"avg":0.000001431,"var":0.000000000,"sum":0.000002861}},"forward_cb":{"duration":{"num":2,"min":0.000000238,"max":0.000001192,"avg":0.000000715,"var":0.000000000,"sum":0.000001431},"relative_timestamp_from_iforward_start":{"num":2,"min":0.036291599,"max":0.107412815,"avg":0.071852207,"var":0.002529114,"sum":0.143704414}},"iforward_wait":{"duration":{"num":2,"min":0.036273479,"max":0.107374191,"avg":0.071823835,"var":0.002527656,"sum":0.143647671},"relative_timestamp_from_iforward_end":{"num":2,"min":0.000000238,"max":0.000001192,"avg":0.000000715,"var":0.000000000,"sum":0.000001431}},"set_input":{"duration":{"num":2,"min":0.000000238,"max":0.000000238,"avg":0.000000238,"var":0.000000000,"sum":0.000000477},"relative_timestamp_from_iforward_start":{"num":2,"min":0.000006199,"max":0.000012159,"avg":0.000009179,"var":0.000000000,"sum":0.000018358}},"get_output":{"duration":{"num":2,"min":0.000000238,"max":0.000051498,"avg":0.000025868,"var":0.000000001,"sum":0.000051737},"relative_timestamp_from_wait_end":{"num":2,"min":0.000000238,"max":0.000002146,"avg":0.000001192,"var":0.000000000,"sum":0.000002384}}}}},"65535:65535:3669993900245843967:1":{"rpc_id":3669993900245843967,"provider_id":1,"parent_rpc_id":65535,"parent_provider_id":65535,"name":"qtn_work_rpc","origin":{"sent to ofi+cxi://0x06a78418":{"iforward":{"duration":{"num":1866,"min":0.000001431,"max":0.000027418,"avg":0.000001818,"var":0.000000003,"sum":0.003392220},"relative_timestamp_from_create":{"num":1866,"min":0.000002623,"max":0.001391649,"avg":0.000003722,"var":0.000001928,"sum":0.006945372}},"forward_cb":{"duration":{"num":1866,"min":0.000000000,"max":0.000004053,"avg":0.000000133,"var":0.000000000,"sum":0.000248194},"relative_timestamp_from_iforward_start":{"num":1866,"min":0.000751495,"max":0.014628410,"avg":0.005785753,"var":0.003435782,"sum":10.796214819}},"iforward_wait":{"duration":{"num":1866,"min":0.000749588,"max":0.014626980,"avg":0.005784282,"var":0.003435602,"sum":10.793469429},"relative_timestamp_from_iforward_end":{"num":1866,"min":0.000000000,"max":0.000000715,"avg":0.000000267,"var":0.000000000,"sum":0.000497580}},"set_input":{"duration":{"num":1866,"min":0.000000000,"max":0.000004530,"avg":0.000000126,"var":0.000000000,"sum":0.000235796},"relative_timestamp_from_iforward_start":{"num":1866,"min":0.000000477,"max":0.000007391,"avg":0.000000737,"var":0.000000000,"sum":0.001375914}},"get_output":{"duration":{"num":1866,"min":0.000000000,"max":0.000000954,"avg":0.000000091,"var":0.000000000,"sum":0.000169516},"relative_timestamp_from_wait_end":{"num":1866,"min":0.000000000,"max":0.000006914,"avg":0.000000163,"var":0.000000000,"sum":0.000303268}}}}},"65535:65535:65535:65535":{"rpc_id":65535,"provider_id":65535,"parent_rpc_id":65535,"parent_provider_id":65535,"name":"","target":{"received from <unknown>":{"bulk":{"create":{"duration":{"num":1866,"min":0.000002384,"max":0.001387835,"avg":0.000003521,"var":0.000001918,"sum":0.006569862},"size":{"num":1866,"min":4194304.000000000,"max":4194304.000000000,"avg":4194304.000000000,"var":0.000000000,"sum":7826571264.000000000}}}}}}}}