{"address":"","progress_loop":{"progress_with_timeout":{"num":1825,"min":0.000002861,"max":0.103469849,"avg":0.006103013,"var":0.021892331,"sum":11.137999058},"progress_timeout_value_msec":{"num":1825,"min":100.000000000,"max":100.000000000,"avg":100.000000000,"var":0.000000000,"sum":182500.000000000},"progress_without_timeout":{"num":0,"min":0.000000000,"max":0.000000000,"avg":0.000000000,"var":0.000000000,"sum":0.000000000},"trigger":{"num":1821,"min":0.000000238,"max":0.000010014,"avg":0.000000291,"var":0.000000000,"sum":0.000530005}},"rpcs":{"65535:65535:7940397281847607295:2":{"rpc_id":7940397281847607295,"provider_id":2,"parent_rpc_id":65535,"parent_provider_id":65535,"name":"__identity__","origin":{"sent to ofi+cxi://0x06a6000d":{"iforward":{"duration":{"num":1,"min":0.001771927,"max":0.001771927,"avg":0.001771927,"var":0.000000000,"sum":0.001771927},"relative_timestamp_from_create":{"num":1,"min":0.000046015,"max":0.000046015,"avg":0.000046015,"var":0.000000000,"sum":0.000046015}},"forward_cb":{"duration":{"num":1,"min":0.000002384,"max":0.000002384,"avg":0.000002384,"var":0.000000000,"sum":0.000002384},"relative_timestamp_from_iforward_start":{"num":1,"min":0.019783497,"max":0.019783497,"avg":0.019783497,"var":0.000000000,"sum":0.019783497}},"iforward_wait":{"duration":{"num":1,"min":0.018020153,"max":0.018020153,"avg":0.018020153,"var":0.000000000,"sum":0.018020153},"relative_timestamp_from_iforward_end":{"num":1,"min":0.000000238,"max":0.000000238,"avg":0.000000238,"var":0.000000000,"sum":0.000000238}},"set_input":{"duration":{"num":0,"min":0.000000000,"max":0.000000000,"avg":0.000000000,"var":0.000000000,"sum":0.000000000},"relative_timestamp_from_iforward_start":{"num":0,"min":0.000000000,"max":0.000000000,"avg":0.000000000,"var":0.000000000,"sum":0.000000000}},"get_output":{"duration":{"num":1,"min":0.000017643,"max":0.000017643,"avg":0.000017643,"var":0.000000000,"sum":0.000017643},"relative_timestamp_from_wait_end":{"num":1,"min":0.000001669,"max":0.000001669,"avg":0.000001669,"var":0.000000000,"sum":0.000001669}}}}},"65535:65535:9722976651498815487:2":{"rpc_id":9722976651498815487,"provider_id":2,"parent_rpc_id":65535,"parent_provider_id":65535,"name":"flock_get_view","origin":{"sent to ofi+cxi://0x06a6000d":{"iforward":{"duration":{"num":2,"min":0.000020742,"max":0.000041723,"avg":0.000031233,"var":0.000000000,"sum":0.000062466},"relative_timestamp_from_create":{"num":2,"min":0.000000715,"max":0.000001669,"avg":0.000001192,"var":0.000000000,"sum":0.000002384}},"forward_cb":{"duration":{"num":2,"min":0.000000238,"max":0.000000954,"avg":0.000000596,"var":0.000000000,"sum":0.000001192},"relative_timestamp_from_iforward_start":{"num":2,"min":0.064478159,"max":0.071525812,"avg":0.068001986,"var":0.000024835,"sum":0.136003971}},"iforward_wait":{"duration":{"num":2,"min":0.064438105,"max":0.071505308,"avg":0.067971706,"var":0.000024973,"sum":0.135943413},"relative_timestamp_from_iforward_end":{"num":2,"min":0.000000477,"max":0.000001669,"avg":0.000001073,"var":0.000000000,"sum":0.000002146}},"set_input":{"duration":{"num":2,"min":0.000000238,"max":0.000000238,"avg":0.000000238,"var":0.000000000,"sum":0.000000477},"relative_timestamp_from_iforward_start":{"num":2,"min":0.000006199,"max":0.000012636,"avg":0.000009418,"var":0.000000000,"sum":0.000018835}},"get_output":{"duration":{"num":2,"min":0.000000477,"max":0.000056982,"avg":0.000028729,"var":0.000000002,"sum":0.000057459},"relative_timestamp_from_wait_end":{"num":2,"min":0.000000477,"max":0.000002384,"avg":0.000001431,"var":0.000000000,"sum":0.000002861}}}}},"65535:65535:3669993900245843967:1":{"rpc_id":3669993900245843967,"provider_id":1,"parent_rpc_id":65535,"parent_provider_id":65535,"name":"qtn_work_rpc","origin":{"sent to ofi+cxi://0x06a60614":{"iforward":{"duration":{"num":1817,"min":0.000001431,"max":0.000029325,"avg":0.000001783,"var":0.000000003,"sum":0.003239870},"relative_timestamp_from_create":{"num":1817,"min":0.000002623,"max":0.001415491,"avg":0.000003667,"var":0.000001994,"sum":0.006663084}},"forward_cb":{"duration":{"num":1817,"min":0.000000000,"max":0.000001192,"avg":0.000000136,"var":0.000000000,"sum":0.000246525},"relative_timestamp_from_iforward_start":{"num":1817,"min":0.000278950,"max":0.026921272,"avg":0.005990702,"var":0.004423503,"sum":10.885105848}},"iforward_wait":{"duration":{"num":1817,"min":0.000277996,"max":0.026920080,"avg":0.005989263,"var":0.004423193,"sum":10.882490873},"relative_timestamp_from_iforward_end":{"num":1817,"min":0.000000000,"max":0.000000954,"avg":0.000000252,"var":0.000000000,"sum":0.000457287}},"set_input":{"duration":{"num":1817,"min":0.000000000,"max":0.000004530,"avg":0.000000120,"var":0.000000000,"sum":0.000218391},"relative_timestamp_from_iforward_start":{"num":1817,"min":0.000000477,"max":0.000007629,"avg":0.000000708,"var":0.000000000,"sum":0.001286030}},"get_output":{"duration":{"num":1817,"min":0.000000000,"max":0.000000238,"avg":0.000000091,"var":0.000000000,"sum":0.000164509},"relative_timestamp_from_wait_end":{"num":1817,"min":0.000000000,"max":0.000003099,"avg":0.000000159,"var":0.000000000,"sum":0.000288486}}}}},"65535:65535:65535:65535":{"rpc_id":65535,"provider_id":65535,"parent_rpc_id":65535,"parent_provider_id":65535,"name":"","target":{"received from <unknown>":{"bulk":{"create":{"duration":{"num":1817,"min":0.000002384,"max":0.001411676,"avg":0.000003467,"var":0.000001984,"sum":0.006298780},"size":{"num":1817,"min":4194304.000000000,"max":4194304.000000000,"avg":4194304.000000000,"var":0.000000000,"sum":7621050368.000000000}}}}}}}}