{"address":"","progress_loop":{"progress_with_timeout":{"num":1695,"min":0.000001907,"max":0.102278233,"avg":0.007161954,"var":0.032502791,"sum":12.139512539},"progress_timeout_value_msec":{"num":1695,"min":100.000000000,"max":100.000000000,"avg":100.000000000,"var":0.000000000,"sum":169500.000000000},"progress_without_timeout":{"num":0,"min":0.000000000,"max":0.000000000,"avg":0.000000000,"var":0.000000000,"sum":0.000000000},"trigger":{"num":1690,"min":0.000000238,"max":0.000008583,"avg":0.000000293,"var":0.000000000,"sum":0.000495434}},"rpcs":{"65535:65535:7940397281847607295:2":{"rpc_id":7940397281847607295,"provider_id":2,"parent_rpc_id":65535,"parent_provider_id":65535,"name":"__identity__","origin":{"sent to ofi+cxi://0x06a6000d":{"iforward":{"duration":{"num":1,"min":0.001181364,"max":0.001181364,"avg":0.001181364,"var":0.000000000,"sum":0.001181364},"relative_timestamp_from_create":{"num":1,"min":0.000003815,"max":0.000003815,"avg":0.000003815,"var":0.000000000,"sum":0.000003815}},"forward_cb":{"duration":{"num":1,"min":0.000002146,"max":0.000002146,"avg":0.000002146,"var":0.000000000,"sum":0.000002146},"relative_timestamp_from_iforward_start":{"num":1,"min":0.025990009,"max":0.025990009,"avg":0.025990009,"var":0.000000000,"sum":0.025990009}},"iforward_wait":{"duration":{"num":1,"min":0.024816513,"max":0.024816513,"avg":0.024816513,"var":0.000000000,"sum":0.024816513},"relative_timestamp_from_iforward_end":{"num":1,"min":0.000000477,"max":0.000000477,"avg":0.000000477,"var":0.000000000,"sum":0.000000477}},"set_input":{"duration":{"num":0,"min":0.000000000,"max":0.000000000,"avg":0.000000000,"var":0.000000000,"sum":0.000000000},"relative_timestamp_from_iforward_start":{"num":0,"min":0.000000000,"max":0.000000000,"avg":0.000000000,"var":0.000000000,"sum":0.000000000}},"get_output":{"duration":{"num":1,"min":0.000015020,"max":0.000015020,"avg":0.000015020,"var":0.000000000,"sum":0.000015020},"relative_timestamp_from_wait_end":{"num":1,"min":0.000001907,"max":0.000001907,"avg":0.000001907,"var":0.000000000,"sum":0.000001907}}}}},"65535:65535:9722976651498815487:2":{"rpc_id":9722976651498815487,"provider_id":2,"parent_rpc_id":65535,"parent_provider_id":65535,"name":"flock_get_view","origin":{"sent to ofi+cxi://0x06a6000d":{"iforward":{"duration":{"num":2,"min":0.000020266,"max":0.000038624,"avg":0.000029445,"var":0.000000000,"sum":0.000058889},"relative_timestamp_from_create":{"num":2,"min":0.000000715,"max":0.000001907,"avg":0.000001311,"var":0.000000000,"sum":0.000002623}},"forward_cb":{"duration":{"num":2,"min":0.000000238,"max":0.000001192,"avg":0.000000715,"var":0.000000000,"sum":0.000001431},"relative_timestamp_from_iforward_start":{"num":2,"min":0.038814545,"max":0.103730440,"avg":0.071272492,"var":0.002107037,"sum":0.142544985}},"iforward_wait":{"duration":{"num":2,"min":0.038794756,"max":0.103693962,"avg":0.071244359,"var":0.002105953,"sum":0.142488718},"relative_timestamp_from_iforward_end":{"num":2,"min":0.000000477,"max":0.000001431,"avg":0.000000954,"var":0.000000000,"sum":0.000001907}},"set_input":{"duration":{"num":2,"min":0.000000238,"max":0.000000238,"avg":0.000000238,"var":0.000000000,"sum":0.000000477},"relative_timestamp_from_iforward_start":{"num":2,"min":0.000006199,"max":0.000011683,"avg":0.000008941,"var":0.000000000,"sum":0.000017881}},"get_output":{"duration":{"num":2,"min":0.000000238,"max":0.000055313,"avg":0.000027776,"var":0.000000002,"sum":0.000055552},"relative_timestamp_from_wait_end":{"num":2,"min":0.000000477,"max":0.000001907,"avg":0.000001192,"var":0.000000000,"sum":0.000002384}}}}},"65535:65535:3669993900245843967:1":{"rpc_id":3669993900245843967,"provider_id":1,"parent_rpc_id":65535,"parent_provider_id":65535,"name":"qtn_work_rpc","origin":{"sent to ofi+cxi://0x06a6a415":{"iforward":{"duration":{"num":1686,"min":0.000001431,"max":0.000033855,"avg":0.000001862,"var":0.000000004,"sum":0.003139734},"relative_timestamp_from_create":{"num":1686,"min":0.000002623,"max":0.001331806,"avg":0.000003697,"var":0.000001765,"sum":0.006232738}},"forward_cb":{"duration":{"num":1686,"min":0.000000000,"max":0.000001192,"avg":0.000000128,"var":0.000000000,"sum":0.000216007},"relative_timestamp_from_iforward_start":{"num":1686,"min":0.000498533,"max":0.023266554,"avg":0.007042837,"var":0.013163288,"sum":11.874223709}},"iforward_wait":{"duration":{"num":1686,"min":0.000497103,"max":0.023265123,"avg":0.007041344,"var":0.013163633,"sum":11.871705532},"relative_timestamp_from_iforward_end":{"num":1686,"min":0.000000000,"max":0.000000715,"avg":0.000000254,"var":0.000000000,"sum":0.000427485}},"set_input":{"duration":{"num":1686,"min":0.000000000,"max":0.000004530,"avg":0.000000129,"var":0.000000000,"sum":0.000217676},"relative_timestamp_from_iforward_start":{"num":1686,"min":0.000000477,"max":0.000007153,"avg":0.000000708,"var":0.000000000,"sum":0.001193047}},"get_output":{"duration":{"num":1686,"min":0.000000000,"max":0.000000477,"avg":0.000000090,"var":0.000000000,"sum":0.000152349},"relative_timestamp_from_wait_end":{"num":1686,"min":0.000000000,"max":0.000001192,"avg":0.000000155,"var":0.000000000,"sum":0.000261068}}}}},"65535:65535:65535:65535":{"rpc_id":65535,"provider_id":65535,"parent_rpc_id":65535,"parent_provider_id":65535,"name":"","target":{"received from <unknown>":{"bulk":{"create":{"duration":{"num":1686,"min":0.000002384,"max":0.001327276,"avg":0.000003503,"var":0.000001754,"sum":0.005906105},"size":{"num":1686,"min":4194304.000000000,"max":4194304.000000000,"avg":4194304.000000000,"var":0.000000000,"sum":7071596544.000000000}}}}}}}}