{"address":"","progress_loop":{"progress_with_timeout":{"num":34108,"min":0.000000954,"max":0.103505850,"avg":0.000156254,"var":0.025661243,"sum":5.329527378},"progress_timeout_value_msec":{"num":34108,"min":100.000000000,"max":100.000000000,"avg":100.000000000,"var":0.000000000,"sum":3410800.000000000},"progress_without_timeout":{"num":0,"min":0.000000000,"max":0.000000000,"avg":0.000000000,"var":0.000000000,"sum":0.000000000},"trigger":{"num":34060,"min":0.000000238,"max":0.000009537,"avg":0.000000272,"var":0.000000000,"sum":0.009274483}},"rpcs":{"65535:65535:7940397281847607295:2":{"rpc_id":7940397281847607295,"provider_id":2,"parent_rpc_id":65535,"parent_provider_id":65535,"name":"__identity__","origin":{"sent to ofi+cxi://0x06a6000d":{"iforward":{"duration":{"num":1,"min":0.000117064,"max":0.000117064,"avg":0.000117064,"var":0.000000000,"sum":0.000117064},"relative_timestamp_from_create":{"num":1,"min":0.000008106,"max":0.000008106,"avg":0.000008106,"var":0.000000000,"sum":0.000008106}},"forward_cb":{"duration":{"num":1,"min":0.000001192,"max":0.000001192,"avg":0.000001192,"var":0.000000000,"sum":0.000001192},"relative_timestamp_from_iforward_start":{"num":1,"min":0.036602020,"max":0.036602020,"avg":0.036602020,"var":0.000000000,"sum":0.036602020}},"iforward_wait":{"duration":{"num":1,"min":0.036489964,"max":0.036489964,"avg":0.036489964,"var":0.000000000,"sum":0.036489964},"relative_timestamp_from_iforward_end":{"num":1,"min":0.000000477,"max":0.000000477,"avg":0.000000477,"var":0.000000000,"sum":0.000000477}},"set_input":{"duration":{"num":0,"min":0.000000000,"max":0.000000000,"avg":0.000000000,"var":0.000000000,"sum":0.000000000},"relative_timestamp_from_iforward_start":{"num":0,"min":0.000000000,"max":0.000000000,"avg":0.000000000,"var":0.000000000,"sum":0.000000000}},"get_output":{"duration":{"num":1,"min":0.000007153,"max":0.000007153,"avg":0.000007153,"var":0.000000000,"sum":0.000007153},"relative_timestamp_from_wait_end":{"num":1,"min":0.000001192,"max":0.000001192,"avg":0.000001192,"var":0.000000000,"sum":0.000001192}}}}},"65535:65535:9722976651498815487:2":{"rpc_id":9722976651498815487,"provider_id":2,"parent_rpc_id":65535,"parent_provider_id":65535,"name":"flock_get_view","origin":{"sent to ofi+cxi://0x06a6000d":{"iforward":{"duration":{"num":2,"min":0.000019550,"max":0.000020742,"avg":0.000020146,"var":0.000000000,"sum":0.000040293},"relative_timestamp_from_create":{"num":2,"min":0.000000715,"max":0.000001907,"avg":0.000001311,"var":0.000000000,"sum":0.000002623}},"forward_cb":{"duration":{"num":2,"min":0.000001192,"max":0.000001192,"avg":0.000001192,"var":0.000000000,"sum":0.000002384},"relative_timestamp_from_iforward_start":{"num":2,"min":0.055726767,"max":0.108182192,"avg":0.081954479,"var":0.001375786,"sum":0.163908958}},"iforward_wait":{"duration":{"num":2,"min":0.055710077,"max":0.108165264,"avg":0.081937671,"var":0.001375773,"sum":0.163875341},"relative_timestamp_from_iforward_end":{"num":2,"min":0.000000477,"max":0.000001192,"avg":0.000000834,"var":0.000000000,"sum":0.000001669}},"set_input":{"duration":{"num":2,"min":0.000000238,"max":0.000000238,"avg":0.000000238,"var":0.000000000,"sum":0.000000477},"relative_timestamp_from_iforward_start":{"num":2,"min":0.000005484,"max":0.000007153,"avg":0.000006318,"var":0.000000000,"sum":0.000012636}},"get_output":{"duration":{"num":2,"min":0.000001192,"max":0.000062704,"avg":0.000031948,"var":0.000000002,"sum":0.000063896},"relative_timestamp_from_wait_end":{"num":2,"min":0.000001431,"max":0.000002384,"avg":0.000001907,"var":0.000000000,"sum":0.000003815}}}}},"65535:65535:3669993900245843967:1":{"rpc_id":3669993900245843967,"provider_id":1,"parent_rpc_id":65535,"parent_provider_id":65535,"name":"qtn_work_rpc","origin":{"sent to ofi+cxi://0x06a6820d":{"iforward":{"duration":{"num":34056,"min":0.000001192,"max":0.000056028,"avg":0.000001522,"var":0.000000007,"sum":0.051827669},"relative_timestamp_from_create":{"num":34056,"min":0.000000000,"max":0.000003815,"avg":0.000000073,"var":0.000000000,"sum":0.002489328}},"forward_cb":{"duration":{"num":34056,"min":0.000000000,"max":0.000001192,"avg":0.000000119,"var":0.000000001,"sum":0.004044056},"relative_timestamp_from_iforward_start":{"num":34056,"min":0.000008583,"max":0.000985861,"avg":0.000149657,"var":0.000535502,"sum":5.096724749}},"iforward_wait":{"duration":{"num":34056,"min":0.000005960,"max":0.000984430,"avg":0.000148502,"var":0.000535415,"sum":5.057376146},"relative_timestamp_from_iforward_end":{"num":34056,"min":0.000000000,"max":0.000002623,"avg":0.000000181,"var":0.000000000,"sum":0.006162882}},"set_input":{"duration":{"num":34056,"min":0.000000000,"max":0.000001669,"avg":0.000000081,"var":0.000000000,"sum":0.002771139},"relative_timestamp_from_iforward_start":{"num":34056,"min":0.000000477,"max":0.000015259,"avg":0.000000697,"var":0.000000000,"sum":0.023740768}},"get_output":{"duration":{"num":34056,"min":0.000000000,"max":0.000004292,"avg":0.000000090,"var":0.000000001,"sum":0.003056765},"relative_timestamp_from_wait_end":{"num":34056,"min":0.000000000,"max":0.000002861,"avg":0.000000157,"var":0.000000001,"sum":0.005355120}}}}}}}