{"address":"","progress_loop":{"progress_with_timeout":{"num":22121,"min":0.000000954,"max":0.103363991,"avg":0.000244579,"var":0.027402411,"sum":5.410330057},"progress_timeout_value_msec":{"num":22121,"min":100.000000000,"max":100.000000000,"avg":100.000000000,"var":0.000000000,"sum":2212100.000000000},"progress_without_timeout":{"num":0,"min":0.000000000,"max":0.000000000,"avg":0.000000000,"var":0.000000000,"sum":0.000000000},"trigger":{"num":22097,"min":0.000000238,"max":0.000008345,"avg":0.000000274,"var":0.000000000,"sum":0.006063223}},"rpcs":{"65535:65535:7940397281847607295:2":{"rpc_id":7940397281847607295,"provider_id":2,"parent_rpc_id":65535,"parent_provider_id":65535,"name":"__identity__","origin":{"sent to ofi+cxi://0x06a6000d":{"iforward":{"duration":{"num":1,"min":0.001272440,"max":0.001272440,"avg":0.001272440,"var":0.000000000,"sum":0.001272440},"relative_timestamp_from_create":{"num":1,"min":0.000009537,"max":0.000009537,"avg":0.000009537,"var":0.000000000,"sum":0.000009537}},"forward_cb":{"duration":{"num":1,"min":0.000002146,"max":0.000002146,"avg":0.000002146,"var":0.000000000,"sum":0.000002146},"relative_timestamp_from_iforward_start":{"num":1,"min":0.040110826,"max":0.040110826,"avg":0.040110826,"var":0.000000000,"sum":0.040110826}},"iforward_wait":{"duration":{"num":1,"min":0.038845778,"max":0.038845778,"avg":0.038845778,"var":0.000000000,"sum":0.038845778},"relative_timestamp_from_iforward_end":{"num":1,"min":0.000000477,"max":0.000000477,"avg":0.000000477,"var":0.000000000,"sum":0.000000477}},"set_input":{"duration":{"num":0,"min":0.000000000,"max":0.000000000,"avg":0.000000000,"var":0.000000000,"sum":0.000000000},"relative_timestamp_from_iforward_start":{"num":0,"min":0.000000000,"max":0.000000000,"avg":0.000000000,"var":0.000000000,"sum":0.000000000}},"get_output":{"duration":{"num":1,"min":0.000015020,"max":0.000015020,"avg":0.000015020,"var":0.000000000,"sum":0.000015020},"relative_timestamp_from_wait_end":{"num":1,"min":0.000001192,"max":0.000001192,"avg":0.000001192,"var":0.000000000,"sum":0.000001192}}}}},"65535:65535:9722976651498815487:2":{"rpc_id":9722976651498815487,"provider_id":2,"parent_rpc_id":65535,"parent_provider_id":65535,"name":"flock_get_view","origin":{"sent to ofi+cxi://0x06a6000d":{"iforward":{"duration":{"num":2,"min":0.000018835,"max":0.000039816,"avg":0.000029325,"var":0.000000000,"sum":0.000058651},"relative_timestamp_from_create":{"num":2,"min":0.000000715,"max":0.000001192,"avg":0.000000954,"var":0.000000000,"sum":0.000001907}},"forward_cb":{"duration":{"num":2,"min":0.000000238,"max":0.000001192,"avg":0.000000715,"var":0.000000000,"sum":0.000001431},"relative_timestamp_from_iforward_start":{"num":2,"min":0.052896500,"max":0.109117746,"avg":0.081007123,"var":0.001580414,"sum":0.162014246}},"iforward_wait":{"duration":{"num":2,"min":0.052878380,"max":0.109079599,"avg":0.080978990,"var":0.001579289,"sum":0.161957979},"relative_timestamp_from_iforward_end":{"num":2,"min":0.000000238,"max":0.000001669,"avg":0.000000954,"var":0.000000000,"sum":0.000001907}},"set_input":{"duration":{"num":2,"min":0.000000238,"max":0.000000238,"avg":0.000000238,"var":0.000000000,"sum":0.000000477},"relative_timestamp_from_iforward_start":{"num":2,"min":0.000005960,"max":0.000011206,"avg":0.000008583,"var":0.000000000,"sum":0.000017166}},"get_output":{"duration":{"num":2,"min":0.000000477,"max":0.000056982,"avg":0.000028729,"var":0.000000002,"sum":0.000057459},"relative_timestamp_from_wait_end":{"num":2,"min":0.000000238,"max":0.000002146,"avg":0.000001192,"var":0.000000000,"sum":0.000002384}}}}},"65535:65535:3669993900245843967:1":{"rpc_id":3669993900245843967,"provider_id":1,"parent_rpc_id":65535,"parent_provider_id":65535,"name":"qtn_work_rpc","origin":{"sent to ofi+cxi://0x06a6a219":{"iforward":{"duration":{"num":22093,"min":0.000001431,"max":0.000036478,"avg":0.000001612,"var":0.000000005,"sum":0.035610199},"relative_timestamp_from_create":{"num":22093,"min":0.000000000,"max":0.000001431,"avg":0.000000072,"var":0.000000000,"sum":0.001600981}},"forward_cb":{"duration":{"num":22093,"min":0.000000000,"max":0.000006437,"avg":0.000000127,"var":0.000000000,"sum":0.002805948},"relative_timestamp_from_iforward_start":{"num":22093,"min":0.000008583,"max":0.026969910,"avg":0.000233302,"var":0.002280903,"sum":5.154334307}},"iforward_wait":{"duration":{"num":22093,"min":0.000007629,"max":0.026966810,"avg":0.000232068,"var":0.002280843,"sum":5.127076864},"relative_timestamp_from_iforward_end":{"num":22093,"min":0.000000000,"max":0.000001431,"avg":0.000000181,"var":0.000000000,"sum":0.003994942}},"set_input":{"duration":{"num":22093,"min":0.000000000,"max":0.000001907,"avg":0.000000076,"var":0.000000000,"sum":0.001686573},"relative_timestamp_from_iforward_start":{"num":22093,"min":0.000000477,"max":0.000009537,"avg":0.000000697,"var":0.000000000,"sum":0.015406132}},"get_output":{"duration":{"num":22093,"min":0.000000000,"max":0.000004768,"avg":0.000000095,"var":0.000000000,"sum":0.002097845},"relative_timestamp_from_wait_end":{"num":22093,"min":0.000000000,"max":0.000008583,"avg":0.000000151,"var":0.000000000,"sum":0.003325224}}}}}}}