{"address":"","progress_loop":{"progress_with_timeout":{"num":36375,"min":0.000000954,"max":1.883743286,"avg":0.000145898,"var":3.574289542,"sum":5.307032585},"progress_timeout_value_msec":{"num":36375,"min":100.000000000,"max":100.000000000,"avg":100.000000000,"var":0.000000000,"sum":3637500.000000000},"progress_without_timeout":{"num":0,"min":0.000000000,"max":0.000000000,"avg":0.000000000,"var":0.000000000,"sum":0.000000000},"trigger":{"num":36276,"min":0.000000238,"max":0.000008821,"avg":0.000000273,"var":0.000000001,"sum":0.009903431}},"rpcs":{"65535:65535:7940397281847607295:2":{"rpc_id":7940397281847607295,"provider_id":2,"parent_rpc_id":65535,"parent_provider_id":65535,"name":"__identity__","origin":{"sent to ofi+cxi://0x06a6000d":{"iforward":{"duration":{"num":1,"min":0.000102043,"max":0.000102043,"avg":0.000102043,"var":0.000000000,"sum":0.000102043},"relative_timestamp_from_create":{"num":1,"min":0.000003338,"max":0.000003338,"avg":0.000003338,"var":0.000000000,"sum":0.000003338}},"forward_cb":{"duration":{"num":1,"min":0.000002384,"max":0.000002384,"avg":0.000002384,"var":0.000000000,"sum":0.000002384},"relative_timestamp_from_iforward_start":{"num":1,"min":0.009629488,"max":0.009629488,"avg":0.009629488,"var":0.000000000,"sum":0.009629488}},"iforward_wait":{"duration":{"num":1,"min":0.009535789,"max":0.009535789,"avg":0.009535789,"var":0.000000000,"sum":0.009535789},"relative_timestamp_from_iforward_end":{"num":1,"min":0.000000238,"max":0.000000238,"avg":0.000000238,"var":0.000000000,"sum":0.000000238}},"set_input":{"duration":{"num":0,"min":0.000000000,"max":0.000000000,"avg":0.000000000,"var":0.000000000,"sum":0.000000000},"relative_timestamp_from_iforward_start":{"num":0,"min":0.000000000,"max":0.000000000,"avg":0.000000000,"var":0.000000000,"sum":0.000000000}},"get_output":{"duration":{"num":1,"min":0.000016212,"max":0.000016212,"avg":0.000016212,"var":0.000000000,"sum":0.000016212},"relative_timestamp_from_wait_end":{"num":1,"min":0.000001431,"max":0.000001431,"avg":0.000001431,"var":0.000000000,"sum":0.000001431}}}}},"65535:65535:9722976651498815487:2":{"rpc_id":9722976651498815487,"provider_id":2,"parent_rpc_id":65535,"parent_provider_id":65535,"name":"flock_get_view","origin":{"sent to ofi+cxi://0x06a6000d":{"iforward":{"duration":{"num":2,"min":0.000019312,"max":0.000041962,"avg":0.000030637,"var":0.000000000,"sum":0.000061274},"relative_timestamp_from_create":{"num":2,"min":0.000000477,"max":0.000001669,"avg":0.000001073,"var":0.000000000,"sum":0.000002146}},"forward_cb":{"duration":{"num":2,"min":0.000000715,"max":0.000000954,"avg":0.000000834,"var":0.000000000,"sum":0.000001669},"relative_timestamp_from_iforward_start":{"num":2,"min":0.067617178,"max":0.111006498,"avg":0.089311838,"var":0.000941317,"sum":0.178623676}},"iforward_wait":{"duration":{"num":2,"min":0.067576885,"max":0.110990524,"avg":0.089283705,"var":0.000942372,"sum":0.178567410},"relative_timestamp_from_iforward_end":{"num":2,"min":0.000000477,"max":0.000001431,"avg":0.000000954,"var":0.000000000,"sum":0.000001907}},"set_input":{"duration":{"num":2,"min":0.000000238,"max":0.000000238,"avg":0.000000238,"var":0.000000000,"sum":0.000000477},"relative_timestamp_from_iforward_start":{"num":2,"min":0.000006676,"max":0.000012875,"avg":0.000009775,"var":0.000000000,"sum":0.000019550}},"get_output":{"duration":{"num":2,"min":0.000001192,"max":0.000066280,"avg":0.000033736,"var":0.000000002,"sum":0.000067472},"relative_timestamp_from_wait_end":{"num":2,"min":0.000001431,"max":0.000002146,"avg":0.000001788,"var":0.000000000,"sum":0.000003576}}}}},"65535:65535:3669993900245843967:1":{"rpc_id":3669993900245843967,"provider_id":1,"parent_rpc_id":65535,"parent_provider_id":65535,"name":"qtn_work_rpc","origin":{"sent to ofi+cxi://0x06a6040e":{"iforward":{"duration":{"num":36272,"min":0.000001192,"max":0.000048161,"avg":0.000001551,"var":0.000000008,"sum":0.056244135},"relative_timestamp_from_create":{"num":36272,"min":0.000000000,"max":0.000001192,"avg":0.000000073,"var":0.000000000,"sum":0.002642393}},"forward_cb":{"duration":{"num":36272,"min":0.000000000,"max":0.000002384,"avg":0.000000120,"var":0.000000001,"sum":0.004362106},"relative_timestamp_from_iforward_start":{"num":36272,"min":0.000008345,"max":1.883747101,"avg":0.000140446,"var":3.548407114,"sum":5.094264746}},"iforward_wait":{"duration":{"num":36272,"min":0.000002623,"max":1.883745909,"avg":0.000139268,"var":3.548406952,"sum":5.051524162},"relative_timestamp_from_iforward_end":{"num":36272,"min":0.000000000,"max":0.000003576,"avg":0.000000188,"var":0.000000000,"sum":0.006829739}},"set_input":{"duration":{"num":36272,"min":0.000000000,"max":0.000008821,"avg":0.000000077,"var":0.000000001,"sum":0.002801657},"relative_timestamp_from_iforward_start":{"num":36272,"min":0.000000477,"max":0.000013113,"avg":0.000000689,"var":0.000000001,"sum":0.025003672}},"get_output":{"duration":{"num":36272,"min":0.000000000,"max":0.000002146,"avg":0.000000091,"var":0.000000001,"sum":0.003299236},"relative_timestamp_from_wait_end":{"num":36272,"min":0.000000000,"max":0.000005960,"avg":0.000000160,"var":0.000000001,"sum":0.005791426}}}}}}}