{"address":"","progress_loop":{"progress_with_timeout":{"num":1694,"min":0.000001192,"max":0.100175619,"avg":0.007087753,"var":0.032292822,"sum":12.006654024},"progress_timeout_value_msec":{"num":1694,"min":100.000000000,"max":100.000000000,"avg":100.000000000,"var":0.000000000,"sum":169400.000000000},"progress_without_timeout":{"num":0,"min":0.000000000,"max":0.000000000,"avg":0.000000000,"var":0.000000000,"sum":0.000000000},"trigger":{"num":1689,"min":0.000000238,"max":0.000007153,"avg":0.000000287,"var":0.000000000,"sum":0.000484705}},"rpcs":{"65535:65535:7940397281847607295:2":{"rpc_id":7940397281847607295,"provider_id":2,"parent_rpc_id":65535,"parent_provider_id":65535,"name":"__identity__","origin":{"sent to ofi+cxi://0x06a6000d":{"iforward":{"duration":{"num":1,"min":0.000234604,"max":0.000234604,"avg":0.000234604,"var":0.000000000,"sum":0.000234604},"relative_timestamp_from_create":{"num":1,"min":0.000003338,"max":0.000003338,"avg":0.000003338,"var":0.000000000,"sum":0.000003338}},"forward_cb":{"duration":{"num":1,"min":0.000002384,"max":0.000002384,"avg":0.000002384,"var":0.000000000,"sum":0.000002384},"relative_timestamp_from_iforward_start":{"num":1,"min":0.009248972,"max":0.009248972,"avg":0.009248972,"var":0.000000000,"sum":0.009248972}},"iforward_wait":{"duration":{"num":1,"min":0.009022951,"max":0.009022951,"avg":0.009022951,"var":0.000000000,"sum":0.009022951},"relative_timestamp_from_iforward_end":{"num":1,"min":0.000000238,"max":0.000000238,"avg":0.000000238,"var":0.000000000,"sum":0.000000238}},"set_input":{"duration":{"num":0,"min":0.000000000,"max":0.000000000,"avg":0.000000000,"var":0.000000000,"sum":0.000000000},"relative_timestamp_from_iforward_start":{"num":0,"min":0.000000000,"max":0.000000000,"avg":0.000000000,"var":0.000000000,"sum":0.000000000}},"get_output":{"duration":{"num":1,"min":0.000016928,"max":0.000016928,"avg":0.000016928,"var":0.000000000,"sum":0.000016928},"relative_timestamp_from_wait_end":{"num":1,"min":0.000001431,"max":0.000001431,"avg":0.000001431,"var":0.000000000,"sum":0.000001431}}}}},"65535:65535:9722976651498815487:2":{"rpc_id":9722976651498815487,"provider_id":2,"parent_rpc_id":65535,"parent_provider_id":65535,"name":"flock_get_view","origin":{"sent to ofi+cxi://0x06a6000d":{"iforward":{"duration":{"num":2,"min":0.000011444,"max":0.000042439,"avg":0.000026941,"var":0.000000000,"sum":0.000053883},"relative_timestamp_from_create":{"num":2,"min":0.000000238,"max":0.000001669,"avg":0.000000954,"var":0.000000000,"sum":0.000001907}},"forward_cb":{"duration":{"num":2,"min":0.000000238,"max":0.000001431,"avg":0.000000834,"var":0.000000000,"sum":0.000001669},"relative_timestamp_from_iforward_start":{"num":2,"min":0.041187048,"max":0.095197678,"avg":0.068192363,"var":0.001458574,"sum":0.136384726}},"iforward_wait":{"duration":{"num":2,"min":0.041144133,"max":0.095190763,"avg":0.068167448,"var":0.001460519,"sum":0.136334896},"relative_timestamp_from_iforward_end":{"num":2,"min":0.000000238,"max":0.000001669,"avg":0.000000954,"var":0.000000000,"sum":0.000001907}},"set_input":{"duration":{"num":2,"min":0.000000238,"max":0.000000238,"avg":0.000000238,"var":0.000000000,"sum":0.000000477},"relative_timestamp_from_iforward_start":{"num":2,"min":0.000001669,"max":0.000011683,"avg":0.000006676,"var":0.000000000,"sum":0.000013351}},"get_output":{"duration":{"num":2,"min":0.000001431,"max":0.000067234,"avg":0.000034332,"var":0.000000002,"sum":0.000068665},"relative_timestamp_from_wait_end":{"num":2,"min":0.000001192,"max":0.000001431,"avg":0.000001311,"var":0.000000000,"sum":0.000002623}}}}},"65535:65535:3669993900245843967:1":{"rpc_id":3669993900245843967,"provider_id":1,"parent_rpc_id":65535,"parent_provider_id":65535,"name":"qtn_work_rpc","origin":{"sent to ofi+cxi://0x06a60615":{"iforward":{"duration":{"num":1685,"min":0.000001431,"max":0.000037432,"avg":0.000001814,"var":0.000000005,"sum":0.003056526},"relative_timestamp_from_create":{"num":1685,"min":0.000002623,"max":0.001542807,"avg":0.000003798,"var":0.000002370,"sum":0.006398916}},"forward_cb":{"duration":{"num":1685,"min":0.000000000,"max":0.000001192,"avg":0.000000134,"var":0.000000000,"sum":0.000226021},"relative_timestamp_from_iforward_start":{"num":1685,"min":0.000384808,"max":0.027775764,"avg":0.006982395,"var":0.014434251,"sum":11.765335321}},"iforward_wait":{"duration":{"num":1685,"min":0.000383615,"max":0.027774334,"avg":0.006980939,"var":0.014434747,"sum":11.762882710},"relative_timestamp_from_iforward_end":{"num":1685,"min":0.000000000,"max":0.000000715,"avg":0.000000219,"var":0.000000000,"sum":0.000368357}},"set_input":{"duration":{"num":1685,"min":0.000000000,"max":0.000005007,"avg":0.000000123,"var":0.000000000,"sum":0.000206709},"relative_timestamp_from_iforward_start":{"num":1685,"min":0.000000477,"max":0.000011921,"avg":0.000000713,"var":0.000000000,"sum":0.001200676}},"get_output":{"duration":{"num":1685,"min":0.000000000,"max":0.000000477,"avg":0.000000088,"var":0.000000000,"sum":0.000148058},"relative_timestamp_from_wait_end":{"num":1685,"min":0.000000000,"max":0.000001431,"avg":0.000000153,"var":0.000000000,"sum":0.000257015}}}}},"65535:65535:65535:65535":{"rpc_id":65535,"provider_id":65535,"parent_rpc_id":65535,"parent_provider_id":65535,"name":"","target":{"received from <unknown>":{"bulk":{"create":{"duration":{"num":1685,"min":0.000002384,"max":0.001537800,"avg":0.000003580,"var":0.000002356,"sum":0.006032705},"size":{"num":1685,"min":4194304.000000000,"max":4194304.000000000,"avg":4194304.000000000,"var":0.000000000,"sum":7067402240.000000000}}}}}}}}