{"address":"","progress_loop":{"progress_with_timeout":{"num":1737,"min":0.000002861,"max":0.102396488,"avg":0.006914596,"var":0.029818755,"sum":12.010652781},"progress_timeout_value_msec":{"num":1737,"min":100.000000000,"max":100.000000000,"avg":100.000000000,"var":0.000000000,"sum":173700.000000000},"progress_without_timeout":{"num":0,"min":0.000000000,"max":0.000000000,"avg":0.000000000,"var":0.000000000,"sum":0.000000000},"trigger":{"num":1734,"min":0.000000238,"max":0.000010967,"avg":0.000000298,"var":0.000000000,"sum":0.000516891}},"rpcs":{"65535:65535:7940397281847607295:2":{"rpc_id":7940397281847607295,"provider_id":2,"parent_rpc_id":65535,"parent_provider_id":65535,"name":"__identity__","origin":{"sent to ofi+cxi://0x06a6000d":{"iforward":{"duration":{"num":1,"min":0.000614882,"max":0.000614882,"avg":0.000614882,"var":0.000000000,"sum":0.000614882},"relative_timestamp_from_create":{"num":1,"min":0.000003576,"max":0.000003576,"avg":0.000003576,"var":0.000000000,"sum":0.000003576}},"forward_cb":{"duration":{"num":1,"min":0.000002146,"max":0.000002146,"avg":0.000002146,"var":0.000000000,"sum":0.000002146},"relative_timestamp_from_iforward_start":{"num":1,"min":0.010441780,"max":0.010441780,"avg":0.010441780,"var":0.000000000,"sum":0.010441780}},"iforward_wait":{"duration":{"num":1,"min":0.009835243,"max":0.009835243,"avg":0.009835243,"var":0.000000000,"sum":0.009835243},"relative_timestamp_from_iforward_end":{"num":1,"min":0.000000238,"max":0.000000238,"avg":0.000000238,"var":0.000000000,"sum":0.000000238}},"set_input":{"duration":{"num":0,"min":0.000000000,"max":0.000000000,"avg":0.000000000,"var":0.000000000,"sum":0.000000000},"relative_timestamp_from_iforward_start":{"num":0,"min":0.000000000,"max":0.000000000,"avg":0.000000000,"var":0.000000000,"sum":0.000000000}},"get_output":{"duration":{"num":1,"min":0.000019312,"max":0.000019312,"avg":0.000019312,"var":0.000000000,"sum":0.000019312},"relative_timestamp_from_wait_end":{"num":1,"min":0.000001669,"max":0.000001669,"avg":0.000001669,"var":0.000000000,"sum":0.000001669}}}}},"65535:65535:9722976651498815487:2":{"rpc_id":9722976651498815487,"provider_id":2,"parent_rpc_id":65535,"parent_provider_id":65535,"name":"flock_get_view","origin":{"sent to ofi+cxi://0x06a6000d":{"iforward":{"duration":{"num":2,"min":0.000017166,"max":0.000045061,"avg":0.000031114,"var":0.000000000,"sum":0.000062227},"relative_timestamp_from_create":{"num":2,"min":0.000000477,"max":0.000001669,"avg":0.000001073,"var":0.000000000,"sum":0.000002146}},"forward_cb":{"duration":{"num":2,"min":0.000000238,"max":0.000000954,"avg":0.000000596,"var":0.000000000,"sum":0.000001192},"relative_timestamp_from_iforward_start":{"num":2,"min":0.044748306,"max":0.091609955,"avg":0.068179131,"var":0.001098007,"sum":0.136358261}},"iforward_wait":{"duration":{"num":2,"min":0.044705153,"max":0.091593504,"avg":0.068149328,"var":0.001099259,"sum":0.136298656},"relative_timestamp_from_iforward_end":{"num":2,"min":0.000000238,"max":0.000001431,"avg":0.000000834,"var":0.000000000,"sum":0.000001669}},"set_input":{"duration":{"num":2,"min":0.000000238,"max":0.000000238,"avg":0.000000238,"var":0.000000000,"sum":0.000000477},"relative_timestamp_from_iforward_start":{"num":2,"min":0.000005245,"max":0.000013113,"avg":0.000009179,"var":0.000000000,"sum":0.000018358}},"get_output":{"duration":{"num":2,"min":0.000000477,"max":0.000050306,"avg":0.000025392,"var":0.000000001,"sum":0.000050783},"relative_timestamp_from_wait_end":{"num":2,"min":0.000000715,"max":0.000002146,"avg":0.000001431,"var":0.000000000,"sum":0.000002861}}}}},"65535:65535:3669993900245843967:1":{"rpc_id":3669993900245843967,"provider_id":1,"parent_rpc_id":65535,"parent_provider_id":65535,"name":"qtn_work_rpc","origin":{"sent to ofi+cxi://0x06a68219":{"iforward":{"duration":{"num":1730,"min":0.000001431,"max":0.000034094,"avg":0.000001887,"var":0.000000004,"sum":0.003263950},"relative_timestamp_from_create":{"num":1730,"min":0.000002623,"max":0.001705885,"avg":0.000003860,"var":0.000002899,"sum":0.006677866}},"forward_cb":{"duration":{"num":1730,"min":0.000000000,"max":0.000001431,"avg":0.000000134,"var":0.000000000,"sum":0.000232458},"relative_timestamp_from_iforward_start":{"num":1730,"min":0.000452757,"max":0.024509668,"avg":0.006801442,"var":0.011933643,"sum":11.766493797}},"iforward_wait":{"duration":{"num":1730,"min":0.000451565,"max":0.024508238,"avg":0.006799953,"var":0.011933672,"sum":11.763917923},"relative_timestamp_from_iforward_end":{"num":1730,"min":0.000000000,"max":0.000000954,"avg":0.000000201,"var":0.000000000,"sum":0.000346899}},"set_input":{"duration":{"num":1730,"min":0.000000000,"max":0.000005245,"avg":0.000000128,"var":0.000000000,"sum":0.000221252},"relative_timestamp_from_iforward_start":{"num":1730,"min":0.000000477,"max":0.000010014,"avg":0.000000752,"var":0.000000000,"sum":0.001300812}},"get_output":{"duration":{"num":1730,"min":0.000000000,"max":0.000000477,"avg":0.000000091,"var":0.000000000,"sum":0.000157356},"relative_timestamp_from_wait_end":{"num":1730,"min":0.000000000,"max":0.000003576,"avg":0.000000159,"var":0.000000000,"sum":0.000274658}}}}},"65535:65535:65535:65535":{"rpc_id":65535,"provider_id":65535,"parent_rpc_id":65535,"parent_provider_id":65535,"name":"","target":{"received from <unknown>":{"bulk":{"create":{"duration":{"num":1730,"min":0.000002384,"max":0.001699924,"avg":0.000003662,"var":0.000002879,"sum":0.006335497},"size":{"num":1730,"min":4194304.000000000,"max":4194304.000000000,"avg":4194304.000000000,"var":0.000000000,"sum":7256145920.000000000}}}}}}}}