{"address":"","progress_loop":{"progress_with_timeout":{"num":1705,"min":0.000001669,"max":0.103370905,"avg":0.006833392,"var":0.027831571,"sum":11.650932550},"progress_timeout_value_msec":{"num":1705,"min":100.000000000,"max":100.000000000,"avg":100.000000000,"var":0.000000000,"sum":170500.000000000},"progress_without_timeout":{"num":0,"min":0.000000000,"max":0.000000000,"avg":0.000000000,"var":0.000000000,"sum":0.000000000},"trigger":{"num":1702,"min":0.000000238,"max":0.000007629,"avg":0.000000295,"var":0.000000000,"sum":0.000501394}},"rpcs":{"65535:65535:7940397281847607295:2":{"rpc_id":7940397281847607295,"provider_id":2,"parent_rpc_id":65535,"parent_provider_id":65535,"name":"__identity__","origin":{"sent to ofi+cxi://0x06a6000d":{"iforward":{"duration":{"num":1,"min":0.000092745,"max":0.000092745,"avg":0.000092745,"var":0.000000000,"sum":0.000092745},"relative_timestamp_from_create":{"num":1,"min":0.000003815,"max":0.000003815,"avg":0.000003815,"var":0.000000000,"sum":0.000003815}},"forward_cb":{"duration":{"num":1,"min":0.000002861,"max":0.000002861,"avg":0.000002861,"var":0.000000000,"sum":0.000002861},"relative_timestamp_from_iforward_start":{"num":1,"min":0.001882315,"max":0.001882315,"avg":0.001882315,"var":0.000000000,"sum":0.001882315}},"iforward_wait":{"duration":{"num":1,"min":0.001799345,"max":0.001799345,"avg":0.001799345,"var":0.000000000,"sum":0.001799345},"relative_timestamp_from_iforward_end":{"num":1,"min":0.000000477,"max":0.000000477,"avg":0.000000477,"var":0.000000000,"sum":0.000000477}},"set_input":{"duration":{"num":0,"min":0.000000000,"max":0.000000000,"avg":0.000000000,"var":0.000000000,"sum":0.000000000},"relative_timestamp_from_iforward_start":{"num":0,"min":0.000000000,"max":0.000000000,"avg":0.000000000,"var":0.000000000,"sum":0.000000000}},"get_output":{"duration":{"num":1,"min":0.000034571,"max":0.000034571,"avg":0.000034571,"var":0.000000000,"sum":0.000034571},"relative_timestamp_from_wait_end":{"num":1,"min":0.000001907,"max":0.000001907,"avg":0.000001907,"var":0.000000000,"sum":0.000001907}}}}},"65535:65535:9722976651498815487:2":{"rpc_id":9722976651498815487,"provider_id":2,"parent_rpc_id":65535,"parent_provider_id":65535,"name":"flock_get_view","origin":{"sent to ofi+cxi://0x06a6000d":{"iforward":{"duration":{"num":2,"min":0.000014544,"max":0.000046492,"avg":0.000030518,"var":0.000000001,"sum":0.000061035},"relative_timestamp_from_create":{"num":2,"min":0.000000238,"max":0.000001907,"avg":0.000001073,"var":0.000000000,"sum":0.000002146}},"forward_cb":{"duration":{"num":2,"min":0.000000477,"max":0.000000954,"avg":0.000000715,"var":0.000000000,"sum":0.000001431},"relative_timestamp_from_iforward_start":{"num":2,"min":0.014749527,"max":0.054961920,"avg":0.034855723,"var":0.000808518,"sum":0.069711447}},"iforward_wait":{"duration":{"num":2,"min":0.014702797,"max":0.054951906,"avg":0.034827352,"var":0.000809995,"sum":0.069654703},"relative_timestamp_from_iforward_end":{"num":2,"min":0.000000000,"max":0.000001669,"avg":0.000000834,"var":0.000000000,"sum":0.000001669}},"set_input":{"duration":{"num":2,"min":0.000000238,"max":0.000000477,"avg":0.000000358,"var":0.000000000,"sum":0.000000715},"relative_timestamp_from_iforward_start":{"num":2,"min":0.000001907,"max":0.000013828,"avg":0.000007868,"var":0.000000000,"sum":0.000015736}},"get_output":{"duration":{"num":2,"min":0.000001431,"max":0.000062943,"avg":0.000032187,"var":0.000000002,"sum":0.000064373},"relative_timestamp_from_wait_end":{"num":2,"min":0.000001192,"max":0.000001192,"avg":0.000001192,"var":0.000000000,"sum":0.000002384}}}}},"65535:65535:3669993900245843967:1":{"rpc_id":3669993900245843967,"provider_id":1,"parent_rpc_id":65535,"parent_provider_id":65535,"name":"qtn_work_rpc","origin":{"sent to ofi+cxi://0x06a70414":{"iforward":{"duration":{"num":1698,"min":0.000001431,"max":0.000033379,"avg":0.000001918,"var":0.000000006,"sum":0.003256083},"relative_timestamp_from_create":{"num":1698,"min":0.000002384,"max":0.001364708,"avg":0.000003731,"var":0.000001854,"sum":0.006334543}},"forward_cb":{"duration":{"num":1698,"min":0.000000000,"max":0.000001192,"avg":0.000000136,"var":0.000000000,"sum":0.000230789},"relative_timestamp_from_iforward_start":{"num":1698,"min":0.000380754,"max":0.026951790,"avg":0.006761224,"var":0.015956178,"sum":11.480558634}},"iforward_wait":{"duration":{"num":1698,"min":0.000379324,"max":0.026950359,"avg":0.006759648,"var":0.015960744,"sum":11.477882385},"relative_timestamp_from_iforward_end":{"num":1698,"min":0.000000000,"max":0.000001431,"avg":0.000000260,"var":0.000000000,"sum":0.000442028}},"set_input":{"duration":{"num":1698,"min":0.000000000,"max":0.000004530,"avg":0.000000136,"var":0.000000000,"sum":0.000230551},"relative_timestamp_from_iforward_start":{"num":1698,"min":0.000000477,"max":0.000010729,"avg":0.000000753,"var":0.000000000,"sum":0.001278162}},"get_output":{"duration":{"num":1698,"min":0.000000000,"max":0.000000477,"avg":0.000000091,"var":0.000000000,"sum":0.000154018},"relative_timestamp_from_wait_end":{"num":1698,"min":0.000000000,"max":0.000002861,"avg":0.000000168,"var":0.000000000,"sum":0.000285387}}}}},"65535:65535:65535:65535":{"rpc_id":65535,"provider_id":65535,"parent_rpc_id":65535,"parent_provider_id":65535,"name":"","target":{"received from <unknown>":{"bulk":{"create":{"duration":{"num":1698,"min":0.000002384,"max":0.001360416,"avg":0.000003528,"var":0.000001843,"sum":0.005990982},"size":{"num":1698,"min":4194304.000000000,"max":4194304.000000000,"avg":4194304.000000000,"var":0.000000000,"sum":7121928192.000000000}}}}}}}}