{"address":"","progress_loop":{"progress_with_timeout":{"num":24757,"min":0.000000954,"max":0.104032040,"avg":0.000217535,"var":0.027809165,"sum":5.385513783},"progress_timeout_value_msec":{"num":24757,"min":100.000000000,"max":100.000000000,"avg":100.000000000,"var":0.000000000,"sum":2475700.000000000},"progress_without_timeout":{"num":0,"min":0.000000000,"max":0.000000000,"avg":0.000000000,"var":0.000000000,"sum":0.000000000},"trigger":{"num":24711,"min":0.000000238,"max":0.000009298,"avg":0.000000270,"var":0.000000000,"sum":0.006664276}},"rpcs":{"65535:65535:7940397281847607295:2":{"rpc_id":7940397281847607295,"provider_id":2,"parent_rpc_id":65535,"parent_provider_id":65535,"name":"__identity__","origin":{"sent to ofi+cxi://0x06a6000d":{"iforward":{"duration":{"num":1,"min":0.000291109,"max":0.000291109,"avg":0.000291109,"var":0.000000000,"sum":0.000291109},"relative_timestamp_from_create":{"num":1,"min":0.000021696,"max":0.000021696,"avg":0.000021696,"var":0.000000000,"sum":0.000021696}},"forward_cb":{"duration":{"num":1,"min":0.000002384,"max":0.000002384,"avg":0.000002384,"var":0.000000000,"sum":0.000002384},"relative_timestamp_from_iforward_start":{"num":1,"min":0.012829065,"max":0.012829065,"avg":0.012829065,"var":0.000000000,"sum":0.012829065}},"iforward_wait":{"duration":{"num":1,"min":0.012546062,"max":0.012546062,"avg":0.012546062,"var":0.000000000,"sum":0.012546062},"relative_timestamp_from_iforward_end":{"num":1,"min":0.000000238,"max":0.000000238,"avg":0.000000238,"var":0.000000000,"sum":0.000000238}},"set_input":{"duration":{"num":0,"min":0.000000000,"max":0.000000000,"avg":0.000000000,"var":0.000000000,"sum":0.000000000},"relative_timestamp_from_iforward_start":{"num":0,"min":0.000000000,"max":0.000000000,"avg":0.000000000,"var":0.000000000,"sum":0.000000000}},"get_output":{"duration":{"num":1,"min":0.000016212,"max":0.000016212,"avg":0.000016212,"var":0.000000000,"sum":0.000016212},"relative_timestamp_from_wait_end":{"num":1,"min":0.000001669,"max":0.000001669,"avg":0.000001669,"var":0.000000000,"sum":0.000001669}}}}},"65535:65535:9722976651498815487:2":{"rpc_id":9722976651498815487,"provider_id":2,"parent_rpc_id":65535,"parent_provider_id":65535,"name":"flock_get_view","origin":{"sent to ofi+cxi://0x06a6000d":{"iforward":{"duration":{"num":2,"min":0.000019312,"max":0.000041723,"avg":0.000030518,"var":0.000000000,"sum":0.000061035},"relative_timestamp_from_create":{"num":2,"min":0.000000715,"max":0.000001669,"avg":0.000001192,"var":0.000000000,"sum":0.000002384}},"forward_cb":{"duration":{"num":2,"min":0.000000954,"max":0.000001192,"avg":0.000001073,"var":0.000000000,"sum":0.000002146},"relative_timestamp_from_iforward_start":{"num":2,"min":0.072309732,"max":0.104053974,"avg":0.088181853,"var":0.000503848,"sum":0.176363707}},"iforward_wait":{"duration":{"num":2,"min":0.072269678,"max":0.104038954,"avg":0.088154316,"var":0.000504643,"sum":0.176308632},"relative_timestamp_from_iforward_end":{"num":2,"min":0.000000238,"max":0.000001669,"avg":0.000000954,"var":0.000000000,"sum":0.000001907}},"set_input":{"duration":{"num":2,"min":0.000000238,"max":0.000000238,"avg":0.000000238,"var":0.000000000,"sum":0.000000477},"relative_timestamp_from_iforward_start":{"num":2,"min":0.000006199,"max":0.000012398,"avg":0.000009298,"var":0.000000000,"sum":0.000018597}},"get_output":{"duration":{"num":2,"min":0.000001431,"max":0.000054359,"avg":0.000027895,"var":0.000000001,"sum":0.000055790},"relative_timestamp_from_wait_end":{"num":2,"min":0.000000954,"max":0.000002146,"avg":0.000001550,"var":0.000000000,"sum":0.000003099}}}}},"65535:65535:3669993900245843967:1":{"rpc_id":3669993900245843967,"provider_id":1,"parent_rpc_id":65535,"parent_provider_id":65535,"name":"qtn_work_rpc","origin":{"sent to ofi+cxi://0x06a6a014":{"iforward":{"duration":{"num":24707,"min":0.000001192,"max":0.000047445,"avg":0.000001547,"var":0.000000006,"sum":0.038231850},"relative_timestamp_from_create":{"num":24707,"min":0.000000000,"max":0.000003099,"avg":0.000000074,"var":0.000000000,"sum":0.001825809}},"forward_cb":{"duration":{"num":24707,"min":0.000000000,"max":0.000001192,"avg":0.000000117,"var":0.000000000,"sum":0.002898932},"relative_timestamp_from_iforward_start":{"num":24707,"min":0.000008583,"max":0.020187855,"avg":0.000208333,"var":0.001418735,"sum":5.147279501}},"iforward_wait":{"duration":{"num":24707,"min":0.000003099,"max":0.020186901,"avg":0.000207158,"var":0.001418723,"sum":5.118252516},"relative_timestamp_from_iforward_end":{"num":24707,"min":0.000000000,"max":0.000005484,"avg":0.000000179,"var":0.000000000,"sum":0.004420042}},"set_input":{"duration":{"num":24707,"min":0.000000000,"max":0.000001907,"avg":0.000000082,"var":0.000000000,"sum":0.002022028},"relative_timestamp_from_iforward_start":{"num":24707,"min":0.000000477,"max":0.000012159,"avg":0.000000705,"var":0.000000000,"sum":0.017411470}},"get_output":{"duration":{"num":24707,"min":0.000000000,"max":0.000005245,"avg":0.000000089,"var":0.000000000,"sum":0.002208710},"relative_timestamp_from_wait_end":{"num":24707,"min":0.000000000,"max":0.000003338,"avg":0.000000154,"var":0.000000000,"sum":0.003808022}}}}}}}