{"address":"","progress_loop":{"progress_with_timeout":{"num":1715,"min":0.000002146,"max":0.104532242,"avg":0.007182420,"var":0.049854621,"sum":12.317850113},"progress_timeout_value_msec":{"num":1715,"min":100.000000000,"max":100.000000000,"avg":100.000000000,"var":0.000000000,"sum":171500.000000000},"progress_without_timeout":{"num":0,"min":0.000000000,"max":0.000000000,"avg":0.000000000,"var":0.000000000,"sum":0.000000000},"trigger":{"num":1710,"min":0.000000238,"max":0.000012159,"avg":0.000000289,"var":0.000000000,"sum":0.000494719}},"rpcs":{"65535:65535:7940397281847607295:2":{"rpc_id":7940397281847607295,"provider_id":2,"parent_rpc_id":65535,"parent_provider_id":65535,"name":"__identity__","origin":{"sent to ofi+cxi://0x06a6000d":{"iforward":{"duration":{"num":1,"min":0.000139713,"max":0.000139713,"avg":0.000139713,"var":0.000000000,"sum":0.000139713},"relative_timestamp_from_create":{"num":1,"min":0.000004053,"max":0.000004053,"avg":0.000004053,"var":0.000000000,"sum":0.000004053}},"forward_cb":{"duration":{"num":1,"min":0.000002623,"max":0.000002623,"avg":0.000002623,"var":0.000000000,"sum":0.000002623},"relative_timestamp_from_iforward_start":{"num":1,"min":0.025013208,"max":0.025013208,"avg":0.025013208,"var":0.000000000,"sum":0.025013208}},"iforward_wait":{"duration":{"num":1,"min":0.024882078,"max":0.024882078,"avg":0.024882078,"var":0.000000000,"sum":0.024882078},"relative_timestamp_from_iforward_end":{"num":1,"min":0.000000477,"max":0.000000477,"avg":0.000000477,"var":0.000000000,"sum":0.000000477}},"set_input":{"duration":{"num":0,"min":0.000000000,"max":0.000000000,"avg":0.000000000,"var":0.000000000,"sum":0.000000000},"relative_timestamp_from_iforward_start":{"num":0,"min":0.000000000,"max":0.000000000,"avg":0.000000000,"var":0.000000000,"sum":0.000000000}},"get_output":{"duration":{"num":1,"min":0.000047445,"max":0.000047445,"avg":0.000047445,"var":0.000000000,"sum":0.000047445},"relative_timestamp_from_wait_end":{"num":1,"min":0.000001669,"max":0.000001669,"avg":0.000001669,"var":0.000000000,"sum":0.000001669}}}}},"65535:65535:9722976651498815487:2":{"rpc_id":9722976651498815487,"provider_id":2,"parent_rpc_id":65535,"parent_provider_id":65535,"name":"flock_get_view","origin":{"sent to ofi+cxi://0x06a6000d":{"iforward":{"duration":{"num":2,"min":0.000021696,"max":0.000043631,"avg":0.000032663,"var":0.000000000,"sum":0.000065327},"relative_timestamp_from_create":{"num":2,"min":0.000000477,"max":0.000001907,"avg":0.000001192,"var":0.000000000,"sum":0.000002384}},"forward_cb":{"duration":{"num":2,"min":0.000000238,"max":0.000000954,"avg":0.000000596,"var":0.000000000,"sum":0.000001192},"relative_timestamp_from_iforward_start":{"num":2,"min":0.038477421,"max":0.104632854,"avg":0.071555138,"var":0.002188271,"sum":0.143110275}},"iforward_wait":{"duration":{"num":2,"min":0.038456202,"max":0.104591131,"avg":0.071523666,"var":0.002186914,"sum":0.143047333},"relative_timestamp_from_iforward_end":{"num":2,"min":0.000000238,"max":0.000001431,"avg":0.000000834,"var":0.000000000,"sum":0.000001669}},"set_input":{"duration":{"num":2,"min":0.000000238,"max":0.000000477,"avg":0.000000358,"var":0.000000000,"sum":0.000000715},"relative_timestamp_from_iforward_start":{"num":2,"min":0.000008106,"max":0.000016212,"avg":0.000012159,"var":0.000000000,"sum":0.000024319}},"get_output":{"duration":{"num":2,"min":0.000000238,"max":0.000055790,"avg":0.000028014,"var":0.000000002,"sum":0.000056028},"relative_timestamp_from_wait_end":{"num":2,"min":0.000000238,"max":0.000004292,"avg":0.000002265,"var":0.000000000,"sum":0.000004530}}}}},"65535:65535:3669993900245843967:1":{"rpc_id":3669993900245843967,"provider_id":1,"parent_rpc_id":65535,"parent_provider_id":65535,"name":"qtn_work_rpc","origin":{"sent to ofi+cxi://0x06a7e618":{"iforward":{"duration":{"num":1706,"min":0.000001431,"max":0.000036716,"avg":0.000001817,"var":0.000000005,"sum":0.003098965},"relative_timestamp_from_create":{"num":1706,"min":0.000002384,"max":0.001386642,"avg":0.000003657,"var":0.000001914,"sum":0.006238222}},"forward_cb":{"duration":{"num":1706,"min":0.000000000,"max":0.000001192,"avg":0.000000126,"var":0.000000000,"sum":0.000214815},"relative_timestamp_from_iforward_start":{"num":1706,"min":0.000314474,"max":0.039569616,"avg":0.007063088,"var":0.029353090,"sum":12.049628019}},"iforward_wait":{"duration":{"num":1706,"min":0.000313044,"max":0.039568186,"avg":0.007061674,"var":0.029353585,"sum":12.047216654},"relative_timestamp_from_iforward_end":{"num":1706,"min":0.000000000,"max":0.000000477,"avg":0.000000165,"var":0.000000000,"sum":0.000282288}},"set_input":{"duration":{"num":1706,"min":0.000000000,"max":0.000004292,"avg":0.000000121,"var":0.000000000,"sum":0.000205994},"relative_timestamp_from_iforward_start":{"num":1706,"min":0.000000477,"max":0.000010252,"avg":0.000000746,"var":0.000000000,"sum":0.001271963}},"get_output":{"duration":{"num":1706,"min":0.000000000,"max":0.000000477,"avg":0.000000090,"var":0.000000000,"sum":0.000152826},"relative_timestamp_from_wait_end":{"num":1706,"min":0.000000000,"max":0.000002623,"avg":0.000000158,"var":0.000000000,"sum":0.000269890}}}}},"65535:65535:65535:65535":{"rpc_id":65535,"provider_id":65535,"parent_rpc_id":65535,"parent_provider_id":65535,"name":"","target":{"received from <unknown>":{"bulk":{"create":{"duration":{"num":1706,"min":0.000002146,"max":0.001381397,"avg":0.000003453,"var":0.000001900,"sum":0.005891562},"size":{"num":1706,"min":4194304.000000000,"max":4194304.000000000,"avg":4194304.000000000,"var":0.000000000,"sum":7155482624.000000000}}}}}}}}