{"address":"","progress_loop":{"progress_with_timeout":{"num":23367,"min":0.000000954,"max":0.102816343,"avg":0.000231620,"var":0.027316115,"sum":5.412259340},"progress_timeout_value_msec":{"num":23367,"min":100.000000000,"max":100.000000000,"avg":100.000000000,"var":0.000000000,"sum":2336700.000000000},"progress_without_timeout":{"num":0,"min":0.000000000,"max":0.000000000,"avg":0.000000000,"var":0.000000000,"sum":0.000000000},"trigger":{"num":23342,"min":0.000000238,"max":0.000008345,"avg":0.000000269,"var":0.000000000,"sum":0.006279230}},"rpcs":{"65535:65535:7940397281847607295:2":{"rpc_id":7940397281847607295,"provider_id":2,"parent_rpc_id":65535,"parent_provider_id":65535,"name":"__identity__","origin":{"sent to ofi+cxi://0x06a6000d":{"iforward":{"duration":{"num":1,"min":0.000311136,"max":0.000311136,"avg":0.000311136,"var":0.000000000,"sum":0.000311136},"relative_timestamp_from_create":{"num":1,"min":0.000002861,"max":0.000002861,"avg":0.000002861,"var":0.000000000,"sum":0.000002861}},"forward_cb":{"duration":{"num":1,"min":0.000002384,"max":0.000002384,"avg":0.000002384,"var":0.000000000,"sum":0.000002384},"relative_timestamp_from_iforward_start":{"num":1,"min":0.047923326,"max":0.047923326,"avg":0.047923326,"var":0.000000000,"sum":0.047923326}},"iforward_wait":{"duration":{"num":1,"min":0.047620296,"max":0.047620296,"avg":0.047620296,"var":0.000000000,"sum":0.047620296},"relative_timestamp_from_iforward_end":{"num":1,"min":0.000000477,"max":0.000000477,"avg":0.000000477,"var":0.000000000,"sum":0.000000477}},"set_input":{"duration":{"num":0,"min":0.000000000,"max":0.000000000,"avg":0.000000000,"var":0.000000000,"sum":0.000000000},"relative_timestamp_from_iforward_start":{"num":0,"min":0.000000000,"max":0.000000000,"avg":0.000000000,"var":0.000000000,"sum":0.000000000}},"get_output":{"duration":{"num":1,"min":0.000015259,"max":0.000015259,"avg":0.000015259,"var":0.000000000,"sum":0.000015259},"relative_timestamp_from_wait_end":{"num":1,"min":0.000001431,"max":0.000001431,"avg":0.000001431,"var":0.000000000,"sum":0.000001431}}}}},"65535:65535:9722976651498815487:2":{"rpc_id":9722976651498815487,"provider_id":2,"parent_rpc_id":65535,"parent_provider_id":65535,"name":"flock_get_view","origin":{"sent to ofi+cxi://0x06a6000d":{"iforward":{"duration":{"num":2,"min":0.000017166,"max":0.000041008,"avg":0.000029087,"var":0.000000000,"sum":0.000058174},"relative_timestamp_from_create":{"num":2,"min":0.000000477,"max":0.000001669,"avg":0.000001073,"var":0.000000000,"sum":0.000002146}},"forward_cb":{"duration":{"num":2,"min":0.000000000,"max":0.000001192,"avg":0.000000596,"var":0.000000000,"sum":0.000001192},"relative_timestamp_from_iforward_start":{"num":2,"min":0.039864779,"max":0.116836309,"avg":0.078350544,"var":0.002962308,"sum":0.156701088}},"iforward_wait":{"duration":{"num":2,"min":0.039848089,"max":0.116796732,"avg":0.078322411,"var":0.002960547,"sum":0.156644821},"relative_timestamp_from_iforward_end":{"num":2,"min":0.000000238,"max":0.000001907,"avg":0.000001073,"var":0.000000000,"sum":0.000002146}},"set_input":{"duration":{"num":2,"min":0.000000238,"max":0.000000238,"avg":0.000000238,"var":0.000000000,"sum":0.000000477},"relative_timestamp_from_iforward_start":{"num":2,"min":0.000005960,"max":0.000012875,"avg":0.000009418,"var":0.000000000,"sum":0.000018835}},"get_output":{"duration":{"num":2,"min":0.000000477,"max":0.000056505,"avg":0.000028491,"var":0.000000002,"sum":0.000056982},"relative_timestamp_from_wait_end":{"num":2,"min":0.000000477,"max":0.000001907,"avg":0.000001192,"var":0.000000000,"sum":0.000002384}}}}},"65535:65535:3669993900245843967:1":{"rpc_id":3669993900245843967,"provider_id":1,"parent_rpc_id":65535,"parent_provider_id":65535,"name":"qtn_work_rpc","origin":{"sent to ofi+cxi://0x06a7200e":{"iforward":{"duration":{"num":23338,"min":0.000001192,"max":0.000035048,"avg":0.000001555,"var":0.000000005,"sum":0.036281824},"relative_timestamp_from_create":{"num":23338,"min":0.000000000,"max":0.000002384,"avg":0.000000074,"var":0.000000000,"sum":0.001721859}},"forward_cb":{"duration":{"num":23338,"min":0.000000000,"max":0.000001192,"avg":0.000000119,"var":0.000000000,"sum":0.002787828},"relative_timestamp_from_iforward_start":{"num":23338,"min":0.000009298,"max":0.000990152,"avg":0.000220897,"var":0.002471954,"sum":5.155293703}},"iforward_wait":{"duration":{"num":23338,"min":0.000002384,"max":0.000988722,"avg":0.000219706,"var":0.002471900,"sum":5.127493382},"relative_timestamp_from_iforward_end":{"num":23338,"min":0.000000000,"max":0.000006676,"avg":0.000000181,"var":0.000000000,"sum":0.004229307}},"set_input":{"duration":{"num":23338,"min":0.000000000,"max":0.000001669,"avg":0.000000074,"var":0.000000000,"sum":0.001734018},"relative_timestamp_from_iforward_start":{"num":23338,"min":0.000000477,"max":0.000008821,"avg":0.000000695,"var":0.000000000,"sum":0.016211510}},"get_output":{"duration":{"num":23338,"min":0.000000000,"max":0.000001192,"avg":0.000000088,"var":0.000000000,"sum":0.002042294},"relative_timestamp_from_wait_end":{"num":23338,"min":0.000000000,"max":0.000002623,"avg":0.000000159,"var":0.000000000,"sum":0.003708363}}}}}}}