{"address":"","progress_loop":{"progress_with_timeout":{"num":22633,"min":0.000000954,"max":0.102319956,"avg":0.000238974,"var":0.025196964,"sum":5.408699512},"progress_timeout_value_msec":{"num":22633,"min":100.000000000,"max":100.000000000,"avg":100.000000000,"var":0.000000000,"sum":2263300.000000000},"progress_without_timeout":{"num":0,"min":0.000000000,"max":0.000000000,"avg":0.000000000,"var":0.000000000,"sum":0.000000000},"trigger":{"num":22574,"min":0.000000238,"max":0.000009060,"avg":0.000000281,"var":0.000000000,"sum":0.006347179}},"rpcs":{"65535:65535:7940397281847607295:2":{"rpc_id":7940397281847607295,"provider_id":2,"parent_rpc_id":65535,"parent_provider_id":65535,"name":"__identity__","origin":{"sent to ofi+cxi://0x06a6000d":{"iforward":{"duration":{"num":1,"min":0.000082970,"max":0.000082970,"avg":0.000082970,"var":0.000000000,"sum":0.000082970},"relative_timestamp_from_create":{"num":1,"min":0.000003338,"max":0.000003338,"avg":0.000003338,"var":0.000000000,"sum":0.000003338}},"forward_cb":{"duration":{"num":1,"min":0.000002146,"max":0.000002146,"avg":0.000002146,"var":0.000000000,"sum":0.000002146},"relative_timestamp_from_iforward_start":{"num":1,"min":0.046184063,"max":0.046184063,"avg":0.046184063,"var":0.000000000,"sum":0.046184063}},"iforward_wait":{"duration":{"num":1,"min":0.046109438,"max":0.046109438,"avg":0.046109438,"var":0.000000000,"sum":0.046109438},"relative_timestamp_from_iforward_end":{"num":1,"min":0.000000477,"max":0.000000477,"avg":0.000000477,"var":0.000000000,"sum":0.000000477}},"set_input":{"duration":{"num":0,"min":0.000000000,"max":0.000000000,"avg":0.000000000,"var":0.000000000,"sum":0.000000000},"relative_timestamp_from_iforward_start":{"num":0,"min":0.000000000,"max":0.000000000,"avg":0.000000000,"var":0.000000000,"sum":0.000000000}},"get_output":{"duration":{"num":1,"min":0.000015736,"max":0.000015736,"avg":0.000015736,"var":0.000000000,"sum":0.000015736},"relative_timestamp_from_wait_end":{"num":1,"min":0.000001431,"max":0.000001431,"avg":0.000001431,"var":0.000000000,"sum":0.000001431}}}}},"65535:65535:9722976651498815487:2":{"rpc_id":9722976651498815487,"provider_id":2,"parent_rpc_id":65535,"parent_provider_id":65535,"name":"flock_get_view","origin":{"sent to ofi+cxi://0x06a6000d":{"iforward":{"duration":{"num":2,"min":0.000018358,"max":0.000043869,"avg":0.000031114,"var":0.000000000,"sum":0.000062227},"relative_timestamp_from_create":{"num":2,"min":0.000000715,"max":0.000001431,"avg":0.000001073,"var":0.000000000,"sum":0.000002146}},"forward_cb":{"duration":{"num":2,"min":0.000000238,"max":0.000000954,"avg":0.000000596,"var":0.000000000,"sum":0.000001192},"relative_timestamp_from_iforward_start":{"num":2,"min":0.041035652,"max":0.116807461,"avg":0.078921556,"var":0.002870683,"sum":0.157843113}},"iforward_wait":{"duration":{"num":2,"min":0.041018009,"max":0.116765261,"avg":0.078891635,"var":0.002868823,"sum":0.157783270},"relative_timestamp_from_iforward_end":{"num":2,"min":0.000000477,"max":0.000001669,"avg":0.000001073,"var":0.000000000,"sum":0.000002146}},"set_input":{"duration":{"num":2,"min":0.000000238,"max":0.000000238,"avg":0.000000238,"var":0.000000000,"sum":0.000000477},"relative_timestamp_from_iforward_start":{"num":2,"min":0.000005960,"max":0.000012159,"avg":0.000009060,"var":0.000000000,"sum":0.000018120}},"get_output":{"duration":{"num":2,"min":0.000000477,"max":0.000053644,"avg":0.000027061,"var":0.000000001,"sum":0.000054121},"relative_timestamp_from_wait_end":{"num":2,"min":0.000000477,"max":0.000002146,"avg":0.000001311,"var":0.000000000,"sum":0.000002623}}}}},"65535:65535:3669993900245843967:1":{"rpc_id":3669993900245843967,"provider_id":1,"parent_rpc_id":65535,"parent_provider_id":65535,"name":"qtn_work_rpc","origin":{"sent to ofi+cxi://0x06a7a217":{"iforward":{"duration":{"num":22570,"min":0.000001431,"max":0.000036955,"avg":0.000001621,"var":0.000000005,"sum":0.036588430},"relative_timestamp_from_create":{"num":22570,"min":0.000000000,"max":0.000002384,"avg":0.000000079,"var":0.000000000,"sum":0.001772404}},"forward_cb":{"duration":{"num":22570,"min":0.000000000,"max":0.000001431,"avg":0.000000123,"var":0.000000000,"sum":0.002778053},"relative_timestamp_from_iforward_start":{"num":22570,"min":0.000008821,"max":0.000925779,"avg":0.000228277,"var":0.000485475,"sum":5.152219534}},"iforward_wait":{"duration":{"num":22570,"min":0.000007391,"max":0.000924587,"avg":0.000227038,"var":0.000485402,"sum":5.124256611},"relative_timestamp_from_iforward_end":{"num":22570,"min":0.000000000,"max":0.000002623,"avg":0.000000181,"var":0.000000000,"sum":0.004094839}},"set_input":{"duration":{"num":22570,"min":0.000000000,"max":0.000001431,"avg":0.000000077,"var":0.000000000,"sum":0.001749039},"relative_timestamp_from_iforward_start":{"num":22570,"min":0.000000477,"max":0.000008106,"avg":0.000000704,"var":0.000000000,"sum":0.015881777}},"get_output":{"duration":{"num":22570,"min":0.000000000,"max":0.000001192,"avg":0.000000089,"var":0.000000000,"sum":0.002012253},"relative_timestamp_from_wait_end":{"num":22570,"min":0.000000000,"max":0.000002384,"avg":0.000000161,"var":0.000000000,"sum":0.003625631}}}}}}}