{"address":"","progress_loop":{"progress_with_timeout":{"num":1728,"min":0.000002861,"max":0.102108479,"avg":0.007055238,"var":0.032145303,"sum":12.191450596},"progress_timeout_value_msec":{"num":1728,"min":100.000000000,"max":100.000000000,"avg":100.000000000,"var":0.000000000,"sum":172800.000000000},"progress_without_timeout":{"num":0,"min":0.000000000,"max":0.000000000,"avg":0.000000000,"var":0.000000000,"sum":0.000000000},"trigger":{"num":1717,"min":0.000000238,"max":0.000009060,"avg":0.000000491,"var":0.000000001,"sum":0.000843763}},"rpcs":{"65535:65535:7940397281847607295:2":{"rpc_id":7940397281847607295,"provider_id":2,"parent_rpc_id":65535,"parent_provider_id":65535,"name":"__identity__","origin":{"sent to ofi+cxi://0x06a6000d":{"iforward":{"duration":{"num":1,"min":0.000139475,"max":0.000139475,"avg":0.000139475,"var":0.000000000,"sum":0.000139475},"relative_timestamp_from_create":{"num":1,"min":0.000005007,"max":0.000005007,"avg":0.000005007,"var":0.000000000,"sum":0.000005007}},"forward_cb":{"duration":{"num":1,"min":0.000001192,"max":0.000001192,"avg":0.000001192,"var":0.000000000,"sum":0.000001192},"relative_timestamp_from_iforward_start":{"num":1,"min":0.023157120,"max":0.023157120,"avg":0.023157120,"var":0.000000000,"sum":0.023157120}},"iforward_wait":{"duration":{"num":1,"min":0.023022413,"max":0.023022413,"avg":0.023022413,"var":0.000000000,"sum":0.023022413},"relative_timestamp_from_iforward_end":{"num":1,"min":0.000000477,"max":0.000000477,"avg":0.000000477,"var":0.000000000,"sum":0.000000477}},"set_input":{"duration":{"num":0,"min":0.000000000,"max":0.000000000,"avg":0.000000000,"var":0.000000000,"sum":0.000000000},"relative_timestamp_from_iforward_start":{"num":0,"min":0.000000000,"max":0.000000000,"avg":0.000000000,"var":0.000000000,"sum":0.000000000}},"get_output":{"duration":{"num":1,"min":0.000007868,"max":0.000007868,"avg":0.000007868,"var":0.000000000,"sum":0.000007868},"relative_timestamp_from_wait_end":{"num":1,"min":0.000001192,"max":0.000001192,"avg":0.000001192,"var":0.000000000,"sum":0.000001192}}}}},"65535:65535:9722976651498815487:2":{"rpc_id":9722976651498815487,"provider_id":2,"parent_rpc_id":65535,"parent_provider_id":65535,"name":"flock_get_view","origin":{"sent to ofi+cxi://0x06a6000d":{"iforward":{"duration":{"num":2,"min":0.000019789,"max":0.000020266,"avg":0.000020027,"var":0.000000000,"sum":0.000040054},"relative_timestamp_from_create":{"num":2,"min":0.000000715,"max":0.000002146,"avg":0.000001431,"var":0.000000000,"sum":0.000002861}},"forward_cb":{"duration":{"num":2,"min":0.000000238,"max":0.000000954,"avg":0.000000596,"var":0.000000000,"sum":0.000001192},"relative_timestamp_from_iforward_start":{"num":2,"min":0.048823595,"max":0.091395855,"avg":0.070109725,"var":0.000906199,"sum":0.140219450}},"iforward_wait":{"duration":{"num":2,"min":0.048804045,"max":0.091378212,"avg":0.070091128,"var":0.000906280,"sum":0.140182257},"relative_timestamp_from_iforward_end":{"num":2,"min":0.000000238,"max":0.000001431,"avg":0.000000834,"var":0.000000000,"sum":0.000001669}},"set_input":{"duration":{"num":2,"min":0.000000238,"max":0.000000238,"avg":0.000000238,"var":0.000000000,"sum":0.000000477},"relative_timestamp_from_iforward_start":{"num":2,"min":0.000005722,"max":0.000006676,"avg":0.000006199,"var":0.000000000,"sum":0.000012398}},"get_output":{"duration":{"num":2,"min":0.000000477,"max":0.000048876,"avg":0.000024676,"var":0.000000001,"sum":0.000049353},"relative_timestamp_from_wait_end":{"num":2,"min":0.000000238,"max":0.000002146,"avg":0.000001192,"var":0.000000000,"sum":0.000002384}}}}},"65535:65535:3669993900245843967:1":{"rpc_id":3669993900245843967,"provider_id":1,"parent_rpc_id":65535,"parent_provider_id":65535,"name":"qtn_work_rpc","origin":{"sent to ofi+cxi://0x06a6a611":{"iforward":{"duration":{"num":1713,"min":0.000001907,"max":0.000028610,"avg":0.000003383,"var":0.000000012,"sum":0.005795002},"relative_timestamp_from_create":{"num":1713,"min":0.000002861,"max":0.001340389,"avg":0.000004377,"var":0.000001788,"sum":0.007497072}},"forward_cb":{"duration":{"num":1713,"min":0.000000000,"max":0.000001431,"avg":0.000000224,"var":0.000000000,"sum":0.000383615},"relative_timestamp_from_iforward_start":{"num":1713,"min":0.000220537,"max":0.023916483,"avg":0.006966500,"var":0.013450479,"sum":11.933615208}},"iforward_wait":{"duration":{"num":1713,"min":0.000218868,"max":0.023901224,"avg":0.006963864,"var":0.013450745,"sum":11.929099321},"relative_timestamp_from_iforward_end":{"num":1713,"min":0.000000000,"max":0.000000715,"avg":0.000000249,"var":0.000000000,"sum":0.000427008}},"set_input":{"duration":{"num":1713,"min":0.000000000,"max":0.000009298,"avg":0.000000343,"var":0.000000000,"sum":0.000586748},"relative_timestamp_from_iforward_start":{"num":1713,"min":0.000000715,"max":0.000011921,"avg":0.000001427,"var":0.000000003,"sum":0.002444506}},"get_output":{"duration":{"num":1713,"min":0.000000000,"max":0.000000715,"avg":0.000000134,"var":0.000000000,"sum":0.000229836},"relative_timestamp_from_wait_end":{"num":1713,"min":0.000000000,"max":0.000001907,"avg":0.000000210,"var":0.000000000,"sum":0.000359297}}}}},"65535:65535:65535:65535":{"rpc_id":65535,"provider_id":65535,"parent_rpc_id":65535,"parent_provider_id":65535,"name":"","target":{"received from <unknown>":{"bulk":{"create":{"duration":{"num":1713,"min":0.000002623,"max":0.001335859,"avg":0.000004105,"var":0.000001776,"sum":0.007031441},"size":{"num":1713,"min":4194304.000000000,"max":4194304.000000000,"avg":4194304.000000000,"var":0.000000000,"sum":7184842752.000000000}}}}}}}}