{"address":"","progress_loop":{"progress_with_timeout":{"num":1667,"min":0.000001192,"max":0.102310181,"avg":0.007292156,"var":0.033992229,"sum":12.156024218},"progress_timeout_value_msec":{"num":1667,"min":100.000000000,"max":100.000000000,"avg":100.000000000,"var":0.000000000,"sum":166700.000000000},"progress_without_timeout":{"num":0,"min":0.000000000,"max":0.000000000,"avg":0.000000000,"var":0.000000000,"sum":0.000000000},"trigger":{"num":1661,"min":0.000000238,"max":0.000010729,"avg":0.000000294,"var":0.000000000,"sum":0.000487566}},"rpcs":{"65535:65535:7940397281847607295:2":{"rpc_id":7940397281847607295,"provider_id":2,"parent_rpc_id":65535,"parent_provider_id":65535,"name":"__identity__","origin":{"sent to ofi+cxi://0x06a6000d":{"iforward":{"duration":{"num":1,"min":0.000845909,"max":0.000845909,"avg":0.000845909,"var":0.000000000,"sum":0.000845909},"relative_timestamp_from_create":{"num":1,"min":0.000068903,"max":0.000068903,"avg":0.000068903,"var":0.000000000,"sum":0.000068903}},"forward_cb":{"duration":{"num":1,"min":0.000002384,"max":0.000002384,"avg":0.000002384,"var":0.000000000,"sum":0.000002384},"relative_timestamp_from_iforward_start":{"num":1,"min":0.012598515,"max":0.012598515,"avg":0.012598515,"var":0.000000000,"sum":0.012598515}},"iforward_wait":{"duration":{"num":1,"min":0.011760712,"max":0.011760712,"avg":0.011760712,"var":0.000000000,"sum":0.011760712},"relative_timestamp_from_iforward_end":{"num":1,"min":0.000000238,"max":0.000000238,"avg":0.000000238,"var":0.000000000,"sum":0.000000238}},"set_input":{"duration":{"num":0,"min":0.000000000,"max":0.000000000,"avg":0.000000000,"var":0.000000000,"sum":0.000000000},"relative_timestamp_from_iforward_start":{"num":0,"min":0.000000000,"max":0.000000000,"avg":0.000000000,"var":0.000000000,"sum":0.000000000}},"get_output":{"duration":{"num":1,"min":0.000016451,"max":0.000016451,"avg":0.000016451,"var":0.000000000,"sum":0.000016451},"relative_timestamp_from_wait_end":{"num":1,"min":0.000001669,"max":0.000001669,"avg":0.000001669,"var":0.000000000,"sum":0.000001669}}}}},"65535:65535:9722976651498815487:2":{"rpc_id":9722976651498815487,"provider_id":2,"parent_rpc_id":65535,"parent_provider_id":65535,"name":"flock_get_view","origin":{"sent to ofi+cxi://0x06a6000d":{"iforward":{"duration":{"num":2,"min":0.000020981,"max":0.000042677,"avg":0.000031829,"var":0.000000000,"sum":0.000063658},"relative_timestamp_from_create":{"num":2,"min":0.000000715,"max":0.000002623,"avg":0.000001669,"var":0.000000000,"sum":0.000003338}},"forward_cb":{"duration":{"num":2,"min":0.000000954,"max":0.000001192,"avg":0.000001073,"var":0.000000000,"sum":0.000002146},"relative_timestamp_from_iforward_start":{"num":2,"min":0.049160480,"max":0.086735249,"avg":0.067947865,"var":0.000705932,"sum":0.135895729}},"iforward_wait":{"duration":{"num":2,"min":0.049119711,"max":0.086718321,"avg":0.067919016,"var":0.000706828,"sum":0.135838032},"relative_timestamp_from_iforward_end":{"num":2,"min":0.000000238,"max":0.000001431,"avg":0.000000834,"var":0.000000000,"sum":0.000001669}},"set_input":{"duration":{"num":2,"min":0.000000238,"max":0.000000238,"avg":0.000000238,"var":0.000000000,"sum":0.000000477},"relative_timestamp_from_iforward_start":{"num":2,"min":0.000006199,"max":0.000012398,"avg":0.000009298,"var":0.000000000,"sum":0.000018597}},"get_output":{"duration":{"num":2,"min":0.000001192,"max":0.000061274,"avg":0.000031233,"var":0.000000002,"sum":0.000062466},"relative_timestamp_from_wait_end":{"num":2,"min":0.000001431,"max":0.000002146,"avg":0.000001788,"var":0.000000000,"sum":0.000003576}}}}},"65535:65535:3669993900245843967:1":{"rpc_id":3669993900245843967,"provider_id":1,"parent_rpc_id":65535,"parent_provider_id":65535,"name":"qtn_work_rpc","origin":{"sent to ofi+cxi://0x06a68419":{"iforward":{"duration":{"num":1657,"min":0.000001431,"max":0.000036001,"avg":0.000001846,"var":0.000000005,"sum":0.003058195},"relative_timestamp_from_create":{"num":1657,"min":0.000002384,"max":0.001674652,"avg":0.000003889,"var":0.000002793,"sum":0.006443739}},"forward_cb":{"duration":{"num":1657,"min":0.000000000,"max":0.000001431,"avg":0.000000130,"var":0.000000000,"sum":0.000215530},"relative_timestamp_from_iforward_start":{"num":1657,"min":0.000246048,"max":0.025449753,"avg":0.007188996,"var":0.016572593,"sum":11.912166357}},"iforward_wait":{"duration":{"num":1657,"min":0.000245094,"max":0.025448322,"avg":0.007187567,"var":0.016572478,"sum":11.909799337},"relative_timestamp_from_iforward_end":{"num":1657,"min":0.000000000,"max":0.000007153,"avg":0.000000190,"var":0.000000000,"sum":0.000315189}},"set_input":{"duration":{"num":1657,"min":0.000000000,"max":0.000005722,"avg":0.000000131,"var":0.000000000,"sum":0.000216484},"relative_timestamp_from_iforward_start":{"num":1657,"min":0.000000477,"max":0.000012159,"avg":0.000000754,"var":0.000000000,"sum":0.001249313}},"get_output":{"duration":{"num":1657,"min":0.000000000,"max":0.000001192,"avg":0.000000087,"var":0.000000000,"sum":0.000144720},"relative_timestamp_from_wait_end":{"num":1657,"min":0.000000000,"max":0.000003338,"avg":0.000000161,"var":0.000000000,"sum":0.000266552}}}}},"65535:65535:65535:65535":{"rpc_id":65535,"provider_id":65535,"parent_rpc_id":65535,"parent_provider_id":65535,"name":"","target":{"received from <unknown>":{"bulk":{"create":{"duration":{"num":1657,"min":0.000002384,"max":0.001668930,"avg":0.000003694,"var":0.000002775,"sum":0.006120205},"size":{"num":1657,"min":4194304.000000000,"max":4194304.000000000,"avg":4194304.000000000,"var":0.000000000,"sum":6949961728.000000000}}}}}}}}