{"address":"","progress_loop":{"progress_with_timeout":{"num":1669,"min":0.000001431,"max":0.104533672,"avg":0.007409893,"var":0.069288404,"sum":12.367111444},"progress_timeout_value_msec":{"num":1669,"min":100.000000000,"max":100.000000000,"avg":100.000000000,"var":0.000000000,"sum":166900.000000000},"progress_without_timeout":{"num":0,"min":0.000000000,"max":0.000000000,"avg":0.000000000,"var":0.000000000,"sum":0.000000000},"trigger":{"num":1649,"min":0.000000238,"max":0.000007153,"avg":0.000000296,"var":0.000000000,"sum":0.000488758}},"rpcs":{"65535:65535:7940397281847607295:2":{"rpc_id":7940397281847607295,"provider_id":2,"parent_rpc_id":65535,"parent_provider_id":65535,"name":"__identity__","origin":{"sent to ofi+cxi://0x06a6000d":{"iforward":{"duration":{"num":1,"min":0.000103951,"max":0.000103951,"avg":0.000103951,"var":0.000000000,"sum":0.000103951},"relative_timestamp_from_create":{"num":1,"min":0.000004053,"max":0.000004053,"avg":0.000004053,"var":0.000000000,"sum":0.000004053}},"forward_cb":{"duration":{"num":1,"min":0.000002146,"max":0.000002146,"avg":0.000002146,"var":0.000000000,"sum":0.000002146},"relative_timestamp_from_iforward_start":{"num":1,"min":0.025145769,"max":0.025145769,"avg":0.025145769,"var":0.000000000,"sum":0.025145769}},"iforward_wait":{"duration":{"num":1,"min":0.025049448,"max":0.025049448,"avg":0.025049448,"var":0.000000000,"sum":0.025049448},"relative_timestamp_from_iforward_end":{"num":1,"min":0.000000477,"max":0.000000477,"avg":0.000000477,"var":0.000000000,"sum":0.000000477}},"set_input":{"duration":{"num":0,"min":0.000000000,"max":0.000000000,"avg":0.000000000,"var":0.000000000,"sum":0.000000000},"relative_timestamp_from_iforward_start":{"num":0,"min":0.000000000,"max":0.000000000,"avg":0.000000000,"var":0.000000000,"sum":0.000000000}},"get_output":{"duration":{"num":1,"min":0.000039816,"max":0.000039816,"avg":0.000039816,"var":0.000000000,"sum":0.000039816},"relative_timestamp_from_wait_end":{"num":1,"min":0.000001431,"max":0.000001431,"avg":0.000001431,"var":0.000000000,"sum":0.000001431}}}}},"65535:65535:9722976651498815487:2":{"rpc_id":9722976651498815487,"provider_id":2,"parent_rpc_id":65535,"parent_provider_id":65535,"name":"flock_get_view","origin":{"sent to ofi+cxi://0x06a6000d":{"iforward":{"duration":{"num":2,"min":0.000010967,"max":0.000038147,"avg":0.000024557,"var":0.000000000,"sum":0.000049114},"relative_timestamp_from_create":{"num":2,"min":0.000000477,"max":0.000001907,"avg":0.000001192,"var":0.000000000,"sum":0.000002384}},"forward_cb":{"duration":{"num":2,"min":0.000000000,"max":0.000000238,"avg":0.000000119,"var":0.000000000,"sum":0.000000238},"relative_timestamp_from_iforward_start":{"num":2,"min":0.037352085,"max":0.105474949,"avg":0.071413517,"var":0.002320362,"sum":0.142827034}},"iforward_wait":{"duration":{"num":2,"min":0.037341833,"max":0.105436087,"avg":0.071388960,"var":0.002318414,"sum":0.142777920},"relative_timestamp_from_iforward_end":{"num":2,"min":0.000000238,"max":0.000001669,"avg":0.000000954,"var":0.000000000,"sum":0.000001907}},"set_input":{"duration":{"num":2,"min":0.000000000,"max":0.000000238,"avg":0.000000119,"var":0.000000000,"sum":0.000000238},"relative_timestamp_from_iforward_start":{"num":2,"min":0.000001669,"max":0.000011683,"avg":0.000006676,"var":0.000000000,"sum":0.000013351}},"get_output":{"duration":{"num":2,"min":0.000000238,"max":0.000051975,"avg":0.000026107,"var":0.000000001,"sum":0.000052214},"relative_timestamp_from_wait_end":{"num":2,"min":0.000000238,"max":0.000001192,"avg":0.000000715,"var":0.000000000,"sum":0.000001431}}}}},"65535:65535:3669993900245843967:1":{"rpc_id":3669993900245843967,"provider_id":1,"parent_rpc_id":65535,"parent_provider_id":65535,"name":"qtn_work_rpc","origin":{"sent to ofi+cxi://0x06a64017":{"iforward":{"duration":{"num":1645,"min":0.000001431,"max":0.000023127,"avg":0.000001841,"var":0.000000003,"sum":0.003028631},"relative_timestamp_from_create":{"num":1645,"min":0.000002623,"max":0.001383543,"avg":0.000003728,"var":0.000001905,"sum":0.006132841}},"forward_cb":{"duration":{"num":1645,"min":0.000000000,"max":0.000001192,"avg":0.000000137,"var":0.000000000,"sum":0.000224829},"relative_timestamp_from_iforward_start":{"num":1645,"min":0.000202179,"max":0.038929462,"avg":0.007355168,"var":0.048488290,"sum":12.099251986}},"iforward_wait":{"duration":{"num":1645,"min":0.000200748,"max":0.038928270,"avg":0.007353708,"var":0.048488774,"sum":12.096850395},"relative_timestamp_from_iforward_end":{"num":1645,"min":0.000000000,"max":0.000000715,"avg":0.000000213,"var":0.000000000,"sum":0.000350714}},"set_input":{"duration":{"num":1645,"min":0.000000000,"max":0.000004292,"avg":0.000000133,"var":0.000000000,"sum":0.000219584},"relative_timestamp_from_iforward_start":{"num":1645,"min":0.000000477,"max":0.000006676,"avg":0.000000717,"var":0.000000000,"sum":0.001179457}},"get_output":{"duration":{"num":1645,"min":0.000000000,"max":0.000000238,"avg":0.000000092,"var":0.000000000,"sum":0.000151634},"relative_timestamp_from_wait_end":{"num":1645,"min":0.000000000,"max":0.000001192,"avg":0.000000155,"var":0.000000000,"sum":0.000254393}}}}},"65535:65535:65535:65535":{"rpc_id":65535,"provider_id":65535,"parent_rpc_id":65535,"parent_provider_id":65535,"name":"","target":{"received from <unknown>":{"bulk":{"create":{"duration":{"num":1645,"min":0.000002384,"max":0.001379490,"avg":0.000003528,"var":0.000001895,"sum":0.005804062},"size":{"num":1645,"min":4194304.000000000,"max":4194304.000000000,"avg":4194304.000000000,"var":0.000000000,"sum":6899630080.000000000}}}}}}}}