{"address":"","progress_loop":{"progress_with_timeout":{"num":22791,"min":0.000000954,"max":0.103307486,"avg":0.000237096,"var":0.026809148,"sum":5.403659582},"progress_timeout_value_msec":{"num":22791,"min":100.000000000,"max":100.000000000,"avg":100.000000000,"var":0.000000000,"sum":2279100.000000000},"progress_without_timeout":{"num":0,"min":0.000000000,"max":0.000000000,"avg":0.000000000,"var":0.000000000,"sum":0.000000000},"trigger":{"num":22706,"min":0.000000238,"max":0.000008821,"avg":0.000000277,"var":0.000000000,"sum":0.006294489}},"rpcs":{"65535:65535:7940397281847607295:2":{"rpc_id":7940397281847607295,"provider_id":2,"parent_rpc_id":65535,"parent_provider_id":65535,"name":"__identity__","origin":{"sent to ofi+cxi://0x06a6000d":{"iforward":{"duration":{"num":1,"min":0.000268459,"max":0.000268459,"avg":0.000268459,"var":0.000000000,"sum":0.000268459},"relative_timestamp_from_create":{"num":1,"min":0.000004053,"max":0.000004053,"avg":0.000004053,"var":0.000000000,"sum":0.000004053}},"forward_cb":{"duration":{"num":1,"min":0.000002146,"max":0.000002146,"avg":0.000002146,"var":0.000000000,"sum":0.000002146},"relative_timestamp_from_iforward_start":{"num":1,"min":0.023211241,"max":0.023211241,"avg":0.023211241,"var":0.000000000,"sum":0.023211241}},"iforward_wait":{"duration":{"num":1,"min":0.022950649,"max":0.022950649,"avg":0.022950649,"var":0.000000000,"sum":0.022950649},"relative_timestamp_from_iforward_end":{"num":1,"min":0.000000477,"max":0.000000477,"avg":0.000000477,"var":0.000000000,"sum":0.000000477}},"set_input":{"duration":{"num":0,"min":0.000000000,"max":0.000000000,"avg":0.000000000,"var":0.000000000,"sum":0.000000000},"relative_timestamp_from_iforward_start":{"num":0,"min":0.000000000,"max":0.000000000,"avg":0.000000000,"var":0.000000000,"sum":0.000000000}},"get_output":{"duration":{"num":1,"min":0.000016928,"max":0.000016928,"avg":0.000016928,"var":0.000000000,"sum":0.000016928},"relative_timestamp_from_wait_end":{"num":1,"min":0.000001669,"max":0.000001669,"avg":0.000001669,"var":0.000000000,"sum":0.000001669}}}}},"65535:65535:9722976651498815487:2":{"rpc_id":9722976651498815487,"provider_id":2,"parent_rpc_id":65535,"parent_provider_id":65535,"name":"flock_get_view","origin":{"sent to ofi+cxi://0x06a6000d":{"iforward":{"duration":{"num":2,"min":0.000019312,"max":0.000040054,"avg":0.000029683,"var":0.000000000,"sum":0.000059366},"relative_timestamp_from_create":{"num":2,"min":0.000000477,"max":0.000001669,"avg":0.000001073,"var":0.000000000,"sum":0.000002146}},"forward_cb":{"duration":{"num":2,"min":0.000000715,"max":0.000001192,"avg":0.000000954,"var":0.000000000,"sum":0.000001907},"relative_timestamp_from_iforward_start":{"num":2,"min":0.078609705,"max":0.091665745,"avg":0.085137725,"var":0.000085230,"sum":0.170275450}},"iforward_wait":{"duration":{"num":2,"min":0.078594685,"max":0.091627359,"avg":0.085111022,"var":0.000084925,"sum":0.170222044},"relative_timestamp_from_iforward_end":{"num":2,"min":0.000000238,"max":0.000001431,"avg":0.000000834,"var":0.000000000,"sum":0.000001669}},"set_input":{"duration":{"num":2,"min":0.000000238,"max":0.000000238,"avg":0.000000238,"var":0.000000000,"sum":0.000000477},"relative_timestamp_from_iforward_start":{"num":2,"min":0.000005960,"max":0.000010967,"avg":0.000008464,"var":0.000000000,"sum":0.000016928}},"get_output":{"duration":{"num":2,"min":0.000001669,"max":0.000066280,"avg":0.000033975,"var":0.000000002,"sum":0.000067949},"relative_timestamp_from_wait_end":{"num":2,"min":0.000001192,"max":0.000002384,"avg":0.000001788,"var":0.000000000,"sum":0.000003576}}}}},"65535:65535:3669993900245843967:1":{"rpc_id":3669993900245843967,"provider_id":1,"parent_rpc_id":65535,"parent_provider_id":65535,"name":"qtn_work_rpc","origin":{"sent to ofi+cxi://0x06a7e613":{"iforward":{"duration":{"num":22702,"min":0.000001431,"max":0.000049353,"avg":0.000001577,"var":0.000000007,"sum":0.035800219},"relative_timestamp_from_create":{"num":22702,"min":0.000000000,"max":0.000000954,"avg":0.000000076,"var":0.000000000,"sum":0.001727581}},"forward_cb":{"duration":{"num":22702,"min":0.000000000,"max":0.000002384,"avg":0.000000120,"var":0.000000000,"sum":0.002721786},"relative_timestamp_from_iforward_start":{"num":22702,"min":0.000008821,"max":0.001007557,"avg":0.000227219,"var":0.001296636,"sum":5.158324480}},"iforward_wait":{"duration":{"num":22702,"min":0.000003099,"max":0.001010656,"avg":0.000226016,"var":0.001296572,"sum":5.131020308},"relative_timestamp_from_iforward_end":{"num":22702,"min":0.000000000,"max":0.000006437,"avg":0.000000181,"var":0.000000000,"sum":0.004102230}},"set_input":{"duration":{"num":22702,"min":0.000000000,"max":0.000001669,"avg":0.000000078,"var":0.000000000,"sum":0.001770496},"relative_timestamp_from_iforward_start":{"num":22702,"min":0.000000477,"max":0.000015497,"avg":0.000000701,"var":0.000000000,"sum":0.015920877}},"get_output":{"duration":{"num":22702,"min":0.000000000,"max":0.000001192,"avg":0.000000087,"var":0.000000000,"sum":0.001976728},"relative_timestamp_from_wait_end":{"num":22702,"min":0.000000000,"max":0.000004053,"avg":0.000000160,"var":0.000000000,"sum":0.003625154}}}}}}}