{"address":"","progress_loop":{"progress_with_timeout":{"num":1663,"min":0.000002384,"max":0.102265120,"avg":0.006899357,"var":0.024648217,"sum":11.473629951},"progress_timeout_value_msec":{"num":1663,"min":100.000000000,"max":100.000000000,"avg":100.000000000,"var":0.000000000,"sum":166300.000000000},"progress_without_timeout":{"num":0,"min":0.000000000,"max":0.000000000,"avg":0.000000000,"var":0.000000000,"sum":0.000000000},"trigger":{"num":1660,"min":0.000000238,"max":0.000009298,"avg":0.000000296,"var":0.000000000,"sum":0.000491858}},"rpcs":{"65535:65535:7940397281847607295:2":{"rpc_id":7940397281847607295,"provider_id":2,"parent_rpc_id":65535,"parent_provider_id":65535,"name":"__identity__","origin":{"sent to ofi+cxi://0x06a6000d":{"iforward":{"duration":{"num":1,"min":0.000126839,"max":0.000126839,"avg":0.000126839,"var":0.000000000,"sum":0.000126839},"relative_timestamp_from_create":{"num":1,"min":0.000002861,"max":0.000002861,"avg":0.000002861,"var":0.000000000,"sum":0.000002861}},"forward_cb":{"duration":{"num":1,"min":0.000000954,"max":0.000000954,"avg":0.000000954,"var":0.000000000,"sum":0.000000954},"relative_timestamp_from_iforward_start":{"num":1,"min":0.001099110,"max":0.001099110,"avg":0.001099110,"var":0.000000000,"sum":0.001099110}},"iforward_wait":{"duration":{"num":1,"min":0.000976086,"max":0.000976086,"avg":0.000976086,"var":0.000000000,"sum":0.000976086},"relative_timestamp_from_iforward_end":{"num":1,"min":0.000000238,"max":0.000000238,"avg":0.000000238,"var":0.000000000,"sum":0.000000238}},"set_input":{"duration":{"num":0,"min":0.000000000,"max":0.000000000,"avg":0.000000000,"var":0.000000000,"sum":0.000000000},"relative_timestamp_from_iforward_start":{"num":0,"min":0.000000000,"max":0.000000000,"avg":0.000000000,"var":0.000000000,"sum":0.000000000}},"get_output":{"duration":{"num":1,"min":0.000037909,"max":0.000037909,"avg":0.000037909,"var":0.000000000,"sum":0.000037909},"relative_timestamp_from_wait_end":{"num":1,"min":0.000001192,"max":0.000001192,"avg":0.000001192,"var":0.000000000,"sum":0.000001192}}}}},"65535:65535:9722976651498815487:2":{"rpc_id":9722976651498815487,"provider_id":2,"parent_rpc_id":65535,"parent_provider_id":65535,"name":"flock_get_view","origin":{"sent to ofi+cxi://0x06a6000d":{"iforward":{"duration":{"num":2,"min":0.000020266,"max":0.000024557,"avg":0.000022411,"var":0.000000000,"sum":0.000044823},"relative_timestamp_from_create":{"num":2,"min":0.000001192,"max":0.000002623,"avg":0.000001907,"var":0.000000000,"sum":0.000003815}},"forward_cb":{"duration":{"num":2,"min":0.000000238,"max":0.000000954,"avg":0.000000596,"var":0.000000000,"sum":0.000001192},"relative_timestamp_from_iforward_start":{"num":2,"min":0.006095171,"max":0.029167891,"avg":0.017631531,"var":0.000266175,"sum":0.035263062}},"iforward_wait":{"duration":{"num":2,"min":0.006077290,"max":0.029143810,"avg":0.017610550,"var":0.000266032,"sum":0.035221100},"relative_timestamp_from_iforward_end":{"num":2,"min":0.000000477,"max":0.000001192,"avg":0.000000834,"var":0.000000000,"sum":0.000001669}},"set_input":{"duration":{"num":2,"min":0.000000238,"max":0.000000238,"avg":0.000000238,"var":0.000000000,"sum":0.000000477},"relative_timestamp_from_iforward_start":{"num":2,"min":0.000009537,"max":0.000010729,"avg":0.000010133,"var":0.000000000,"sum":0.000020266}},"get_output":{"duration":{"num":2,"min":0.000000238,"max":0.000066996,"avg":0.000033617,"var":0.000000002,"sum":0.000067234},"relative_timestamp_from_wait_end":{"num":2,"min":0.000000238,"max":0.000002384,"avg":0.000001311,"var":0.000000000,"sum":0.000002623}}}}},"65535:65535:3669993900245843967:1":{"rpc_id":3669993900245843967,"provider_id":1,"parent_rpc_id":65535,"parent_provider_id":65535,"name":"qtn_work_rpc","origin":{"sent to ofi+cxi://0x06a6c610":{"iforward":{"duration":{"num":1656,"min":0.000001431,"max":0.000065565,"avg":0.000001899,"var":0.000000007,"sum":0.003144026},"relative_timestamp_from_create":{"num":1656,"min":0.000002384,"max":0.001305103,"avg":0.000003715,"var":0.000001695,"sum":0.006151915}},"forward_cb":{"duration":{"num":1656,"min":0.000000000,"max":0.000003815,"avg":0.000000140,"var":0.000000000,"sum":0.000232458},"relative_timestamp_from_iforward_start":{"num":1656,"min":0.000267982,"max":0.026809454,"avg":0.006847481,"var":0.014870549,"sum":11.339428902}},"iforward_wait":{"duration":{"num":1656,"min":0.000258923,"max":0.026808500,"avg":0.006845949,"var":0.014874989,"sum":11.336890936},"relative_timestamp_from_iforward_end":{"num":1656,"min":0.000000000,"max":0.000000954,"avg":0.000000247,"var":0.000000000,"sum":0.000408888}},"set_input":{"duration":{"num":1656,"min":0.000000000,"max":0.000008583,"avg":0.000000133,"var":0.000000000,"sum":0.000220776},"relative_timestamp_from_iforward_start":{"num":1656,"min":0.000000477,"max":0.000039816,"avg":0.000000769,"var":0.000000002,"sum":0.001272678}},"get_output":{"duration":{"num":1656,"min":0.000000000,"max":0.000000477,"avg":0.000000094,"var":0.000000000,"sum":0.000155210},"relative_timestamp_from_wait_end":{"num":1656,"min":0.000000000,"max":0.000001192,"avg":0.000000153,"var":0.000000000,"sum":0.000253201}}}}},"65535:65535:65535:65535":{"rpc_id":65535,"provider_id":65535,"parent_rpc_id":65535,"parent_provider_id":65535,"name":"","target":{"received from <unknown>":{"bulk":{"create":{"duration":{"num":1656,"min":0.000002384,"max":0.001300812,"avg":0.000003497,"var":0.000001684,"sum":0.005790949},"size":{"num":1656,"min":4194304.000000000,"max":4194304.000000000,"avg":4194304.000000000,"var":0.000000000,"sum":6945767424.000000000}}}}}}}}