{"address":"","progress_loop":{"progress_with_timeout":{"num":1709,"min":0.000001192,"max":0.102313280,"avg":0.007211739,"var":0.058761050,"sum":12.324862480},"progress_timeout_value_msec":{"num":1709,"min":100.000000000,"max":100.000000000,"avg":100.000000000,"var":0.000000000,"sum":170900.000000000},"progress_without_timeout":{"num":0,"min":0.000000000,"max":0.000000000,"avg":0.000000000,"var":0.000000000,"sum":0.000000000},"trigger":{"num":1703,"min":0.000000238,"max":0.000006914,"avg":0.000000302,"var":0.000000000,"sum":0.000514507}},"rpcs":{"65535:65535:7940397281847607295:2":{"rpc_id":7940397281847607295,"provider_id":2,"parent_rpc_id":65535,"parent_provider_id":65535,"name":"__identity__","origin":{"sent to ofi+cxi://0x06a6000d":{"iforward":{"duration":{"num":1,"min":0.000118732,"max":0.000118732,"avg":0.000118732,"var":0.000000000,"sum":0.000118732},"relative_timestamp_from_create":{"num":1,"min":0.000003338,"max":0.000003338,"avg":0.000003338,"var":0.000000000,"sum":0.000003338}},"forward_cb":{"duration":{"num":1,"min":0.000002384,"max":0.000002384,"avg":0.000002384,"var":0.000000000,"sum":0.000002384},"relative_timestamp_from_iforward_start":{"num":1,"min":0.019755125,"max":0.019755125,"avg":0.019755125,"var":0.000000000,"sum":0.019755125}},"iforward_wait":{"duration":{"num":1,"min":0.019644260,"max":0.019644260,"avg":0.019644260,"var":0.000000000,"sum":0.019644260},"relative_timestamp_from_iforward_end":{"num":1,"min":0.000000238,"max":0.000000238,"avg":0.000000238,"var":0.000000000,"sum":0.000000238}},"set_input":{"duration":{"num":0,"min":0.000000000,"max":0.000000000,"avg":0.000000000,"var":0.000000000,"sum":0.000000000},"relative_timestamp_from_iforward_start":{"num":0,"min":0.000000000,"max":0.000000000,"avg":0.000000000,"var":0.000000000,"sum":0.000000000}},"get_output":{"duration":{"num":1,"min":0.000016212,"max":0.000016212,"avg":0.000016212,"var":0.000000000,"sum":0.000016212},"relative_timestamp_from_wait_end":{"num":1,"min":0.000001669,"max":0.000001669,"avg":0.000001669,"var":0.000000000,"sum":0.000001669}}}}},"65535:65535:9722976651498815487:2":{"rpc_id":9722976651498815487,"provider_id":2,"parent_rpc_id":65535,"parent_provider_id":65535,"name":"flock_get_view","origin":{"sent to ofi+cxi://0x06a6000d":{"iforward":{"duration":{"num":2,"min":0.000011444,"max":0.000044107,"avg":0.000027776,"var":0.000000001,"sum":0.000055552},"relative_timestamp_from_create":{"num":2,"min":0.000000238,"max":0.000001431,"avg":0.000000834,"var":0.000000000,"sum":0.000001669}},"forward_cb":{"duration":{"num":2,"min":0.000000238,"max":0.000001192,"avg":0.000000715,"var":0.000000000,"sum":0.000001431},"relative_timestamp_from_iforward_start":{"num":2,"min":0.064296961,"max":0.072986603,"avg":0.068641782,"var":0.000037755,"sum":0.137283564}},"iforward_wait":{"duration":{"num":2,"min":0.064289570,"max":0.072942257,"avg":0.068615913,"var":0.000037434,"sum":0.137231827},"relative_timestamp_from_iforward_end":{"num":2,"min":0.000000238,"max":0.000001431,"avg":0.000000834,"var":0.000000000,"sum":0.000001669}},"set_input":{"duration":{"num":2,"min":0.000000238,"max":0.000000238,"avg":0.000000238,"var":0.000000000,"sum":0.000000477},"relative_timestamp_from_iforward_start":{"num":2,"min":0.000001907,"max":0.000016451,"avg":0.000009179,"var":0.000000000,"sum":0.000018358}},"get_output":{"duration":{"num":2,"min":0.000001431,"max":0.000062466,"avg":0.000031948,"var":0.000000002,"sum":0.000063896},"relative_timestamp_from_wait_end":{"num":2,"min":0.000000954,"max":0.000001192,"avg":0.000001073,"var":0.000000000,"sum":0.000002146}}}}},"65535:65535:3669993900245843967:1":{"rpc_id":3669993900245843967,"provider_id":1,"parent_rpc_id":65535,"parent_provider_id":65535,"name":"qtn_work_rpc","origin":{"sent to ofi+cxi://0x06a64011":{"iforward":{"duration":{"num":1699,"min":0.000001431,"max":0.000035048,"avg":0.000001877,"var":0.000000004,"sum":0.003189325},"relative_timestamp_from_create":{"num":1699,"min":0.000002623,"max":0.001367807,"avg":0.000003727,"var":0.000001862,"sum":0.006331921}},"forward_cb":{"duration":{"num":1699,"min":0.000000000,"max":0.000001192,"avg":0.000000135,"var":0.000000000,"sum":0.000229120},"relative_timestamp_from_iforward_start":{"num":1699,"min":0.000361919,"max":0.031841040,"avg":0.007104190,"var":0.041655456,"sum":12.070018530}},"iforward_wait":{"duration":{"num":1699,"min":0.000360727,"max":0.031839848,"avg":0.007102655,"var":0.041655898,"sum":12.067411423},"relative_timestamp_from_iforward_end":{"num":1699,"min":0.000000000,"max":0.000005007,"avg":0.000000243,"var":0.000000000,"sum":0.000412226}},"set_input":{"duration":{"num":1699,"min":0.000000000,"max":0.000004768,"avg":0.000000126,"var":0.000000000,"sum":0.000213623},"relative_timestamp_from_iforward_start":{"num":1699,"min":0.000000477,"max":0.000013828,"avg":0.000000743,"var":0.000000000,"sum":0.001262665}},"get_output":{"duration":{"num":1699,"min":0.000000000,"max":0.000005960,"avg":0.000000093,"var":0.000000000,"sum":0.000158072},"relative_timestamp_from_wait_end":{"num":1699,"min":0.000000000,"max":0.000002861,"avg":0.000000158,"var":0.000000000,"sum":0.000268936}}}}},"65535:65535:65535:65535":{"rpc_id":65535,"provider_id":65535,"parent_rpc_id":65535,"parent_provider_id":65535,"name":"","target":{"received from <unknown>":{"bulk":{"create":{"duration":{"num":1699,"min":0.000002384,"max":0.001363993,"avg":0.000003531,"var":0.000001852,"sum":0.005999088},"size":{"num":1699,"min":4194304.000000000,"max":4194304.000000000,"avg":4194304.000000000,"var":0.000000000,"sum":7126122496.000000000}}}}}}}}