{"address":"","progress_loop":{"progress_with_timeout":{"num":1778,"min":0.000002384,"max":0.101210117,"avg":0.005968793,"var":0.015179835,"sum":10.612513065},"progress_timeout_value_msec":{"num":1778,"min":100.000000000,"max":100.000000000,"avg":100.000000000,"var":0.000000000,"sum":177800.000000000},"progress_without_timeout":{"num":0,"min":0.000000000,"max":0.000000000,"avg":0.000000000,"var":0.000000000,"sum":0.000000000},"trigger":{"num":1774,"min":0.000000238,"max":0.000007868,"avg":0.000000295,"var":0.000000000,"sum":0.000523567}},"rpcs":{"65535:65535:7940397281847607295:2":{"rpc_id":7940397281847607295,"provider_id":2,"parent_rpc_id":65535,"parent_provider_id":65535,"name":"__identity__","origin":{"sent to ofi+cxi://0x06a6000d":{"iforward":{"duration":{"num":1,"min":0.000099182,"max":0.000099182,"avg":0.000099182,"var":0.000000000,"sum":0.000099182},"relative_timestamp_from_create":{"num":1,"min":0.000003338,"max":0.000003338,"avg":0.000003338,"var":0.000000000,"sum":0.000003338}},"forward_cb":{"duration":{"num":1,"min":0.000002384,"max":0.000002384,"avg":0.000002384,"var":0.000000000,"sum":0.000002384},"relative_timestamp_from_iforward_start":{"num":1,"min":0.000782251,"max":0.000782251,"avg":0.000782251,"var":0.000000000,"sum":0.000782251}},"iforward_wait":{"duration":{"num":1,"min":0.000691414,"max":0.000691414,"avg":0.000691414,"var":0.000000000,"sum":0.000691414},"relative_timestamp_from_iforward_end":{"num":1,"min":0.000000238,"max":0.000000238,"avg":0.000000238,"var":0.000000000,"sum":0.000000238}},"set_input":{"duration":{"num":0,"min":0.000000000,"max":0.000000000,"avg":0.000000000,"var":0.000000000,"sum":0.000000000},"relative_timestamp_from_iforward_start":{"num":0,"min":0.000000000,"max":0.000000000,"avg":0.000000000,"var":0.000000000,"sum":0.000000000}},"get_output":{"duration":{"num":1,"min":0.000032425,"max":0.000032425,"avg":0.000032425,"var":0.000000000,"sum":0.000032425},"relative_timestamp_from_wait_end":{"num":1,"min":0.000001669,"max":0.000001669,"avg":0.000001669,"var":0.000000000,"sum":0.000001669}}}}},"65535:65535:9722976651498815487:2":{"rpc_id":9722976651498815487,"provider_id":2,"parent_rpc_id":65535,"parent_provider_id":65535,"name":"flock_get_view","origin":{"sent to ofi+cxi://0x06a6000d":{"iforward":{"duration":{"num":2,"min":0.000012875,"max":0.000046253,"avg":0.000029564,"var":0.000000001,"sum":0.000059128},"relative_timestamp_from_create":{"num":2,"min":0.000000477,"max":0.000001669,"avg":0.000001073,"var":0.000000000,"sum":0.000002146}},"forward_cb":{"duration":{"num":2,"min":0.000000000,"max":0.000000238,"avg":0.000000119,"var":0.000000000,"sum":0.000000238},"relative_timestamp_from_iforward_start":{"num":2,"min":0.004083395,"max":0.025088787,"avg":0.014586091,"var":0.000220613,"sum":0.029172182}},"iforward_wait":{"duration":{"num":2,"min":0.004035950,"max":0.025076389,"avg":0.014556170,"var":0.000221350,"sum":0.029112339},"relative_timestamp_from_iforward_end":{"num":2,"min":0.000000238,"max":0.000002146,"avg":0.000001192,"var":0.000000000,"sum":0.000002384}},"set_input":{"duration":{"num":2,"min":0.000000000,"max":0.000000238,"avg":0.000000119,"var":0.000000000,"sum":0.000000238},"relative_timestamp_from_iforward_start":{"num":2,"min":0.000002384,"max":0.000012875,"avg":0.000007629,"var":0.000000000,"sum":0.000015259}},"get_output":{"duration":{"num":2,"min":0.000000238,"max":0.000058413,"avg":0.000029325,"var":0.000000002,"sum":0.000058651},"relative_timestamp_from_wait_end":{"num":2,"min":0.000000238,"max":0.000001431,"avg":0.000000834,"var":0.000000000,"sum":0.000001669}}}}},"65535:65535:3669993900245843967:1":{"rpc_id":3669993900245843967,"provider_id":1,"parent_rpc_id":65535,"parent_provider_id":65535,"name":"qtn_work_rpc","origin":{"sent to ofi+cxi://0x06a60210":{"iforward":{"duration":{"num":1770,"min":0.000001431,"max":0.000023603,"avg":0.000001779,"var":0.000000003,"sum":0.003148317},"relative_timestamp_from_create":{"num":1770,"min":0.000002384,"max":0.001353025,"avg":0.000003655,"var":0.000001822,"sum":0.006468773}},"forward_cb":{"duration":{"num":1770,"min":0.000000000,"max":0.000001192,"avg":0.000000132,"var":0.000000000,"sum":0.000234365},"relative_timestamp_from_iforward_start":{"num":1770,"min":0.000433445,"max":0.009257317,"avg":0.005924148,"var":0.005562560,"sum":10.485742092}},"iforward_wait":{"duration":{"num":1770,"min":0.000432014,"max":0.009255886,"avg":0.005922790,"var":0.005565662,"sum":10.483338356},"relative_timestamp_from_iforward_end":{"num":1770,"min":0.000000000,"max":0.000001192,"avg":0.000000186,"var":0.000000000,"sum":0.000329971}},"set_input":{"duration":{"num":1770,"min":0.000000000,"max":0.000005722,"avg":0.000000132,"var":0.000000000,"sum":0.000233412},"relative_timestamp_from_iforward_start":{"num":1770,"min":0.000000477,"max":0.000006676,"avg":0.000000708,"var":0.000000000,"sum":0.001253605}},"get_output":{"duration":{"num":1770,"min":0.000000000,"max":0.000000477,"avg":0.000000090,"var":0.000000000,"sum":0.000158548},"relative_timestamp_from_wait_end":{"num":1770,"min":0.000000000,"max":0.000001431,"avg":0.000000159,"var":0.000000000,"sum":0.000281096}}}}},"65535:65535:65535:65535":{"rpc_id":65535,"provider_id":65535,"parent_rpc_id":65535,"parent_provider_id":65535,"name":"","target":{"received from <unknown>":{"bulk":{"create":{"duration":{"num":1770,"min":0.000002384,"max":0.001348972,"avg":0.000003457,"var":0.000001812,"sum":0.006119728},"size":{"num":1770,"min":4194304.000000000,"max":4194304.000000000,"avg":4194304.000000000,"var":0.000000000,"sum":7423918080.000000000}}}}}}}}