{"address":"","progress_loop":{"progress_with_timeout":{"num":32376,"min":0.000000954,"max":0.103358746,"avg":0.000165269,"var":0.026425195,"sum":5.350754976},"progress_timeout_value_msec":{"num":32376,"min":100.000000000,"max":100.000000000,"avg":100.000000000,"var":0.000000000,"sum":3237600.000000000},"progress_without_timeout":{"num":0,"min":0.000000000,"max":0.000000000,"avg":0.000000000,"var":0.000000000,"sum":0.000000000},"trigger":{"num":32292,"min":0.000000238,"max":0.000009060,"avg":0.000000270,"var":0.000000000,"sum":0.008728504}},"rpcs":{"65535:65535:7940397281847607295:2":{"rpc_id":7940397281847607295,"provider_id":2,"parent_rpc_id":65535,"parent_provider_id":65535,"name":"__identity__","origin":{"sent to ofi+cxi://0x06a6000d":{"iforward":{"duration":{"num":1,"min":0.000128269,"max":0.000128269,"avg":0.000128269,"var":0.000000000,"sum":0.000128269},"relative_timestamp_from_create":{"num":1,"min":0.000003338,"max":0.000003338,"avg":0.000003338,"var":0.000000000,"sum":0.000003338}},"forward_cb":{"duration":{"num":1,"min":0.000002384,"max":0.000002384,"avg":0.000002384,"var":0.000000000,"sum":0.000002384},"relative_timestamp_from_iforward_start":{"num":1,"min":0.029760122,"max":0.029760122,"avg":0.029760122,"var":0.000000000,"sum":0.029760122}},"iforward_wait":{"duration":{"num":1,"min":0.029640198,"max":0.029640198,"avg":0.029640198,"var":0.000000000,"sum":0.029640198},"relative_timestamp_from_iforward_end":{"num":1,"min":0.000000238,"max":0.000000238,"avg":0.000000238,"var":0.000000000,"sum":0.000000238}},"set_input":{"duration":{"num":0,"min":0.000000000,"max":0.000000000,"avg":0.000000000,"var":0.000000000,"sum":0.000000000},"relative_timestamp_from_iforward_start":{"num":0,"min":0.000000000,"max":0.000000000,"avg":0.000000000,"var":0.000000000,"sum":0.000000000}},"get_output":{"duration":{"num":1,"min":0.000015974,"max":0.000015974,"avg":0.000015974,"var":0.000000000,"sum":0.000015974},"relative_timestamp_from_wait_end":{"num":1,"min":0.000001431,"max":0.000001431,"avg":0.000001431,"var":0.000000000,"sum":0.000001431}}}}},"65535:65535:9722976651498815487:2":{"rpc_id":9722976651498815487,"provider_id":2,"parent_rpc_id":65535,"parent_provider_id":65535,"name":"flock_get_view","origin":{"sent to ofi+cxi://0x06a6000d":{"iforward":{"duration":{"num":2,"min":0.000020266,"max":0.000056028,"avg":0.000038147,"var":0.000000001,"sum":0.000076294},"relative_timestamp_from_create":{"num":2,"min":0.000000477,"max":0.000001431,"avg":0.000000954,"var":0.000000000,"sum":0.000001907}},"forward_cb":{"duration":{"num":2,"min":0.000000238,"max":0.000000954,"avg":0.000000596,"var":0.000000000,"sum":0.000001192},"relative_timestamp_from_iforward_start":{"num":2,"min":0.067313433,"max":0.099925756,"avg":0.083619595,"var":0.000531782,"sum":0.167239189}},"iforward_wait":{"duration":{"num":2,"min":0.067293644,"max":0.099871874,"avg":0.083582759,"var":0.000530671,"sum":0.167165518},"relative_timestamp_from_iforward_end":{"num":2,"min":0.000000477,"max":0.000001192,"avg":0.000000834,"var":0.000000000,"sum":0.000001669}},"set_input":{"duration":{"num":2,"min":0.000000238,"max":0.000000238,"avg":0.000000238,"var":0.000000000,"sum":0.000000477},"relative_timestamp_from_iforward_start":{"num":2,"min":0.000006199,"max":0.000010729,"avg":0.000008464,"var":0.000000000,"sum":0.000016928}},"get_output":{"duration":{"num":2,"min":0.000000477,"max":0.000064135,"avg":0.000032306,"var":0.000000002,"sum":0.000064611},"relative_timestamp_from_wait_end":{"num":2,"min":0.000000477,"max":0.000002146,"avg":0.000001311,"var":0.000000000,"sum":0.000002623}}}}},"65535:65535:3669993900245843967:1":{"rpc_id":3669993900245843967,"provider_id":1,"parent_rpc_id":65535,"parent_provider_id":65535,"name":"qtn_work_rpc","origin":{"sent to ofi+cxi://0x06a60618":{"iforward":{"duration":{"num":32288,"min":0.000001431,"max":0.000036001,"avg":0.000001610,"var":0.000000005,"sum":0.051989555},"relative_timestamp_from_create":{"num":32288,"min":0.000000000,"max":0.000000954,"avg":0.000000074,"var":0.000000000,"sum":0.002404213}},"forward_cb":{"duration":{"num":32288,"min":0.000000000,"max":0.000001431,"avg":0.000000118,"var":0.000000000,"sum":0.003825188},"relative_timestamp_from_iforward_start":{"num":32288,"min":0.000008583,"max":0.000652552,"avg":0.000158609,"var":0.000517389,"sum":5.121174574}},"iforward_wait":{"duration":{"num":32288,"min":0.000007153,"max":0.000651360,"avg":0.000157369,"var":0.000517234,"sum":5.081145525},"relative_timestamp_from_iforward_end":{"num":32288,"min":0.000000000,"max":0.000002861,"avg":0.000000184,"var":0.000000000,"sum":0.005931616}},"set_input":{"duration":{"num":32288,"min":0.000000000,"max":0.000002146,"avg":0.000000080,"var":0.000000000,"sum":0.002570152},"relative_timestamp_from_iforward_start":{"num":32288,"min":0.000000477,"max":0.000006914,"avg":0.000000700,"var":0.000000000,"sum":0.022603989}},"get_output":{"duration":{"num":32288,"min":0.000000000,"max":0.000006199,"avg":0.000000091,"var":0.000000001,"sum":0.002942562},"relative_timestamp_from_wait_end":{"num":32288,"min":0.000000000,"max":0.000003099,"avg":0.000000156,"var":0.000000001,"sum":0.005035639}}}}}}}