{"address":"","progress_loop":{"progress_with_timeout":{"num":1802,"min":0.000001431,"max":0.100578308,"avg":0.006286962,"var":0.033199009,"sum":11.329104662},"progress_timeout_value_msec":{"num":1802,"min":100.000000000,"max":100.000000000,"avg":100.000000000,"var":0.000000000,"sum":180200.000000000},"progress_without_timeout":{"num":0,"min":0.000000000,"max":0.000000000,"avg":0.000000000,"var":0.000000000,"sum":0.000000000},"trigger":{"num":1799,"min":0.000000238,"max":0.000006914,"avg":0.000000291,"var":0.000000000,"sum":0.000522614}},"rpcs":{"65535:65535:7940397281847607295:2":{"rpc_id":7940397281847607295,"provider_id":2,"parent_rpc_id":65535,"parent_provider_id":65535,"name":"__identity__","origin":{"sent to ofi+cxi://0x06a6000d":{"iforward":{"duration":{"num":1,"min":0.001079798,"max":0.001079798,"avg":0.001079798,"var":0.000000000,"sum":0.001079798},"relative_timestamp_from_create":{"num":1,"min":0.000022888,"max":0.000022888,"avg":0.000022888,"var":0.000000000,"sum":0.000022888}},"forward_cb":{"duration":{"num":1,"min":0.000002623,"max":0.000002623,"avg":0.000002623,"var":0.000000000,"sum":0.000002623},"relative_timestamp_from_iforward_start":{"num":1,"min":0.019787550,"max":0.019787550,"avg":0.019787550,"var":0.000000000,"sum":0.019787550}},"iforward_wait":{"duration":{"num":1,"min":0.018716812,"max":0.018716812,"avg":0.018716812,"var":0.000000000,"sum":0.018716812},"relative_timestamp_from_iforward_end":{"num":1,"min":0.000000238,"max":0.000000238,"avg":0.000000238,"var":0.000000000,"sum":0.000000238}},"set_input":{"duration":{"num":0,"min":0.000000000,"max":0.000000000,"avg":0.000000000,"var":0.000000000,"sum":0.000000000},"relative_timestamp_from_iforward_start":{"num":0,"min":0.000000000,"max":0.000000000,"avg":0.000000000,"var":0.000000000,"sum":0.000000000}},"get_output":{"duration":{"num":1,"min":0.000016451,"max":0.000016451,"avg":0.000016451,"var":0.000000000,"sum":0.000016451},"relative_timestamp_from_wait_end":{"num":1,"min":0.000001669,"max":0.000001669,"avg":0.000001669,"var":0.000000000,"sum":0.000001669}}}}},"65535:65535:9722976651498815487:2":{"rpc_id":9722976651498815487,"provider_id":2,"parent_rpc_id":65535,"parent_provider_id":65535,"name":"flock_get_view","origin":{"sent to ofi+cxi://0x06a6000d":{"iforward":{"duration":{"num":2,"min":0.000012398,"max":0.000042439,"avg":0.000027418,"var":0.000000000,"sum":0.000054836},"relative_timestamp_from_create":{"num":2,"min":0.000000477,"max":0.000001907,"avg":0.000001192,"var":0.000000000,"sum":0.000002384}},"forward_cb":{"duration":{"num":2,"min":0.000000000,"max":0.000000238,"avg":0.000000119,"var":0.000000000,"sum":0.000000238},"relative_timestamp_from_iforward_start":{"num":2,"min":0.067943573,"max":0.068711042,"avg":0.068327308,"var":0.000000295,"sum":0.136654615}},"iforward_wait":{"duration":{"num":2,"min":0.067900419,"max":0.068699121,"avg":0.068299770,"var":0.000000319,"sum":0.136599541},"relative_timestamp_from_iforward_end":{"num":2,"min":0.000000238,"max":0.000001669,"avg":0.000000954,"var":0.000000000,"sum":0.000001907}},"set_input":{"duration":{"num":2,"min":0.000000238,"max":0.000000238,"avg":0.000000238,"var":0.000000000,"sum":0.000000477},"relative_timestamp_from_iforward_start":{"num":2,"min":0.000001907,"max":0.000012398,"avg":0.000007153,"var":0.000000000,"sum":0.000014305}},"get_output":{"duration":{"num":2,"min":0.000000238,"max":0.000053644,"avg":0.000026941,"var":0.000000001,"sum":0.000053883},"relative_timestamp_from_wait_end":{"num":2,"min":0.000000477,"max":0.000001431,"avg":0.000000954,"var":0.000000000,"sum":0.000001907}}}}},"65535:65535:3669993900245843967:1":{"rpc_id":3669993900245843967,"provider_id":1,"parent_rpc_id":65535,"parent_provider_id":65535,"name":"qtn_work_rpc","origin":{"sent to ofi+cxi://0x06a62010":{"iforward":{"duration":{"num":1795,"min":0.000001431,"max":0.000034094,"avg":0.000001833,"var":0.000000004,"sum":0.003290653},"relative_timestamp_from_create":{"num":1795,"min":0.000002384,"max":0.001489639,"avg":0.000003664,"var":0.000002210,"sum":0.006576777}},"forward_cb":{"duration":{"num":1795,"min":0.000000000,"max":0.000001431,"avg":0.000000128,"var":0.000000000,"sum":0.000228882},"relative_timestamp_from_iforward_start":{"num":1795,"min":0.000397444,"max":0.024884701,"avg":0.006171370,"var":0.016321886,"sum":11.077609301}},"iforward_wait":{"duration":{"num":1795,"min":0.000396490,"max":0.024883509,"avg":0.006169927,"var":0.016322283,"sum":11.075018406},"relative_timestamp_from_iforward_end":{"num":1795,"min":0.000000000,"max":0.000000715,"avg":0.000000189,"var":0.000000000,"sum":0.000339270}},"set_input":{"duration":{"num":1795,"min":0.000000000,"max":0.000004768,"avg":0.000000120,"var":0.000000000,"sum":0.000215530},"relative_timestamp_from_iforward_start":{"num":1795,"min":0.000000477,"max":0.000007153,"avg":0.000000724,"var":0.000000000,"sum":0.001299143}},"get_output":{"duration":{"num":1795,"min":0.000000000,"max":0.000000477,"avg":0.000000086,"var":0.000000000,"sum":0.000154257},"relative_timestamp_from_wait_end":{"num":1795,"min":0.000000000,"max":0.000001192,"avg":0.000000166,"var":0.000000000,"sum":0.000298262}}}}},"65535:65535:65535:65535":{"rpc_id":65535,"provider_id":65535,"parent_rpc_id":65535,"parent_provider_id":65535,"name":"","target":{"received from <unknown>":{"bulk":{"create":{"duration":{"num":1795,"min":0.000002146,"max":0.001485586,"avg":0.000003457,"var":0.000002198,"sum":0.006204844},"size":{"num":1795,"min":4194304.000000000,"max":4194304.000000000,"avg":4194304.000000000,"var":0.000000000,"sum":7528775680.000000000}}}}}}}}