{"address":"","progress_loop":{"progress_with_timeout":{"num":1696,"min":0.000002384,"max":0.104797363,"avg":0.006937963,"var":0.029943032,"sum":11.766784430},"progress_timeout_value_msec":{"num":1696,"min":100.000000000,"max":100.000000000,"avg":100.000000000,"var":0.000000000,"sum":169600.000000000},"progress_without_timeout":{"num":0,"min":0.000000000,"max":0.000000000,"avg":0.000000000,"var":0.000000000,"sum":0.000000000},"trigger":{"num":1692,"min":0.000000238,"max":0.000009775,"avg":0.000000296,"var":0.000000000,"sum":0.000501156}},"rpcs":{"65535:65535:7940397281847607295:2":{"rpc_id":7940397281847607295,"provider_id":2,"parent_rpc_id":65535,"parent_provider_id":65535,"name":"__identity__","origin":{"sent to ofi+cxi://0x06a6000d":{"iforward":{"duration":{"num":1,"min":0.002231121,"max":0.002231121,"avg":0.002231121,"var":0.000000000,"sum":0.002231121},"relative_timestamp_from_create":{"num":1,"min":0.000015259,"max":0.000015259,"avg":0.000015259,"var":0.000000000,"sum":0.000015259}},"forward_cb":{"duration":{"num":1,"min":0.000002384,"max":0.000002384,"avg":0.000002384,"var":0.000000000,"sum":0.000002384},"relative_timestamp_from_iforward_start":{"num":1,"min":0.023372889,"max":0.023372889,"avg":0.023372889,"var":0.000000000,"sum":0.023372889}},"iforward_wait":{"duration":{"num":1,"min":0.021150351,"max":0.021150351,"avg":0.021150351,"var":0.000000000,"sum":0.021150351},"relative_timestamp_from_iforward_end":{"num":1,"min":0.000000238,"max":0.000000238,"avg":0.000000238,"var":0.000000000,"sum":0.000000238}},"set_input":{"duration":{"num":0,"min":0.000000000,"max":0.000000000,"avg":0.000000000,"var":0.000000000,"sum":0.000000000},"relative_timestamp_from_iforward_start":{"num":0,"min":0.000000000,"max":0.000000000,"avg":0.000000000,"var":0.000000000,"sum":0.000000000}},"get_output":{"duration":{"num":1,"min":0.000018358,"max":0.000018358,"avg":0.000018358,"var":0.000000000,"sum":0.000018358},"relative_timestamp_from_wait_end":{"num":1,"min":0.000001907,"max":0.000001907,"avg":0.000001907,"var":0.000000000,"sum":0.000001907}}}}},"65535:65535:9722976651498815487:2":{"rpc_id":9722976651498815487,"provider_id":2,"parent_rpc_id":65535,"parent_provider_id":65535,"name":"flock_get_view","origin":{"sent to ofi+cxi://0x06a6000d":{"iforward":{"duration":{"num":2,"min":0.000020027,"max":0.000043869,"avg":0.000031948,"var":0.000000000,"sum":0.000063896},"relative_timestamp_from_create":{"num":2,"min":0.000000477,"max":0.000001669,"avg":0.000001073,"var":0.000000000,"sum":0.000002146}},"forward_cb":{"duration":{"num":2,"min":0.000000238,"max":0.000000954,"avg":0.000000596,"var":0.000000000,"sum":0.000001192},"relative_timestamp_from_iforward_start":{"num":2,"min":0.058024406,"max":0.080385923,"avg":0.069205165,"var":0.000250019,"sum":0.138410330}},"iforward_wait":{"duration":{"num":2,"min":0.058004856,"max":0.080343723,"avg":0.069174290,"var":0.000249512,"sum":0.138348579},"relative_timestamp_from_iforward_end":{"num":2,"min":0.000000477,"max":0.000001669,"avg":0.000001073,"var":0.000000000,"sum":0.000002146}},"set_input":{"duration":{"num":2,"min":0.000000238,"max":0.000000477,"avg":0.000000358,"var":0.000000000,"sum":0.000000715},"relative_timestamp_from_iforward_start":{"num":2,"min":0.000006199,"max":0.000012875,"avg":0.000009537,"var":0.000000000,"sum":0.000019073}},"get_output":{"duration":{"num":2,"min":0.000000477,"max":0.000056505,"avg":0.000028491,"var":0.000000002,"sum":0.000056982},"relative_timestamp_from_wait_end":{"num":2,"min":0.000000238,"max":0.000002384,"avg":0.000001311,"var":0.000000000,"sum":0.000002623}}}}},"65535:65535:3669993900245843967:1":{"rpc_id":3669993900245843967,"provider_id":1,"parent_rpc_id":65535,"parent_provider_id":65535,"name":"qtn_work_rpc","origin":{"sent to ofi+cxi://0x06a74418":{"iforward":{"duration":{"num":1688,"min":0.000001431,"max":0.000034332,"avg":0.000001802,"var":0.000000004,"sum":0.003041983},"relative_timestamp_from_create":{"num":1688,"min":0.000002384,"max":0.001494169,"avg":0.000003750,"var":0.000002223,"sum":0.006329536}},"forward_cb":{"duration":{"num":1688,"min":0.000000000,"max":0.000001192,"avg":0.000000137,"var":0.000000000,"sum":0.000230551},"relative_timestamp_from_iforward_start":{"num":1688,"min":0.000324249,"max":0.024783611,"avg":0.006816773,"var":0.011957942,"sum":11.506712914}},"iforward_wait":{"duration":{"num":1688,"min":0.000323296,"max":0.024782419,"avg":0.006815320,"var":0.011957813,"sum":11.504260778},"relative_timestamp_from_iforward_end":{"num":1688,"min":0.000000000,"max":0.000000715,"avg":0.000000241,"var":0.000000000,"sum":0.000406265}},"set_input":{"duration":{"num":1688,"min":0.000000000,"max":0.000004530,"avg":0.000000119,"var":0.000000000,"sum":0.000201702},"relative_timestamp_from_iforward_start":{"num":1688,"min":0.000000477,"max":0.000006676,"avg":0.000000713,"var":0.000000000,"sum":0.001204014}},"get_output":{"duration":{"num":1688,"min":0.000000000,"max":0.000000477,"avg":0.000000087,"var":0.000000000,"sum":0.000146627},"relative_timestamp_from_wait_end":{"num":1688,"min":0.000000000,"max":0.000002861,"avg":0.000000159,"var":0.000000000,"sum":0.000267744}}}}},"65535:65535:65535:65535":{"rpc_id":65535,"provider_id":65535,"parent_rpc_id":65535,"parent_provider_id":65535,"name":"","target":{"received from <unknown>":{"bulk":{"create":{"duration":{"num":1688,"min":0.000002384,"max":0.001489401,"avg":0.000003543,"var":0.000002209,"sum":0.005981207},"size":{"num":1688,"min":4194304.000000000,"max":4194304.000000000,"avg":4194304.000000000,"var":0.000000000,"sum":7079985152.000000000}}}}}}}}