{"address":"","progress_loop":{"progress_with_timeout":{"num":34039,"min":0.000000954,"max":0.104669571,"avg":0.000156384,"var":0.026842569,"sum":5.323167324},"progress_timeout_value_msec":{"num":34039,"min":100.000000000,"max":100.000000000,"avg":100.000000000,"var":0.000000000,"sum":3403900.000000000},"progress_without_timeout":{"num":0,"min":0.000000000,"max":0.000000000,"avg":0.000000000,"var":0.000000000,"sum":0.000000000},"trigger":{"num":33975,"min":0.000000238,"max":0.000009537,"avg":0.000000266,"var":0.000000000,"sum":0.009051561}},"rpcs":{"65535:65535:7940397281847607295:2":{"rpc_id":7940397281847607295,"provider_id":2,"parent_rpc_id":65535,"parent_provider_id":65535,"name":"__identity__","origin":{"sent to ofi+cxi://0x06a6000d":{"iforward":{"duration":{"num":1,"min":0.000083208,"max":0.000083208,"avg":0.000083208,"var":0.000000000,"sum":0.000083208},"relative_timestamp_from_create":{"num":1,"min":0.000017405,"max":0.000017405,"avg":0.000017405,"var":0.000000000,"sum":0.000017405}},"forward_cb":{"duration":{"num":1,"min":0.000002146,"max":0.000002146,"avg":0.000002146,"var":0.000000000,"sum":0.000002146},"relative_timestamp_from_iforward_start":{"num":1,"min":0.023945808,"max":0.023945808,"avg":0.023945808,"var":0.000000000,"sum":0.023945808}},"iforward_wait":{"duration":{"num":1,"min":0.023869991,"max":0.023869991,"avg":0.023869991,"var":0.000000000,"sum":0.023869991},"relative_timestamp_from_iforward_end":{"num":1,"min":0.000000238,"max":0.000000238,"avg":0.000000238,"var":0.000000000,"sum":0.000000238}},"set_input":{"duration":{"num":0,"min":0.000000000,"max":0.000000000,"avg":0.000000000,"var":0.000000000,"sum":0.000000000},"relative_timestamp_from_iforward_start":{"num":0,"min":0.000000000,"max":0.000000000,"avg":0.000000000,"var":0.000000000,"sum":0.000000000}},"get_output":{"duration":{"num":1,"min":0.000017166,"max":0.000017166,"avg":0.000017166,"var":0.000000000,"sum":0.000017166},"relative_timestamp_from_wait_end":{"num":1,"min":0.000001669,"max":0.000001669,"avg":0.000001669,"var":0.000000000,"sum":0.000001669}}}}},"65535:65535:9722976651498815487:2":{"rpc_id":9722976651498815487,"provider_id":2,"parent_rpc_id":65535,"parent_provider_id":65535,"name":"flock_get_view","origin":{"sent to ofi+cxi://0x06a6000d":{"iforward":{"duration":{"num":2,"min":0.000019073,"max":0.000039577,"avg":0.000029325,"var":0.000000000,"sum":0.000058651},"relative_timestamp_from_create":{"num":2,"min":0.000000477,"max":0.000001431,"avg":0.000000954,"var":0.000000000,"sum":0.000001907}},"forward_cb":{"duration":{"num":2,"min":0.000000954,"max":0.000001192,"avg":0.000001073,"var":0.000000000,"sum":0.000002146},"relative_timestamp_from_iforward_start":{"num":2,"min":0.076589108,"max":0.093438625,"avg":0.085013866,"var":0.000141953,"sum":0.170027733}},"iforward_wait":{"duration":{"num":2,"min":0.076574087,"max":0.093400717,"avg":0.084987402,"var":0.000141568,"sum":0.169974804},"relative_timestamp_from_iforward_end":{"num":2,"min":0.000000238,"max":0.000001192,"avg":0.000000715,"var":0.000000000,"sum":0.000001431}},"set_input":{"duration":{"num":2,"min":0.000000238,"max":0.000000238,"avg":0.000000238,"var":0.000000000,"sum":0.000000477},"relative_timestamp_from_iforward_start":{"num":2,"min":0.000006199,"max":0.000011921,"avg":0.000009060,"var":0.000000000,"sum":0.000018120}},"get_output":{"duration":{"num":2,"min":0.000001192,"max":0.000057459,"avg":0.000029325,"var":0.000000002,"sum":0.000058651},"relative_timestamp_from_wait_end":{"num":2,"min":0.000001192,"max":0.000002384,"avg":0.000001788,"var":0.000000000,"sum":0.000003576}}}}},"65535:65535:3669993900245843967:1":{"rpc_id":3669993900245843967,"provider_id":1,"parent_rpc_id":65535,"parent_provider_id":65535,"name":"qtn_work_rpc","origin":{"sent to ofi+cxi://0x06a6c015":{"iforward":{"duration":{"num":33971,"min":0.000001431,"max":0.000047922,"avg":0.000001560,"var":0.000000007,"sum":0.053008556},"relative_timestamp_from_create":{"num":33971,"min":0.000000000,"max":0.000003576,"avg":0.000000073,"var":0.000000000,"sum":0.002468824}},"forward_cb":{"duration":{"num":33971,"min":0.000000000,"max":0.000003099,"avg":0.000000122,"var":0.000000001,"sum":0.004132509},"relative_timestamp_from_iforward_start":{"num":33971,"min":0.000008345,"max":0.000651836,"avg":0.000150028,"var":0.000864224,"sum":5.096610546}},"iforward_wait":{"duration":{"num":33971,"min":0.000004768,"max":0.000651598,"avg":0.000148843,"var":0.000864213,"sum":5.056349277},"relative_timestamp_from_iforward_end":{"num":33971,"min":0.000000000,"max":0.000004292,"avg":0.000000175,"var":0.000000000,"sum":0.005959511}},"set_input":{"duration":{"num":33971,"min":0.000000000,"max":0.000001907,"avg":0.000000078,"var":0.000000000,"sum":0.002660513},"relative_timestamp_from_iforward_start":{"num":33971,"min":0.000000477,"max":0.000012875,"avg":0.000000689,"var":0.000000001,"sum":0.023408413}},"get_output":{"duration":{"num":33971,"min":0.000000000,"max":0.000002384,"avg":0.000000089,"var":0.000000000,"sum":0.003027439},"relative_timestamp_from_wait_end":{"num":33971,"min":0.000000000,"max":0.000003099,"avg":0.000000157,"var":0.000000001,"sum":0.005330324}}}}}}}