{"address":"","progress_loop":{"progress_with_timeout":{"num":1714,"min":0.000001192,"max":0.102320194,"avg":0.007029306,"var":0.028225633,"sum":12.048230886},"progress_timeout_value_msec":{"num":1714,"min":100.000000000,"max":100.000000000,"avg":100.000000000,"var":0.000000000,"sum":171400.000000000},"progress_without_timeout":{"num":0,"min":0.000000000,"max":0.000000000,"avg":0.000000000,"var":0.000000000,"sum":0.000000000},"trigger":{"num":1709,"min":0.000000238,"max":0.000006437,"avg":0.000000343,"var":0.000000000,"sum":0.000586748}},"rpcs":{"65535:65535:7940397281847607295:2":{"rpc_id":7940397281847607295,"provider_id":2,"parent_rpc_id":65535,"parent_provider_id":65535,"name":"__identity__","origin":{"sent to ofi+cxi://0x06a6000d":{"iforward":{"duration":{"num":1,"min":0.000137329,"max":0.000137329,"avg":0.000137329,"var":0.000000000,"sum":0.000137329},"relative_timestamp_from_create":{"num":1,"min":0.000008345,"max":0.000008345,"avg":0.000008345,"var":0.000000000,"sum":0.000008345}},"forward_cb":{"duration":{"num":1,"min":0.000000954,"max":0.000000954,"avg":0.000000954,"var":0.000000000,"sum":0.000000954},"relative_timestamp_from_iforward_start":{"num":1,"min":0.010434628,"max":0.010434628,"avg":0.010434628,"var":0.000000000,"sum":0.010434628}},"iforward_wait":{"duration":{"num":1,"min":0.010302067,"max":0.010302067,"avg":0.010302067,"var":0.000000000,"sum":0.010302067},"relative_timestamp_from_iforward_end":{"num":1,"min":0.000000238,"max":0.000000238,"avg":0.000000238,"var":0.000000000,"sum":0.000000238}},"set_input":{"duration":{"num":0,"min":0.000000000,"max":0.000000000,"avg":0.000000000,"var":0.000000000,"sum":0.000000000},"relative_timestamp_from_iforward_start":{"num":0,"min":0.000000000,"max":0.000000000,"avg":0.000000000,"var":0.000000000,"sum":0.000000000}},"get_output":{"duration":{"num":1,"min":0.000008106,"max":0.000008106,"avg":0.000008106,"var":0.000000000,"sum":0.000008106},"relative_timestamp_from_wait_end":{"num":1,"min":0.000001192,"max":0.000001192,"avg":0.000001192,"var":0.000000000,"sum":0.000001192}}}}},"65535:65535:9722976651498815487:2":{"rpc_id":9722976651498815487,"provider_id":2,"parent_rpc_id":65535,"parent_provider_id":65535,"name":"flock_get_view","origin":{"sent to ofi+cxi://0x06a6000d":{"iforward":{"duration":{"num":2,"min":0.000011444,"max":0.000017881,"avg":0.000014663,"var":0.000000000,"sum":0.000029325},"relative_timestamp_from_create":{"num":2,"min":0.000000238,"max":0.000001669,"avg":0.000000954,"var":0.000000000,"sum":0.000001907}},"forward_cb":{"duration":{"num":2,"min":0.000000000,"max":0.000000238,"avg":0.000000119,"var":0.000000000,"sum":0.000000238},"relative_timestamp_from_iforward_start":{"num":2,"min":0.046025753,"max":0.090156794,"avg":0.068091273,"var":0.000973774,"sum":0.136182547}},"iforward_wait":{"duration":{"num":2,"min":0.046007395,"max":0.090145826,"avg":0.068076611,"var":0.000974101,"sum":0.136153221},"relative_timestamp_from_iforward_end":{"num":2,"min":0.000000238,"max":0.000001192,"avg":0.000000715,"var":0.000000000,"sum":0.000001431}},"set_input":{"duration":{"num":2,"min":0.000000238,"max":0.000000238,"avg":0.000000238,"var":0.000000000,"sum":0.000000477},"relative_timestamp_from_iforward_start":{"num":2,"min":0.000001192,"max":0.000005007,"avg":0.000003099,"var":0.000000000,"sum":0.000006199}},"get_output":{"duration":{"num":2,"min":0.000000477,"max":0.000057697,"avg":0.000029087,"var":0.000000002,"sum":0.000058174},"relative_timestamp_from_wait_end":{"num":2,"min":0.000000238,"max":0.000000954,"avg":0.000000596,"var":0.000000000,"sum":0.000001192}}}}},"65535:65535:3669993900245843967:1":{"rpc_id":3669993900245843967,"provider_id":1,"parent_rpc_id":65535,"parent_provider_id":65535,"name":"qtn_work_rpc","origin":{"sent to ofi+cxi://0x06a66411":{"iforward":{"duration":{"num":1705,"min":0.000001431,"max":0.000036478,"avg":0.000001908,"var":0.000000005,"sum":0.003253937},"relative_timestamp_from_create":{"num":1705,"min":0.000002623,"max":0.001535177,"avg":0.000003877,"var":0.000002346,"sum":0.006609678}},"forward_cb":{"duration":{"num":1705,"min":0.000000000,"max":0.000002146,"avg":0.000000160,"var":0.000000000,"sum":0.000272036},"relative_timestamp_from_iforward_start":{"num":1705,"min":0.000479221,"max":0.019722223,"avg":0.006923075,"var":0.010442138,"sum":11.803842068}},"iforward_wait":{"duration":{"num":1705,"min":0.000478029,"max":0.019716978,"avg":0.006921610,"var":0.010442554,"sum":11.801344872},"relative_timestamp_from_iforward_end":{"num":1705,"min":0.000000000,"max":0.000000715,"avg":0.000000206,"var":0.000000000,"sum":0.000351191}},"set_input":{"duration":{"num":1705,"min":0.000000000,"max":0.000005007,"avg":0.000000136,"var":0.000000000,"sum":0.000232697},"relative_timestamp_from_iforward_start":{"num":1705,"min":0.000000477,"max":0.000008583,"avg":0.000000784,"var":0.000000000,"sum":0.001336575}},"get_output":{"duration":{"num":1705,"min":0.000000000,"max":0.000000238,"avg":0.000000088,"var":0.000000000,"sum":0.000149488},"relative_timestamp_from_wait_end":{"num":1705,"min":0.000000000,"max":0.000001669,"avg":0.000000158,"var":0.000000000,"sum":0.000270128}}}}},"65535:65535:65535:65535":{"rpc_id":65535,"provider_id":65535,"parent_rpc_id":65535,"parent_provider_id":65535,"name":"","target":{"received from <unknown>":{"bulk":{"create":{"duration":{"num":1705,"min":0.000002384,"max":0.001529694,"avg":0.000003685,"var":0.000002330,"sum":0.006282568},"size":{"num":1705,"min":4194304.000000000,"max":4194304.000000000,"avg":4194304.000000000,"var":0.000000000,"sum":7151288320.000000000}}}}}}}}