{"address":"","progress_loop":{"progress_with_timeout":{"num":5825,"min":0.000001669,"max":0.108402014,"avg":0.091124727,"var":6.803941527,"sum":530.801537037},"progress_timeout_value_msec":{"num":5825,"min":100.000000000,"max":100.000000000,"avg":100.000000000,"var":0.000000000,"sum":582500.000000000},"progress_without_timeout":{"num":41368945,"min":0.000000000,"max":0.000583649,"avg":0.000000152,"var":0.000001571,"sum":6.287987471},"trigger":{"num":139615,"min":0.000000000,"max":0.000476837,"avg":0.000000598,"var":0.000000306,"sum":0.083524942}},"rpcs":{"65535:65535:3669993900245843967:1":{"rpc_id":3669993900245843967,"provider_id":1,"parent_rpc_id":65535,"parent_provider_id":65535,"name":"qtn_work_rpc","target":{"received from ofi+cxi://0x06a0660f":{"handler":{"duration":{"num":17772,"min":0.000000238,"max":0.000474691,"avg":0.000000521,"var":0.000000230,"sum":0.009265423}},"ult":{"duration":{"num":17772,"min":0.000004053,"max":0.000039577,"avg":0.000004497,"var":0.000000012,"sum":0.079919100},"relative_timestamp_from_handler_start":{"num":17772,"min":0.000000477,"max":0.000487089,"avg":0.000000794,"var":0.000000246,"sum":0.014108419}},"irespond":{"duration":{"num":17772,"min":0.000000238,"max":0.000023842,"avg":0.000000398,"var":0.000000002,"sum":0.007076263},"relative_timestamp_from_ult_start":{"num":17772,"min":0.000000000,"max":0.000005007,"avg":0.000000238,"var":0.000000000,"sum":0.004235983}},"respond_cb":{"duration":{"num":17772,"min":0.000000000,"max":0.000006437,"avg":0.000000092,"var":0.000000000,"sum":0.001632452},"relative_timestamp_from_irespond_start":{"num":17772,"min":0.000003338,"max":0.000030756,"avg":0.000003761,"var":0.000000008,"sum":0.066839457}},"irespond_wait":{"duration":{"num":17772,"min":0.000000954,"max":0.000022173,"avg":0.000003521,"var":0.000000006,"sum":0.062574148},"relative_timestamp_from_irespond_end":{"num":17772,"min":0.000000000,"max":0.000000477,"avg":0.000000169,"var":0.000000000,"sum":0.002995491}},"set_output":{"duration":{"num":17772,"min":0.000000000,"max":0.000000477,"avg":0.000000055,"var":0.000000000,"sum":0.000981808},"relative_timestamp_from_irespond_start":{"num":17772,"min":0.000000000,"max":0.000009775,"avg":0.000000066,"var":0.000000000,"sum":0.001171350}},"get_input":{"duration":{"num":17772,"min":0.000000000,"max":0.000003576,"avg":0.000000082,"var":0.000000000,"sum":0.001456261},"relative_timestamp_from_ult_start":{"num":17772,"min":0.000000000,"max":0.000000954,"avg":0.000000100,"var":0.000000000,"sum":0.001775742}}},"received from ofi+cxi://0x06a2e619":{"handler":{"duration":{"num":21936,"min":0.000000477,"max":0.000031471,"avg":0.000000600,"var":0.000000007,"sum":0.013155460}},"ult":{"duration":{"num":21936,"min":0.000004530,"max":0.000053167,"avg":0.000004943,"var":0.000000028,"sum":0.108425617},"relative_timestamp_from_handler_start":{"num":21936,"min":0.000000715,"max":0.000488520,"avg":0.000000983,"var":0.000000254,"sum":0.021572828}},"irespond":{"duration":{"num":21936,"min":0.000000238,"max":0.000048876,"avg":0.000000486,"var":0.000000005,"sum":0.010665894},"relative_timestamp_from_ult_start":{"num":21936,"min":0.000000238,"max":0.000048399,"avg":0.000000295,"var":0.000000003,"sum":0.006473064}},"respond_cb":{"duration":{"num":21936,"min":0.000000000,"max":0.000001907,"avg":0.000000120,"var":0.000000000,"sum":0.002631187},"relative_timestamp_from_irespond_start":{"num":21936,"min":0.000003576,"max":0.000052452,"avg":0.000004020,"var":0.000000021,"sum":0.088179111}},"irespond_wait":{"duration":{"num":21936,"min":0.000002623,"max":0.000041723,"avg":0.000003764,"var":0.000000016,"sum":0.082576752},"relative_timestamp_from_irespond_end":{"num":21936,"min":0.000000000,"max":0.000036001,"avg":0.000000189,"var":0.000000002,"sum":0.004146099}},"set_output":{"duration":{"num":21936,"min":0.000000000,"max":0.000048399,"avg":0.000000070,"var":0.000000004,"sum":0.001535654},"relative_timestamp_from_irespond_start":{"num":21936,"min":0.000000000,"max":0.000000715,"avg":0.000000083,"var":0.000000000,"sum":0.001822948}},"get_input":{"duration":{"num":21936,"min":0.000000000,"max":0.000000954,"avg":0.000000098,"var":0.000000000,"sum":0.002152681},"relative_timestamp_from_ult_start":{"num":21936,"min":0.000000000,"max":0.000048161,"avg":0.000000128,"var":0.000000003,"sum":0.002808809}}},"received from ofi+cxi://0x06a4e60f":{"handler":{"duration":{"num":22375,"min":0.000000477,"max":0.000032425,"avg":0.000000667,"var":0.000000012,"sum":0.014922857}},"ult":{"duration":{"num":22375,"min":0.000004292,"max":0.000589371,"avg":0.000004993,"var":0.000000369,"sum":0.111719847},"relative_timestamp_from_handler_start":{"num":22375,"min":0.000000715,"max":0.000488043,"avg":0.000001066,"var":0.000000264,"sum":0.023852348}},"irespond":{"duration":{"num":22375,"min":0.000000238,"max":0.000037909,"avg":0.000000508,"var":0.000000003,"sum":0.011373281},"relative_timestamp_from_ult_start":{"num":22375,"min":0.000000238,"max":0.000034809,"avg":0.000000304,"var":0.000000003,"sum":0.006802082}},"respond_cb":{"duration":{"num":22375,"min":0.000000000,"max":0.000001431,"avg":0.000000114,"var":0.000000000,"sum":0.002550840},"relative_timestamp_from_irespond_start":{"num":22375,"min":0.000003576,"max":0.000587463,"avg":0.000004063,"var":0.000000360,"sum":0.090919018}},"irespond_wait":{"duration":{"num":22375,"min":0.000001192,"max":0.000587940,"avg":0.000003780,"var":0.000000354,"sum":0.084571362},"relative_timestamp_from_irespond_end":{"num":22375,"min":0.000000000,"max":0.000040293,"avg":0.000000190,"var":0.000000003,"sum":0.004260302}},"set_output":{"duration":{"num":22375,"min":0.000000000,"max":0.000000477,"avg":0.000000072,"var":0.000000000,"sum":0.001601458},"relative_timestamp_from_irespond_start":{"num":22375,"min":0.000000000,"max":0.000036955,"avg":0.000000087,"var":0.000000002,"sum":0.001942635}},"get_input":{"duration":{"num":22375,"min":0.000000000,"max":0.000029802,"avg":0.000000103,"var":0.000000002,"sum":0.002303123},"relative_timestamp_from_ult_start":{"num":22375,"min":0.000000000,"max":0.000034571,"avg":0.000000128,"var":0.000000002,"sum":0.002861261}}},"received from ofi+cxi://0x06a2e618":{"handler":{"duration":{"num":1722,"min":0.000000477,"max":0.000010252,"avg":0.000000870,"var":0.000000001,"sum":0.001498938}},"ult":{"duration":{"num":1722,"min":0.000241756,"max":0.022856712,"avg":0.006100839,"var":0.007404787,"sum":10.505645514},"relative_timestamp_from_handler_start":{"num":1722,"min":0.000000715,"max":0.019400835,"avg":0.000094905,"var":0.001319590,"sum":0.163426876}},"irespond":{"duration":{"num":1722,"min":0.000000238,"max":0.000011921,"avg":0.000000755,"var":0.000000001,"sum":0.001300573},"relative_timestamp_from_ult_start":{"num":1722,"min":0.000233173,"max":0.021457911,"avg":0.003935112,"var":0.004398562,"sum":6.776262760}},"respond_cb":{"duration":{"num":1722,"min":0.000000000,"max":0.000001192,"avg":0.000000175,"var":0.000000000,"sum":0.000302076},"relative_timestamp_from_irespond_start":{"num":1722,"min":0.000004768,"max":0.007089853,"avg":0.002111985,"var":0.001456931,"sum":3.636838675}},"irespond_wait":{"duration":{"num":1722,"min":0.000004530,"max":0.010753870,"avg":0.002150557,"var":0.001878651,"sum":3.703258753},"relative_timestamp_from_irespond_end":{"num":1722,"min":0.000000000,"max":0.000007153,"avg":0.000000311,"var":0.000000000,"sum":0.000534773}},"set_output":{"duration":{"num":1722,"min":0.000000000,"max":0.000000715,"avg":0.000000114,"var":0.000000000,"sum":0.000196695},"relative_timestamp_from_irespond_start":{"num":1722,"min":0.000000000,"max":0.000001192,"avg":0.000000177,"var":0.000000000,"sum":0.000303984}},"get_input":{"duration":{"num":1722,"min":0.000000000,"max":0.000019312,"avg":0.000000421,"var":0.000000001,"sum":0.000724554},"relative_timestamp_from_ult_start":{"num":1722,"min":0.000000000,"max":0.000002146,"avg":0.000000169,"var":0.000000000,"sum":0.000291348}},"bulk":{"create":{"duration":{"num":1722,"min":0.000002384,"max":0.012236357,"avg":0.000283096,