{"address":"","progress_loop":{"progress_with_timeout":{"num":1826,"min":0.000001669,"max":0.102285624,"avg":0.006171872,"var":0.024991678,"sum":11.269838572},"progress_timeout_value_msec":{"num":1826,"min":100.000000000,"max":100.000000000,"avg":100.000000000,"var":0.000000000,"sum":182600.000000000},"progress_without_timeout":{"num":0,"min":0.000000000,"max":0.000000000,"avg":0.000000000,"var":0.000000000,"sum":0.000000000},"trigger":{"num":1794,"min":0.000000238,"max":0.000008106,"avg":0.000000800,"var":0.000000001,"sum":0.001435757}},"rpcs":{"65535:65535:7940397281847607295:2":{"rpc_id":7940397281847607295,"provider_id":2,"parent_rpc_id":65535,"parent_provider_id":65535,"name":"__identity__","origin":{"sent to ofi+cxi://0x06a6000d":{"iforward":{"duration":{"num":1,"min":0.000133753,"max":0.000133753,"avg":0.000133753,"var":0.000000000,"sum":0.000133753},"relative_timestamp_from_create":{"num":1,"min":0.000012636,"max":0.000012636,"avg":0.000012636,"var":0.000000000,"sum":0.000012636}},"forward_cb":{"duration":{"num":1,"min":0.000002623,"max":0.000002623,"avg":0.000002623,"var":0.000000000,"sum":0.000002623},"relative_timestamp_from_iforward_start":{"num":1,"min":0.019614697,"max":0.019614697,"avg":0.019614697,"var":0.000000000,"sum":0.019614697}},"iforward_wait":{"duration":{"num":1,"min":0.019490957,"max":0.019490957,"avg":0.019490957,"var":0.000000000,"sum":0.019490957},"relative_timestamp_from_iforward_end":{"num":1,"min":0.000000238,"max":0.000000238,"avg":0.000000238,"var":0.000000000,"sum":0.000000238}},"set_input":{"duration":{"num":0,"min":0.000000000,"max":0.000000000,"avg":0.000000000,"var":0.000000000,"sum":0.000000000},"relative_timestamp_from_iforward_start":{"num":0,"min":0.000000000,"max":0.000000000,"avg":0.000000000,"var":0.000000000,"sum":0.000000000}},"get_output":{"duration":{"num":1,"min":0.000023842,"max":0.000023842,"avg":0.000023842,"var":0.000000000,"sum":0.000023842},"relative_timestamp_from_wait_end":{"num":1,"min":0.000001669,"max":0.000001669,"avg":0.000001669,"var":0.000000000,"sum":0.000001669}}}}},"65535:65535:9722976651498815487:2":{"rpc_id":9722976651498815487,"provider_id":2,"parent_rpc_id":65535,"parent_provider_id":65535,"name":"flock_get_view","origin":{"sent to ofi+cxi://0x06a6000d":{"iforward":{"duration":{"num":2,"min":0.000015736,"max":0.000042677,"avg":0.000029206,"var":0.000000000,"sum":0.000058413},"relative_timestamp_from_create":{"num":2,"min":0.000000477,"max":0.000007153,"avg":0.000003815,"var":0.000000000,"sum":0.000007629}},"forward_cb":{"duration":{"num":2,"min":0.000000715,"max":0.000000954,"avg":0.000000834,"var":0.000000000,"sum":0.000001669},"relative_timestamp_from_iforward_start":{"num":2,"min":0.065455437,"max":0.071452141,"avg":0.068453789,"var":0.000017980,"sum":0.136907578}},"iforward_wait":{"duration":{"num":2,"min":0.065443516,"max":0.071409941,"avg":0.068426728,"var":0.000017799,"sum":0.136853456},"relative_timestamp_from_iforward_end":{"num":2,"min":0.000000477,"max":0.000001669,"avg":0.000001073,"var":0.000000000,"sum":0.000002146}},"set_input":{"duration":{"num":2,"min":0.000000238,"max":0.000000477,"avg":0.000000358,"var":0.000000000,"sum":0.000000715},"relative_timestamp_from_iforward_start":{"num":2,"min":0.000004530,"max":0.000012398,"avg":0.000008464,"var":0.000000000,"sum":0.000016928}},"get_output":{"duration":{"num":2,"min":0.000001431,"max":0.000064611,"avg":0.000033021,"var":0.000000002,"sum":0.000066042},"relative_timestamp_from_wait_end":{"num":2,"min":0.000000954,"max":0.000001431,"avg":0.000001192,"var":0.000000000,"sum":0.000002384}}}}},"65535:65535:3669993900245843967:1":{"rpc_id":3669993900245843967,"provider_id":1,"parent_rpc_id":65535,"parent_provider_id":65535,"name":"qtn_work_rpc","origin":{"sent to ofi+cxi://0x06a66214":{"iforward":{"duration":{"num":1790,"min":0.000001431,"max":0.000042200,"avg":0.000004507,"var":0.000000023,"sum":0.008067131},"relative_timestamp_from_create":{"num":1790,"min":0.000002623,"max":0.001400948,"avg":0.000004946,"var":0.000001954,"sum":0.008853197}},"forward_cb":{"duration":{"num":1790,"min":0.000000000,"max":0.000001669,"avg":0.000000400,"var":0.000000000,"sum":0.000716209},"relative_timestamp_from_iforward_start":{"num":1790,"min":0.000575066,"max":0.021802902,"avg":0.006157322,"var":0.006600243,"sum":11.021606922}},"iforward_wait":{"duration":{"num":1790,"min":0.000573397,"max":0.021801233,"avg":0.006154200,"var":0.006600041,"sum":11.016018867},"relative_timestamp_from_iforward_end":{"num":1790,"min":0.000000000,"max":0.000000715,"avg":0.000000176,"var":0.000000000,"sum":0.000315428}},"set_input":{"duration":{"num":1790,"min":0.000000000,"max":0.000004768,"avg":0.000000507,"var":0.000000000,"sum":0.000907421},"relative_timestamp_from_iforward_start":{"num":1790,"min":0.000000477,"max":0.000020504,"avg":0.000002110,"var":0.000000007,"sum":0.003777742}},"get_output":{"duration":{"num":1790,"min":0.000000000,"max":0.000000715,"avg":0.000000180,"var":0.000000000,"sum":0.000322819},"relative_timestamp_from_wait_end":{"num":1790,"min":0.000000000,"max":0.000002146,"avg":0.000000297,"var":0.000000000,"sum":0.000530958}}}}},"65535:65535:65535:65535":{"rpc_id":65535,"provider_id":65535,"parent_rpc_id":65535,"parent_provider_id":65535,"name":"","target":{"received from <unknown>":{"bulk":{"create":{"duration":{"num":1790,"min":0.000002384,"max":0.001396418,"avg":0.000004615,"var":0.000001942,"sum":0.008260489},"size":{"num":1790,"min":4194304.000000000,"max":4194304.000000000,"avg":4194304.000000000,"var":0.000000000,"sum":7507804160.000000000}}}}}}}}