{"address":"","progress_loop":{"progress_with_timeout":{"num":21970,"min":0.000001669,"max":0.103602409,"avg":0.000245551,"var":0.026959392,"sum":5.394751549},"progress_timeout_value_msec":{"num":21970,"min":100.000000000,"max":100.000000000,"avg":100.000000000,"var":0.000000000,"sum":2197000.000000000},"progress_without_timeout":{"num":0,"min":0.000000000,"max":0.000000000,"avg":0.000000000,"var":0.000000000,"sum":0.000000000},"trigger":{"num":21953,"min":0.000000238,"max":0.000008583,"avg":0.000000311,"var":0.000000000,"sum":0.006830692}},"rpcs":{"65535:65535:7940397281847607295:2":{"rpc_id":7940397281847607295,"provider_id":2,"parent_rpc_id":65535,"parent_provider_id":65535,"name":"__identity__","origin":{"sent to ofi+cxi://0x06a6000d":{"iforward":{"duration":{"num":1,"min":0.000308752,"max":0.000308752,"avg":0.000308752,"var":0.000000000,"sum":0.000308752},"relative_timestamp_from_create":{"num":1,"min":0.000003099,"max":0.000003099,"avg":0.000003099,"var":0.000000000,"sum":0.000003099}},"forward_cb":{"duration":{"num":1,"min":0.000002146,"max":0.000002146,"avg":0.000002146,"var":0.000000000,"sum":0.000002146},"relative_timestamp_from_iforward_start":{"num":1,"min":0.022733688,"max":0.022733688,"avg":0.022733688,"var":0.000000000,"sum":0.022733688}},"iforward_wait":{"duration":{"num":1,"min":0.022432804,"max":0.022432804,"avg":0.022432804,"var":0.000000000,"sum":0.022432804},"relative_timestamp_from_iforward_end":{"num":1,"min":0.000000238,"max":0.000000238,"avg":0.000000238,"var":0.000000000,"sum":0.000000238}},"set_input":{"duration":{"num":0,"min":0.000000000,"max":0.000000000,"avg":0.000000000,"var":0.000000000,"sum":0.000000000},"relative_timestamp_from_iforward_start":{"num":0,"min":0.000000000,"max":0.000000000,"avg":0.000000000,"var":0.000000000,"sum":0.000000000}},"get_output":{"duration":{"num":1,"min":0.000016451,"max":0.000016451,"avg":0.000016451,"var":0.000000000,"sum":0.000016451},"relative_timestamp_from_wait_end":{"num":1,"min":0.000001669,"max":0.000001669,"avg":0.000001669,"var":0.000000000,"sum":0.000001669}}}}},"65535:65535:9722976651498815487:2":{"rpc_id":9722976651498815487,"provider_id":2,"parent_rpc_id":65535,"parent_provider_id":65535,"name":"flock_get_view","origin":{"sent to ofi+cxi://0x06a6000d":{"iforward":{"duration":{"num":2,"min":0.000020981,"max":0.000041008,"avg":0.000030994,"var":0.000000000,"sum":0.000061989},"relative_timestamp_from_create":{"num":2,"min":0.000000715,"max":0.000001431,"avg":0.000001073,"var":0.000000000,"sum":0.000002146}},"forward_cb":{"duration":{"num":2,"min":0.000000715,"max":0.000001192,"avg":0.000000954,"var":0.000000000,"sum":0.000001907},"relative_timestamp_from_iforward_start":{"num":2,"min":0.079159737,"max":0.091377258,"avg":0.085268497,"var":0.000074634,"sum":0.170536995}},"iforward_wait":{"duration":{"num":2,"min":0.079143047,"max":0.091321468,"avg":0.085232258,"var":0.000074157,"sum":0.170464516},"relative_timestamp_from_iforward_end":{"num":2,"min":0.000000238,"max":0.000017881,"avg":0.000009060,"var":0.000000000,"sum":0.000018120}},"set_input":{"duration":{"num":2,"min":0.000000238,"max":0.000000477,"avg":0.000000358,"var":0.000000000,"sum":0.000000715},"relative_timestamp_from_iforward_start":{"num":2,"min":0.000007153,"max":0.000011444,"avg":0.000009298,"var":0.000000000,"sum":0.000018597}},"get_output":{"duration":{"num":2,"min":0.000001431,"max":0.000039816,"avg":0.000020623,"var":0.000000001,"sum":0.000041246},"relative_timestamp_from_wait_end":{"num":2,"min":0.000000954,"max":0.000001907,"avg":0.000001431,"var":0.000000000,"sum":0.000002861}}}}},"65535:65535:3669993900245843967:1":{"rpc_id":3669993900245843967,"provider_id":1,"parent_rpc_id":65535,"parent_provider_id":65535,"name":"qtn_work_rpc","origin":{"sent to ofi+cxi://0x06a6e016":{"iforward":{"duration":{"num":21949,"min":0.000001669,"max":0.000047922,"avg":0.000002078,"var":0.000000006,"sum":0.045607567},"relative_timestamp_from_create":{"num":21949,"min":0.000000000,"max":0.000001431,"avg":0.000000087,"var":0.000000000,"sum":0.001918077}},"forward_cb":{"duration":{"num":21949,"min":0.000000000,"max":0.000004530,"avg":0.000000136,"var":0.000000000,"sum":0.002990961},"relative_timestamp_from_iforward_start":{"num":21949,"min":0.000009060,"max":0.000965834,"avg":0.000234961,"var":0.001315934,"sum":5.157162666}},"iforward_wait":{"duration":{"num":21949,"min":0.000007629,"max":0.000964403,"avg":0.000233364,"var":0.001316198,"sum":5.122104168},"relative_timestamp_from_iforward_end":{"num":21949,"min":0.000000000,"max":0.000002861,"avg":0.000000164,"var":0.000000000,"sum":0.003602266}},"set_input":{"duration":{"num":21949,"min":0.000000000,"max":0.000004053,"avg":0.000000103,"var":0.000000000,"sum":0.002257109},"relative_timestamp_from_iforward_start":{"num":21949,"min":0.000000715,"max":0.000012159,"avg":0.000000881,"var":0.000000001,"sum":0.019341946}},"get_output":{"duration":{"num":21949,"min":0.000000000,"max":0.000003576,"avg":0.000000105,"var":0.000000000,"sum":0.002314568},"relative_timestamp_from_wait_end":{"num":21949,"min":0.000000000,"max":0.000010252,"avg":0.000000171,"var":0.000000000,"sum":0.003756762}}}}}}}