{"address":"","progress_loop":{"progress_with_timeout":{"num":32679,"min":0.000000954,"max":0.102663279,"avg":0.000158203,"var":0.022841976,"sum":5.169919968},"progress_timeout_value_msec":{"num":32679,"min":100.000000000,"max":100.000000000,"avg":100.000000000,"var":0.000000000,"sum":3267900.000000000},"progress_without_timeout":{"num":0,"min":0.000000000,"max":0.000000000,"avg":0.000000000,"var":0.000000000,"sum":0.000000000},"trigger":{"num":32537,"min":0.000000238,"max":0.000006676,"avg":0.000000280,"var":0.000000000,"sum":0.009111881}},"rpcs":{"65535:65535:7940397281847607295:2":{"rpc_id":7940397281847607295,"provider_id":2,"parent_rpc_id":65535,"parent_provider_id":65535,"name":"__identity__","origin":{"sent to ofi+cxi://0x06a6000d":{"iforward":{"duration":{"num":1,"min":0.000184298,"max":0.000184298,"avg":0.000184298,"var":0.000000000,"sum":0.000184298},"relative_timestamp_from_create":{"num":1,"min":0.000082254,"max":0.000082254,"avg":0.000082254,"var":0.000000000,"sum":0.000082254}},"forward_cb":{"duration":{"num":1,"min":0.000001907,"max":0.000001907,"avg":0.000001907,"var":0.000000000,"sum":0.000001907},"relative_timestamp_from_iforward_start":{"num":1,"min":0.003287315,"max":0.003287315,"avg":0.003287315,"var":0.000000000,"sum":0.003287315}},"iforward_wait":{"duration":{"num":1,"min":0.003111362,"max":0.003111362,"avg":0.003111362,"var":0.000000000,"sum":0.003111362},"relative_timestamp_from_iforward_end":{"num":1,"min":0.000000238,"max":0.000000238,"avg":0.000000238,"var":0.000000000,"sum":0.000000238}},"set_input":{"duration":{"num":0,"min":0.000000000,"max":0.000000000,"avg":0.000000000,"var":0.000000000,"sum":0.000000000},"relative_timestamp_from_iforward_start":{"num":0,"min":0.000000000,"max":0.000000000,"avg":0.000000000,"var":0.000000000,"sum":0.000000000}},"get_output":{"duration":{"num":1,"min":0.000008583,"max":0.000008583,"avg":0.000008583,"var":0.000000000,"sum":0.000008583},"relative_timestamp_from_wait_end":{"num":1,"min":0.000001669,"max":0.000001669,"avg":0.000001669,"var":0.000000000,"sum":0.000001669}}}}},"65535:65535:9722976651498815487:2":{"rpc_id":9722976651498815487,"provider_id":2,"parent_rpc_id":65535,"parent_provider_id":65535,"name":"flock_get_view","origin":{"sent to ofi+cxi://0x06a6000d":{"iforward":{"duration":{"num":2,"min":0.000012159,"max":0.000036716,"avg":0.000024438,"var":0.000000000,"sum":0.000048876},"relative_timestamp_from_create":{"num":2,"min":0.000000238,"max":0.000001431,"avg":0.000000834,"var":0.000000000,"sum":0.000001669}},"forward_cb":{"duration":{"num":2,"min":0.000000238,"max":0.000001192,"avg":0.000000715,"var":0.000000000,"sum":0.000001431},"relative_timestamp_from_iforward_start":{"num":2,"min":0.038908482,"max":0.109027386,"avg":0.073967934,"var":0.002458330,"sum":0.147935867}},"iforward_wait":{"duration":{"num":2,"min":0.038871527,"max":0.109018803,"avg":0.073945165,"var":0.002460320,"sum":0.147890329},"relative_timestamp_from_iforward_end":{"num":2,"min":0.000000000,"max":0.000001192,"avg":0.000000596,"var":0.000000000,"sum":0.000001192}},"set_input":{"duration":{"num":2,"min":0.000000238,"max":0.000000238,"avg":0.000000238,"var":0.000000000,"sum":0.000000477},"relative_timestamp_from_iforward_start":{"num":2,"min":0.000001907,"max":0.000011206,"avg":0.000006557,"var":0.000000000,"sum":0.000013113}},"get_output":{"duration":{"num":2,"min":0.000001192,"max":0.000071287,"avg":0.000036240,"var":0.000000002,"sum":0.000072479},"relative_timestamp_from_wait_end":{"num":2,"min":0.000000954,"max":0.000000954,"avg":0.000000954,"var":0.000000000,"sum":0.000001907}}}}},"65535:65535:3669993900245843967:1":{"rpc_id":3669993900245843967,"provider_id":1,"parent_rpc_id":65535,"parent_provider_id":65535,"name":"qtn_work_rpc","origin":{"sent to ofi+cxi://0x06a6000d":{"iforward":{"duration":{"num":32533,"min":0.000001431,"max":0.000050068,"avg":0.000001595,"var":0.000000007,"sum":0.051898241},"relative_timestamp_from_create":{"num":32533,"min":0.000000000,"max":0.000003576,"avg":0.000000073,"var":0.000000000,"sum":0.002364159}},"forward_cb":{"duration":{"num":32533,"min":0.000000000,"max":0.000006199,"avg":0.000000130,"var":0.000000001,"sum":0.004222155},"relative_timestamp_from_iforward_start":{"num":32533,"min":0.000008583,"max":0.000613213,"avg":0.000153300,"var":0.000335411,"sum":4.987308502}},"iforward_wait":{"duration":{"num":32533,"min":0.000005245,"max":0.000611782,"avg":0.000152075,"var":0.000335423,"sum":4.947443962},"relative_timestamp_from_iforward_end":{"num":32533,"min":0.000000000,"max":0.000003815,"avg":0.000000181,"var":0.000000000,"sum":0.005900860}},"set_input":{"duration":{"num":32533,"min":0.000000000,"max":0.000001907,"avg":0.000000078,"var":0.000000000,"sum":0.002524853},"relative_timestamp_from_iforward_start":{"num":32533,"min":0.000000477,"max":0.000017166,"avg":0.000000706,"var":0.000000001,"sum":0.022976160}},"get_output":{"duration":{"num":32533,"min":0.000000000,"max":0.000001192,"avg":0.000000090,"var":0.000000000,"sum":0.002934694},"relative_timestamp_from_wait_end":{"num":32533,"min":0.000000000,"max":0.000003576,"avg":0.000000154,"var":0.000000001,"sum":0.005021334}}}}}}}