{"address":"","progress_loop":{"progress_with_timeout":{"num":1712,"min":0.000001431,"max":0.103447914,"avg":0.006992353,"var":0.024812902,"sum":11.970907927},"progress_timeout_value_msec":{"num":1712,"min":100.000000000,"max":100.000000000,"avg":100.000000000,"var":0.000000000,"sum":171200.000000000},"progress_without_timeout":{"num":0,"min":0.000000000,"max":0.000000000,"avg":0.000000000,"var":0.000000000,"sum":0.000000000},"trigger":{"num":1703,"min":0.000000238,"max":0.000007391,"avg":0.000000292,"var":0.000000000,"sum":0.000496626}},"rpcs":{"65535:65535:7940397281847607295:2":{"rpc_id":7940397281847607295,"provider_id":2,"parent_rpc_id":65535,"parent_provider_id":65535,"name":"__identity__","origin":{"sent to ofi+cxi://0x06a6000d":{"iforward":{"duration":{"num":1,"min":0.000088692,"max":0.000088692,"avg":0.000088692,"var":0.000000000,"sum":0.000088692},"relative_timestamp_from_create":{"num":1,"min":0.000003099,"max":0.000003099,"avg":0.000003099,"var":0.000000000,"sum":0.000003099}},"forward_cb":{"duration":{"num":1,"min":0.000003099,"max":0.000003099,"avg":0.000003099,"var":0.000000000,"sum":0.000003099},"relative_timestamp_from_iforward_start":{"num":1,"min":0.007997274,"max":0.007997274,"avg":0.007997274,"var":0.000000000,"sum":0.007997274}},"iforward_wait":{"duration":{"num":1,"min":0.007919550,"max":0.007919550,"avg":0.007919550,"var":0.000000000,"sum":0.007919550},"relative_timestamp_from_iforward_end":{"num":1,"min":0.000000238,"max":0.000000238,"avg":0.000000238,"var":0.000000000,"sum":0.000000238}},"set_input":{"duration":{"num":0,"min":0.000000000,"max":0.000000000,"avg":0.000000000,"var":0.000000000,"sum":0.000000000},"relative_timestamp_from_iforward_start":{"num":0,"min":0.000000000,"max":0.000000000,"avg":0.000000000,"var":0.000000000,"sum":0.000000000}},"get_output":{"duration":{"num":1,"min":0.000019073,"max":0.000019073,"avg":0.000019073,"var":0.000000000,"sum":0.000019073},"relative_timestamp_from_wait_end":{"num":1,"min":0.000001907,"max":0.000001907,"avg":0.000001907,"var":0.000000000,"sum":0.000001907}}}}},"65535:65535:9722976651498815487:2":{"rpc_id":9722976651498815487,"provider_id":2,"parent_rpc_id":65535,"parent_provider_id":65535,"name":"flock_get_view","origin":{"sent to ofi+cxi://0x06a6000d":{"iforward":{"duration":{"num":2,"min":0.000012398,"max":0.000049829,"avg":0.000031114,"var":0.000000001,"sum":0.000062227},"relative_timestamp_from_create":{"num":2,"min":0.000000238,"max":0.000001907,"avg":0.000001073,"var":0.000000000,"sum":0.000002146}},"forward_cb":{"duration":{"num":2,"min":0.000000000,"max":0.000000238,"avg":0.000000119,"var":0.000000000,"sum":0.000000238},"relative_timestamp_from_iforward_start":{"num":2,"min":0.037255526,"max":0.099241734,"avg":0.068248630,"var":0.001921145,"sum":0.136497259}},"iforward_wait":{"duration":{"num":2,"min":0.037205219,"max":0.099229813,"avg":0.068217516,"var":0.001923525,"sum":0.136435032},"relative_timestamp_from_iforward_end":{"num":2,"min":0.000000238,"max":0.000001431,"avg":0.000000834,"var":0.000000000,"sum":0.000001669}},"set_input":{"duration":{"num":2,"min":0.000000238,"max":0.000000238,"avg":0.000000238,"var":0.000000000,"sum":0.000000477},"relative_timestamp_from_iforward_start":{"num":2,"min":0.000001669,"max":0.000015020,"avg":0.000008345,"var":0.000000000,"sum":0.000016689}},"get_output":{"duration":{"num":2,"min":0.000000477,"max":0.000062466,"avg":0.000031471,"var":0.000000002,"sum":0.000062943},"relative_timestamp_from_wait_end":{"num":2,"min":0.000000238,"max":0.000000954,"avg":0.000000596,"var":0.000000000,"sum":0.000001192}}}}},"65535:65535:3669993900245843967:1":{"rpc_id":3669993900245843967,"provider_id":1,"parent_rpc_id":65535,"parent_provider_id":65535,"name":"qtn_work_rpc","origin":{"sent to ofi+cxi://0x06a7620f":{"iforward":{"duration":{"num":1699,"min":0.000001431,"max":0.000036955,"avg":0.000001909,"var":0.000000005,"sum":0.003243208},"relative_timestamp_from_create":{"num":1699,"min":0.000002623,"max":0.001827717,"avg":0.000004006,"var":0.000003328,"sum":0.006805897}},"forward_cb":{"duration":{"num":1699,"min":0.000000000,"max":0.000001669,"avg":0.000000125,"var":0.000000000,"sum":0.000211954},"relative_timestamp_from_iforward_start":{"num":1699,"min":0.000213385,"max":0.019906759,"avg":0.006902624,"var":0.005635344,"sum":11.727557659}},"iforward_wait":{"duration":{"num":1699,"min":0.000212431,"max":0.019905329,"avg":0.006901015,"var":0.005635689,"sum":11.724824905},"relative_timestamp_from_iforward_end":{"num":1699,"min":0.000000000,"max":0.000000954,"avg":0.000000275,"var":0.000000000,"sum":0.000466824}},"set_input":{"duration":{"num":1699,"min":0.000000000,"max":0.000005484,"avg":0.000000124,"var":0.000000000,"sum":0.000210285},"relative_timestamp_from_iforward_start":{"num":1699,"min":0.000000477,"max":0.000010252,"avg":0.000000719,"var":0.000000000,"sum":0.001221657}},"get_output":{"duration":{"num":1699,"min":0.000000000,"max":0.000000238,"avg":0.000000088,"var":0.000000000,"sum":0.000149727},"relative_timestamp_from_wait_end":{"num":1699,"min":0.000000000,"max":0.000003815,"avg":0.000000161,"var":0.000000000,"sum":0.000272751}}}}},"65535:65535:65535:65535":{"rpc_id":65535,"provider_id":65535,"parent_rpc_id":65535,"parent_provider_id":65535,"name":"","target":{"received from <unknown>":{"bulk":{"create":{"duration":{"num":1699,"min":0.000002384,"max":0.001821280,"avg":0.000003815,"var":0.000003305,"sum":0.006481171},"size":{"num":1699,"min":4194304.000000000,"max":4194304.000000000,"avg":4194304.000000000,"var":0.000000000,"sum":7126122496.000000000}}}}}}}}