{"address":"","progress_loop":{"progress_with_timeout":{"num":23756,"min":0.000001431,"max":0.101949215,"avg":0.000227002,"var":0.026847629,"sum":5.392667770},"progress_timeout_value_msec":{"num":23756,"min":100.000000000,"max":100.000000000,"avg":100.000000000,"var":0.000000000,"sum":2375600.000000000},"progress_without_timeout":{"num":0,"min":0.000000000,"max":0.000000000,"avg":0.000000000,"var":0.000000000,"sum":0.000000000},"trigger":{"num":23673,"min":0.000000238,"max":0.000007868,"avg":0.000000272,"var":0.000000000,"sum":0.006436348}},"rpcs":{"65535:65535:7940397281847607295:2":{"rpc_id":7940397281847607295,"provider_id":2,"parent_rpc_id":65535,"parent_provider_id":65535,"name":"__identity__","origin":{"sent to ofi+cxi://0x06a6000d":{"iforward":{"duration":{"num":1,"min":0.000223875,"max":0.000223875,"avg":0.000223875,"var":0.000000000,"sum":0.000223875},"relative_timestamp_from_create":{"num":1,"min":0.000003338,"max":0.000003338,"avg":0.000003338,"var":0.000000000,"sum":0.000003338}},"forward_cb":{"duration":{"num":1,"min":0.000002384,"max":0.000002384,"avg":0.000002384,"var":0.000000000,"sum":0.000002384},"relative_timestamp_from_iforward_start":{"num":1,"min":0.032276630,"max":0.032276630,"avg":0.032276630,"var":0.000000000,"sum":0.032276630}},"iforward_wait":{"duration":{"num":1,"min":0.032061100,"max":0.032061100,"avg":0.032061100,"var":0.000000000,"sum":0.032061100},"relative_timestamp_from_iforward_end":{"num":1,"min":0.000000238,"max":0.000000238,"avg":0.000000238,"var":0.000000000,"sum":0.000000238}},"set_input":{"duration":{"num":0,"min":0.000000000,"max":0.000000000,"avg":0.000000000,"var":0.000000000,"sum":0.000000000},"relative_timestamp_from_iforward_start":{"num":0,"min":0.000000000,"max":0.000000000,"avg":0.000000000,"var":0.000000000,"sum":0.000000000}},"get_output":{"duration":{"num":1,"min":0.000017405,"max":0.000017405,"avg":0.000017405,"var":0.000000000,"sum":0.000017405},"relative_timestamp_from_wait_end":{"num":1,"min":0.000001669,"max":0.000001669,"avg":0.000001669,"var":0.000000000,"sum":0.000001669}}}}},"65535:65535:9722976651498815487:2":{"rpc_id":9722976651498815487,"provider_id":2,"parent_rpc_id":65535,"parent_provider_id":65535,"name":"flock_get_view","origin":{"sent to ofi+cxi://0x06a6000d":{"iforward":{"duration":{"num":2,"min":0.000018835,"max":0.000040293,"avg":0.000029564,"var":0.000000000,"sum":0.000059128},"relative_timestamp_from_create":{"num":2,"min":0.000000715,"max":0.000001431,"avg":0.000001073,"var":0.000000000,"sum":0.000002146}},"forward_cb":{"duration":{"num":2,"min":0.000000238,"max":0.000000954,"avg":0.000000596,"var":0.000000000,"sum":0.000001192},"relative_timestamp_from_iforward_start":{"num":2,"min":0.062382936,"max":0.103954554,"avg":0.083168745,"var":0.000864100,"sum":0.166337490}},"iforward_wait":{"duration":{"num":2,"min":0.062364578,"max":0.103916168,"avg":0.083140373,"var":0.000863267,"sum":0.166280746},"relative_timestamp_from_iforward_end":{"num":2,"min":0.000000238,"max":0.000001431,"avg":0.000000834,"var":0.000000000,"sum":0.000001669}},"set_input":{"duration":{"num":2,"min":0.000000238,"max":0.000000238,"avg":0.000000238,"var":0.000000000,"sum":0.000000477},"relative_timestamp_from_iforward_start":{"num":2,"min":0.000005960,"max":0.000011206,"avg":0.000008583,"var":0.000000000,"sum":0.000017166}},"get_output":{"duration":{"num":2,"min":0.000000477,"max":0.000063896,"avg":0.000032187,"var":0.000000002,"sum":0.000064373},"relative_timestamp_from_wait_end":{"num":2,"min":0.000000238,"max":0.000002146,"avg":0.000001192,"var":0.000000000,"sum":0.000002384}}}}},"65535:65535:3669993900245843967:1":{"rpc_id":3669993900245843967,"provider_id":1,"parent_rpc_id":65535,"parent_provider_id":65535,"name":"qtn_work_rpc","origin":{"sent to ofi+cxi://0x06a62218":{"iforward":{"duration":{"num":23669,"min":0.000001431,"max":0.000036001,"avg":0.000001587,"var":0.000000006,"sum":0.037571430},"relative_timestamp_from_create":{"num":23669,"min":0.000000000,"max":0.000002861,"avg":0.000000073,"var":0.000000000,"sum":0.001733780}},"forward_cb":{"duration":{"num":23669,"min":0.000000000,"max":0.000003099,"avg":0.000000120,"var":0.000000000,"sum":0.002846003},"relative_timestamp_from_iforward_start":{"num":23669,"min":0.000008583,"max":0.000914812,"avg":0.000217345,"var":0.001469289,"sum":5.144330502}},"iforward_wait":{"duration":{"num":23669,"min":0.000007391,"max":0.000917912,"avg":0.000216131,"var":0.001469253,"sum":5.115612268},"relative_timestamp_from_iforward_end":{"num":23669,"min":0.000000000,"max":0.000001669,"avg":0.000000184,"var":0.000000000,"sum":0.004364491}},"set_input":{"duration":{"num":23669,"min":0.000000000,"max":0.000001669,"avg":0.000000080,"var":0.000000000,"sum":0.001889706},"relative_timestamp_from_iforward_start":{"num":23669,"min":0.000000477,"max":0.000007153,"avg":0.000000696,"var":0.000000000,"sum":0.016481161}},"get_output":{"duration":{"num":23669,"min":0.000000000,"max":0.000000954,"avg":0.000000089,"var":0.000000000,"sum":0.002109289},"relative_timestamp_from_wait_end":{"num":23669,"min":0.000000000,"max":0.000003815,"avg":0.000000154,"var":0.000000000,"sum":0.003648996}}}}}}}