{"address":"","progress_loop":{"progress_with_timeout":{"num":1762,"min":0.000003099,"max":0.102262497,"avg":0.006528509,"var":0.021603485,"sum":11.503233433},"progress_timeout_value_msec":{"num":1762,"min":100.000000000,"max":100.000000000,"avg":100.000000000,"var":0.000000000,"sum":176200.000000000},"progress_without_timeout":{"num":0,"min":0.000000000,"max":0.000000000,"avg":0.000000000,"var":0.000000000,"sum":0.000000000},"trigger":{"num":1755,"min":0.000000238,"max":0.000009060,"avg":0.000000301,"var":0.000000000,"sum":0.000527382}},"rpcs":{"65535:65535:7940397281847607295:2":{"rpc_id":7940397281847607295,"provider_id":2,"parent_rpc_id":65535,"parent_provider_id":65535,"name":"__identity__","origin":{"sent to ofi+cxi://0x06a6000d":{"iforward":{"duration":{"num":1,"min":0.000180960,"max":0.000180960,"avg":0.000180960,"var":0.000000000,"sum":0.000180960},"relative_timestamp_from_create":{"num":1,"min":0.000014305,"max":0.000014305,"avg":0.000014305,"var":0.000000000,"sum":0.000014305}},"forward_cb":{"duration":{"num":1,"min":0.000003099,"max":0.000003099,"avg":0.000003099,"var":0.000000000,"sum":0.000003099},"relative_timestamp_from_iforward_start":{"num":1,"min":0.017505407,"max":0.017505407,"avg":0.017505407,"var":0.000000000,"sum":0.017505407}},"iforward_wait":{"duration":{"num":1,"min":0.017333984,"max":0.017333984,"avg":0.017333984,"var":0.000000000,"sum":0.017333984},"relative_timestamp_from_iforward_end":{"num":1,"min":0.000000238,"max":0.000000238,"avg":0.000000238,"var":0.000000000,"sum":0.000000238}},"set_input":{"duration":{"num":0,"min":0.000000000,"max":0.000000000,"avg":0.000000000,"var":0.000000000,"sum":0.000000000},"relative_timestamp_from_iforward_start":{"num":0,"min":0.000000000,"max":0.000000000,"avg":0.000000000,"var":0.000000000,"sum":0.000000000}},"get_output":{"duration":{"num":1,"min":0.000017405,"max":0.000017405,"avg":0.000017405,"var":0.000000000,"sum":0.000017405},"relative_timestamp_from_wait_end":{"num":1,"min":0.000001669,"max":0.000001669,"avg":0.000001669,"var":0.000000000,"sum":0.000001669}}}}},"65535:65535:9722976651498815487:2":{"rpc_id":9722976651498815487,"provider_id":2,"parent_rpc_id":65535,"parent_provider_id":65535,"name":"flock_get_view","origin":{"sent to ofi+cxi://0x06a6000d":{"iforward":{"duration":{"num":2,"min":0.000019550,"max":0.000047922,"avg":0.000033736,"var":0.000000000,"sum":0.000067472},"relative_timestamp_from_create":{"num":2,"min":0.000000954,"max":0.000001431,"avg":0.000001192,"var":0.000000000,"sum":0.000002384}},"forward_cb":{"duration":{"num":2,"min":0.000000000,"max":0.000000954,"avg":0.000000477,"var":0.000000000,"sum":0.000000954},"relative_timestamp_from_iforward_start":{"num":2,"min":0.061428308,"max":0.073983669,"avg":0.067705989,"var":0.000078819,"sum":0.135411978}},"iforward_wait":{"duration":{"num":2,"min":0.061382055,"max":0.073964596,"avg":0.067673326,"var":0.000079160,"sum":0.135346651},"relative_timestamp_from_iforward_end":{"num":2,"min":0.000000238,"max":0.000001669,"avg":0.000000954,"var":0.000000000,"sum":0.000001907}},"set_input":{"duration":{"num":2,"min":0.000000238,"max":0.000000238,"avg":0.000000238,"var":0.000000000,"sum":0.000000477},"relative_timestamp_from_iforward_start":{"num":2,"min":0.000006437,"max":0.000017405,"avg":0.000011921,"var":0.000000000,"sum":0.000023842}},"get_output":{"duration":{"num":2,"min":0.000000477,"max":0.000070810,"avg":0.000035644,"var":0.000000002,"sum":0.000071287},"relative_timestamp_from_wait_end":{"num":2,"min":0.000000238,"max":0.000002623,"avg":0.000001431,"var":0.000000000,"sum":0.000002861}}}}},"65535:65535:3669993900245843967:1":{"rpc_id":3669993900245843967,"provider_id":1,"parent_rpc_id":65535,"parent_provider_id":65535,"name":"qtn_work_rpc","origin":{"sent to ofi+cxi://0x06a64410":{"iforward":{"duration":{"num":1751,"min":0.000001431,"max":0.000030041,"avg":0.000001820,"var":0.000000003,"sum":0.003187180},"relative_timestamp_from_create":{"num":1751,"min":0.000002623,"max":0.001480103,"avg":0.000003690,"var":0.000002181,"sum":0.006461859}},"forward_cb":{"duration":{"num":1751,"min":0.000000000,"max":0.000001192,"avg":0.000000135,"var":0.000000000,"sum":0.000236988},"relative_timestamp_from_iforward_start":{"num":1751,"min":0.000561714,"max":0.024518251,"avg":0.006426452,"var":0.004456141,"sum":11.252717972}},"iforward_wait":{"duration":{"num":1751,"min":0.000560284,"max":0.024517059,"avg":0.006425025,"var":0.004456275,"sum":11.250219345},"relative_timestamp_from_iforward_end":{"num":1751,"min":0.000000000,"max":0.000000715,"avg":0.000000187,"var":0.000000000,"sum":0.000327587}},"set_input":{"duration":{"num":1751,"min":0.000000000,"max":0.000004530,"avg":0.000000159,"var":0.000000000,"sum":0.000278950},"relative_timestamp_from_iforward_start":{"num":1751,"min":0.000000477,"max":0.000010729,"avg":0.000000713,"var":0.000000000,"sum":0.001249075}},"get_output":{"duration":{"num":1751,"min":0.000000000,"max":0.000000477,"avg":0.000000086,"var":0.000000000,"sum":0.000150204},"relative_timestamp_from_wait_end":{"num":1751,"min":0.000000000,"max":0.000001192,"avg":0.000000161,"var":0.000000000,"sum":0.000282764}}}}},"65535:65535:65535:65535":{"rpc_id":65535,"provider_id":65535,"parent_rpc_id":65535,"parent_provider_id":65535,"name":"","target":{"received from <unknown>":{"bulk":{"create":{"duration":{"num":1751,"min":0.000002384,"max":0.001475573,"avg":0.000003488,"var":0.000002168,"sum":0.006106615},"size":{"num":1751,"min":4194304.000000000,"max":4194304.000000000,"avg":4194304.000000000,"var":0.000000000,"sum":7344226304.000000000}}}}}}}}