{"address":"","progress_loop":{"progress_with_timeout":{"num":1692,"min":0.000001431,"max":0.101304531,"avg":0.007192523,"var":0.034755427,"sum":12.169749260},"progress_timeout_value_msec":{"num":1692,"min":100.000000000,"max":100.000000000,"avg":100.000000000,"var":0.000000000,"sum":169200.000000000},"progress_without_timeout":{"num":0,"min":0.000000000,"max":0.000000000,"avg":0.000000000,"var":0.000000000,"sum":0.000000000},"trigger":{"num":1685,"min":0.000000238,"max":0.000008345,"avg":0.000000334,"var":0.000000000,"sum":0.000563145}},"rpcs":{"65535:65535:7940397281847607295:2":{"rpc_id":7940397281847607295,"provider_id":2,"parent_rpc_id":65535,"parent_provider_id":65535,"name":"__identity__","origin":{"sent to ofi+cxi://0x06a6000d":{"iforward":{"duration":{"num":1,"min":0.000163078,"max":0.000163078,"avg":0.000163078,"var":0.000000000,"sum":0.000163078},"relative_timestamp_from_create":{"num":1,"min":0.000003338,"max":0.000003338,"avg":0.000003338,"var":0.000000000,"sum":0.000003338}},"forward_cb":{"duration":{"num":1,"min":0.000002146,"max":0.000002146,"avg":0.000002146,"var":0.000000000,"sum":0.000002146},"relative_timestamp_from_iforward_start":{"num":1,"min":0.021408319,"max":0.021408319,"avg":0.021408319,"var":0.000000000,"sum":0.021408319}},"iforward_wait":{"duration":{"num":1,"min":0.021252871,"max":0.021252871,"avg":0.021252871,"var":0.000000000,"sum":0.021252871},"relative_timestamp_from_iforward_end":{"num":1,"min":0.000000238,"max":0.000000238,"avg":0.000000238,"var":0.000000000,"sum":0.000000238}},"set_input":{"duration":{"num":0,"min":0.000000000,"max":0.000000000,"avg":0.000000000,"var":0.000000000,"sum":0.000000000},"relative_timestamp_from_iforward_start":{"num":0,"min":0.000000000,"max":0.000000000,"avg":0.000000000,"var":0.000000000,"sum":0.000000000}},"get_output":{"duration":{"num":1,"min":0.000016928,"max":0.000016928,"avg":0.000016928,"var":0.000000000,"sum":0.000016928},"relative_timestamp_from_wait_end":{"num":1,"min":0.000001669,"max":0.000001669,"avg":0.000001669,"var":0.000000000,"sum":0.000001669}}}}},"65535:65535:9722976651498815487:2":{"rpc_id":9722976651498815487,"provider_id":2,"parent_rpc_id":65535,"parent_provider_id":65535,"name":"flock_get_view","origin":{"sent to ofi+cxi://0x06a6000d":{"iforward":{"duration":{"num":2,"min":0.000019550,"max":0.000047207,"avg":0.000033379,"var":0.000000000,"sum":0.000066757},"relative_timestamp_from_create":{"num":2,"min":0.000000477,"max":0.000001431,"avg":0.000000954,"var":0.000000000,"sum":0.000001907}},"forward_cb":{"duration":{"num":2,"min":0.000000000,"max":0.000000954,"avg":0.000000477,"var":0.000000000,"sum":0.000000954},"relative_timestamp_from_iforward_start":{"num":2,"min":0.057579279,"max":0.080672264,"avg":0.069125772,"var":0.000266643,"sum":0.138251543}},"iforward_wait":{"duration":{"num":2,"min":0.057560205,"max":0.080626488,"avg":0.069093347,"var":0.000266027,"sum":0.138186693},"relative_timestamp_from_iforward_end":{"num":2,"min":0.000000238,"max":0.000001669,"avg":0.000000954,"var":0.000000000,"sum":0.000001907}},"set_input":{"duration":{"num":2,"min":0.000000238,"max":0.000000238,"avg":0.000000238,"var":0.000000000,"sum":0.000000477},"relative_timestamp_from_iforward_start":{"num":2,"min":0.000007153,"max":0.000019789,"avg":0.000013471,"var":0.000000000,"sum":0.000026941}},"get_output":{"duration":{"num":2,"min":0.000000477,"max":0.000059843,"avg":0.000030160,"var":0.000000002,"sum":0.000060320},"relative_timestamp_from_wait_end":{"num":2,"min":0.000000238,"max":0.000002146,"avg":0.000001192,"var":0.000000000,"sum":0.000002384}}}}},"65535:65535:3669993900245843967:1":{"rpc_id":3669993900245843967,"provider_id":1,"parent_rpc_id":65535,"parent_provider_id":65535,"name":"qtn_work_rpc","origin":{"sent to ofi+cxi://0x06a70610":{"iforward":{"duration":{"num":1681,"min":0.000001431,"max":0.000041723,"avg":0.000002424,"var":0.000000006,"sum":0.004074097},"relative_timestamp_from_create":{"num":1681,"min":0.000002384,"max":0.001482725,"avg":0.000004075,"var":0.000002188,"sum":0.006850004}},"forward_cb":{"duration":{"num":1681,"min":0.000000000,"max":0.000003338,"avg":0.000000146,"var":0.000000000,"sum":0.000245810},"relative_timestamp_from_iforward_start":{"num":1681,"min":0.000436306,"max":0.034675121,"avg":0.007087678,"var":0.017395911,"sum":11.914387465}},"iforward_wait":{"duration":{"num":1681,"min":0.000435114,"max":0.034673214,"avg":0.007085640,"var":0.017395865,"sum":11.910961151},"relative_timestamp_from_iforward_end":{"num":1681,"min":0.000000000,"max":0.000000715,"avg":0.000000285,"var":0.000000000,"sum":0.000478745}},"set_input":{"duration":{"num":1681,"min":0.000000000,"max":0.000005007,"avg":0.000000260,"var":0.000000000,"sum":0.000436306},"relative_timestamp_from_iforward_start":{"num":1681,"min":0.000000477,"max":0.000013113,"avg":0.000000944,"var":0.000000001,"sum":0.001587391}},"get_output":{"duration":{"num":1681,"min":0.000000000,"max":0.000000477,"avg":0.000000101,"var":0.000000000,"sum":0.000169754},"relative_timestamp_from_wait_end":{"num":1681,"min":0.000000000,"max":0.000005722,"avg":0.000000184,"var":0.000000000,"sum":0.000309229}}}}},"65535:65535:65535:65535":{"rpc_id":65535,"provider_id":65535,"parent_rpc_id":65535,"parent_provider_id":65535,"name":"","target":{"received from <unknown>":{"bulk":{"create":{"duration":{"num":1681,"min":0.000002384,"max":0.001477957,"avg":0.000003837,"var":0.000002175,"sum":0.006450653},"size":{"num":1681,"min":4194304.000000000,"max":4194304.000000000,"avg":4194304.000000000,"var":0.000000000,"sum":7050625024.000000000}}}}}}}}