{"address":"","progress_loop":{"progress_with_timeout":{"num":1709,"min":0.000002146,"max":0.102308273,"avg":0.007157633,"var":0.039322374,"sum":12.232393980},"progress_timeout_value_msec":{"num":1709,"min":100.000000000,"max":100.000000000,"avg":100.000000000,"var":0.000000000,"sum":170900.000000000},"progress_without_timeout":{"num":0,"min":0.000000000,"max":0.000000000,"avg":0.000000000,"var":0.000000000,"sum":0.000000000},"trigger":{"num":1705,"min":0.000000238,"max":0.000009060,"avg":0.000000293,"var":0.000000000,"sum":0.000499725}},"rpcs":{"65535:65535:7940397281847607295:2":{"rpc_id":7940397281847607295,"provider_id":2,"parent_rpc_id":65535,"parent_provider_id":65535,"name":"__identity__","origin":{"sent to ofi+cxi://0x06a6000d":{"iforward":{"duration":{"num":1,"min":0.000141859,"max":0.000141859,"avg":0.000141859,"var":0.000000000,"sum":0.000141859},"relative_timestamp_from_create":{"num":1,"min":0.000019312,"max":0.000019312,"avg":0.000019312,"var":0.000000000,"sum":0.000019312}},"forward_cb":{"duration":{"num":1,"min":0.000002384,"max":0.000002384,"avg":0.000002384,"var":0.000000000,"sum":0.000002384},"relative_timestamp_from_iforward_start":{"num":1,"min":0.019228220,"max":0.019228220,"avg":0.019228220,"var":0.000000000,"sum":0.019228220}},"iforward_wait":{"duration":{"num":1,"min":0.019094944,"max":0.019094944,"avg":0.019094944,"var":0.000000000,"sum":0.019094944},"relative_timestamp_from_iforward_end":{"num":1,"min":0.000000238,"max":0.000000238,"avg":0.000000238,"var":0.000000000,"sum":0.000000238}},"set_input":{"duration":{"num":0,"min":0.000000000,"max":0.000000000,"avg":0.000000000,"var":0.000000000,"sum":0.000000000},"relative_timestamp_from_iforward_start":{"num":0,"min":0.000000000,"max":0.000000000,"avg":0.000000000,"var":0.000000000,"sum":0.000000000}},"get_output":{"duration":{"num":1,"min":0.000018835,"max":0.000018835,"avg":0.000018835,"var":0.000000000,"sum":0.000018835},"relative_timestamp_from_wait_end":{"num":1,"min":0.000001669,"max":0.000001669,"avg":0.000001669,"var":0.000000000,"sum":0.000001669}}}}},"65535:65535:9722976651498815487:2":{"rpc_id":9722976651498815487,"provider_id":2,"parent_rpc_id":65535,"parent_provider_id":65535,"name":"flock_get_view","origin":{"sent to ofi+cxi://0x06a6000d":{"iforward":{"duration":{"num":2,"min":0.000018358,"max":0.000044107,"avg":0.000031233,"var":0.000000000,"sum":0.000062466},"relative_timestamp_from_create":{"num":2,"min":0.000000477,"max":0.000001431,"avg":0.000000954,"var":0.000000000,"sum":0.000001907}},"forward_cb":{"duration":{"num":2,"min":0.000000238,"max":0.000000954,"avg":0.000000596,"var":0.000000000,"sum":0.000001192},"relative_timestamp_from_iforward_start":{"num":2,"min":0.066901684,"max":0.069805861,"avg":0.068353772,"var":0.000004217,"sum":0.136707544}},"iforward_wait":{"duration":{"num":2,"min":0.066883802,"max":0.069763184,"avg":0.068323493,"var":0.000004145,"sum":0.136646986},"relative_timestamp_from_iforward_end":{"num":2,"min":0.000000477,"max":0.000001907,"avg":0.000001192,"var":0.000000000,"sum":0.000002384}},"set_input":{"duration":{"num":2,"min":0.000000238,"max":0.000000477,"avg":0.000000358,"var":0.000000000,"sum":0.000000715},"relative_timestamp_from_iforward_start":{"num":2,"min":0.000005960,"max":0.000013351,"avg":0.000009656,"var":0.000000000,"sum":0.000019312}},"get_output":{"duration":{"num":2,"min":0.000000477,"max":0.000056982,"avg":0.000028729,"var":0.000000002,"sum":0.000057459},"relative_timestamp_from_wait_end":{"num":2,"min":0.000000238,"max":0.000002146,"avg":0.000001192,"var":0.000000000,"sum":0.000002384}}}}},"65535:65535:3669993900245843967:1":{"rpc_id":3669993900245843967,"provider_id":1,"parent_rpc_id":65535,"parent_provider_id":65535,"name":"qtn_work_rpc","origin":{"sent to ofi+cxi://0x06a6a20f":{"iforward":{"duration":{"num":1701,"min":0.000001431,"max":0.000033379,"avg":0.000001777,"var":0.000000004,"sum":0.003022194},"relative_timestamp_from_create":{"num":1701,"min":0.000002384,"max":0.001400471,"avg":0.000003647,"var":0.000001952,"sum":0.006204128}},"forward_cb":{"duration":{"num":1701,"min":0.000000000,"max":0.000001431,"avg":0.000000136,"var":0.000000000,"sum":0.000231743},"relative_timestamp_from_iforward_start":{"num":1701,"min":0.000342846,"max":0.029775143,"avg":0.007041941,"var":0.022415776,"sum":11.978342056}},"iforward_wait":{"duration":{"num":1701,"min":0.000341654,"max":0.029773712,"avg":0.007040640,"var":0.022416672,"sum":11.976127863},"relative_timestamp_from_iforward_end":{"num":1701,"min":0.000000000,"max":0.000000477,"avg":0.000000144,"var":0.000000000,"sum":0.000245333}},"set_input":{"duration":{"num":1701,"min":0.000000000,"max":0.000004292,"avg":0.000000129,"var":0.000000000,"sum":0.000218630},"relative_timestamp_from_iforward_start":{"num":1701,"min":0.000000477,"max":0.000010014,"avg":0.000000717,"var":0.000000000,"sum":0.001219273}},"get_output":{"duration":{"num":1701,"min":0.000000000,"max":0.000000477,"avg":0.000000088,"var":0.000000000,"sum":0.000150442},"relative_timestamp_from_wait_end":{"num":1701,"min":0.000000000,"max":0.000001431,"avg":0.000000155,"var":0.000000000,"sum":0.000262976}}}}},"65535:65535:65535:65535":{"rpc_id":65535,"provider_id":65535,"parent_rpc_id":65535,"parent_provider_id":65535,"name":"","target":{"received from <unknown>":{"bulk":{"create":{"duration":{"num":1701,"min":0.000002146,"max":0.001396418,"avg":0.000003446,"var":0.000001942,"sum":0.005861521},"size":{"num":1701,"min":4194304.000000000,"max":4194304.000000000,"avg":4194304.000000000,"var":0.000000000,"sum":7134511104.000000000}}}}}}}}