{"address":"","progress_loop":{"progress_with_timeout":{"num":25087,"min":0.000001907,"max":0.102280855,"avg":0.000213293,"var":0.025863040,"sum":5.350869894},"progress_timeout_value_msec":{"num":25087,"min":100.000000000,"max":100.000000000,"avg":100.000000000,"var":0.000000000,"sum":2508700.000000000},"progress_without_timeout":{"num":0,"min":0.000000000,"max":0.000000000,"avg":0.000000000,"var":0.000000000,"sum":0.000000000},"trigger":{"num":25016,"min":0.000000238,"max":0.000009060,"avg":0.000000272,"var":0.000000000,"sum":0.006805658}},"rpcs":{"65535:65535:7940397281847607295:2":{"rpc_id":7940397281847607295,"provider_id":2,"parent_rpc_id":65535,"parent_provider_id":65535,"name":"__identity__","origin":{"sent to ofi+cxi://0x06a6000d":{"iforward":{"duration":{"num":1,"min":0.000082493,"max":0.000082493,"avg":0.000082493,"var":0.000000000,"sum":0.000082493},"relative_timestamp_from_create":{"num":1,"min":0.000003338,"max":0.000003338,"avg":0.000003338,"var":0.000000000,"sum":0.000003338}},"forward_cb":{"duration":{"num":1,"min":0.000002146,"max":0.000002146,"avg":0.000002146,"var":0.000000000,"sum":0.000002146},"relative_timestamp_from_iforward_start":{"num":1,"min":0.009009838,"max":0.009009838,"avg":0.009009838,"var":0.000000000,"sum":0.009009838}},"iforward_wait":{"duration":{"num":1,"min":0.008934736,"max":0.008934736,"avg":0.008934736,"var":0.000000000,"sum":0.008934736},"relative_timestamp_from_iforward_end":{"num":1,"min":0.000000477,"max":0.000000477,"avg":0.000000477,"var":0.000000000,"sum":0.000000477}},"set_input":{"duration":{"num":0,"min":0.000000000,"max":0.000000000,"avg":0.000000000,"var":0.000000000,"sum":0.000000000},"relative_timestamp_from_iforward_start":{"num":0,"min":0.000000000,"max":0.000000000,"avg":0.000000000,"var":0.000000000,"sum":0.000000000}},"get_output":{"duration":{"num":1,"min":0.000015736,"max":0.000015736,"avg":0.000015736,"var":0.000000000,"sum":0.000015736},"relative_timestamp_from_wait_end":{"num":1,"min":0.000001431,"max":0.000001431,"avg":0.000001431,"var":0.000000000,"sum":0.000001431}}}}},"65535:65535:9722976651498815487:2":{"rpc_id":9722976651498815487,"provider_id":2,"parent_rpc_id":65535,"parent_provider_id":65535,"name":"flock_get_view","origin":{"sent to ofi+cxi://0x06a6000d":{"iforward":{"duration":{"num":2,"min":0.000018835,"max":0.000041008,"avg":0.000029922,"var":0.000000000,"sum":0.000059843},"relative_timestamp_from_create":{"num":2,"min":0.000000715,"max":0.000001431,"avg":0.000001073,"var":0.000000000,"sum":0.000002146}},"forward_cb":{"duration":{"num":2,"min":0.000000954,"max":0.000000954,"avg":0.000000954,"var":0.000000000,"sum":0.000001907},"relative_timestamp_from_iforward_start":{"num":2,"min":0.065644741,"max":0.113278627,"avg":0.089461684,"var":0.001134494,"sum":0.178923368}},"iforward_wait":{"duration":{"num":2,"min":0.065605879,"max":0.113263130,"avg":0.089434505,"var":0.001135607,"sum":0.178869009},"relative_timestamp_from_iforward_end":{"num":2,"min":0.000000238,"max":0.000001431,"avg":0.000000834,"var":0.000000000,"sum":0.000001669}},"set_input":{"duration":{"num":2,"min":0.000000238,"max":0.000000238,"avg":0.000000238,"var":0.000000000,"sum":0.000000477},"relative_timestamp_from_iforward_start":{"num":2,"min":0.000005960,"max":0.000011921,"avg":0.000008941,"var":0.000000000,"sum":0.000017881}},"get_output":{"duration":{"num":2,"min":0.000001192,"max":0.000053883,"avg":0.000027537,"var":0.000000001,"sum":0.000055075},"relative_timestamp_from_wait_end":{"num":2,"min":0.000000954,"max":0.000001907,"avg":0.000001431,"var":0.000000000,"sum":0.000002861}}}}},"65535:65535:3669993900245843967:1":{"rpc_id":3669993900245843967,"provider_id":1,"parent_rpc_id":65535,"parent_provider_id":65535,"name":"qtn_work_rpc","origin":{"sent to ofi+cxi://0x06a78411":{"iforward":{"duration":{"num":25012,"min":0.000001431,"max":0.000044584,"avg":0.000001561,"var":0.000000006,"sum":0.039054394},"relative_timestamp_from_create":{"num":25012,"min":0.000000000,"max":0.000005245,"avg":0.000000079,"var":0.000000000,"sum":0.001977682}},"forward_cb":{"duration":{"num":25012,"min":0.000000000,"max":0.000002623,"avg":0.000000123,"var":0.000000000,"sum":0.003066778},"relative_timestamp_from_iforward_start":{"num":25012,"min":0.000008583,"max":0.000709057,"avg":0.000204458,"var":0.000826655,"sum":5.113915205}},"iforward_wait":{"duration":{"num":25012,"min":0.000007391,"max":0.000706911,"avg":0.000203275,"var":0.000826649,"sum":5.084323645},"relative_timestamp_from_iforward_end":{"num":25012,"min":0.000000000,"max":0.000003815,"avg":0.000000181,"var":0.000000000,"sum":0.004530430}},"set_input":{"duration":{"num":25012,"min":0.000000000,"max":0.000002384,"avg":0.000000081,"var":0.000000000,"sum":0.002023458},"relative_timestamp_from_iforward_start":{"num":25012,"min":0.000000477,"max":0.000012875,"avg":0.000000691,"var":0.000000000,"sum":0.017271042}},"get_output":{"duration":{"num":25012,"min":0.000000000,"max":0.000001907,"avg":0.000000089,"var":0.000000000,"sum":0.002233267},"relative_timestamp_from_wait_end":{"num":25012,"min":0.000000000,"max":0.000004053,"avg":0.000000154,"var":0.000000000,"sum":0.003854513}}}}}}}