{"address":"","progress_loop":{"progress_with_timeout":{"num":1684,"min":0.000001431,"max":0.104431629,"avg":0.007192094,"var":0.036023658,"sum":12.111486197},"progress_timeout_value_msec":{"num":1684,"min":100.000000000,"max":100.000000000,"avg":100.000000000,"var":0.000000000,"sum":168400.000000000},"progress_without_timeout":{"num":0,"min":0.000000000,"max":0.000000000,"avg":0.000000000,"var":0.000000000,"sum":0.000000000},"trigger":{"num":1680,"min":0.000000238,"max":0.000006676,"avg":0.000000302,"var":0.000000000,"sum":0.000507832}},"rpcs":{"65535:65535:7940397281847607295:2":{"rpc_id":7940397281847607295,"provider_id":2,"parent_rpc_id":65535,"parent_provider_id":65535,"name":"__identity__","origin":{"sent to ofi+cxi://0x06a6000d":{"iforward":{"duration":{"num":1,"min":0.000132322,"max":0.000132322,"avg":0.000132322,"var":0.000000000,"sum":0.000132322},"relative_timestamp_from_create":{"num":1,"min":0.000442266,"max":0.000442266,"avg":0.000442266,"var":0.000000000,"sum":0.000442266}},"forward_cb":{"duration":{"num":1,"min":0.000000954,"max":0.000000954,"avg":0.000000954,"var":0.000000000,"sum":0.000000954},"relative_timestamp_from_iforward_start":{"num":1,"min":0.013775349,"max":0.013775349,"avg":0.013775349,"var":0.000000000,"sum":0.013775349}},"iforward_wait":{"duration":{"num":1,"min":0.013648272,"max":0.013648272,"avg":0.013648272,"var":0.000000000,"sum":0.013648272},"relative_timestamp_from_iforward_end":{"num":1,"min":0.000000238,"max":0.000000238,"avg":0.000000238,"var":0.000000000,"sum":0.000000238}},"set_input":{"duration":{"num":0,"min":0.000000000,"max":0.000000000,"avg":0.000000000,"var":0.000000000,"sum":0.000000000},"relative_timestamp_from_iforward_start":{"num":0,"min":0.000000000,"max":0.000000000,"avg":0.000000000,"var":0.000000000,"sum":0.000000000}},"get_output":{"duration":{"num":1,"min":0.000008345,"max":0.000008345,"avg":0.000008345,"var":0.000000000,"sum":0.000008345},"relative_timestamp_from_wait_end":{"num":1,"min":0.000001192,"max":0.000001192,"avg":0.000001192,"var":0.000000000,"sum":0.000001192}}}}},"65535:65535:9722976651498815487:2":{"rpc_id":9722976651498815487,"provider_id":2,"parent_rpc_id":65535,"parent_provider_id":65535,"name":"flock_get_view","origin":{"sent to ofi+cxi://0x06a6000d":{"iforward":{"duration":{"num":2,"min":0.000011444,"max":0.000020504,"avg":0.000015974,"var":0.000000000,"sum":0.000031948},"relative_timestamp_from_create":{"num":2,"min":0.000000238,"max":0.000001669,"avg":0.000000954,"var":0.000000000,"sum":0.000001907}},"forward_cb":{"duration":{"num":2,"min":0.000000238,"max":0.000000238,"avg":0.000000238,"var":0.000000000,"sum":0.000000477},"relative_timestamp_from_iforward_start":{"num":2,"min":0.053198099,"max":0.081886292,"avg":0.067542195,"var":0.000411506,"sum":0.135084391}},"iforward_wait":{"duration":{"num":2,"min":0.053177118,"max":0.081875324,"avg":0.067526221,"var":0.000411794,"sum":0.135052443},"relative_timestamp_from_iforward_end":{"num":2,"min":0.000000238,"max":0.000001192,"avg":0.000000715,"var":0.000000000,"sum":0.000001431}},"set_input":{"duration":{"num":2,"min":0.000000000,"max":0.000000477,"avg":0.000000238,"var":0.000000000,"sum":0.000000477},"relative_timestamp_from_iforward_start":{"num":2,"min":0.000001192,"max":0.000005960,"avg":0.000003576,"var":0.000000000,"sum":0.000007153}},"get_output":{"duration":{"num":2,"min":0.000000238,"max":0.000057459,"avg":0.000028849,"var":0.000000002,"sum":0.000057697},"relative_timestamp_from_wait_end":{"num":2,"min":0.000000477,"max":0.000001192,"avg":0.000000834,"var":0.000000000,"sum":0.000001669}}}}},"65535:65535:3669993900245843967:1":{"rpc_id":3669993900245843967,"provider_id":1,"parent_rpc_id":65535,"parent_provider_id":65535,"name":"qtn_work_rpc","origin":{"sent to ofi+cxi://0x06a7a419":{"iforward":{"duration":{"num":1676,"min":0.000001431,"max":0.000032663,"avg":0.000001833,"var":0.000000004,"sum":0.003072023},"relative_timestamp_from_create":{"num":1676,"min":0.000002623,"max":0.001564026,"avg":0.000003802,"var":0.000002436,"sum":0.006372452}},"forward_cb":{"duration":{"num":1676,"min":0.000000000,"max":0.000004053,"avg":0.000000139,"var":0.000000000,"sum":0.000232935},"relative_timestamp_from_iforward_start":{"num":1676,"min":0.000349045,"max":0.030100822,"avg":0.007077884,"var":0.018609410,"sum":11.862532854}},"iforward_wait":{"duration":{"num":1676,"min":0.000348091,"max":0.030099392,"avg":0.007076463,"var":0.018607568,"sum":11.860151529},"relative_timestamp_from_iforward_end":{"num":1676,"min":0.000000000,"max":0.000000715,"avg":0.000000199,"var":0.000000000,"sum":0.000333071}},"set_input":{"duration":{"num":1676,"min":0.000000000,"max":0.000004768,"avg":0.000000119,"var":0.000000000,"sum":0.000199080},"relative_timestamp_from_iforward_start":{"num":1676,"min":0.000000477,"max":0.000006914,"avg":0.000000730,"var":0.000000000,"sum":0.001224041}},"get_output":{"duration":{"num":1676,"min":0.000000000,"max":0.000000238,"avg":0.000000093,"var":0.000000000,"sum":0.000156164},"relative_timestamp_from_wait_end":{"num":1676,"min":0.000000000,"max":0.000003099,"avg":0.000000157,"var":0.000000000,"sum":0.000263453}}}}},"65535:65535:65535:65535":{"rpc_id":65535,"provider_id":65535,"parent_rpc_id":65535,"parent_provider_id":65535,"name":"","target":{"received from <unknown>":{"bulk":{"create":{"duration":{"num":1676,"min":0.000002384,"max":0.001559734,"avg":0.000003596,"var":0.000002423,"sum":0.006026506},"size":{"num":1676,"min":4194304.000000000,"max":4194304.000000000,"avg":4194304.000000000,"var":0.000000000,"sum":7029653504.000000000}}}}}}}}