{"address":"","progress_loop":{"progress_with_timeout":{"num":1793,"min":0.000001907,"max":0.102330446,"avg":0.006068053,"var":0.017712760,"sum":10.880018234},"progress_timeout_value_msec":{"num":1793,"min":100.000000000,"max":100.000000000,"avg":100.000000000,"var":0.000000000,"sum":179300.000000000},"progress_without_timeout":{"num":0,"min":0.000000000,"max":0.000000000,"avg":0.000000000,"var":0.000000000,"sum":0.000000000},"trigger":{"num":1786,"min":0.000000000,"max":0.000009775,"avg":0.000000295,"var":0.000000000,"sum":0.000526428}},"rpcs":{"65535:65535:7940397281847607295:2":{"rpc_id":7940397281847607295,"provider_id":2,"parent_rpc_id":65535,"parent_provider_id":65535,"name":"__identity__","origin":{"sent to ofi+cxi://0x06a6000d":{"iforward":{"duration":{"num":1,"min":0.000135422,"max":0.000135422,"avg":0.000135422,"var":0.000000000,"sum":0.000135422},"relative_timestamp_from_create":{"num":1,"min":0.000004530,"max":0.000004530,"avg":0.000004530,"var":0.000000000,"sum":0.000004530}},"forward_cb":{"duration":{"num":1,"min":0.000002861,"max":0.000002861,"avg":0.000002861,"var":0.000000000,"sum":0.000002861},"relative_timestamp_from_iforward_start":{"num":1,"min":0.001003742,"max":0.001003742,"avg":0.001003742,"var":0.000000000,"sum":0.001003742}},"iforward_wait":{"duration":{"num":1,"min":0.000878572,"max":0.000878572,"avg":0.000878572,"var":0.000000000,"sum":0.000878572},"relative_timestamp_from_iforward_end":{"num":1,"min":0.000000477,"max":0.000000477,"avg":0.000000477,"var":0.000000000,"sum":0.000000477}},"set_input":{"duration":{"num":0,"min":0.000000000,"max":0.000000000,"avg":0.000000000,"var":0.000000000,"sum":0.000000000},"relative_timestamp_from_iforward_start":{"num":0,"min":0.000000000,"max":0.000000000,"avg":0.000000000,"var":0.000000000,"sum":0.000000000}},"get_output":{"duration":{"num":1,"min":0.000023603,"max":0.000023603,"avg":0.000023603,"var":0.000000000,"sum":0.000023603},"relative_timestamp_from_wait_end":{"num":1,"min":0.000002384,"max":0.000002384,"avg":0.000002384,"var":0.000000000,"sum":0.000002384}}}}},"65535:65535:9722976651498815487:2":{"rpc_id":9722976651498815487,"provider_id":2,"parent_rpc_id":65535,"parent_provider_id":65535,"name":"flock_get_view","origin":{"sent to ofi+cxi://0x06a6000d":{"iforward":{"duration":{"num":2,"min":0.000013113,"max":0.000041962,"avg":0.000027537,"var":0.000000000,"sum":0.000055075},"relative_timestamp_from_create":{"num":2,"min":0.000000477,"max":0.000001669,"avg":0.000001073,"var":0.000000000,"sum":0.000002146}},"forward_cb":{"duration":{"num":2,"min":0.000000238,"max":0.000000238,"avg":0.000000238,"var":0.000000000,"sum":0.000000477},"relative_timestamp_from_iforward_start":{"num":2,"min":0.005512714,"max":0.027558088,"avg":0.016535401,"var":0.000242999,"sum":0.033070803}},"iforward_wait":{"duration":{"num":2,"min":0.005470514,"max":0.027545691,"avg":0.016508102,"var":0.000243657,"sum":0.033016205},"relative_timestamp_from_iforward_end":{"num":2,"min":0.000000238,"max":0.000001669,"avg":0.000000954,"var":0.000000000,"sum":0.000001907}},"set_input":{"duration":{"num":2,"min":0.000000477,"max":0.000000715,"avg":0.000000596,"var":0.000000000,"sum":0.000001192},"relative_timestamp_from_iforward_start":{"num":2,"min":0.000001907,"max":0.000012398,"avg":0.000007153,"var":0.000000000,"sum":0.000014305}},"get_output":{"duration":{"num":2,"min":0.000000477,"max":0.000069857,"avg":0.000035167,"var":0.000000002,"sum":0.000070333},"relative_timestamp_from_wait_end":{"num":2,"min":0.000000238,"max":0.000001669,"avg":0.000000954,"var":0.000000000,"sum":0.000001907}}}}},"65535:65535:3669993900245843967:1":{"rpc_id":3669993900245843967,"provider_id":1,"parent_rpc_id":65535,"parent_provider_id":65535,"name":"qtn_work_rpc","origin":{"sent to ofi+cxi://0x06a66210":{"iforward":{"duration":{"num":1782,"min":0.000001192,"max":0.000031948,"avg":0.000001794,"var":0.000000003,"sum":0.003197670},"relative_timestamp_from_create":{"num":1782,"min":0.000002623,"max":0.001359463,"avg":0.000003735,"var":0.000001840,"sum":0.006656170}},"forward_cb":{"duration":{"num":1782,"min":0.000000000,"max":0.000001431,"avg":0.000000134,"var":0.000000000,"sum":0.000238180},"relative_timestamp_from_iforward_start":{"num":1782,"min":0.000342131,"max":0.020006180,"avg":0.006031496,"var":0.007693790,"sum":10.748126745}},"iforward_wait":{"duration":{"num":1782,"min":0.000329733,"max":0.020004749,"avg":0.006030077,"var":0.007696875,"sum":10.745597124},"relative_timestamp_from_iforward_end":{"num":1782,"min":0.000000000,"max":0.000001192,"avg":0.000000203,"var":0.000000000,"sum":0.000361681}},"set_input":{"duration":{"num":1782,"min":0.000000000,"max":0.000005007,"avg":0.000000127,"var":0.000000000,"sum":0.000226021},"relative_timestamp_from_iforward_start":{"num":1782,"min":0.000000477,"max":0.000006199,"avg":0.000000703,"var":0.000000000,"sum":0.001251936}},"get_output":{"duration":{"num":1782,"min":0.000000000,"max":0.000000954,"avg":0.000000088,"var":0.000000000,"sum":0.000155926},"relative_timestamp_from_wait_end":{"num":1782,"min":0.000000000,"max":0.000003099,"avg":0.000000160,"var":0.000000000,"sum":0.000284672}}}}},"65535:65535:65535:65535":{"rpc_id":65535,"provider_id":65535,"parent_rpc_id":65535,"parent_provider_id":65535,"name":"","target":{"received from <unknown>":{"bulk":{"create":{"duration":{"num":1782,"min":0.000002146,"max":0.001355171,"avg":0.000003515,"var":0.000001829,"sum":0.006264210},"size":{"num":1782,"min":4194304.000000000,"max":4194304.000000000,"avg":4194304.000000000,"var":0.000000000,"sum":7474249728.000000000}}}}}}}}